Chromosome	Position	RelativeEnrichment
chr1	629001	NaN
chr1	630001	NaN
chr1	1785001	2.6608
chr1	1786001	5.3069
chr1	1787001	1.1884
chr1	1789001	1.0386
chr1	1790001	1.3162
chr1	1793001	0.6861
chr1	1804001	1.0434
chr1	1806001	0.7481
chr1	1815001	0.7931
chr1	1817001	0.6106
chr1	1825001	0.7788
chr1	1839001	0.9535
chr1	1890001	NaN
chr1	1891001	NaN
chr1	2396001	0.6226
chr1	3082001	0.6376
chr1	3775001	0.6006
chr1	4303001	0.7635
chr1	5269001	0.2683
chr1	5270001	0.5784
chr1	6110001	0.6325
chr1	7868001	0.6562
chr1	8949001	0.6506
chr1	10258001	0.4896
chr1	10259001	1.1758
chr1	10904001	0.7174
chr1	11712001	0.6929
chr1	12597001	0.2788
chr1	12598001	0.4566
chr1	13460001	0.6191
chr1	14303001	0.6774
chr1	15286001	0.4543
chr1	15287001	0.3143
chr1	16374001	0.8116
chr1	17603001	0.6723
chr1	18325001	0.7345
chr1	19004001	0.3728
chr1	19005001	0.3196
chr1	20305001	0.6881
chr1	21345001	NaN
chr1	22325001	0.3396
chr1	22326001	0.4551
chr1	22983001	0.3953
chr1	22984001	0.3652
chr1	23646001	0.6507
chr1	24308001	0.6330
chr1	24982001	0.6625
chr1	26168001	0.7106
chr1	26696001	NaN
chr1	26697001	NaN
chr1	26729001	1.1949
chr1	26731001	1.8159
chr1	26732001	0.8493
chr1	26760001	0.6191
chr1	26761001	1.3495
chr1	26762001	1.1831
chr1	26763001	1.2840
chr1	26766001	1.6531
chr1	26767001	1.0510
chr1	26771001	1.2859
chr1	26772001	1.6811
chr1	26773001	2.2176
chr1	26774001	2.5117
chr1	26775001	1.7101
chr1	26779001	4.2209
chr1	26780001	3.7849
chr1	26781001	5.0137
chr1	26782001	NaN
chr1	27885001	0.6028
chr1	29118001	0.3723
chr1	29119001	0.4067
chr1	29811001	0.7606
chr1	30515001	0.5783
chr1	31236001	0.6775
chr1	31848001	0.6407
chr1	32733001	0.6886
chr1	33848001	0.7847
chr1	34523001	0.7323
chr1	36150001	0.6513
chr1	36466001	3.1305
chr1	36467001	1.8754
chr1	36468001	0.8026
chr1	36469001	1.8125
chr1	36471001	1.1717
chr1	36472001	1.8134
chr1	36473001	1.6582
chr1	36475001	1.3524
chr1	36479001	0.7122
chr1	36481001	0.7288
chr1	36482001	0.5704
chr1	37047001	0.5288
chr1	37762001	0.5756
chr1	38495001	0.8243
chr1	39453001	0.5831
chr1	40075001	0.4370
chr1	40987001	0.7851
chr1	41865001	0.7165
chr1	42843001	0.6919
chr1	43337001	0.6597
chr1	43338001	1.7940
chr1	43339001	1.7709
chr1	43340001	1.5235
chr1	43346001	1.8551
chr1	43348001	0.6767
chr1	43349001	0.4937
chr1	43352001	2.5730
chr1	43353001	2.2408
chr1	43354001	3.1129
chr1	43787001	0.8629
chr1	44540001	0.5755
chr1	45508001	0.7346
chr1	46163001	0.4542
chr1	46164001	0.3221
chr1	47180001	0.6811
chr1	47852001	0.3263
chr1	47853001	0.3999
chr1	48531001	0.6025
chr1	50178001	0.5370
chr1	50179001	0.1536
chr1	52785001	0.6340
chr1	53538001	0.6112
chr1	54190001	0.5197
chr1	54191001	0.3559
chr1	55206001	0.5838
chr1	55826001	0.8921
chr1	56496001	0.6744
chr1	57205001	NaN
chr1	57206001	NaN
chr1	57829001	0.5664
chr1	58460001	0.8013
chr1	59485001	0.3041
chr1	59486001	0.5155
chr1	60476001	0.6473
chr1	61810001	0.7227
chr1	62840001	0.7918
chr1	63652001	0.7063
chr1	64437001	0.7346
chr1	65197001	0.3582
chr1	66153001	0.6056
chr1	66826001	0.5236
chr1	67833001	0.3565
chr1	68435001	0.6081
chr1	69148001	0.6149
chr1	70130001	0.7139
chr1	70790001	0.6847
chr1	71491001	0.8257
chr1	72125001	0.6198
chr1	73891001	0.7309
chr1	74561001	0.7483
chr1	75552001	1.1666
chr1	76318001	0.6021
chr1	76319001	0.2393
chr1	77082001	0.6775
chr1	78068001	0.4269
chr1	78828001	0.5592
chr1	79524001	0.8144
chr1	80163001	0.7682
chr1	80801001	0.9346
chr1	81802001	0.6955
chr1	83490001	0.4482
chr1	84452001	0.7413
chr1	85117001	0.9078
chr1	85814001	0.7789
chr1	86482001	0.6314
chr1	87233001	0.6245
chr1	88505001	0.4595
chr1	88506001	0.5604
chr1	89469001	1.1002
chr1	90482001	0.7095
chr1	91139001	0.5322
chr1	91815001	0.3014
chr1	91816001	NaN
chr1	92473001	4.8819
chr1	92474001	5.4304
chr1	92475001	4.4285
chr1	92476001	0.7225
chr1	92478001	0.8647
chr1	92480001	NaN
chr1	92481001	0.4867
chr1	92482001	0.6544
chr1	92483001	1.3159
chr1	92486001	0.7015
chr1	93845001	0.6416
chr1	95142001	0.8601
chr1	96144001	0.7180
chr1	96819001	0.7016
chr1	97486001	0.7971
chr1	98149001	1.1994
chr1	99123001	0.6627
chr1	99811001	0.5004
chr1	99812001	0.5699
chr1	100504001	0.7106
chr1	101155001	0.7808
chr1	101808001	0.8297
chr1	102853001	0.7121
chr1	103505001	1.3099
chr1	104401001	0.6750
chr1	104402001	0.1849
chr1	105095001	1.1818
chr1	105763001	0.9473
chr1	106677001	0.7272
chr1	107393001	0.6982
chr1	108336001	0.2268
chr1	110049001	0.7576
chr1	110733001	0.4614
chr1	110734001	0.2431
chr1	111720001	0.7883
chr1	112356001	0.6814
chr1	113057001	0.8114
chr1	113829001	0.7005
chr1	114704001	3.4104
chr1	114705001	5.0474
chr1	114706001	6.4729
chr1	114707001	5.3060
chr1	114708001	1.9485
chr1	114709001	1.0470
chr1	114713001	0.8252
chr1	114716001	1.3320
chr1	114726001	0.6990
chr1	115399001	0.7128
chr1	116397001	0.6891
chr1	117026001	0.3223
chr1	117712001	0.7770
chr1	119035001	0.7826
chr1	119699001	0.4726
chr1	121548001	0.8326
chr1	143997001	0.2248
chr1	145879001	0.6867
chr1	147078001	0.6435
chr1	147777001	0.7571
chr1	149940001	0.6404
chr1	150563001	0.7718
chr1	151291001	0.6218
chr1	151980001	0.7205
chr1	152617001	0.7496
chr1	153262001	0.7799
chr1	154272001	0.2946
chr1	154273001	0.4724
chr1	155288001	0.4989
chr1	155289001	0.2763
chr1	155897001	1.2853
chr1	155898001	4.7703
chr1	155899001	5.4018
chr1	155900001	3.4041
chr1	155904001	2.0746
chr1	155910001	1.4345
chr1	155911001	0.4549
chr1	156246001	0.4713
chr1	157587001	0.6224
chr1	158196001	0.1486
chr1	158197001	0.2586
chr1	158849001	0.6366
chr1	159683001	0.5446
chr1	160295001	0.7711
chr1	161269001	0.6055
chr1	161993001	0.7702
chr1	162622001	0.5373
chr1	163319001	0.7044
chr1	163940001	0.5009
chr1	163941001	0.3299
chr1	164935001	0.7999
chr1	165998001	0.7911
chr1	166930001	0.5376
chr1	167600001	0.6901
chr1	168261001	0.5952
chr1	169124001	0.6729
chr1	170262001	0.7845
chr1	171249001	0.7727
chr1	172638001	0.8031
chr1	173254001	0.7035
chr1	173863001	0.7705
chr1	175624001	0.5363
chr1	175625001	0.2460
chr1	176442001	0.7067
chr1	177267001	0.8957
chr1	178621001	0.8514
chr1	179553001	0.3724
chr1	180927001	0.6029
chr1	181580001	0.7231
chr1	182611001	0.2642
chr1	182612001	0.4376
chr1	183609001	0.6534
chr1	184555001	0.5429
chr1	185250001	0.7766
chr1	187307001	0.7111
chr1	188250001	1.5931
chr1	188974001	0.5412
chr1	190097001	3.5154
chr1	190098001	4.7733
chr1	190099001	NaN
chr1	190160001	1.7344
chr1	190215001	NaN
chr1	190226001	1.4486
chr1	190234001	1.0015
chr1	190264001	0.7827
chr1	190265001	0.5504
chr1	190281001	1.2679
chr1	190454001	1.5128
chr1	190477001	2.1719
chr1	190893001	NaN
chr1	190894001	NaN
chr1	191593001	0.4317
chr1	191594001	0.2524
chr1	192592001	NaN
chr1	193469001	0.7995
chr1	194513001	0.6554
chr1	195248001	0.6702
chr1	195249001	0.3318
chr1	196713001	0.7592
chr1	198126001	1.0210
chr1	199244001	0.3237
chr1	200233001	0.7072
chr1	201253001	0.6300
chr1	202208001	0.2947
chr1	202209001	0.3868
chr1	202331001	1.4123
chr1	202332001	0.8948
chr1	202333001	2.1448
chr1	202334001	0.3437
chr1	202335001	1.5236
chr1	202341001	0.5859
chr1	203601001	0.7836
chr1	204244001	0.7482
chr1	204915001	0.8224
chr1	206224001	0.4221
chr1	206705001	0.6950
chr1	207375001	0.4967
chr1	208065001	0.7895
chr1	209035001	0.7284
chr1	209659001	0.4278
chr1	209660001	0.3583
chr1	210381001	0.6493
chr1	211371001	0.3887
chr1	211372001	0.3617
chr1	212365001	0.4248
chr1	212366001	0.3952
chr1	213036001	0.4215
chr1	213037001	0.4665
chr1	213982001	NaN
chr1	215301001	1.0134
chr1	216500001	0.5484
chr1	216501001	0.2792
chr1	217798001	0.7211
chr1	218685001	0.7427
chr1	219385001	0.5672
chr1	219991001	0.6108
chr1	221030001	0.5962
chr1	221692001	0.4090
chr1	221693001	0.3020
chr1	222742001	1.3851
chr1	223344001	0.7131
chr1	224175001	0.6572
chr1	225689001	0.4107
chr1	225690001	0.3287
chr1	226484001	0.7352
chr1	228348001	0.5910
chr1	229065001	0.7510
chr1	229715001	0.6468
chr1	230716001	0.7985
chr1	231363001	1.8953
chr1	231364001	5.8162
chr1	231365001	3.8119
chr1	231366001	3.0152
chr1	231367001	0.9325
chr1	231370001	0.9064
chr1	231373001	0.3467
chr1	231374001	0.6589
chr1	231400001	0.5848
chr1	231420001	0.3029
chr1	231421001	1.3777
chr1	231422001	NaN
chr1	232392001	0.6596
chr1	233087001	0.6447
chr1	234028001	0.7295
chr1	234726001	0.6400
chr1	235457001	0.5076
chr1	236410001	0.5252
chr1	236411001	0.2327
chr1	237307001	0.6443
chr1	238300001	0.5307
chr1	239052001	0.4659
chr1	240361001	0.5907
chr1	241015001	0.4535
chr1	241701001	0.8627
chr1	242383001	0.6983
chr1	243159001	0.4821
chr1	244728001	0.7778
chr1	245386001	0.6444
chr1	246947001	0.6489
chr1	248360001	0.5250
chr1	248361001	0.3157
chr2	615001	0.3251
chr2	616001	0.3649
chr2	2113001	0.5968
chr2	2751001	0.7211
chr2	3724001	0.7189
chr2	4852001	0.3115
chr2	4853001	0.4994
chr2	5363001	0.6275
chr2	5987001	0.4030
chr2	7210001	0.7919
chr2	7861001	0.8271
chr2	9139001	0.6228
chr2	9979001	0.7224
chr2	10873001	0.5830
chr2	11800001	0.6895
chr2	12420001	0.2118
chr2	12421001	0.6202
chr2	13339001	0.6365
chr2	13941001	0.5522
chr2	15166001	0.6873
chr2	15772001	0.6920
chr2	15940001	0.7804
chr2	15941001	0.2910
chr2	15942001	NaN
chr2	15945001	1.9841
chr2	15946001	3.2833
chr2	15947001	NaN
chr2	16809001	0.4196
chr2	16810001	0.3912
chr2	17864001	0.4494
chr2	17865001	0.5551
chr2	18743001	0.1913
chr2	18744001	NaN
chr2	19346001	0.2266
chr2	19347001	0.4989
chr2	20006001	0.6297
chr2	20626001	0.6050
chr2	21231001	0.5928
chr2	22329001	0.4395
chr2	23642001	NaN
chr2	23643001	0.3829
chr2	24433001	0.6693
chr2	25150001	0.4427
chr2	25227001	0.7296
chr2	25228001	3.3333
chr2	25229001	4.3757
chr2	25230001	3.5933
chr2	25231001	3.9812
chr2	25232001	3.7105
chr2	25233001	3.6477
chr2	25234001	2.1483
chr2	25235001	0.6945
chr2	25236001	0.4138
chr2	25237001	0.3048
chr2	25239001	0.7648
chr2	25240001	1.7096
chr2	25241001	0.8644
chr2	25243001	0.5722
chr2	25244001	1.7666
chr2	25245001	1.2650
chr2	25246001	2.1134
chr2	25247001	1.7744
chr2	25248001	1.0319
chr2	25274001	0.4998
chr2	25275001	1.1186
chr2	25282001	1.2782
chr2	25300001	0.6867
chr2	25313001	0.4124
chr2	25314001	0.6327
chr2	25341001	NaN
chr2	25733001	1.8992
chr2	25734001	5.2519
chr2	25735001	6.7887
chr2	25736001	4.8568
chr2	25737001	4.8868
chr2	25738001	4.9598
chr2	25739001	5.3335
chr2	25740001	4.5510
chr2	25741001	5.2241
chr2	25742001	4.1157
chr2	25743001	4.4961
chr2	25744001	2.0870
chr2	25749001	1.4717
chr2	25750001	2.2385
chr2	25753001	0.9515
chr2	25756001	0.5947
chr2	25759001	1.1448
chr2	25767001	1.0898
chr2	25768001	0.7588
chr2	25771001	0.8361
chr2	25799001	1.0104
chr2	25806001	0.8011
chr2	25835001	1.0646
chr2	25845001	1.3036
chr2	25878001	0.7004
chr2	26318001	0.6142
chr2	27161001	0.8109
chr2	27959001	0.7700
chr2	28578001	0.3213
chr2	28579001	0.4621
chr2	29232001	0.4977
chr2	29233001	0.2701
chr2	30039001	0.9090
chr2	30713001	0.7185
chr2	31369001	0.6772
chr2	32232001	0.8781
chr2	32837001	0.8163
chr2	33474001	0.4350
chr2	33475001	0.4747
chr2	34080001	0.9426
chr2	34850001	0.6112
chr2	35605001	0.5585
chr2	36838001	0.9529
chr2	37760001	0.6277
chr2	38446001	0.7554
chr2	39879001	0.8888
chr2	40797001	0.7049
chr2	41733001	0.5224
chr2	42497001	0.4562
chr2	43220001	0.6010
chr2	44169001	0.5364
chr2	45088001	0.6793
chr2	46017001	0.2501
chr2	46018001	0.4786
chr2	46297001	1.5613
chr2	46346001	0.7005
chr2	46347001	0.5029
chr2	46356001	1.5797
chr2	46360001	1.3841
chr2	46361001	0.5582
chr2	46369001	0.6873
chr2	46375001	0.7064
chr2	46376001	1.2398
chr2	46377001	0.6940
chr2	46378001	1.2925
chr2	46380001	2.0289
chr2	46381001	0.9927
chr2	46382001	1.7391
chr2	46384001	2.2684
chr2	46385001	3.8965
chr2	46386001	3.0876
chr2	47680001	NaN
chr2	48560001	0.6955
chr2	49369001	0.9401
chr2	50004001	0.5034
chr2	50616001	0.4033
chr2	51225001	0.6481
chr2	51226001	0.2064
chr2	52097001	0.4301
chr2	53032001	0.8607
chr2	53662001	0.4241
chr2	54572001	0.5410
chr2	55216001	0.4833
chr2	56127001	0.8162
chr2	57045001	0.8458
chr2	57904001	0.4105
chr2	57905001	NaN
chr2	58583001	0.7989
chr2	59518001	0.8010
chr2	60434001	0.7042
chr2	61118001	0.4178
chr2	61119001	0.3856
chr2	61734001	0.9297
chr2	63398001	0.9269
chr2	64104001	0.5008
chr2	65108001	0.5269
chr2	66228001	0.6591
chr2	67144001	0.7179
chr2	67781001	0.2380
chr2	68691001	0.5071
chr2	69294001	0.7921
chr2	70200001	0.5971
chr2	70975001	0.7507
chr2	71778001	0.8220
chr2	73220001	0.7550
chr2	74095001	0.6408
chr2	74814001	0.6854
chr2	76276001	0.7226
chr2	76994001	0.7288
chr2	76995001	0.2666
chr2	79423001	0.5165
chr2	80296001	0.2723
chr2	80297001	0.5739
chr2	81411001	0.3493
chr2	83756001	0.6050
chr2	85535001	0.8166
chr2	86138001	0.5138
chr2	87131001	NaN
chr2	87132001	0.1154
chr2	87662001	0.6703
chr2	88502001	0.6375
chr2	89955001	0.4663
chr2	91892001	0.1642
chr2	95196001	0.3745
chr2	95197001	0.3080
chr2	95856001	0.8827
chr2	98368001	0.8440
chr2	99337001	NaN
chr2	100147001	0.7225
chr2	101049001	0.7921
chr2	101984001	0.6798
chr2	102593001	0.6085
chr2	103963001	0.5365
chr2	105049001	0.7383
chr2	105966001	0.6721
chr2	106582001	0.5190
chr2	107798001	0.7760
chr2	109031001	0.3508
chr2	109499001	0.6795
chr2	110273001	0.3745
chr2	111031001	0.8711
chr2	111644001	0.6574
chr2	112551001	0.5917
chr2	113176001	0.7218
chr2	114039001	0.6893
chr2	114709001	0.5443
chr2	114710001	0.2408
chr2	115620001	0.4679
chr2	115621001	0.1998
chr2	116245001	0.6900
chr2	117092001	0.6153
chr2	117772001	0.7745
chr2	118942001	0.8821
chr2	120218001	0.7086
chr2	120821001	0.4954
chr2	120822001	0.2999
chr2	121816001	0.7963
chr2	122638001	0.4887
chr2	123298001	1.6656
chr2	123907001	0.7909
chr2	124509001	0.4715
chr2	125726001	0.6301
chr2	126365001	0.5094
chr2	126981001	0.6705
chr2	127637001	0.5597
chr2	128540001	0.7298
chr2	129362001	0.6901
chr2	130317001	0.6013
chr2	131536001	0.5488
chr2	133090001	0.5617
chr2	134008001	0.6663
chr2	134919001	0.5792
chr2	135798001	0.6059
chr2	136494001	0.7285
chr2	137673001	0.8505
chr2	138279001	0.7885
chr2	139192001	0.2383
chr2	139193001	0.5949
chr2	139808001	0.6026
chr2	140423001	0.6657
chr2	141036001	0.8357
chr2	141956001	0.3987
chr2	141957001	0.5613
chr2	142884001	0.8166
chr2	143522001	0.4830
chr2	143523001	0.2110
chr2	144456001	0.2708
chr2	144457001	0.4199
chr2	145335001	0.6666
chr2	145935001	0.4920
chr2	145936001	0.3950
chr2	146833001	0.2971
chr2	146834001	NaN
chr2	147530001	1.0346
chr2	148935001	0.5724
chr2	150148001	0.5920
chr2	150763001	0.6789
chr2	151609001	0.8313
chr2	152379001	0.7278
chr2	153142001	0.5804
chr2	155025001	0.5680
chr2	155682001	0.7823
chr2	156311001	0.3908
chr2	158046001	0.8213
chr2	158706001	0.8161
chr2	159533001	1.1804
chr2	160495001	0.6741
chr2	161226001	0.6909
chr2	161872001	0.4730
chr2	163171001	0.8193
chr2	163917001	0.7362
chr2	164790001	0.8232
chr2	165410001	0.1620
chr2	166354001	0.7047
chr2	166959001	0.8478
chr2	167692001	0.7499
chr2	168429001	0.7408
chr2	169115001	0.3030
chr2	169116001	0.4254
chr2	169766001	0.5542
chr2	170829001	0.2834
chr2	170830001	0.4843
chr2	171574001	0.3187
chr2	172479001	0.7541
chr2	173840001	0.6975
chr2	174784001	0.7355
chr2	175557001	0.5518
chr2	176205001	0.8020
chr2	177060001	0.6554
chr2	177998001	0.8033
chr2	178843001	0.5755
chr2	178844001	0.7106
chr2	179528001	0.8327
chr2	180136001	0.2870
chr2	180137001	0.1212
chr2	180751001	0.6761
chr2	181371001	0.8319
chr2	181988001	0.4203
chr2	182597001	0.6572
chr2	183513001	0.7750
chr2	184131001	0.7093
chr2	185346001	0.8591
chr2	186488001	0.7061
chr2	187599001	0.5901
chr2	188416001	0.7761
chr2	189288001	0.7111
chr2	190531001	0.7676
chr2	191160001	0.5916
chr2	192094001	0.9842
chr2	192699001	0.6420
chr2	194486001	0.6262
chr2	195452001	0.4805
chr2	196246001	0.6392
chr2	197301001	0.7203
chr2	197389001	1.3528
chr2	197390001	4.3764
chr2	197391001	6.0032
chr2	197392001	3.5346
chr2	197393001	1.0014
chr2	197396001	2.0334
chr2	197397001	0.3659
chr2	197398001	1.8272
chr2	197400001	4.0549
chr2	197401001	2.9467
chr2	197402001	2.7783
chr2	197403001	1.9729
chr2	197405001	2.4005
chr2	197407001	0.6406
chr2	197408001	1.7714
chr2	197409001	0.9823
chr2	197410001	0.7585
chr2	197416001	1.1614
chr2	197418001	0.7560
chr2	197420001	1.2155
chr2	197421001	0.6573
chr2	197423001	1.1214
chr2	197434001	0.3822
chr2	197435001	0.3545
chr2	199144001	0.7427
chr2	200050001	0.8143
chr2	200794001	0.7064
chr2	201636001	0.8366
chr2	202767001	0.8943
chr2	203713001	0.8517
chr2	204335001	0.7689
chr2	204969001	0.8854
chr2	206189001	0.7295
chr2	207082001	0.7220
chr2	208872001	0.7206
chr2	209829001	0.3938
chr2	209830001	0.4554
chr2	210784001	0.3767
chr2	211690001	0.7490
chr2	212710001	0.7859
chr2	214127001	0.7003
chr2	214749001	0.7825
chr2	215662001	0.6566
chr2	216283001	0.6934
chr2	216897001	0.7942
chr2	217526001	0.7570
chr2	218403001	0.6408
chr2	219028001	0.5548
chr2	219916001	0.8978
chr2	220587001	0.8746
chr2	221817001	0.6799
chr2	222806001	0.7218
chr2	223721001	0.7331
chr2	224557001	0.8233
chr2	225498001	0.5763
chr2	226334001	0.8925
chr2	227002001	0.7478
chr2	227609001	0.6025
chr2	228227001	0.6781
chr2	228914001	0.7387
chr2	230326001	0.2213
chr2	230327001	0.4299
chr2	230982001	0.5518
chr2	231600001	0.5807
chr2	233133001	0.6792
chr2	234001001	0.5442
chr2	234954001	0.4582
chr2	234955001	0.4286
chr2	235825001	0.7544
chr2	237035001	0.5708
chr2	237992001	0.5745
chr2	238596001	0.4428
chr2	238597001	0.2848
chr2	239191001	0.6962
chr2	239811001	0.6613
chr2	240704001	0.4540
chr2	241324001	0.6094
chr2	241325001	0.2363
chr3	540001	1.3694
chr3	2034001	0.9552
chr3	2664001	0.9258
chr3	3266001	0.6423
chr3	4182001	0.2174
chr3	4183001	0.5133
chr3	5071001	0.4079
chr3	5678001	0.7412
chr3	6568001	0.7002
chr3	7168001	0.3102
chr3	7169001	0.4746
chr3	7820001	0.4476
chr3	8996001	0.6993
chr3	9603001	0.6416
chr3	10498001	0.8548
chr3	11392001	0.8357
chr3	12435001	0.7880
chr3	13213001	0.5081
chr3	14116001	0.7705
chr3	15110001	0.6511
chr3	16210001	0.8799
chr3	17092001	0.5955
chr3	18248001	0.2448
chr3	18249001	0.4621
chr3	18873001	1.0497
chr3	19523001	0.7466
chr3	19524001	0.3834
chr3	20423001	0.9495
chr3	21632001	0.9241
chr3	22246001	1.1150
chr3	22859001	0.6489
chr3	23727001	0.7281
chr3	24624001	0.9300
chr3	25555001	0.3241
chr3	25556001	0.4267
chr3	26414001	0.7899
chr3	27622001	0.7201
chr3	28550001	0.2512
chr3	29164001	0.3572
chr3	30077001	0.7207
chr3	31159001	0.7718
chr3	31878001	0.5208
chr3	32842001	0.6955
chr3	33957001	0.7387
chr3	34565001	0.8303
chr3	35187001	0.7356
chr3	36945001	0.6830
chr3	37570001	0.7840
chr3	38138001	0.8134
chr3	38139001	0.8539
chr3	38140001	2.0465
chr3	38141001	3.7370
chr3	38142001	4.3246
chr3	38143001	NaN
chr3	38499001	0.6851
chr3	39172001	0.6802
chr3	40294001	0.7044
chr3	41127001	0.6397
chr3	41199001	NaN
chr3	41224001	2.5817
chr3	41225001	3.9786
chr3	41227001	0.7955
chr3	41233001	2.6293
chr3	41234001	1.2126
chr3	41235001	0.8654
chr3	41236001	1.6754
chr3	41237001	0.8135
chr3	41238001	0.6813
chr3	41239001	4.0895
chr3	41240001	2.1432
chr3	42099001	0.6592
chr3	43135001	0.8853
chr3	43924001	0.6036
chr3	44784001	0.2124
chr3	45417001	0.3193
chr3	46107001	0.6812
chr3	46921001	0.6529
chr3	47016001	2.8089
chr3	47017001	1.9948
chr3	47019001	0.8138
chr3	47037001	0.7766
chr3	47042001	0.8029
chr3	47046001	0.8253
chr3	47056001	1.0222
chr3	47057001	2.2930
chr3	47062001	1.2166
chr3	47067001	0.7553
chr3	47083001	1.6696
chr3	47084001	2.1247
chr3	47086001	0.7039
chr3	47088001	0.9031
chr3	47097001	0.4786
chr3	47098001	0.4320
chr3	47101001	0.8539
chr3	47103001	1.0680
chr3	47105001	NaN
chr3	47106001	0.5664
chr3	47113001	0.6003
chr3	47116001	1.0978
chr3	47120001	4.2583
chr3	47121001	5.7497
chr3	47122001	6.8613
chr3	47123001	5.4938
chr3	47124001	2.7524
chr3	47126001	1.3856
chr3	47163001	NaN
chr3	47164001	NaN
chr3	47565001	0.5689
chr3	48445001	0.6140
chr3	50578001	0.6825
chr3	51592001	0.7278
chr3	52304001	0.7226
chr3	53238001	0.6295
chr3	53852001	0.6746
chr3	55031001	0.6284
chr3	55973001	0.6665
chr3	57126001	0.8022
chr3	57851001	0.3468
chr3	58624001	0.8544
chr3	59919001	0.5886
chr3	60525001	0.5438
chr3	61158001	0.2047
chr3	62017001	0.6188
chr3	63278001	0.5684
chr3	64135001	0.8583
chr3	65258001	0.7383
chr3	66151001	0.6483
chr3	66793001	0.7813
chr3	67681001	0.9214
chr3	68550001	0.7215
chr3	69225001	0.4549
chr3	70648001	0.5522
chr3	71251001	0.7581
chr3	71895001	0.6818
chr3	72501001	0.6686
chr3	73686001	0.5103
chr3	73687001	0.3207
chr3	74500001	0.7605
chr3	75490001	0.2370
chr3	75491001	0.2289
chr3	76422001	0.3823
chr3	77337001	0.7242
chr3	78275001	0.8020
chr3	79422001	0.4943
chr3	79423001	0.3120
chr3	80980001	0.8180
chr3	81664001	0.5630
chr3	82415001	0.3037
chr3	83955001	1.0125
chr3	84610001	0.9185
chr3	86001001	0.5826
chr3	86673001	0.6873
chr3	87599001	0.9008
chr3	88448001	NaN
chr3	89057001	0.8500
chr3	93988001	0.6420
chr3	94926001	0.7220
chr3	94927001	NaN
chr3	95985001	0.6752
chr3	97777001	0.9193
chr3	98434001	0.6468
chr3	99439001	0.8798
chr3	100315001	0.2482
chr3	100316001	0.5957
chr3	101124001	1.1449
chr3	102171001	0.3104
chr3	102172001	0.7072
chr3	103138001	0.7326
chr3	103838001	0.8755
chr3	104924001	0.2983
chr3	105629001	0.1558
chr3	105630001	NaN
chr3	105655001	4.3330
chr3	105656001	6.5316
chr3	105657001	6.2868
chr3	105658001	5.5178
chr3	105659001	1.2019
chr3	105670001	0.9566
chr3	105678001	0.8776
chr3	105681001	1.6034
chr3	105685001	1.1196
chr3	105693001	0.9418
chr3	105702001	1.5347
chr3	105703001	1.2281
chr3	105704001	0.8607
chr3	105720001	1.0967
chr3	105734001	0.6873
chr3	105737001	1.2751
chr3	105740001	0.9664
chr3	105745001	0.5867
chr3	105746001	0.7090
chr3	105751001	1.2420
chr3	105776001	1.1214
chr3	105853001	2.0242
chr3	105867001	1.4125
chr3	105868001	0.8260
chr3	105869001	NaN
chr3	106529001	0.7275
chr3	107365001	0.6175
chr3	108046001	0.6555
chr3	109547001	0.4878
chr3	110399001	0.4075
chr3	110400001	0.7273
chr3	111314001	0.5313
chr3	112386001	0.1167
chr3	112387001	0.5526
chr3	113437001	0.9538
chr3	114067001	0.5174
chr3	115382001	0.5265
chr3	116138001	0.6934
chr3	116777001	0.6777
chr3	117413001	0.7093
chr3	118284001	1.1378
chr3	118888001	0.6445
chr3	119491001	0.4650
chr3	120271001	0.4688
chr3	120272001	0.3056
chr3	122492001	0.8416
chr3	123120001	0.2568
chr3	123121001	0.4823
chr3	123799001	0.7258
chr3	125209001	0.6636
chr3	126110001	0.7010
chr3	126764001	0.4452
chr3	127684001	0.8263
chr3	128479001	1.5625
chr3	128480001	4.2700
chr3	128481001	2.0477
chr3	128482001	NaN
chr3	128483001	3.0902
chr3	128484001	NaN
chr3	128485001	1.2313
chr3	128486001	2.0145
chr3	128487001	NaN
chr3	128492001	NaN
chr3	128493001	NaN
chr3	128861001	0.6021
chr3	129992001	0.4654
chr3	129993001	0.2372
chr3	130840001	0.1281
chr3	131453001	0.6719
chr3	132502001	0.8312
chr3	133354001	0.5340
chr3	134389001	0.5812
chr3	135160001	0.6854
chr3	136958001	0.4923
chr3	137854001	0.9108
chr3	138455001	0.7435
chr3	139122001	0.7449
chr3	140301001	0.6386
chr3	141279001	0.7918
chr3	142991001	0.8741
chr3	143974001	0.8830
chr3	144765001	0.8327
chr3	146883001	0.1356
chr3	146884001	0.4113
chr3	148245001	0.6908
chr3	148968001	0.7566
chr3	150469001	0.5897
chr3	151092001	0.7420
chr3	152305001	0.7721
chr3	152913001	0.6111
chr3	153807001	1.1259
chr3	154417001	0.9019
chr3	155313001	0.7942
chr3	156291001	0.7581
chr3	157437001	0.5800
chr3	158332001	0.4702
chr3	159115001	0.7037
chr3	159817001	0.6756
chr3	160694001	0.6781
chr3	161330001	0.5352
chr3	162554001	0.7061
chr3	163439001	0.7732
chr3	164041001	0.7132
chr3	165254001	0.2304
chr3	165255001	0.6599
chr3	166401001	0.5399
chr3	167348001	0.7756
chr3	168185001	0.2960
chr3	168186001	0.5017
chr3	168863001	0.8043
chr3	169744001	0.5223
chr3	169745001	0.6137
chr3	169764001	2.1678
chr3	169765001	3.0990
chr3	171263001	0.7265
chr3	172467001	0.6173
chr3	173395001	0.6838
chr3	174278001	1.0268
chr3	175471001	0.1746
chr3	177589001	0.6583
chr3	178774001	0.7348
chr3	179973001	0.6229
chr3	180821001	0.7256
chr3	181504001	0.7574
chr3	182708001	0.8135
chr3	183919001	0.2833
chr3	183920001	0.5859
chr3	184805001	0.7942
chr3	185710001	0.2158
chr3	186320001	0.6514
chr3	187241001	0.7963
chr3	188459001	0.5528
chr3	189331001	0.2715
chr3	189332001	0.3325
chr3	190233001	0.9772
chr3	190850001	0.6508
chr3	191753001	0.6799
chr3	192369001	0.7247
chr3	193548001	0.8006
chr3	194512001	0.6764
chr3	195185001	0.7844
chr3	195947001	0.4895
chr3	196631001	0.4672
chr3	196632001	0.3262
chr3	198052001	0.5237
chr4	670001	0.5371
chr4	1359001	0.7423
chr4	2267001	0.5169
chr4	2936001	0.5945
chr4	3751001	0.6592
chr4	4555001	0.7404
chr4	5676001	0.5087
chr4	5677001	0.2831
chr4	6723001	0.2609
chr4	6724001	0.5508
chr4	8046001	0.5831
chr4	8881001	0.7070
chr4	9994001	0.6445
chr4	10691001	0.7228
chr4	11745001	0.6748
chr4	12353001	0.7694
chr4	13150001	0.7808
chr4	13786001	0.5839
chr4	14943001	0.7685
chr4	15848001	0.7568
chr4	16653001	0.8606
chr4	17941001	0.6812
chr4	18797001	0.6482
chr4	19597001	0.8491
chr4	20210001	0.7004
chr4	20983001	0.8746
chr4	22139001	0.3448
chr4	23349001	0.8494
chr4	24132001	0.6928
chr4	24527001	3.9104
chr4	24528001	0.7139
chr4	24529001	1.3175
chr4	24532001	0.7460
chr4	24533001	0.5090
chr4	24537001	0.6930
chr4	24540001	2.1256
chr4	24541001	0.8004
chr4	24542001	1.1023
chr4	24543001	0.9355
chr4	24548001	0.9848
chr4	24549001	0.8725
chr4	24554001	1.4568
chr4	24556001	1.2089
chr4	24570001	1.2990
chr4	24576001	2.6072
chr4	24584001	1.0593
chr4	24992001	0.4737
chr4	25773001	0.7838
chr4	27101001	0.5485
chr4	27919001	0.8098
chr4	28706001	0.6163
chr4	29337001	0.8543
chr4	30621001	0.6715
chr4	31397001	0.7348
chr4	32221001	0.9026
chr4	32927001	0.8186
chr4	34919001	0.8364
chr4	36012001	1.1407
chr4	36738001	0.7791
chr4	38396001	0.8028
chr4	39133001	0.8579
chr4	40253001	0.5942
chr4	41133001	0.7845
chr4	42427001	0.3239
chr4	43230001	0.7671
chr4	43945001	1.1113
chr4	44578001	0.8507
chr4	45793001	0.7974
chr4	47560001	0.8072
chr4	48334001	0.4286
chr4	48335001	0.2549
chr4	49616001	0.6115
chr4	52112001	0.7874
chr4	52958001	0.6584
chr4	53708001	0.7094
chr4	54435001	0.8649
chr4	54657001	NaN
chr4	54658001	NaN
chr4	54695001	1.8460
chr4	54698001	1.7186
chr4	54699001	0.8986
chr4	54703001	1.2315
chr4	54707001	1.2441
chr4	54709001	0.9284
chr4	54723001	0.8757
chr4	54725001	0.9239
chr4	54726001	0.8071
chr4	54727001	2.3638
chr4	54728001	0.7003
chr4	54729001	1.4213
chr4	54731001	1.3838
chr4	54733001	0.7988
chr4	54736001	1.6502
chr4	54737001	0.7434
chr4	54738001	3.0475
chr4	54739001	5.4924
chr4	54740001	4.3383
chr4	55157001	NaN
chr4	55158001	0.4882
chr4	56105001	0.4289
chr4	56878001	0.7965
chr4	58017001	0.6793
chr4	59816001	0.2015
chr4	61182001	0.3753
chr4	61183001	0.5121
chr4	61914001	0.6523
chr4	62564001	0.2852
chr4	62565001	0.6017
chr4	63311001	0.6511
chr4	64438001	0.6331
chr4	65081001	0.2070
chr4	65984001	0.4153
chr4	67075001	0.9882
chr4	67894001	0.1961
chr4	69079001	0.8869
chr4	69735001	0.6762
chr4	70557001	0.6568
chr4	71406001	0.4917
chr4	72188001	0.3609
chr4	73275001	0.6154
chr4	74545001	0.3087
chr4	74546001	0.5359
chr4	75303001	0.7538
chr4	76211001	0.5274
chr4	77208001	0.7349
chr4	78012001	0.1696
chr4	78013001	0.3528
chr4	78719001	0.2675
chr4	80191001	0.6532
chr4	81961001	0.5668
chr4	82680001	0.3868
chr4	82681001	0.3438
chr4	83426001	0.3368
chr4	84161001	0.6832
chr4	85012001	0.5446
chr4	86337001	0.6344
chr4	87393001	0.7007
chr4	88249001	0.8421
chr4	89295001	0.6546
chr4	90645001	0.8238
chr4	91763001	1.2802
chr4	92775001	0.5252
chr4	92776001	0.3183
chr4	93620001	1.0429
chr4	94364001	0.9216
chr4	95216001	0.7789
chr4	96002001	0.6794
chr4	96891001	0.6566
chr4	98045001	0.4385
chr4	98878001	1.1427
chr4	100095001	0.7317
chr4	100762001	0.6737
chr4	102193001	0.6707
chr4	103021001	0.6685
chr4	103800001	0.7122
chr4	104576001	0.7494
chr4	105146001	0.4550
chr4	105185001	0.4972
chr4	105190001	0.9689
chr4	105233001	NaN
chr4	105234001	5.0686
chr4	105235001	5.2380
chr4	105236001	5.7415
chr4	105237001	1.8004
chr4	105241001	0.9316
chr4	105242001	0.7302
chr4	105243001	1.2580
chr4	105259001	1.0482
chr4	105261001	1.0666
chr4	105269001	0.7443
chr4	105272001	2.0435
chr4	105275001	4.6259
chr4	105276001	4.0000
chr4	105277001	5.6692
chr4	105278001	6.0790
chr4	105279001	5.2645
chr4	106463001	NaN
chr4	107552001	0.8030
chr4	108625001	0.4937
chr4	109268001	0.5355
chr4	109959001	0.6813
chr4	110798001	0.8815
chr4	112146001	0.3967
chr4	112147001	0.4410
chr4	112845001	0.4928
chr4	113467001	0.4798
chr4	113468001	0.1317
chr4	114534001	0.5052
chr4	114535001	0.3412
chr4	115334001	0.8583
chr4	116107001	0.8008
chr4	116949001	0.6625
chr4	118294001	0.8574
chr4	119130001	0.8076
chr4	120174001	0.3356
chr4	120175001	0.3981
chr4	120936001	0.7783
chr4	122078001	0.6223
chr4	123118001	1.0059
chr4	123930001	0.7820
chr4	124742001	0.7718
chr4	126883001	0.4868
chr4	127705001	0.6115
chr4	128931001	0.5317
chr4	128932001	0.2013
chr4	129567001	0.6874
chr4	130516001	0.5578
chr4	131130001	0.7851
chr4	132523001	0.7232
chr4	133302001	0.7741
chr4	133999001	1.0527
chr4	135205001	0.5710
chr4	136769001	1.2611
chr4	138159001	NaN
chr4	138160001	0.6555
chr4	138961001	0.8392
chr4	139756001	0.5891
chr4	139757001	0.2598
chr4	140380001	0.8541
chr4	141061001	0.8819
chr4	142434001	0.4879
chr4	143506001	0.4406
chr4	144356001	0.9514
chr4	144357001	0.2023
chr4	145042001	0.5924
chr4	145888001	0.6100
chr4	146745001	0.7722
chr4	147557001	0.3492
chr4	148362001	0.3453
chr4	148363001	0.2924
chr4	149146001	0.7183
chr4	150310001	0.4645
chr4	151622001	0.8264
chr4	152662001	0.7779
chr4	153502001	0.5325
chr4	153503001	0.7090
chr4	155075001	0.9118
chr4	156689001	0.3260
chr4	156690001	0.4923
chr4	158965001	0.6491
chr4	159948001	0.7242
chr4	160711001	0.4529
chr4	161512001	0.7738
chr4	162322001	0.4834
chr4	163128001	0.5118
chr4	163129001	1.2254
chr4	163133001	1.1891
chr4	163137001	0.8915
chr4	163140001	1.1993
chr4	163145001	2.0609
chr4	163148001	1.2626
chr4	163164001	1.0276
chr4	163166001	1.9226
chr4	163403001	0.5405
chr4	164189001	0.7039
chr4	165061001	0.7341
chr4	165842001	0.7445
chr4	166485001	0.5343
chr4	166486001	0.2061
chr4	167118001	0.6059
chr4	168769001	0.7529
chr4	170405001	0.1797
chr4	170406001	0.7723
chr4	171118001	0.8637
chr4	171981001	0.8778
chr4	172586001	0.6538
chr4	173421001	0.3165
chr4	174139001	0.2164
chr4	175015001	1.1800
chr4	176544001	0.5040
chr4	177351001	0.5174
chr4	177352001	0.2546
chr4	178438001	0.5928
chr4	179793001	0.6991
chr4	180865001	0.8357
chr4	181660001	1.2671
chr4	182444001	0.7852
chr4	183532001	0.2176
chr4	183533001	0.5520
chr4	184344001	0.7345
chr4	185162001	0.6739
chr4	186228001	0.6823
chr4	187292001	0.5599
chr4	187934001	0.7671
chr4	188644001	0.8087
chr4	189446001	0.7126
chr5	202001	0.6785
chr5	1076001	0.7396
chr5	1882001	NaN
chr5	2693001	0.5324
chr5	2694001	0.2129
chr5	3488001	0.6874
chr5	4297001	0.4576
chr5	4949001	0.4681
chr5	5910001	0.7903
chr5	6989001	0.3919
chr5	8549001	0.2950
chr5	9401001	0.5509
chr5	9402001	0.2942
chr5	10150001	0.7345
chr5	10964001	0.4970
chr5	11869001	0.3325
chr5	11870001	0.4579
chr5	12551001	0.2050
chr5	13185001	1.2905
chr5	13986001	0.4358
chr5	13987001	0.4067
chr5	14779001	0.1963
chr5	14780001	0.4818
chr5	15850001	0.7251
chr5	16924001	0.8035
chr5	18329001	0.7661
chr5	19373001	0.8021
chr5	20613001	0.4271
chr5	22005001	0.7791
chr5	22812001	0.2542
chr5	23620001	0.8167
chr5	24512001	0.8581
chr5	25247001	0.7118
chr5	26028001	0.9291
chr5	26861001	0.4571
chr5	26862001	0.3484
chr5	28210001	0.7215
chr5	28933001	0.5555
chr5	29582001	0.3880
chr5	29583001	0.3680
chr5	30895001	0.5388
chr5	31951001	0.7877
chr5	32831001	0.7008
chr5	33581001	0.9360
chr5	34861001	0.6256
chr5	35856001	0.7461
chr5	35857001	0.5352
chr5	35860001	0.6453
chr5	35867001	1.1269
chr5	35871001	1.0513
chr5	35873001	1.2515
chr5	35874001	0.8468
chr5	35875001	1.1917
chr5	35876001	5.0233
chr5	35877001	4.9658
chr5	35878001	5.2762
chr5	35879001	2.8864
chr5	36049001	0.5940
chr5	36050001	0.7221
chr5	36819001	0.8228
chr5	37612001	0.4825
chr5	38264001	0.7326
chr5	39259001	0.7879
chr5	40286001	0.6196
chr5	40916001	0.6813
chr5	44048001	0.5394
chr5	44865001	0.7803
chr5	45690001	0.9105
chr5	51158001	0.6701
chr5	52282001	0.8578
chr5	53087001	0.4141
chr5	53088001	0.3817
chr5	54437001	0.6289
chr5	55247001	0.4223
chr5	55248001	0.4694
chr5	56149001	0.7916
chr5	57028001	0.8243
chr5	57653001	0.8039
chr5	58454001	0.7557
chr5	59586001	0.6493
chr5	60631001	0.6654
chr5	61969001	0.1635
chr5	61970001	0.4779
chr5	62769001	0.9482
chr5	63524001	0.3791
chr5	64568001	0.4776
chr5	65192001	0.3525
chr5	65907001	0.5200
chr5	65908001	0.2867
chr5	66533001	NaN
chr5	66534001	0.2891
chr5	67478001	0.4109
chr5	67479001	0.1781
chr5	68365001	0.5924
chr5	71456001	0.5532
chr5	71457001	0.2424
chr5	72150001	0.8690
chr5	73152001	0.6533
chr5	73776001	0.7001
chr5	74588001	0.5763
chr5	75656001	0.2853
chr5	75657001	0.4966
chr5	76485001	0.5943
chr5	77275001	0.6728
chr5	77981001	0.7667
chr5	78885001	0.2501
chr5	78886001	0.4286
chr5	79713001	0.6824
chr5	80514001	0.4870
chr5	81857001	0.3947
chr5	82909001	0.2637
chr5	82910001	0.4764
chr5	83965001	0.8000
chr5	84627001	0.2203
chr5	85329001	0.3996
chr5	85330001	0.8368
chr5	86133001	0.7160
chr5	87276001	0.7221
chr5	88839001	0.6225
chr5	89673001	0.8765
chr5	90441001	0.7419
chr5	91323001	0.4756
chr5	92104001	0.4692
chr5	92865001	0.7184
chr5	93682001	1.0778
chr5	94390001	0.6979
chr5	95241001	0.7879
chr5	96064001	0.7740
chr5	97117001	1.1234
chr5	98134001	0.3900
chr5	98781001	0.8075
chr5	99975001	0.7011
chr5	100624001	0.2095
chr5	101240001	0.6877
chr5	101997001	0.7667
chr5	102831001	0.2634
chr5	103930001	0.5593
chr5	104875001	0.3477
chr5	105770001	1.0505
chr5	106518001	0.6595
chr5	107316001	0.5838
chr5	109204001	0.6799
chr5	110016001	0.7223
chr5	111081001	0.4956
chr5	111894001	0.2700
chr5	111895001	NaN
chr5	112689001	0.4017
chr5	113791001	0.7199
chr5	114460001	0.6518
chr5	115402001	0.7919
chr5	116052001	0.7084
chr5	116993001	0.8847
chr5	117919001	0.6827
chr5	118736001	0.2612
chr5	119410001	0.7994
chr5	120198001	0.7290
chr5	120910001	0.7706
chr5	122415001	0.6883
chr5	123173001	0.5533
chr5	123174001	0.2037
chr5	124013001	0.7639
chr5	124781001	0.4482
chr5	125595001	0.2546
chr5	126426001	0.5459
chr5	127486001	0.8262
chr5	128186001	0.5722
chr5	128854001	0.6960
chr5	129623001	0.6456
chr5	130599001	0.4802
chr5	130600001	0.1625
chr5	131771001	0.7960
chr5	132481001	1.7462
chr5	132482001	0.6941
chr5	132483001	3.6436
chr5	132484001	1.1534
chr5	132485001	0.7233
chr5	132486001	2.3431
chr5	132487001	1.2387
chr5	132488001	0.3395
chr5	132489001	0.7613
chr5	132490001	NaN
chr5	133399001	0.7133
chr5	134060001	0.5953
chr5	135008001	0.6070
chr5	136638001	0.6566
chr5	137662001	0.8073
chr5	138393001	0.6303
chr5	139471001	0.5908
chr5	140322001	0.6966
chr5	142628001	0.5651
chr5	142629001	0.2667
chr5	143793001	0.7122
chr5	144458001	0.4383
chr5	144459001	0.4667
chr5	145225001	0.7641
chr5	145942001	0.8089
chr5	146878001	0.2536
chr5	146879001	0.4545
chr5	147847001	0.7853
chr5	148487001	0.5440
chr5	149492001	NaN
chr5	149493001	4.1040
chr5	149494001	7.1924
chr5	149495001	5.5238
chr5	149496001	4.4821
chr5	149505001	0.7993
chr5	149507001	0.7165
chr5	149509001	0.6288
chr5	149511001	0.9259
chr5	149513001	0.7474
chr5	149520001	0.9088
chr5	149525001	0.7335
chr5	149550001	1.3484
chr5	149551001	1.4215
chr5	149732001	0.7415
chr5	150053001	2.9899
chr5	150054001	1.4812
chr5	150055001	1.0122
chr5	150056001	1.2045
chr5	150057001	1.2018
chr5	150059001	0.9895
chr5	150060001	0.6293
chr5	150061001	1.2731
chr5	150068001	0.7023
chr5	150069001	0.5090
chr5	150070001	1.6077
chr5	150073001	1.2448
chr5	150077001	0.9971
chr5	150078001	0.7086
chr5	150080001	2.3479
chr5	150081001	0.3911
chr5	150086001	1.1124
chr5	150520001	0.6977
chr5	151640001	0.7208
chr5	152431001	0.8097
chr5	153123001	0.6795
chr5	153739001	0.6026
chr5	154559001	0.3195
chr5	154560001	0.4179
chr5	155593001	0.5215
chr5	156388001	0.9381
chr5	157045001	0.1982
chr5	157046001	0.5525
chr5	157751001	0.7011
chr5	158374001	0.6491
chr5	159115001	0.7259
chr5	159739001	0.6886
chr5	160434001	0.7287
chr5	161821001	0.7902
chr5	162571001	0.4684
chr5	163244001	0.7424
chr5	163903001	0.2377
chr5	164743001	0.9690
chr5	165551001	0.5671
chr5	166325001	0.6340
chr5	167097001	0.3016
chr5	167098001	0.3919
chr5	167947001	0.6926
chr5	168756001	0.6704
chr5	169911001	0.8014
chr5	170788001	0.6432
chr5	171387001	0.2978
chr5	171388001	NaN
chr5	171390001	0.7883
chr5	171391001	1.1632
chr5	171392001	0.8862
chr5	171400001	1.4733
chr5	171405001	0.8032
chr5	171407001	0.8056
chr5	171410001	1.2996
chr5	171442001	0.7792
chr5	172235001	0.7808
chr5	172994001	0.7107
chr5	174192001	0.7335
chr5	175202001	0.8347
chr5	176260001	0.6683
chr5	176861001	0.5240
chr5	177511001	1.6406
chr5	177512001	2.6739
chr5	177513001	2.0013
chr5	177514001	1.1873
chr5	177515001	2.3008
chr5	177516001	2.7198
chr5	177517001	NaN
chr5	177630001	0.6187
chr5	178387001	0.6876
chr5	179218001	0.6948
chr5	179818001	0.6528
chr5	181108001	0.6709
chr6	500001	0.4113
chr6	501001	0.1254
chr6	1426001	0.7518
chr6	2097001	0.6039
chr6	2841001	0.6915
chr6	3572001	0.7305
chr6	4518001	0.4916
chr6	5177001	0.8255
chr6	5946001	0.5532
chr6	6637001	0.6849
chr6	7355001	0.6183
chr6	8083001	0.6367
chr6	8787001	0.6484
chr6	9518001	0.3582
chr6	9519001	0.7432
chr6	10223001	0.8579
chr6	10923001	0.5571
chr6	11617001	0.4557
chr6	12514001	0.3091
chr6	13139001	0.8649
chr6	14668001	0.6854
chr6	15414001	0.5344
chr6	16399001	0.6455
chr6	17295001	0.7359
chr6	17296001	0.2063
chr6	18023001	0.6592
chr6	18975001	0.9742
chr6	19670001	0.7315
chr6	20396001	0.5856
chr6	21103001	0.4830
chr6	21808001	0.7213
chr6	22541001	0.8463
chr6	23492001	0.7392
chr6	24112001	0.8426
chr6	25395001	0.7409
chr6	26091001	0.6561
chr6	27344001	0.8318
chr6	28443001	0.7614
chr6	33673001	0.7761
chr6	34833001	0.5886
chr6	35611001	0.6153
chr6	36321001	0.6773
chr6	37035001	0.2565
chr6	37761001	0.4341
chr6	37762001	0.3187
chr6	38428001	0.5009
chr6	39375001	0.3607
chr6	39376001	0.4235
chr6	40383001	0.6303
chr6	41308001	0.5499
chr6	41934001	NaN
chr6	41935001	4.0277
chr6	41936001	1.2880
chr6	41937001	0.9144
chr6	41940001	0.8606
chr6	41941001	NaN
chr6	42509001	0.5074
chr6	43428001	0.7444
chr6	44154001	0.7825
chr6	44805001	0.6055
chr6	45556001	0.6841
chr6	46708001	0.5156
chr6	47476001	0.8125
chr6	48736001	0.4739
chr6	49369001	0.9752
chr6	50113001	0.7656
chr6	51619001	0.7058
chr6	52566001	0.6327
chr6	53273001	0.3225
chr6	53982001	0.7078
chr6	54687001	0.4872
chr6	55677001	0.6027
chr6	56426001	0.5469
chr6	58275001	0.7513
chr6	60720001	0.4378
chr6	61920001	0.6052
chr6	61921001	0.8397
chr6	62833001	0.9535
chr6	63574001	0.5805
chr6	64800001	1.0062
chr6	65476001	0.6609
chr6	66429001	0.3350
chr6	66430001	0.7200
chr6	68487001	0.7494
chr6	69398001	0.7592
chr6	70371001	0.9848
chr6	71105001	0.7270
chr6	71875001	1.8202
chr6	72639001	0.6355
chr6	73348001	0.7460
chr6	74016001	0.9213
chr6	75134001	0.5843
chr6	75937001	0.6563
chr6	77104001	0.6738
chr6	77105001	0.2062
chr6	78037001	0.6368
chr6	78691001	0.7127
chr6	79466001	0.8512
chr6	80079001	0.1504
chr6	80080001	0.3998
chr6	81136001	0.3443
chr6	81137001	0.3930
chr6	81832001	0.6717
chr6	82777001	0.4586
chr6	83474001	0.6622
chr6	84448001	1.1047
chr6	85115001	0.4653
chr6	85116001	0.3838
chr6	85768001	0.2452
chr6	85769001	0.5284
chr6	86534001	0.4495
chr6	87524001	0.4154
chr6	88572001	0.7576
chr6	89623001	0.5901
chr6	90393001	0.2711
chr6	90394001	0.2808
chr6	91479001	0.7245
chr6	92275001	0.7652
chr6	92987001	1.0573
chr6	93653001	0.7916
chr6	94466001	NaN
chr6	95394001	0.2744
chr6	96086001	0.5996
chr6	97077001	0.7802
chr6	97753001	NaN
chr6	97754001	0.1846
chr6	98490001	0.4475
chr6	98491001	0.3230
chr6	99377001	0.6158
chr6	99542001	3.9788
chr6	99543001	5.1225
chr6	99545001	1.2811
chr6	99546001	0.9695
chr6	99549001	0.9989
chr6	99550001	1.1146
chr6	99558001	0.8273
chr6	99561001	2.5664
chr6	99562001	1.2252
chr6	99568001	0.9475
chr6	100315001	0.4646
chr6	101360001	0.6401
chr6	102401001	0.7651
chr6	103331001	0.8642
chr6	103959001	0.6820
chr6	104618001	0.8500
chr6	105822001	0.5299
chr6	106796001	0.5859
chr6	107555001	0.6438
chr6	108168001	0.5392
chr6	108795001	0.3800
chr6	108796001	NaN
chr6	109866001	0.6166
chr6	110607001	0.6647
chr6	111785001	0.6480
chr6	112617001	0.6072
chr6	113276001	0.6887
chr6	113987001	0.7510
chr6	114748001	0.6764
chr6	115668001	0.6584
chr6	116400001	0.9163
chr6	117492001	0.5300
chr6	118321001	0.6747
chr6	119025001	0.7882
chr6	119897001	0.6741
chr6	120853001	0.8458
chr6	121600001	0.6184
chr6	122581001	0.7161
chr6	123271001	0.6491
chr6	123972001	0.9599
chr6	124666001	0.6998
chr6	125889001	0.8343
chr6	126819001	0.8252
chr6	128007001	0.5030
chr6	128715001	0.7767
chr6	129432001	0.4259
chr6	129433001	0.2548
chr6	130139001	0.6337
chr6	131276001	0.2442
chr6	132235001	0.4889
chr6	132970001	0.6692
chr6	133639001	0.6656
chr6	134253001	0.6662
chr6	135137001	0.2806
chr6	135138001	0.5789
chr6	135181001	0.2788
chr6	135185001	0.4914
chr6	135186001	0.3114
chr6	135187001	1.0338
chr6	135189001	0.8706
chr6	135190001	1.6426
chr6	135192001	1.4599
chr6	135193001	0.7203
chr6	135194001	0.9152
chr6	135195001	1.1584
chr6	135196001	0.6729
chr6	135197001	1.5135
chr6	135198001	0.5663
chr6	135199001	0.6599
chr6	135200001	1.5323
chr6	135201001	0.7062
chr6	135203001	0.9046
chr6	135217001	0.8272
chr6	135218001	4.7105
chr6	135219001	1.1656
chr6	136067001	0.6337
chr6	137487001	0.7684
chr6	138091001	0.7008
chr6	139093001	0.8378
chr6	139869001	0.8650
chr6	140761001	0.3159
chr6	140762001	NaN
chr6	141703001	0.3229
chr6	141704001	0.7139
chr6	142476001	0.7172
chr6	143223001	0.6072
chr6	143940001	1.2025
chr6	144554001	0.8248
chr6	145343001	0.3380
chr6	145344001	0.3994
chr6	145993001	0.4909
chr6	147511001	1.0936
chr6	148154001	0.2988
chr6	148155001	0.5374
chr6	150072001	0.4122
chr6	150800001	0.7477
chr6	151459001	0.5506
chr6	152199001	0.4621
chr6	152915001	0.6491
chr6	153679001	0.9338
chr6	154319001	0.6994
chr6	155280001	0.7996
chr6	156229001	0.6541
chr6	156934001	0.8137
chr6	157554001	0.7294
chr6	158500001	0.6657
chr6	159218001	0.7872
chr6	159863001	0.6955
chr6	160864001	0.6268
chr6	162325001	0.7437
chr6	163016001	0.7120
chr6	164197001	0.2715
chr6	164198001	0.3622
chr6	165267001	0.7693
chr6	165875001	0.4574
chr6	166803001	0.6495
chr6	167507001	0.6282
chr6	168247001	0.7482
chr6	168957001	0.7063
chr6	169780001	0.6302
chr6	170484001	0.1072
chr7	244001	0.5843
chr7	1298001	0.1653
chr7	1299001	0.2865
chr7	2119001	0.7133
chr7	2913001	0.6377
chr7	3616001	0.7021
chr7	4520001	0.7932
chr7	5836001	0.4636
chr7	6831001	0.7068
chr7	7766001	0.1093
chr7	8817001	0.7085
chr7	9619001	1.0533
chr7	10477001	0.7439
chr7	11251001	0.9276
chr7	12039001	0.6547
chr7	13097001	0.7012
chr7	14165001	0.6771
chr7	14985001	0.9580
chr7	15827001	0.8855
chr7	16602001	0.6316
chr7	17671001	0.5481
chr7	18695001	0.8504
chr7	19729001	0.7842
chr7	20372001	0.6934
chr7	21160001	0.5379
chr7	21960001	0.7061
chr7	22820001	0.8342
chr7	23449001	0.4284
chr7	24109001	0.4947
chr7	24927001	0.7645
chr7	25616001	0.1897
chr7	25617001	0.5030
chr7	26545001	0.4209
chr7	27548001	0.5423
chr7	28258001	0.7229
chr7	29158001	0.6074
chr7	29890001	0.7072
chr7	29891001	0.7105
chr7	30531001	0.7732
chr7	31309001	0.7074
chr7	32149001	0.6308
chr7	33220001	0.2509
chr7	33873001	0.6861
chr7	35375001	0.6824
chr7	36450001	0.2520
chr7	36451001	0.2136
chr7	37796001	0.6057
chr7	38553001	0.6368
chr7	39228001	0.8632
chr7	39870001	0.5828
chr7	41008001	0.7677
chr7	42264001	0.8619
chr7	43155001	0.6460
chr7	43966001	0.4459
chr7	44573001	0.6425
chr7	45196001	0.6066
chr7	45861001	0.2041
chr7	45862001	0.5339
chr7	46637001	0.6496
chr7	47408001	0.6296
chr7	48312001	0.6708
chr7	49023001	0.3965
chr7	49024001	0.4193
chr7	49781001	0.6984
chr7	50304001	0.7425
chr7	50319001	0.6278
chr7	50327001	0.7276
chr7	50376001	1.7351
chr7	50382001	0.9730
chr7	50387001	0.7183
chr7	50391001	0.8135
chr7	50399001	NaN
chr7	50400001	3.9450
chr7	50401001	4.0439
chr7	50402001	4.9104
chr7	50403001	5.6723
chr7	50404001	5.1561
chr7	50405001	NaN
chr7	50640001	0.6802
chr7	51451001	0.7150
chr7	52208001	0.2967
chr7	52209001	0.1679
chr7	53586001	0.7121
chr7	54902001	0.7626
chr7	56053001	0.4821
chr7	57349001	0.6133
chr7	63027001	0.6374
chr7	64355001	0.6119
chr7	65186001	0.4831
chr7	66239001	0.1292
chr7	67043001	0.1827
chr7	67879001	0.7539
chr7	68530001	0.7853
chr7	69224001	0.7691
chr7	70580001	0.6891
chr7	71361001	0.5222
chr7	72423001	0.6559
chr7	73675001	0.5218
chr7	74490001	0.5030
chr7	75543001	0.6197
chr7	76606001	0.5116
chr7	77416001	0.5491
chr7	78173001	0.7476
chr7	78996001	0.4672
chr7	78997001	0.1744
chr7	79690001	0.4724
chr7	80414001	0.6726
chr7	81744001	0.4565
chr7	82430001	0.8948
chr7	83090001	0.7850
chr7	83778001	0.9612
chr7	85154001	0.6770
chr7	85776001	0.1835
chr7	85777001	0.4050
chr7	86473001	0.7851
chr7	87315001	0.7643
chr7	88421001	0.5102
chr7	89151001	0.8392
chr7	90271001	0.3590
chr7	91015001	0.3507
chr7	91016001	0.1140
chr7	92413001	0.6861
chr7	93018001	0.7511
chr7	93099001	2.8916
chr7	93100001	6.9432
chr7	93101001	6.1479
chr7	93102001	6.0359
chr7	93103001	6.2962
chr7	93104001	6.2419
chr7	93105001	6.7737
chr7	93106001	1.3615
chr7	93114001	0.9806
chr7	93117001	0.8419
chr7	93130001	4.9797
chr7	93131001	5.2128
chr7	93132001	6.5555
chr7	93133001	6.6754
chr7	93134001	5.8401
chr7	93135001	6.1443
chr7	93144001	NaN
chr7	93145001	3.4266
chr7	93146001	1.2448
chr7	93147001	0.8945
chr7	93148001	1.5045
chr7	94003001	0.7497
chr7	94834001	0.6719
chr7	96152001	0.6577
chr7	96780001	0.5875
chr7	97758001	0.7141
chr7	98540001	0.6697
chr7	99969001	0.5005
chr7	100603001	0.4352
chr7	101235001	0.5937
chr7	101668001	0.6464
chr7	101817001	NaN
chr7	101916001	0.7291
chr7	102028001	0.5657
chr7	102070001	0.6690
chr7	102097001	0.7704
chr7	102104001	0.7928
chr7	102111001	0.7281
chr7	102115001	0.8777
chr7	102158001	0.7507
chr7	102170001	0.7850
chr7	102178001	1.0656
chr7	102189001	0.6843
chr7	102193001	0.6078
chr7	102195001	0.7064
chr7	102196001	1.7205
chr7	102197001	1.5432
chr7	102198001	0.8045
chr7	102200001	0.5977
chr7	102201001	2.4895
chr7	102202001	0.8319
chr7	102204001	1.2136
chr7	102205001	0.6517
chr7	102227001	1.6057
chr7	102234001	1.0617
chr7	102239001	1.4299
chr7	102248001	NaN
chr7	102249001	3.3874
chr7	102250001	4.1523
chr7	102251001	4.4379
chr7	102252001	3.9902
chr7	102253001	4.2272
chr7	102254001	4.2637
chr7	102255001	4.3474
chr7	102256001	3.9335
chr7	102257001	3.9355
chr7	102258001	0.9020
chr7	102337001	0.3362
chr7	102991001	0.5288
chr7	103917001	0.8699
chr7	104706001	0.7440
chr7	105787001	0.4517
chr7	106759001	0.1430
chr7	107678001	0.6702
chr7	108292001	0.7327
chr7	109009001	0.6616
chr7	110093001	0.6388
chr7	110876001	0.7955
chr7	111717001	0.6888
chr7	112449001	0.7065
chr7	113492001	0.5704
chr7	114112001	0.4433
chr7	114113001	0.4686
chr7	114955001	0.4280
chr7	116260001	0.8572
chr7	117040001	0.6820
chr7	117872001	0.5678
chr7	118712001	0.5571
chr7	121076001	0.8499
chr7	121901001	0.4202
chr7	122603001	0.2862
chr7	123239001	0.8574
chr7	124308001	0.4415
chr7	125121001	0.7649
chr7	126235001	0.4341
chr7	126980001	0.5865
chr7	127886001	0.7755
chr7	128592001	0.3891
chr7	129941001	0.6416
chr7	130734001	0.5051
chr7	131722001	0.7610
chr7	132578001	0.6194
chr7	133393001	0.3847
chr7	134510001	0.7838
chr7	134646001	0.6311
chr7	134661001	2.8721
chr7	134662001	0.8024
chr7	134678001	0.8865
chr7	134679001	4.0777
chr7	135270001	0.6984
chr7	136069001	0.8761
chr7	136943001	0.6645
chr7	138197001	0.7400
chr7	139023001	0.6700
chr7	139359001	0.3312
chr7	139360001	NaN
chr7	139376001	1.0296
chr7	139398001	1.5797
chr7	139402001	1.1595
chr7	139405001	1.0644
chr7	139407001	1.2989
chr7	139409001	0.8480
chr7	139412001	0.8338
chr7	139417001	1.1514
chr7	139422001	4.3810
chr7	139423001	2.2833
chr7	139884001	0.7144
chr7	140505001	0.7389
chr7	141420001	0.6744
chr7	142216001	0.2293
chr7	142217001	0.5635
chr7	143345001	0.6570
chr7	144218001	NaN
chr7	145175001	0.6923
chr7	146496001	0.7104
chr7	147328001	0.7172
chr7	148136001	0.4567
chr7	148807001	1.8868
chr7	148809001	1.4877
chr7	148810001	0.7251
chr7	148811001	0.8942
chr7	148813001	0.4785
chr7	148814001	1.2469
chr7	148815001	1.3109
chr7	148816001	0.7691
chr7	148817001	1.9729
chr7	148818001	0.5733
chr7	148819001	0.9717
chr7	148826001	1.5424
chr7	148827001	0.8570
chr7	148828001	0.8300
chr7	148829001	0.5243
chr7	148832001	1.1088
chr7	148846001	1.0036
chr7	148847001	0.9197
chr7	148884001	NaN
chr7	148940001	0.6973
chr7	149802001	0.5217
chr7	151659001	0.6593
chr7	152644001	0.6491
chr7	152645001	2.8444
chr7	152646001	1.8093
chr7	152647001	0.6752
chr7	152648001	3.1662
chr7	152649001	2.4117
chr7	152660001	1.0510
chr7	152676001	0.4791
chr7	152705001	0.6186
chr7	153763001	0.5932
chr7	154516001	0.6415
chr7	155275001	0.1169
chr7	155276001	0.2188
chr7	156075001	0.7382
chr7	156892001	0.5925
chr7	157969001	0.7191
chr8	295001	0.6094
chr8	1077001	0.7787
chr8	2112001	0.7168
chr8	2935001	2.2209
chr8	2936001	4.3395
chr8	2937001	6.0498
chr8	2938001	3.8570
chr8	2942001	0.9736
chr8	2949001	1.1013
chr8	2950001	0.8952
chr8	2951001	1.0399
chr8	2954001	1.1782
chr8	2955001	1.1211
chr8	2957001	0.7537
chr8	2961001	0.9949
chr8	2962001	1.1628
chr8	2963001	1.1431
chr8	2965001	1.1853
chr8	2966001	1.4031
chr8	2973001	1.1694
chr8	2974001	1.0448
chr8	2978001	1.3988
chr8	2998001	0.9385
chr8	2999001	0.4764
chr8	3000001	0.7077
chr8	3018001	1.1753
chr8	3029001	1.2786
chr8	3052001	1.1760
chr8	3087001	1.1478
chr8	3091001	1.0485
chr8	3096001	1.0944
chr8	3097001	0.4731
chr8	3106001	0.7372
chr8	3107001	1.1123
chr8	3108001	0.9594
chr8	3110001	1.1890
chr8	3118001	1.4196
chr8	3142001	1.2973
chr8	3151001	0.8270
chr8	3157001	0.5636
chr8	3162001	0.7180
chr8	3181001	0.7986
chr8	3187001	0.6244
chr8	3188001	0.5838
chr8	3189001	0.8067
chr8	3190001	0.7587
chr8	3199001	0.7466
chr8	3201001	0.8981
chr8	3205001	0.8754
chr8	3214001	1.4143
chr8	3219001	1.2599
chr8	3223001	0.7507
chr8	3229001	0.4141
chr8	3230001	1.0425
chr8	3284001	1.2357
chr8	3307001	0.8028
chr8	3308001	1.2318
chr8	3343001	1.1347
chr8	3347001	0.6387
chr8	3348001	0.9191
chr8	3359001	0.9662
chr8	3367001	1.1094
chr8	3369001	0.9539
chr8	3387001	1.2331
chr8	3396001	1.1008
chr8	3399001	0.8833
chr8	3406001	0.8708
chr8	3407001	0.6186
chr8	3408001	1.4869
chr8	3409001	1.1591
chr8	3468001	0.7892
chr8	3493001	0.7435
chr8	3574001	0.3927
chr8	3575001	0.4031
chr8	3586001	0.7252
chr8	3616001	0.7970
chr8	3708001	0.8888
chr8	3753001	0.4617
chr8	3754001	0.3715
chr8	3997001	0.6032
chr8	3998001	0.6674
chr8	4031001	0.5958
chr8	4032001	0.7126
chr8	4247001	0.5631
chr8	4419001	0.4092
chr8	4420001	0.5385
chr8	4637001	1.0515
chr8	4994001	1.0071
chr8	5006001	0.5779
chr8	6058001	0.4927
chr8	6059001	0.2992
chr8	6826001	0.7417
chr8	7508001	0.3468
chr8	9210001	0.7048
chr8	9952001	0.6848
chr8	11018001	0.3399
chr8	11019001	0.3146
chr8	11758001	0.2193
chr8	11759001	0.3480
chr8	12728001	0.7071
chr8	13537001	0.6472
chr8	14546001	0.7843
chr8	15573001	0.3048
chr8	15574001	0.2484
chr8	16308001	0.6788
chr8	17127001	0.8256
chr8	18119001	0.7298
chr8	19172001	0.3042
chr8	19891001	0.7310
chr8	20954001	0.4851
chr8	22043001	0.6587
chr8	22776001	0.6462
chr8	23551001	0.7412
chr8	24351001	0.7813
chr8	25067001	0.6940
chr8	25915001	0.9021
chr8	26619001	0.7265
chr8	27672001	0.7588
chr8	28445001	0.9583
chr8	29205001	0.7220
chr8	30486001	0.4992
chr8	31463001	0.5012
chr8	32313001	0.7180
chr8	33147001	0.5824
chr8	33833001	0.3588
chr8	33834001	0.1505
chr8	34934001	0.7339
chr8	36561001	0.7212
chr8	37361001	0.6509
chr8	38442001	0.7089
chr8	40519001	0.6870
chr8	41283001	0.3325
chr8	41284001	0.3373
chr8	42037001	0.5499
chr8	47035001	0.7821
chr8	48198001	0.7386
chr8	51105001	0.7927
chr8	52036001	0.6210
chr8	52853001	0.7528
chr8	53592001	0.8232
chr8	54655001	0.5774
chr8	55409001	0.8359
chr8	56260001	0.5422
chr8	56913001	0.6582
chr8	57726001	0.6956
chr8	58505001	0.6245
chr8	59610001	0.8081
chr8	60274001	0.5896
chr8	61079001	0.7583
chr8	62359001	0.7536
chr8	63124001	0.4673
chr8	63898001	0.7065
chr8	64891001	0.6403
chr8	65719001	0.3663
chr8	66471001	0.6702
chr8	67562001	0.6130
chr8	68258001	0.4010
chr8	69083001	0.5010
chr8	69815001	0.9376
chr8	71089001	0.8845
chr8	71845001	0.7187
chr8	72833001	0.7557
chr8	73975001	0.7598
chr8	74660001	0.9823
chr8	75415001	0.6047
chr8	76187001	0.8682
chr8	76681001	1.7064
chr8	76704001	4.7764
chr8	76705001	4.5664
chr8	76706001	3.1891
chr8	76707001	2.2869
chr8	76708001	0.4616
chr8	76778001	1.3652
chr8	76833001	0.8339
chr8	76842001	0.7899
chr8	76848001	0.7796
chr8	76849001	1.8364
chr8	76850001	1.5396
chr8	76851001	5.1488
chr8	76852001	4.6228
chr8	76853001	4.5539
chr8	76854001	4.4256
chr8	76855001	4.7270
chr8	76856001	1.5055
chr8	76863001	4.2252
chr8	76864001	5.0127
chr8	76865001	6.4659
chr8	76866001	6.6013
chr8	76867001	3.5344
chr8	78038001	NaN
chr8	78039001	0.6208
chr8	78717001	0.7908
chr8	79566001	0.5915
chr8	80355001	0.5406
chr8	81087001	NaN
chr8	81088001	0.4112
chr8	81975001	0.3858
chr8	82699001	0.7043
chr8	83477001	0.8522
chr8	84209001	0.8791
chr8	84966001	0.5704
chr8	86176001	0.8774
chr8	87240001	0.5541
chr8	87241001	0.2338
chr8	88164001	0.8077
chr8	89021001	0.6573
chr8	90008001	1.0000
chr8	90692001	0.1787
chr8	90693001	0.3272
chr8	91550001	0.6051
chr8	91551001	0.4417
chr8	92183001	0.1594
chr8	93634001	0.9932
chr8	94401001	0.7702
chr8	95458001	0.6690
chr8	96309001	0.4908
chr8	97013001	0.5310
chr8	97748001	0.7143
chr8	98519001	0.8417
chr8	99179001	0.9918
chr8	100788001	0.6173
chr8	101602001	0.5893
chr8	102373001	0.9225
chr8	103142001	0.7758
chr8	104173001	0.9280
chr8	104945001	0.8515
chr8	105986001	0.8437
chr8	106770001	0.7407
chr8	108081001	0.7257
chr8	108713001	0.7051
chr8	109335001	0.5959
chr8	110086001	0.2773
chr8	111886001	0.6965
chr8	112916001	0.8333
chr8	113687001	0.7892
chr8	114348001	0.6840
chr8	115233001	0.7218
chr8	115987001	0.1731
chr8	116667001	0.6711
chr8	116845001	NaN
chr8	116846001	5.7864
chr8	116847001	4.4634
chr8	116848001	NaN
chr8	116849001	0.3395
chr8	116850001	1.0208
chr8	116851001	0.4794
chr8	116852001	1.6621
chr8	116854001	1.6635
chr8	116856001	1.6075
chr8	116857001	1.7087
chr8	116858001	1.0240
chr8	116861001	0.7122
chr8	116863001	0.9089
chr8	116866001	1.2519
chr8	116874001	0.3673
chr8	117802001	0.5277
chr8	117803001	0.6072
chr8	118489001	0.2858
chr8	118490001	0.5244
chr8	119093001	0.7282
chr8	119834001	0.7955
chr8	120677001	0.7145
chr8	121950001	0.3872
chr8	121951001	0.3791
chr8	122693001	0.7778
chr8	123460001	0.4343
chr8	123461001	0.3975
chr8	124228001	0.6348
chr8	124932001	0.6725
chr8	125971001	0.6396
chr8	126754001	0.6704
chr8	127584001	0.5805
chr8	127585001	0.3247
chr8	127736001	1.6687
chr8	127738001	2.6851
chr8	127739001	NaN
chr8	127740001	2.6625
chr8	127741001	3.7746
chr8	127742001	5.2028
chr8	128338001	NaN
chr8	129378001	0.6628
chr8	130149001	0.3080
chr8	130909001	0.7827
chr8	131948001	0.7863
chr8	132959001	0.6710
chr8	133773001	0.3740
chr8	135203001	0.5116
chr8	136328001	0.8326
chr8	137044001	0.6730
chr8	138133001	0.3353
chr8	138906001	0.2248
chr8	138907001	0.4977
chr8	139677001	0.8153
chr8	140665001	0.9306
chr8	141477001	0.7072
chr8	142680001	0.2374
chr8	142681001	0.3198
chr8	143711001	NaN
chr8	144281001	0.7313
chr9	675001	0.9426
chr9	1386001	0.7184
chr9	2141001	0.7139
chr9	2798001	0.6886
chr9	3573001	0.6142
chr9	4191001	0.9929
chr9	4864001	0.5973
chr9	5066001	1.2464
chr9	5069001	2.4155
chr9	5070001	1.0793
chr9	5072001	1.0336
chr9	5073001	1.0087
chr9	5077001	0.8835
chr9	5078001	1.0968
chr9	5610001	0.8652
chr9	6256001	0.3897
chr9	6993001	0.6830
chr9	8029001	0.7745
chr9	9089001	0.6512
chr9	9772001	0.7318
chr9	11190001	0.7698
chr9	11902001	0.6183
chr9	12956001	0.9794
chr9	13649001	0.8913
chr9	14694001	0.5967
chr9	15370001	0.7341
chr9	16446001	0.7370
chr9	17447001	0.7650
chr9	18196001	0.6318
chr9	18890001	0.7715
chr9	19752001	0.7333
chr9	20631001	0.9021
chr9	21967001	1.0984
chr9	21968001	0.8056
chr9	21970001	0.5765
chr9	21971001	NaN
chr9	21974001	NaN
chr9	22002001	0.8638
chr9	22003001	5.3846
chr9	22004001	7.3223
chr9	22005001	3.8870
chr9	22006001	0.7821
chr9	22008001	0.5897
chr9	22009001	1.1649
chr9	22072001	0.8728
chr9	22740001	0.6780
chr9	23404001	0.7486
chr9	24111001	0.6851
chr9	24898001	0.4487
chr9	25889001	0.8293
chr9	26565001	0.7689
chr9	27282001	0.7510
chr9	27985001	0.7183
chr9	29399001	0.7066
chr9	30085001	0.5290
chr9	31136001	0.5658
chr9	31137001	0.1627
chr9	32182001	1.0199
chr9	32904001	0.3818
chr9	33775001	0.7148
chr9	34655001	0.6280
chr9	35682001	0.6551
chr9	36374001	NaN
chr9	36833001	4.8898
chr9	36834001	3.5972
chr9	36835001	4.0052
chr9	36836001	4.0861
chr9	36837001	3.9267
chr9	36838001	3.8488
chr9	36839001	4.5076
chr9	36840001	3.0225
chr9	36846001	0.6228
chr9	36881001	0.2276
chr9	36882001	0.5553
chr9	36923001	0.7846
chr9	36966001	1.0660
chr9	37002001	0.4269
chr9	37006001	0.8162
chr9	37014001	0.3249
chr9	37015001	0.9322
chr9	37020001	0.9931
chr9	37033001	0.2489
chr9	37034001	0.9776
chr9	37081001	0.7064
chr9	37782001	0.5623
chr9	38445001	0.7554
chr9	39100001	0.6576
chr9	41673001	0.4169
chr9	66902001	0.1606
chr9	68401001	0.5272
chr9	69097001	0.6859
chr9	70011001	0.6058
chr9	70831001	0.5697
chr9	72250001	0.7896
chr9	72945001	0.2423
chr9	72946001	NaN
chr9	74671001	0.5987
chr9	74672001	0.3064
chr9	75387001	0.5879
chr9	75388001	0.3361
chr9	76091001	0.2989
chr9	76092001	0.4346
chr9	76802001	0.7379
chr9	77522001	0.7944
chr9	78533001	0.7604
chr9	79227001	0.5874
chr9	80315001	0.2489
chr9	81725001	0.5836
chr9	82514001	0.5711
chr9	83435001	0.7348
chr9	83968001	4.7916
chr9	83969001	1.8904
chr9	83970001	2.5811
chr9	83971001	1.8528
chr9	83972001	1.3592
chr9	83973001	1.4118
chr9	83974001	1.1471
chr9	83975001	0.7345
chr9	83976001	0.7177
chr9	83977001	1.3727
chr9	83978001	1.6996
chr9	83980001	NaN
chr9	84587001	0.7416
chr9	85237001	0.2039
chr9	85238001	0.7176
chr9	86079001	0.5608
chr9	86080001	0.2665
chr9	87301001	0.4203
chr9	88264001	0.4597
chr9	88265001	0.4056
chr9	88993001	0.5308
chr9	89675001	0.4693
chr9	89676001	0.2947
chr9	90304001	0.6931
chr9	90974001	0.7781
chr9	93059001	0.7570
chr9	93777001	0.4805
chr9	94482001	NaN
chr9	94483001	NaN
chr9	95189001	0.6479
chr9	96228001	0.4359
chr9	96229001	0.4204
chr9	97649001	0.9020
chr9	98335001	0.5992
chr9	99061001	0.7006
chr9	99870001	0.8065
chr9	100782001	0.4604
chr9	100783001	0.2619
chr9	101471001	0.6166
chr9	102403001	0.4388
chr9	103236001	0.6094
chr9	104313001	0.7259
chr9	104973001	0.7157
chr9	105692001	0.5255
chr9	106415001	0.7518
chr9	107072001	0.7939
chr9	107727001	0.7823
chr9	108841001	0.5437
chr9	109538001	0.4090
chr9	110204001	0.7513
chr9	110927001	NaN
chr9	110928001	0.4521
chr9	111655001	0.7535
chr9	112664001	0.3248
chr9	112665001	0.9586
chr9	113718001	0.7709
chr9	114693001	0.7473
chr9	115394001	0.8712
chr9	116170001	0.5725
chr9	117227001	0.7863
chr9	117921001	0.9845
chr9	118999001	0.5904
chr9	120096001	0.4800
chr9	120097001	0.2366
chr9	120876001	NaN
chr9	120877001	0.2119
chr9	121786001	0.2657
chr9	121787001	0.2313
chr9	122615001	0.6996
chr9	123435001	0.6947
chr9	124594001	0.8865
chr9	125273001	0.4148
chr9	125967001	0.3277
chr9	127096001	0.7731
chr9	128431001	0.7840
chr9	129438001	0.6261
chr9	130157001	0.6511
chr9	131082001	0.7970
chr9	132162001	0.5712
chr9	132888001	0.6878
chr9	133538001	0.6207
chr9	134936001	0.6933
chr9	135637001	0.7257
chr9	136494001	2.1313
chr9	136495001	3.7532
chr9	136496001	2.8701
chr9	136497001	1.3658
chr9	136498001	0.5661
chr9	136499001	0.9165
chr9	136500001	0.8334
chr9	136501001	1.0059
chr9	136502001	1.2136
chr9	136503001	0.7675
chr9	136504001	0.7785
chr9	136505001	1.8526
chr9	136506001	1.7630
chr9	136507001	1.0671
chr9	136508001	1.8009
chr9	136509001	1.4624
chr9	136510001	0.6980
chr9	136511001	0.7185
chr9	136513001	1.2583
chr9	136514001	1.1256
chr9	136515001	1.3076
chr9	136516001	0.4881
chr9	136517001	1.0596
chr9	136518001	1.9017
chr9	136519001	0.8113
chr9	136522001	NaN
chr9	136523001	1.3029
chr9	136544001	0.4457
chr9	136545001	NaN
chr9	136546001	NaN
chr9	136663001	0.5937
chr9	138117001	0.6047
chr10	970001	0.8553
chr10	1704001	0.5674
chr10	2698001	0.5084
chr10	3980001	0.2773
chr10	3981001	0.4723
chr10	4977001	0.4339
chr10	6491001	0.5553
chr10	7157001	0.6354
chr10	7984001	0.8193
chr10	8733001	0.3552
chr10	10019001	0.4878
chr10	11111001	0.4940
chr10	11772001	0.6595
chr10	12538001	0.7213
chr10	13321001	0.3151
chr10	14547001	0.7507
chr10	15236001	0.4182
chr10	15946001	0.5902
chr10	17099001	0.8788
chr10	17785001	0.3680
chr10	17786001	1.0135
chr10	18340001	0.8366
chr10	19077001	0.6516
chr10	19830001	0.7292
chr10	20826001	0.3025
chr10	21681001	0.6780
chr10	23110001	0.2096
chr10	24149001	0.5260
chr10	24867001	0.6546
chr10	25652001	0.6362
chr10	26359001	NaN
chr10	27004001	4.4906
chr10	27005001	6.5421
chr10	27006001	1.3459
chr10	27007001	0.2045
chr10	27012001	1.2833
chr10	27013001	0.6424
chr10	27014001	1.6501
chr10	27017001	2.4559
chr10	27028001	1.4592
chr10	27029001	1.2951
chr10	27033001	1.3412
chr10	27034001	1.2435
chr10	27035001	5.5361
chr10	27037001	2.8451
chr10	27038001	0.5832
chr10	27039001	0.5097
chr10	27040001	1.6571
chr10	27043001	1.0654
chr10	27046001	1.2368
chr10	27048001	1.6695
chr10	27053001	1.3485
chr10	27060001	2.1112
chr10	27061001	0.9919
chr10	27063001	0.3947
chr10	27064001	0.9099
chr10	27066001	1.1893
chr10	27067001	1.0275
chr10	27077001	3.1218
chr10	27079001	1.0536
chr10	27082001	0.5051
chr10	27092001	1.0280
chr10	27093001	1.7985
chr10	27155001	0.6077
chr10	27877001	0.4687
chr10	28904001	0.4878
chr10	29939001	0.6894
chr10	30893001	0.6785
chr10	30894001	0.1349
chr10	31686001	0.5952
chr10	32397001	0.5205
chr10	33102001	0.5210
chr10	34167001	NaN
chr10	34168001	0.7270
chr10	34931001	0.4132
chr10	36425001	0.6755
chr10	37401001	0.6244
chr10	38249001	0.9123
chr10	42337001	0.2860
chr10	43238001	0.4821
chr10	44278001	0.6189
chr10	44988001	0.6614
chr10	45750001	0.4007
chr10	45975001	0.5634
chr10	47158001	0.4243
chr10	47159001	0.3444
chr10	48341001	0.4128
chr10	49354001	0.7075
chr10	50343001	0.5165
chr10	50344001	0.2230
chr10	51053001	0.6596
chr10	52066001	0.6566
chr10	53095001	1.9596
chr10	53717001	0.9644
chr10	54464001	0.5216
chr10	55126001	0.1906
chr10	55127001	0.3116
chr10	55837001	0.3812
chr10	56806001	0.8406
chr10	57607001	0.7824
chr10	58347001	0.5985
chr10	59346001	0.2514
chr10	59347001	0.5534
chr10	60131001	0.5895
chr10	60893001	0.5208
chr10	61563001	0.6356
chr10	62471001	0.6826
chr10	62472001	0.2942
chr10	63077001	0.8687
chr10	63920001	0.8607
chr10	64653001	0.7880
chr10	65896001	0.8447
chr10	67151001	0.9885
chr10	68174001	0.8598
chr10	68994001	0.7106
chr10	70426001	0.5907
chr10	71175001	0.7334
chr10	71796001	0.6199
chr10	72495001	0.4756
chr10	74289001	0.5675
chr10	75524001	0.6697
chr10	76238001	0.5184
chr10	77250001	0.7960
chr10	78115001	0.6847
chr10	78718001	0.6681
chr10	79468001	0.7321
chr10	80664001	0.6782
chr10	81278001	1.5257
chr10	82122001	0.2783
chr10	82123001	0.4375
chr10	82739001	1.0014
chr10	83806001	0.6786
chr10	84536001	0.6074
chr10	85529001	0.7531
chr10	86199001	0.2450
chr10	86200001	0.6154
chr10	87015001	0.2505
chr10	87016001	0.2044
chr10	87863001	NaN
chr10	87864001	1.5336
chr10	87894001	1.0663
chr10	87931001	1.0026
chr10	87933001	1.2786
chr10	87952001	0.8686
chr10	87957001	0.7756
chr10	87958001	0.6607
chr10	87960001	1.0680
chr10	87961001	0.8665
chr10	87965001	3.4063
chr10	87966001	5.4598
chr10	87967001	7.0607
chr10	87968001	5.1315
chr10	87969001	5.7276
chr10	87970001	8.5660
chr10	87971001	7.1656
chr10	89024001	NaN
chr10	89025001	0.2965
chr10	90039001	0.8950
chr10	90833001	0.2246
chr10	90834001	0.4693
chr10	91731001	0.4769
chr10	93456001	0.4212
chr10	94133001	0.7184
chr10	94872001	0.8078
chr10	95557001	0.6834
chr10	96621001	0.7882
chr10	97825001	0.6966
chr10	98592001	0.2462
chr10	98593001	1.0046
chr10	99930001	0.7713
chr10	100608001	0.8435
chr10	101311001	0.7177
chr10	102163001	0.6773
chr10	103628001	0.5721
chr10	104419001	0.7314
chr10	105075001	0.6215
chr10	107141001	0.7742
chr10	107839001	0.6677
chr10	108646001	0.1396
chr10	108647001	0.5304
chr10	109481001	0.6464
chr10	110567001	0.6438
chr10	110568001	0.6299
chr10	110569001	0.3984
chr10	110573001	1.6849
chr10	110575001	1.4140
chr10	110577001	2.8485
chr10	110578001	1.2111
chr10	110580001	0.6061
chr10	110581001	1.3555
chr10	110582001	1.8938
chr10	110583001	2.4853
chr10	110584001	1.9275
chr10	110589001	1.6112
chr10	110590001	2.3807
chr10	110591001	0.7499
chr10	110593001	0.9970
chr10	110596001	1.1578
chr10	110598001	1.2378
chr10	110599001	1.1320
chr10	110600001	1.2078
chr10	110601001	3.0716
chr10	110602001	3.0287
chr10	110603001	2.6441
chr10	110604001	2.8326
chr10	110605001	4.1540
chr10	110606001	NaN
chr10	111203001	0.7969
chr10	111926001	0.7131
chr10	112952001	0.6654
chr10	113663001	0.5451
chr10	114450001	0.4713
chr10	115951001	0.8088
chr10	116800001	0.5588
chr10	116801001	0.4192
chr10	117714001	0.5824
chr10	118457001	0.7211
chr10	119218001	0.6560
chr10	119977001	0.6887
chr10	120735001	0.8006
chr10	121567001	0.6466
chr10	122246001	0.6632
chr10	122954001	0.3004
chr10	122955001	0.4329
chr10	123732001	0.4553
chr10	123733001	0.1512
chr10	124574001	0.7579
chr10	125425001	0.1871
chr10	125426001	0.4802
chr10	126338001	0.9730
chr10	126981001	0.8512
chr10	127687001	0.1896
chr10	127688001	0.3146
chr10	128490001	0.7752
chr10	130027001	0.6985
chr10	131493001	0.9180
chr10	132512001	0.9392
chr10	133226001	0.7397
chr11	493001	0.5214
chr11	532001	1.9213
chr11	533001	1.6664
chr11	534001	0.9069
chr11	535001	NaN
chr11	1642001	0.4990
chr11	2474001	0.7027
chr11	3641001	0.3325
chr11	3642001	NaN
chr11	4409001	0.4948
chr11	4410001	0.1868
chr11	5248001	0.5369
chr11	6631001	0.2787
chr11	6632001	0.3495
chr11	7507001	0.6716
chr11	8617001	0.5400
chr11	9287001	0.7035
chr11	9995001	1.0292
chr11	11108001	0.8310
chr11	11710001	0.7989
chr11	12516001	0.4560
chr11	13346001	0.7462
chr11	14191001	0.5917
chr11	14277001	NaN
chr11	14278001	6.8425
chr11	14279001	2.1673
chr11	14281001	0.9652
chr11	14294001	1.6793
chr11	14295001	1.0121
chr11	14358001	NaN
chr11	14359001	NaN
chr11	14953001	0.5447
chr11	14954001	0.2657
chr11	16413001	0.9320
chr11	17369001	0.7530
chr11	18607001	0.6604
chr11	19228001	0.7026
chr11	20041001	0.6031
chr11	21714001	0.6573
chr11	22541001	0.8061
chr11	23405001	0.7230
chr11	24152001	0.6600
chr11	26197001	0.6499
chr11	27613001	0.7619
chr11	28676001	0.6889
chr11	30025001	0.2994
chr11	30026001	0.2510
chr11	31110001	1.0226
chr11	32356001	0.6988
chr11	32387001	1.7293
chr11	32388001	5.3384
chr11	32389001	1.0329
chr11	32391001	0.5520
chr11	32392001	1.2279
chr11	32396001	0.9109
chr11	32399001	0.3830
chr11	32400001	0.4134
chr11	32416001	0.6941
chr11	32417001	1.0247
chr11	32427001	0.3061
chr11	32428001	1.2135
chr11	32434001	NaN
chr11	32435001	NaN
chr11	33448001	0.6938
chr11	34494001	0.7605
chr11	35378001	0.7673
chr11	36451001	0.7541
chr11	37095001	0.6591
chr11	37711001	0.8097
chr11	38486001	0.7496
chr11	39589001	0.6032
chr11	40389001	0.7849
chr11	41143001	0.8788
chr11	42348001	1.1035
chr11	43686001	0.7109
chr11	44332001	0.2119
chr11	44333001	0.7120
chr11	45225001	0.7855
chr11	47867001	0.3951
chr11	47868001	0.3147
chr11	48489001	0.5323
chr11	49304001	0.6810
chr11	50181001	0.5614
chr11	55402001	0.4341
chr11	56270001	0.8156
chr11	57038001	0.5664
chr11	58239001	0.8996
chr11	59716001	0.7467
chr11	60770001	0.5348
chr11	61669001	0.7157
chr11	62411001	0.5281
chr11	63220001	0.6755
chr11	64376001	0.3311
chr11	64377001	0.4294
chr11	64764001	1.9492
chr11	64765001	3.3738
chr11	64766001	0.7382
chr11	64767001	2.0277
chr11	64768001	1.2426
chr11	64769001	2.6286
chr11	64770001	1.2495
chr11	64773001	0.8121
chr11	64776001	0.8075
chr11	64778001	NaN
chr11	65183001	0.5244
chr11	65184001	0.3048
chr11	65986001	0.5406
chr11	66908001	0.7393
chr11	67715001	0.4506
chr11	68528001	0.5029
chr11	69861001	0.7055
chr11	70673001	0.6178
chr11	72474001	0.8244
chr11	73234001	0.4646
chr11	73235001	0.2737
chr11	74074001	0.7727
chr11	74680001	0.6939
chr11	75282001	0.2880
chr11	75283001	0.4945
chr11	76647001	0.5898
chr11	77927001	0.4992
chr11	78649001	0.6579
chr11	79716001	0.8531
chr11	80556001	0.6197
chr11	81389001	0.6866
chr11	82229001	0.8375
chr11	82846001	0.5452
chr11	84268001	NaN
chr11	84269001	0.1776
chr11	85114001	0.7624
chr11	86244001	1.0985
chr11	86245001	0.9070
chr11	86250001	1.0247
chr11	86252001	1.0507
chr11	86255001	1.2565
chr11	86256001	0.9864
chr11	86257001	1.1353
chr11	86264001	0.8679
chr11	86266001	1.3791
chr11	86268001	0.9164
chr11	86276001	0.5744
chr11	86277001	1.9315
chr11	86278001	3.1728
chr11	87258001	0.5359
chr11	88550001	0.5880
chr11	89470001	0.9457
chr11	90886001	0.3711
chr11	91707001	0.9914
chr11	92835001	0.7660
chr11	93630001	0.6652
chr11	94456001	0.3132
chr11	95583001	0.6113
chr11	96539001	0.9602
chr11	97622001	0.5988
chr11	98475001	0.9148
chr11	99344001	1.0544
chr11	100558001	0.8108
chr11	102317001	0.7083
chr11	102321001	NaN
chr11	102322001	7.1319
chr11	102323001	5.9268
chr11	102324001	5.2512
chr11	102325001	2.7577
chr11	102328001	1.5540
chr11	102329001	0.5897
chr11	102330001	0.8186
chr11	102331001	1.3861
chr11	102335001	0.7110
chr11	102336001	2.9894
chr11	102337001	4.6980
chr11	102338001	4.9060
chr11	102339001	1.1918
chr11	102499001	0.6543
chr11	103248001	0.6740
chr11	104082001	0.7689
chr11	104824001	0.5297
chr11	105478001	0.8042
chr11	106447001	0.6258
chr11	107719001	0.7512
chr11	108223001	0.6373
chr11	108227001	2.7174
chr11	108229001	1.3397
chr11	108235001	1.6593
chr11	108243001	0.7661
chr11	108244001	2.7356
chr11	108245001	NaN
chr11	108246001	0.5193
chr11	108247001	0.8343
chr11	108248001	0.5823
chr11	108249001	0.8369
chr11	108250001	1.8898
chr11	108251001	1.8440
chr11	108252001	1.4948
chr11	108253001	1.1805
chr11	108254001	0.7059
chr11	108256001	0.8370
chr11	108257001	0.9959
chr11	108258001	0.5293
chr11	108259001	1.0550
chr11	108267001	1.2003
chr11	108268001	1.5095
chr11	108271001	2.1556
chr11	108272001	2.0602
chr11	108279001	1.1870
chr11	108280001	1.1078
chr11	108281001	1.0499
chr11	108282001	1.4544
chr11	108284001	1.9862
chr11	108287001	0.9412
chr11	108288001	NaN
chr11	108289001	2.8919
chr11	108292001	1.2071
chr11	108293001	1.8197
chr11	108294001	0.5901
chr11	108295001	0.4297
chr11	108297001	1.0271
chr11	108299001	0.9942
chr11	108301001	1.2470
chr11	108302001	1.2540
chr11	108303001	0.9624
chr11	108304001	1.5417
chr11	108307001	0.7478
chr11	108310001	1.4462
chr11	108312001	1.0207
chr11	108315001	1.2181
chr11	108316001	0.7706
chr11	108317001	1.0093
chr11	108319001	0.3900
chr11	108320001	0.7634
chr11	108321001	0.8009
chr11	108325001	1.4932
chr11	108326001	1.0917
chr11	108327001	0.8811
chr11	108329001	1.5393
chr11	108330001	1.7504
chr11	108331001	1.9123
chr11	108332001	1.5647
chr11	108333001	0.7361
chr11	108334001	0.5713
chr11	108335001	1.4428
chr11	108343001	1.1572
chr11	108345001	1.4440
chr11	108347001	1.0071
chr11	108353001	0.8297
chr11	108354001	1.0423
chr11	108365001	3.0799
chr11	108366001	3.6512
chr11	108367001	3.3531
chr11	108368001	5.7835
chr11	108369001	NaN
chr11	108474001	0.7078
chr11	109076001	0.7683
chr11	109938001	0.5623
chr11	110773001	0.7531
chr11	111470001	0.8027
chr11	112167001	0.5803
chr11	112965001	0.1684
chr11	113836001	0.7287
chr11	114716001	0.5439
chr11	116067001	0.7069
chr11	116941001	0.5209
chr11	118277001	0.7945
chr11	118436001	NaN
chr11	118468001	0.8127
chr11	118471001	2.2797
chr11	118472001	4.9415
chr11	118473001	4.9470
chr11	118474001	1.6765
chr11	118476001	0.9910
chr11	118477001	0.5599
chr11	118478001	0.8803
chr11	118480001	0.9464
chr11	118481001	1.3565
chr11	118482001	1.3259
chr11	118484001	1.5893
chr11	118488001	0.8738
chr11	118489001	0.7751
chr11	118490001	0.9260
chr11	118491001	1.9593
chr11	118493001	0.9330
chr11	118494001	2.4676
chr11	118495001	1.2383
chr11	118496001	0.9017
chr11	118497001	0.5847
chr11	118498001	1.4512
chr11	118499001	1.3971
chr11	118500001	0.5180
chr11	118501001	1.8841
chr11	118502001	3.1341
chr11	118503001	5.2777
chr11	118504001	5.2248
chr11	118505001	5.0197
chr11	118506001	3.0515
chr11	118507001	0.6950
chr11	118509001	1.3231
chr11	118510001	0.8641
chr11	118511001	0.4510
chr11	118512001	0.4673
chr11	118519001	1.6131
chr11	118520001	1.2041
chr11	118521001	1.5166
chr11	118522001	4.3727
chr11	118523001	5.1339
chr11	118524001	4.2879
chr11	118525001	4.4819
chr11	118526001	3.5673
chr11	118884001	NaN
chr11	118885001	0.5066
chr11	119206001	NaN
chr11	119232001	1.4553
chr11	119271001	1.0408
chr11	119273001	0.6050
chr11	119274001	1.0024
chr11	119275001	0.4507
chr11	119276001	0.6002
chr11	119277001	0.9187
chr11	119278001	2.0206
chr11	119284001	0.4067
chr11	119285001	2.3157
chr11	119287001	0.7603
chr11	119296001	0.5477
chr11	119297001	1.1857
chr11	119298001	1.2512
chr11	119299001	2.5391
chr11	119300001	5.6407
chr11	119301001	5.2566
chr11	119302001	5.1030
chr11	119303001	5.1287
chr11	119304001	3.2732
chr11	119305001	4.7762
chr11	119306001	3.8893
chr11	119307001	3.6798
chr11	119308001	NaN
chr11	119689001	0.7398
chr11	120537001	0.7447
chr11	121361001	0.4485
chr11	122035001	0.6098
chr11	122755001	0.8472
chr11	123584001	0.2667
chr11	124443001	0.7722
chr11	125097001	0.7459
chr11	126387001	0.5740
chr11	127300001	0.5597
chr11	128039001	0.6384
chr11	128889001	0.7044
chr11	129722001	0.7693
chr11	130401001	0.7272
chr11	131376001	0.5118
chr11	132176001	0.5790
chr11	132812001	0.6589
chr11	133618001	0.2932
chr11	133619001	0.4178
chr11	134466001	0.3582
chr11	134467001	0.2897
chr12	189001	0.5961
chr12	865001	0.6314
chr12	1498001	0.8127
chr12	2448001	0.7060
chr12	3460001	0.6873
chr12	5247001	0.7506
chr12	5874001	0.7620
chr12	6789001	0.7502
chr12	7653001	0.4138
chr12	7654001	0.2826
chr12	8842001	0.5590
chr12	9681001	0.7050
chr12	10306001	0.1324
chr12	10307001	NaN
chr12	11519001	0.9114
chr12	11649001	0.4381
chr12	11650001	0.6896
chr12	11752001	0.6950
chr12	11839001	1.0800
chr12	11853001	0.8868
chr12	11869001	2.1881
chr12	11884001	0.9199
chr12	11885001	0.5852
chr12	11886001	0.3729
chr12	11890001	NaN
chr12	11891001	3.9329
chr12	11892001	4.1428
chr12	11893001	3.8511
chr12	11894001	4.8770
chr12	11895001	1.5459
chr12	12683001	NaN
chr12	12717001	2.0998
chr12	12718001	1.9217
chr12	12721001	5.3455
chr12	12722001	3.0636
chr12	13527001	0.7378
chr12	14478001	0.7215
chr12	15459001	0.6713
chr12	16079001	0.5909
chr12	16848001	0.7104
chr12	17462001	0.7746
chr12	18404001	1.0852
chr12	19553001	0.8420
chr12	20449001	0.4706
chr12	21638001	0.8551
chr12	22242001	0.5946
chr12	22625001	0.8779
chr12	22643001	1.3605
chr12	22644001	0.6794
chr12	22659001	0.9078
chr12	22661001	0.9003
chr12	22671001	0.8858
chr12	22673001	1.3078
chr12	22684001	2.2108
chr12	22685001	8.1706
chr12	22686001	5.0996
chr12	22687001	5.7040
chr12	22688001	5.6312
chr12	22689001	7.6284
chr12	22690001	4.3996
chr12	23057001	NaN
chr12	23738001	0.7651
chr12	25205001	2.7990
chr12	25206001	5.0473
chr12	25207001	3.2506
chr12	25208001	4.4918
chr12	25209001	5.1534
chr12	25225001	1.3960
chr12	25227001	0.9519
chr12	25245001	0.9199
chr12	25250001	NaN
chr12	25264001	0.7783
chr12	26439001	0.9363
chr12	27621001	0.4109
chr12	28556001	0.8471
chr12	29415001	0.4299
chr12	30346001	0.6794
chr12	31195001	0.2696
chr12	31196001	0.1327
chr12	32079001	0.7791
chr12	32882001	0.8192
chr12	33581001	0.5994
chr12	38329001	0.9639
chr12	39181001	0.6031
chr12	39796001	0.7222
chr12	40509001	0.6955
chr12	41711001	0.3575
chr12	42904001	0.6085
chr12	43547001	0.5876
chr12	44616001	0.5220
chr12	45329001	0.3211
chr12	46207001	0.8130
chr12	47088001	0.6687
chr12	48151001	0.5388
chr12	48883001	0.6351
chr12	49623001	NaN
chr12	49630001	0.6449
chr12	49631001	1.1191
chr12	49632001	1.4292
chr12	49633001	2.3360
chr12	49634001	1.8058
chr12	49635001	2.3880
chr12	49636001	1.0850
chr12	49637001	1.1940
chr12	49641001	0.5523
chr12	49642001	2.0282
chr12	49643001	2.7217
chr12	49644001	2.7771
chr12	49967001	0.6581
chr12	50956001	0.5964
chr12	52451001	NaN
chr12	53289001	0.7315
chr12	54217001	NaN
chr12	54292001	4.0145
chr12	54293001	1.8294
chr12	54295001	1.0162
chr12	54300001	0.7294
chr12	54301001	0.3026
chr12	55368001	0.5461
chr12	57268001	0.2597
chr12	58410001	0.8184
chr12	59314001	0.1721
chr12	59315001	0.4999
chr12	60187001	0.4886
chr12	60877001	0.7221
chr12	61987001	0.6854
chr12	62610001	0.6443
chr12	63439001	0.6156
chr12	64109001	0.9408
chr12	64992001	0.8901
chr12	65838001	0.7210
chr12	66795001	0.9151
chr12	67885001	0.8161
chr12	68488001	0.5308
chr12	69179001	0.6509
chr12	69816001	0.2294
chr12	70622001	0.5078
chr12	71351001	0.6783
chr12	71952001	0.1496
chr12	71953001	0.2697
chr12	73135001	0.5254
chr12	73780001	0.6255
chr12	74477001	0.2256
chr12	75448001	0.1812
chr12	75449001	0.4959
chr12	76882001	0.6216
chr12	77858001	0.7072
chr12	78633001	0.5178
chr12	79303001	0.6378
chr12	80744001	0.6772
chr12	81486001	0.7833
chr12	82276001	1.0317
chr12	82880001	0.7469
chr12	84833001	0.4799
chr12	85600001	0.1220
chr12	86259001	0.5152
chr12	87329001	0.8726
chr12	87953001	0.3466
chr12	89729001	0.4424
chr12	90355001	0.3081
chr12	91289001	0.3225
chr12	91934001	0.1313
chr12	91935001	NaN
chr12	92140001	4.2448
chr12	92141001	5.7244
chr12	92142001	6.3140
chr12	92143001	5.4563
chr12	92144001	1.9885
chr12	92145001	1.3045
chr12	92607001	NaN
chr12	93362001	0.5001
chr12	94259001	0.4295
chr12	96334001	0.4482
chr12	96947001	0.7931
chr12	97829001	0.2435
chr12	99420001	1.1594
chr12	100833001	0.7807
chr12	101749001	0.5834
chr12	103218001	0.6895
chr12	103818001	0.5673
chr12	104425001	0.8049
chr12	105048001	0.8101
chr12	105939001	0.3995
chr12	106897001	0.6488
chr12	107713001	0.6568
chr12	108900001	0.7713
chr12	109737001	0.6954
chr12	110820001	0.5921
chr12	111405001	NaN
chr12	111406001	NaN
chr12	111418001	NaN
chr12	111446001	1.0372
chr12	111447001	2.6948
chr12	111448001	4.3199
chr12	111449001	4.5593
chr12	111450001	3.5215
chr12	111451001	2.8153
chr12	112418001	NaN
chr12	112419001	NaN
chr12	112446001	0.7272
chr12	112450001	1.2861
chr12	112453001	1.1455
chr12	112454001	0.8167
chr12	112455001	0.3820
chr12	112456001	0.5155
chr12	112472001	0.3336
chr12	112473001	0.4089
chr12	112477001	1.4751
chr12	112478001	0.3429
chr12	112482001	0.7618
chr12	112486001	0.9272
chr12	112488001	1.0667
chr12	112489001	0.6873
chr12	112502001	0.6757
chr12	112504001	0.8444
chr12	112505001	1.0960
chr12	112506001	3.8862
chr12	112507001	3.8566
chr12	112508001	4.5345
chr12	112509001	4.4120
chr12	113035001	NaN
chr12	113924001	0.3347
chr12	113925001	0.4151
chr12	114539001	0.5688
chr12	115145001	0.4010
chr12	115146001	0.3515
chr12	115986001	0.7886
chr12	116904001	0.2917
chr12	117518001	0.7386
chr12	118137001	0.7001
chr12	118938001	0.7221
chr12	119789001	0.8254
chr12	120764001	0.6253
chr12	121392001	0.6337
chr12	121803001	NaN
chr12	121804001	0.4428
chr12	121805001	1.2746
chr12	121806001	0.4893
chr12	121808001	0.5200
chr12	121809001	1.7637
chr12	121810001	2.3943
chr12	121814001	1.8460
chr12	121817001	2.6237
chr12	121819001	2.1416
chr12	121822001	1.3371
chr12	121823001	1.7625
chr12	121825001	0.9927
chr12	121827001	1.6440
chr12	121828001	NaN
chr12	121830001	3.2708
chr12	121831001	3.3619
chr12	121832001	2.6756
chr12	122023001	0.8801
chr12	122717001	0.6781
chr12	124632001	0.7165
chr12	125506001	0.3406
chr12	125507001	0.4920
chr12	126352001	0.2350
chr12	127025001	1.1652
chr12	128197001	0.6682
chr12	129387001	0.6980
chr12	129388001	0.1350
chr12	130003001	0.7482
chr12	130618001	0.7106
chr12	131492001	0.7548
chr12	132174001	0.7122
chr12	133241001	0.6532
chr13	19124001	0.3581
chr13	19125001	0.2021
chr13	20492001	0.6518
chr13	21203001	0.3706
chr13	21893001	0.5714
chr13	22703001	0.5060
chr13	23493001	0.5993
chr13	24196001	0.7129
chr13	24878001	0.5824
chr13	24879001	0.2598
chr13	25690001	0.5456
chr13	26973001	0.4069
chr13	26974001	0.2859
chr13	27663001	0.6064
chr13	28003001	3.6338
chr13	28004001	0.9585
chr13	28014001	0.9086
chr13	28015001	1.4912
chr13	28018001	0.8481
chr13	28023001	0.9150
chr13	28024001	1.2116
chr13	28027001	1.0704
chr13	28028001	0.7086
chr13	28033001	0.6346
chr13	28034001	1.8102
chr13	28035001	1.7221
chr13	28036001	0.3600
chr13	28037001	1.1303
chr13	28048001	1.2917
chr13	28049001	2.2183
chr13	28050001	0.7914
chr13	28052001	0.7394
chr13	28057001	0.7099
chr13	28061001	0.7224
chr13	28062001	0.5194
chr13	28070001	1.2581
chr13	28100001	NaN
chr13	28375001	0.8466
chr13	29315001	0.7597
chr13	29974001	0.8382
chr13	30744001	0.5834
chr13	31369001	0.2926
chr13	32054001	0.8236
chr13	32979001	0.6801
chr13	33688001	0.3866
chr13	34373001	0.4730
chr13	35090001	0.6536
chr13	36251001	0.8219
chr13	36907001	0.3168
chr13	36908001	0.3721
chr13	37638001	0.4551
chr13	38338001	0.2807
chr13	38339001	0.2980
chr13	39471001	0.7396
chr13	40169001	0.4275
chr13	40170001	0.1154
chr13	40809001	0.5422
chr13	41740001	0.8368
chr13	42729001	0.8696
chr13	43370001	0.6602
chr13	44066001	0.3802
chr13	44900001	0.7545
chr13	45523001	0.1724
chr13	45524001	0.5121
chr13	46183001	0.5114
chr13	46881001	0.7425
chr13	47557001	0.6636
chr13	49187001	0.5782
chr13	50354001	0.6114
chr13	51040001	0.6405
chr13	51972001	0.6789
chr13	52949001	0.5048
chr13	52950001	0.2955
chr13	53870001	0.6851
chr13	54493001	0.8472
chr13	55220001	0.7669
chr13	55846001	0.1412
chr13	55847001	0.7656
chr13	56853001	1.1163
chr13	57876001	0.8258
chr13	58640001	0.9111
chr13	59322001	0.8763
chr13	60724001	0.7435
chr13	61483001	0.8834
chr13	62159001	0.5934
chr13	63035001	0.9468
chr13	63914001	0.8213
chr13	64701001	0.7630
chr13	65509001	0.9010
chr13	66359001	0.9104
chr13	66992001	0.6619
chr13	67944001	0.8057
chr13	68659001	0.4047
chr13	68660001	NaN
chr13	69334001	1.0637
chr13	70247001	0.2052
chr13	70959001	0.6338
chr13	71758001	0.6411
chr13	73075001	0.5944
chr13	73772001	0.6186
chr13	74573001	0.5815
chr13	75353001	0.8112
chr13	76281001	0.5427
chr13	77373001	0.6732
chr13	78135001	0.6414
chr13	79056001	NaN
chr13	79744001	0.7568
chr13	80448001	0.7137
chr13	81115001	0.6499
chr13	81836001	0.6716
chr13	83236001	0.5972
chr13	84408001	0.8905
chr13	85445001	0.7967
chr13	86172001	0.7263
chr13	87319001	0.6116
chr13	88251001	0.7749
chr13	89273001	0.7060
chr13	90055001	0.7466
chr13	90791001	0.9789
chr13	91488001	0.5792
chr13	92627001	0.9546
chr13	93320001	0.6879
chr13	93321001	0.2554
chr13	94496001	0.7557
chr13	95190001	0.7155
chr13	95791001	0.5673
chr13	95792001	0.2242
chr13	96987001	0.7263
chr13	98239001	0.3630
chr13	98240001	0.4633
chr13	98893001	0.8915
chr13	99582001	0.2391
chr13	99583001	0.4538
chr13	100279001	0.5576
chr13	101210001	0.5837
chr13	102085001	0.6715
chr13	102827001	0.6877
chr13	103701001	0.8029
chr13	104525001	0.5077
chr13	105155001	0.4857
chr13	105910001	0.5620
chr13	106543001	0.7842
chr13	107227001	0.8722
chr13	107962001	0.7370
chr13	108207001	3.1573
chr13	108208001	5.3219
chr13	108209001	5.8407
chr13	108210001	6.9033
chr13	108211001	2.3192
chr13	108214001	0.5894
chr13	108215001	0.2359
chr13	108612001	0.6839
chr13	109310001	0.7487
chr13	109999001	0.7682
chr13	110988001	0.4354
chr13	110989001	0.5294
chr13	111624001	0.7764
chr13	113146001	0.7319
chr14	18618001	0.3562
chr14	20592001	0.4998
chr14	21735001	0.5762
chr14	22560001	0.7195
chr14	23776001	0.5388
chr14	24518001	0.8174
chr14	25388001	0.8695
chr14	26371001	0.6175
chr14	27057001	0.5834
chr14	27870001	0.4905
chr14	28488001	0.4748
chr14	29890001	0.9145
chr14	31413001	0.4154
chr14	32695001	0.7153
chr14	33542001	0.7755
chr14	34379001	0.6661
chr14	35471001	0.3778
chr14	36626001	0.8234
chr14	37520001	0.4345
chr14	39221001	0.7789
chr14	40262001	0.6653
chr14	41149001	1.5320
chr14	41845001	0.6882
chr14	42513001	0.8274
chr14	43387001	0.9201
chr14	44498001	NaN
chr14	45929001	0.7281
chr14	46806001	0.3112
chr14	47852001	0.7358
chr14	48724001	0.8167
chr14	50104001	0.5395
chr14	51242001	0.6251
chr14	52329001	0.8287
chr14	52977001	0.3650
chr14	52978001	0.5988
chr14	53814001	0.5095
chr14	54617001	0.8067
chr14	56005001	0.4568
chr14	56006001	0.2646
chr14	56862001	0.5708
chr14	57996001	0.8375
chr14	58803001	0.5118
chr14	59673001	0.6842
chr14	61168001	0.6637
chr14	61897001	0.7924
chr14	62518001	0.3096
chr14	63181001	0.1651
chr14	63850001	0.6636
chr14	64503001	NaN
chr14	65865001	0.5559
chr14	67499001	0.5833
chr14	68298001	0.7048
chr14	69483001	0.7250
chr14	70361001	0.8037
chr14	71765001	0.7861
chr14	72655001	0.5913
chr14	72656001	0.2438
chr14	73467001	0.7384
chr14	74244001	0.6428
chr14	74874001	0.5551
chr14	76253001	0.7192
chr14	77296001	0.6744
chr14	78220001	0.6389
chr14	79610001	0.6900
chr14	80457001	0.6954
chr14	81274001	0.2624
chr14	81275001	0.4158
chr14	82156001	0.6659
chr14	83576001	0.7742
chr14	84405001	0.7702
chr14	85535001	0.3780
chr14	86700001	0.8370
chr14	87402001	0.8258
chr14	88049001	0.8152
chr14	89176001	0.5539
chr14	90071001	0.7152
chr14	90847001	0.6873
chr14	91454001	0.7168
chr14	92292001	0.2875
chr14	92293001	0.3930
chr14	93150001	0.6951
chr14	93925001	0.7727
chr14	94525001	0.8036
chr14	95380001	0.3854
chr14	96466001	NaN
chr14	96467001	0.5470
chr14	97201001	0.7431
chr14	97900001	0.8046
chr14	98503001	0.7797
chr14	99169001	3.5429
chr14	99170001	4.1077
chr14	99171001	5.2724
chr14	99172001	6.1769
chr14	99173001	3.6445
chr14	99174001	1.7024
chr14	99175001	NaN
chr14	99176001	NaN
chr14	99231001	0.6629
chr14	99257001	1.5204
chr14	99271001	2.3483
chr14	99272001	0.5256
chr14	99317001	0.6218
chr14	100715001	0.8585
chr14	101558001	0.6780
chr14	103243001	0.6942
chr14	104074001	0.7293
chr14	104769001	2.4316
chr14	104770001	2.6237
chr14	104772001	1.4025
chr14	104773001	2.1510
chr14	104774001	0.5868
chr14	104775001	1.6213
chr14	104776001	0.6710
chr14	104780001	0.6264
chr14	104792001	0.7427
chr14	104793001	0.8136
chr14	105181001	NaN
chr14	106627001	0.5679
chr15	20672001	0.4353
chr15	22014001	NaN
chr15	22753001	NaN
chr15	22754001	0.5003
chr15	23477001	0.5523
chr15	24280001	0.6785
chr15	25119001	0.7364
chr15	25970001	0.5588
chr15	26753001	0.7044
chr15	27647001	0.7390
chr15	28794001	0.3213
chr15	29555001	0.7220
chr15	30371001	0.2967
chr15	31206001	0.6884
chr15	32007001	0.6357
chr15	33144001	0.9672
chr15	34254001	0.7478
chr15	35113001	0.7353
chr15	35739001	0.1910
chr15	35740001	0.5069
chr15	36367001	0.9252
chr15	37610001	0.7350
chr15	38488001	0.8894
chr15	39296001	0.3407
chr15	39297001	0.1165
chr15	40097001	0.6002
chr15	40695001	0.7706
chr15	40698001	0.9021
chr15	40701001	0.7664
chr15	40706001	0.7826
chr15	40709001	0.6673
chr15	40718001	0.6792
chr15	40728001	0.7604
chr15	40729001	1.3617
chr15	40731001	4.3717
chr15	40732001	1.3628
chr15	40734001	0.7100
chr15	41792001	0.7134
chr15	42408001	0.3112
chr15	42409001	0.2589
chr15	43924001	0.4372
chr15	44802001	0.3459
chr15	44803001	0.3184
chr15	45712001	0.5523
chr15	46556001	0.7379
chr15	47394001	0.9486
chr15	48036001	0.6863
chr15	49104001	0.6649
chr15	49900001	0.6335
chr15	51004001	0.6707
chr15	51842001	0.7965
chr15	52713001	0.5372
chr15	52714001	0.2117
chr15	53518001	0.7750
chr15	54418001	0.6282
chr15	55060001	0.5571
chr15	56028001	0.7341
chr15	56747001	0.2790
chr15	56748001	0.4203
chr15	57422001	0.7177
chr15	58519001	0.3609
chr15	58520001	0.3790
chr15	59402001	0.1707
chr15	59403001	0.3130
chr15	60509001	0.7932
chr15	61619001	0.9196
chr15	62737001	0.7752
chr15	63368001	0.5521
chr15	63369001	0.3104
chr15	64204001	0.6859
chr15	65396001	0.3382
chr15	66001001	0.7539
chr15	66386001	NaN
chr15	66387001	NaN
chr15	66435001	0.9553
chr15	66436001	0.8026
chr15	66443001	0.8700
chr15	66444001	0.9487
chr15	66481001	0.7304
chr15	66484001	0.3233
chr15	66485001	0.8847
chr15	66487001	0.7600
chr15	66489001	1.5907
chr15	66490001	2.3564
chr15	66491001	2.1218
chr15	66632001	0.6376
chr15	67925001	0.7123
chr15	68946001	0.6506
chr15	69971001	0.7046
chr15	71067001	0.6444
chr15	71684001	0.6833
chr15	73309001	0.8080
chr15	74196001	0.7295
chr15	75622001	0.6679
chr15	76669001	0.4016
chr15	77489001	0.7515
chr15	78571001	0.7950
chr15	79734001	0.7776
chr15	81065001	0.6003
chr15	81674001	0.5956
chr15	82891001	0.6429
chr15	83784001	0.7618
chr15	84761001	0.2793
chr15	84762001	0.6368
chr15	85890001	0.6191
chr15	86713001	0.7309
chr15	87314001	0.7283
chr15	88144001	0.6658
chr15	89243001	0.6175
chr15	90268001	0.4294
chr15	91058001	0.6569
chr15	91663001	0.9141
chr15	92302001	0.7182
chr15	93682001	0.6630
chr15	94519001	0.5781
chr15	95136001	0.7194
chr15	95894001	0.7215
chr15	96764001	0.6173
chr15	97619001	0.6489
chr15	98715001	0.7197
chr15	99551001	0.7501
chr15	100664001	0.6153
chr15	101502001	0.4981
chr16	282001	0.2182
chr16	283001	NaN
chr16	899001	0.7734
chr16	1833001	0.7276
chr16	2449001	0.4468
chr16	3100001	0.5177
chr16	4075001	0.6240
chr16	5011001	0.7377
chr16	5631001	0.6266
chr16	6581001	0.5880
chr16	7211001	0.6157
chr16	8465001	0.6576
chr16	9383001	0.7334
chr16	9987001	0.6903
chr16	11275001	0.6794
chr16	12214001	0.7407
chr16	13148001	0.6758
chr16	14029001	0.6032
chr16	14435001	1.0608
chr16	14436001	3.3395
chr16	14446001	0.7256
chr16	14447001	0.5231
chr16	14482001	1.2866
chr16	14552001	0.7188
chr16	14554001	0.7540
chr16	14555001	0.8451
chr16	14580001	0.7174
chr16	14582001	0.7760
chr16	14584001	1.9640
chr16	14586001	0.8457
chr16	14593001	0.8421
chr16	14599001	0.9615
chr16	14604001	0.9180
chr16	14606001	0.8105
chr16	14608001	1.2911
chr16	14609001	0.7158
chr16	14610001	1.1931
chr16	14617001	0.9462
chr16	14627001	1.6060
chr16	14628001	1.3335
chr16	14629001	0.8217
chr16	14630001	0.3818
chr16	15035001	0.6857
chr16	15704001	0.8070
chr16	16891001	0.6512
chr16	17577001	0.7735
chr16	19589001	0.3799
chr16	19590001	0.2857
chr16	20225001	0.8475
chr16	20971001	0.7436
chr16	21597001	0.7232
chr16	22719001	0.8365
chr16	24273001	0.6463
chr16	25228001	0.7765
chr16	25841001	0.6948
chr16	26494001	0.7352
chr16	27124001	0.7716
chr16	27805001	0.3441
chr16	27806001	0.2629
chr16	28497001	0.7190
chr16	29317001	0.6092
chr16	29971001	0.4623
chr16	31816001	0.4242
chr16	46800001	0.3974
chr16	49206001	0.4567
chr16	49207001	0.2007
chr16	50369001	0.7470
chr16	51353001	0.8114
chr16	51983001	0.2718
chr16	52903001	1.0103
chr16	53845001	0.7105
chr16	54544001	0.4766
chr16	54545001	0.2654
chr16	55165001	0.7689
chr16	55820001	0.4952
chr16	57034001	0.6633
chr16	57669001	0.4468
chr16	57670001	0.3411
chr16	58293001	0.6018
chr16	58974001	0.7659
chr16	59574001	0.5993
chr16	60207001	0.8019
chr16	61089001	0.4920
chr16	61800001	0.4283
chr16	62738001	0.3229
chr16	62739001	0.4488
chr16	63363001	0.5627
chr16	64380001	0.9141
chr16	65221001	0.6834
chr16	65905001	0.7434
chr16	66855001	0.4359
chr16	67562001	NaN
chr16	67571001	0.9005
chr16	67610001	0.8457
chr16	67611001	3.5397
chr16	67612001	0.7128
chr16	67616001	0.8075
chr16	67620001	0.8139
chr16	67621001	1.2094
chr16	67626001	0.9485
chr16	67628001	1.1703
chr16	67629001	0.8300
chr16	67636001	0.8469
chr16	67637001	1.6178
chr16	67638001	5.8411
chr16	67639001	1.0439
chr16	68682001	0.7238
chr16	69697001	0.2380
chr16	70950001	0.2595
chr16	71973001	0.6959
chr16	72853001	0.7535
chr16	74048001	0.8315
chr16	74721001	0.7019
chr16	75482001	0.6362
chr16	77532001	0.6033
chr16	78175001	0.5792
chr16	78823001	0.7165
chr16	79457001	0.7350
chr16	80124001	0.6925
chr16	81404001	0.6067
chr16	81779001	NaN
chr16	81785001	0.4840
chr16	81786001	0.9772
chr16	81854001	0.8971
chr16	81858001	0.8653
chr16	81859001	0.7140
chr16	81869001	0.7984
chr16	81870001	0.7746
chr16	81880001	0.5814
chr16	81883001	0.7111
chr16	81889001	0.8490
chr16	81891001	0.7656
chr16	81893001	0.6657
chr16	81895001	0.6402
chr16	81900001	1.0102
chr16	81905001	0.7391
chr16	81907001	0.6816
chr16	81908001	1.1095
chr16	81910001	1.0574
chr16	81912001	0.7121
chr16	81919001	1.1319
chr16	81921001	0.8248
chr16	81923001	0.7982
chr16	81927001	0.6245
chr16	81928001	0.8084
chr16	81931001	0.9937
chr16	81934001	0.7979
chr16	81936001	1.2352
chr16	81937001	0.7440
chr16	81938001	0.6950
chr16	81939001	0.8676
chr16	81940001	0.5217
chr16	81946001	0.7359
chr16	81956001	1.0584
chr16	81957001	NaN
chr16	81958001	4.7083
chr16	81959001	4.9400
chr16	81960001	5.3531
chr16	81961001	6.2510
chr16	81962001	2.9743
chr16	82932001	0.8068
chr16	83562001	0.6754
chr16	85447001	0.8126
chr16	86417001	0.7475
chr16	87039001	0.5776
chr16	87974001	0.8021
chr16	88571001	0.8344
chr16	89768001	0.5730
chr17	1650001	1.3632
chr17	1651001	2.6328
chr17	1653001	1.7944
chr17	1654001	0.3029
chr17	1655001	1.0579
chr17	1656001	1.5589
chr17	1658001	1.9523
chr17	1659001	1.9447
chr17	1660001	1.9795
chr17	1661001	3.0135
chr17	1662001	0.7265
chr17	1673001	2.5323
chr17	1674001	1.2772
chr17	1675001	2.6003
chr17	1676001	2.6779
chr17	1677001	1.6340
chr17	1678001	1.5827
chr17	1679001	2.6894
chr17	1680001	1.2312
chr17	1681001	2.2133
chr17	1682001	1.1594
chr17	1683001	1.0774
chr17	1684001	1.1203
chr17	7668001	1.6005
chr17	7669001	3.1598
chr17	7670001	0.6770
chr17	7673001	1.4905
chr17	7674001	1.3497
chr17	7675001	1.3865
chr17	7676001	1.9770
chr17	7687001	0.7210
chr17	7834001	0.2976
chr17	7839001	0.4437
chr17	7840001	0.2624
chr17	7844001	0.4628
chr17	7845001	2.3212
chr17	7846001	2.4570
chr17	7847001	1.7627
chr17	7848001	1.9920
chr17	7849001	2.9904
chr17	7850001	0.9423
chr17	7851001	3.0941
chr17	7852001	2.1402
chr17	7853001	2.9193
chr17	7854001	2.5804
chr17	27768001	0.5713
chr17	28489001	0.6879
chr17	29273001	0.7445
chr17	30646001	0.5111
chr17	31094001	0.2535
chr17	31095001	NaN
chr17	31155001	0.6104
chr17	31156001	0.7837
chr17	31159001	0.7083
chr17	31163001	1.5850
chr17	31169001	0.6396
chr17	31170001	0.6901
chr17	31181001	2.7137
chr17	31182001	1.3780
chr17	31200001	1.2069
chr17	31201001	1.5051
chr17	31206001	1.0190
chr17	31214001	0.9569
chr17	31219001	0.6172
chr17	31221001	1.1385
chr17	31223001	1.1432
chr17	31225001	0.8480
chr17	31226001	0.8094
chr17	31227001	1.0684
chr17	31229001	2.1539
chr17	31230001	1.4967
chr17	31232001	1.6639
chr17	31233001	1.0916
chr17	31235001	1.5168
chr17	31236001	0.3400
chr17	31248001	0.7960
chr17	31249001	0.6704
chr17	31252001	0.6914
chr17	31253001	0.4960
chr17	31258001	1.1159
chr17	31259001	0.7678
chr17	31260001	0.9730
chr17	31261001	0.7848
chr17	31265001	0.8882
chr17	31325001	1.1836
chr17	31326001	1.3077
chr17	31327001	1.8909
chr17	31330001	1.6166
chr17	31334001	1.4747
chr17	31335001	NaN
chr17	31336001	2.5933
chr17	31337001	2.4266
chr17	31338001	1.6274
chr17	31340001	0.8810
chr17	31343001	0.7239
chr17	31349001	1.0753
chr17	31350001	0.9021
chr17	31352001	0.9197
chr17	31356001	1.2486
chr17	31357001	1.4389
chr17	31358001	1.6591
chr17	31359001	0.9758
chr17	31360001	1.5203
chr17	31374001	4.2480
chr17	31375001	4.3655
chr17	31376001	4.9052
chr17	31377001	3.0602
chr17	31936001	NaN
chr17	31937001	NaN
chr17	31940001	1.8953
chr17	31947001	0.7664
chr17	31966001	1.0726
chr17	31973001	1.1838
chr17	31975001	1.4552
chr17	31976001	1.2419
chr17	31982001	0.2232
chr17	31983001	0.4211
chr17	31988001	1.2352
chr17	31993001	1.7230
chr17	31994001	1.4079
chr17	31995001	1.5505
chr17	31996001	1.1615
chr17	31998001	2.8168
chr17	31999001	8.9235
chr17	32000001	6.2084
chr17	32001001	NaN
chr17	32285001	0.7135
chr17	32984001	0.7700
chr17	33591001	0.6416
chr17	34236001	0.6822
chr17	35170001	0.6831
chr17	36077001	0.5253
chr17	36078001	0.2462
chr17	36887001	0.6506
chr17	37542001	0.7515
chr17	39101001	0.7796
chr17	39773001	0.3741
chr17	40436001	0.7106
chr17	42199001	3.0966
chr17	42200001	4.2889
chr17	42201001	3.9903
chr17	42202001	1.3123
chr17	42207001	1.0856
chr17	42210001	1.4929
chr17	42211001	0.2807
chr17	42212001	0.8345
chr17	42216001	0.5339
chr17	42217001	1.4412
chr17	42218001	1.1660
chr17	42219001	0.6414
chr17	42223001	1.0638
chr17	42224001	0.6088
chr17	42227001	0.7716
chr17	42231001	0.4341
chr17	42232001	0.5933
chr17	42276001	NaN
chr17	42313001	2.6241
chr17	42314001	3.2546
chr17	42315001	3.0156
chr17	42316001	0.5965
chr17	42317001	0.8326
chr17	42322001	1.6022
chr17	42323001	2.0529
chr17	42324001	0.8739
chr17	42325001	0.5009
chr17	42326001	0.6102
chr17	42329001	2.0735
chr17	42331001	0.9827
chr17	42333001	1.2344
chr17	42334001	0.4037
chr17	42337001	1.5873
chr17	42338001	0.8160
chr17	42339001	0.6826
chr17	42345001	0.6334
chr17	42346001	0.9682
chr17	42348001	0.9726
chr17	42388001	NaN
chr17	42550001	0.4052
chr17	43573001	NaN
chr17	44205001	3.7184
chr17	44206001	3.6994
chr17	44207001	2.7474
chr17	44209001	1.5918
chr17	44210001	2.0990
chr17	44211001	2.3424
chr17	44212001	1.1299
chr17	44213001	0.7421
chr17	44215001	1.1441
chr17	44216001	1.3266
chr17	44218001	0.6281
chr17	44219001	NaN
chr17	44584001	0.6678
chr17	45284001	0.6518
chr17	45993001	0.7281
chr17	47995001	0.6833
chr17	48747001	0.6483
chr17	50109001	0.7408
chr17	50743001	0.5282
chr17	51632001	0.7346
chr17	52509001	0.1370
chr17	53134001	0.7700
chr17	53996001	0.8537
chr17	54627001	0.9665
chr17	55509001	0.7004
chr17	56351001	0.5380
chr17	57054001	0.6850
chr17	58410001	0.6604
chr17	58692001	1.0079
chr17	58694001	1.0152
chr17	58695001	1.0997
chr17	58696001	1.1947
chr17	58703001	1.1522
chr17	58709001	0.7140
chr17	58720001	1.2944
chr17	58723001	0.3214
chr17	58724001	0.6142
chr17	58732001	1.0293
chr17	58734001	3.2043
chr17	58735001	1.4239
chr17	59130001	0.2420
chr17	59853001	0.6671
chr17	60600001	1.3128
chr17	60623001	1.4045
chr17	60633001	0.7481
chr17	60647001	0.7184
chr17	60648001	0.6858
chr17	60656001	1.4079
chr17	60662001	NaN
chr17	60663001	4.8369
chr17	60664001	4.1992
chr17	60665001	2.4663
chr17	60666001	1.4784
chr17	61510001	0.7729
chr17	62804001	0.7226
chr17	63484001	0.5172
chr17	63485001	0.2429
chr17	64322001	0.5878
chr17	65717001	0.8077
chr17	66448001	0.9845
chr17	67340001	0.4528
chr17	68290001	0.5384
chr17	70050001	0.6933
chr17	70941001	0.3180
chr17	70942001	0.5235
chr17	71563001	0.7325
chr17	72180001	0.7918
chr17	73135001	0.5325
chr17	73971001	0.4998
chr17	75514001	0.3761
chr17	75515001	NaN
chr17	76698001	NaN
chr17	76734001	4.1134
chr17	76735001	1.1774
chr17	76736001	1.6648
chr17	76737001	0.7574
chr17	77576001	0.7511
chr17	78488001	0.7645
chr17	79725001	0.5262
chr17	80605001	0.6810
chr17	81538001	0.6673
chr17	82386001	1.3600
chr18	293001	0.6380
chr18	294001	0.4830
chr18	1983001	0.3960
chr18	1984001	0.2146
chr18	2653001	0.4743
chr18	3510001	0.5713
chr18	4454001	0.6125
chr18	5196001	0.4533
chr18	5197001	0.2826
chr18	6681001	0.8639
chr18	7389001	0.7336
chr18	8257001	0.6702
chr18	8912001	0.8141
chr18	9869001	0.2491
chr18	9870001	0.5103
chr18	11156001	0.7255
chr18	11938001	0.7755
chr18	13101001	0.7351
chr18	13993001	0.6393
chr18	14598001	0.6406
chr18	21329001	0.2871
chr18	21330001	0.1660
chr18	22246001	0.6110
chr18	23079001	0.4820
chr18	24056001	0.6861
chr18	25016001	0.4058
chr18	25711001	0.6529
chr18	26493001	0.5593
chr18	27191001	0.2301
chr18	27192001	NaN
chr18	27921001	0.3243
chr18	27922001	0.4991
chr18	28586001	0.1623
chr18	29838001	0.7742
chr18	30458001	0.8036
chr18	31161001	0.7171
chr18	31162001	0.3120
chr18	32473001	0.8584
chr18	33748001	0.8518
chr18	34414001	0.6120
chr18	35553001	0.5968
chr18	36373001	0.5002
chr18	37295001	0.7230
chr18	38132001	0.3283
chr18	38133001	0.3888
chr18	38851001	0.4540
chr18	38852001	0.3368
chr18	39614001	0.7180
chr18	40380001	0.5095
chr18	41554001	0.2243
chr18	42323001	0.4925
chr18	42324001	0.1797
chr18	43760001	0.4708
chr18	43761001	0.4277
chr18	44551001	0.3800
chr18	44552001	0.2646
chr18	44680001	0.2305
chr18	44681001	NaN
chr18	44701001	3.0446
chr18	44869001	0.8697
chr18	44949001	0.6977
chr18	44950001	4.6156
chr18	44951001	4.6637
chr18	44952001	4.5889
chr18	44953001	1.7207
chr18	45038001	1.2424
chr18	45063001	3.0153
chr18	45064001	5.0467
chr18	45065001	6.1120
chr18	45066001	4.9614
chr18	45067001	4.9263
chr18	45068001	3.9137
chr18	45558001	0.7345
chr18	46351001	0.7744
chr18	47084001	0.7868
chr18	47853001	0.7595
chr18	48774001	0.4303
chr18	48775001	0.1969
chr18	49569001	0.6282
chr18	50377001	0.5794
chr18	51275001	0.7331
chr18	51932001	0.7384
chr18	52551001	0.7749
chr18	53250001	0.7360
chr18	53940001	0.8952
chr18	54623001	0.7169
chr18	55379001	0.7850
chr18	56144001	0.6602
chr18	57096001	0.7868
chr18	57799001	0.3749
chr18	58580001	0.6942
chr18	59298001	0.5413
chr18	59299001	0.2454
chr18	60014001	0.2574
chr18	60015001	0.3727
chr18	61067001	0.6041
chr18	61068001	0.2845
chr18	61791001	0.6654
chr18	62576001	NaN
chr18	63123001	3.6763
chr18	63124001	5.4335
chr18	63125001	5.1164
chr18	63126001	5.4982
chr18	63127001	4.6130
chr18	63128001	3.6475
chr18	63302001	0.6379
chr18	63318001	3.1025
chr18	63319001	2.5118
chr18	64048001	0.5968
chr18	65311001	0.3588
chr18	65312001	0.9431
chr18	66288001	0.2604
chr18	66289001	0.4581
chr18	67015001	0.5234
chr18	67016001	0.2533
chr18	67772001	0.4544
chr18	68508001	0.5506
chr18	68509001	0.3431
chr18	69233001	0.4856
chr18	69898001	0.7268
chr18	70752001	0.6830
chr18	71480001	0.1864
chr18	71481001	0.7548
chr18	72210001	0.7221
chr18	73308001	0.4588
chr18	74886001	0.4637
chr18	74887001	0.8665
chr18	75649001	0.6755
chr18	76389001	0.6633
chr18	77139001	0.6363
chr18	77879001	0.6059
chr18	78564001	0.6464
chr18	79553001	0.6615
chr19	680001	0.4070
chr19	852001	NaN
chr19	853001	NaN
chr19	855001	0.9384
chr19	856001	0.9493
chr19	1673001	0.5080
chr19	2325001	0.6962
chr19	3338001	0.5929
chr19	4025001	0.6237
chr19	4043001	1.0454
chr19	4044001	2.4651
chr19	4045001	2.6326
chr19	4046001	2.2261
chr19	4047001	1.9903
chr19	4048001	0.7270
chr19	4053001	0.2410
chr19	4054001	NaN
chr19	4055001	0.8526
chr19	4066001	NaN
chr19	4636001	0.4226
chr19	5352001	0.5321
chr19	6654001	0.4271
chr19	7905001	0.6119
chr19	8608001	0.6216
chr19	9289001	0.6654
chr19	10133001	1.5930
chr19	10134001	0.6499
chr19	10135001	0.5686
chr19	10136001	1.0243
chr19	10137001	1.7384
chr19	10138001	1.2774
chr19	10139001	0.9896
chr19	10140001	1.9169
chr19	10141001	1.0339
chr19	10142001	0.9445
chr19	10143001	1.0798
chr19	10146001	1.1400
chr19	10148001	0.5689
chr19	10149001	1.9541
chr19	10151001	1.5578
chr19	10154001	2.7827
chr19	10155001	1.0117
chr19	10156001	0.8189
chr19	10159001	1.3904
chr19	10160001	1.2779
chr19	10162001	0.6463
chr19	10163001	0.7948
chr19	10166001	0.7382
chr19	10168001	0.9008
chr19	10173001	1.3913
chr19	10175001	0.7821
chr19	10177001	0.8374
chr19	10180001	1.8466
chr19	10181001	0.3754
chr19	10182001	0.7394
chr19	10194001	NaN
chr19	10468001	NaN
chr19	11377001	3.5704
chr19	11378001	2.7292
chr19	11380001	0.6868
chr19	11381001	1.7797
chr19	11382001	0.4514
chr19	11383001	0.4562
chr19	11384001	NaN
chr19	11736001	0.6521
chr19	12943001	1.4113
chr19	12944001	1.3027
chr19	13207001	NaN
chr19	13864001	0.5849
chr19	14861001	NaN
chr19	15159001	4.2787
chr19	15160001	3.2858
chr19	15161001	NaN
chr19	15162001	0.7272
chr19	15165001	1.7037
chr19	15166001	0.6605
chr19	15167001	1.0603
chr19	15170001	1.9806
chr19	15174001	0.9577
chr19	15177001	NaN
chr19	15178001	0.9910
chr19	15179001	1.8993
chr19	15180001	1.8549
chr19	15181001	1.7433
chr19	15184001	1.2409
chr19	15185001	2.1006
chr19	15186001	0.6178
chr19	15187001	1.5590
chr19	15188001	1.1808
chr19	15189001	1.6011
chr19	15191001	1.7999
chr19	15192001	1.7645
chr19	15197001	0.4782
chr19	15200001	NaN
chr19	16129001	0.6297
chr19	17158001	0.6460
chr19	18149001	0.4517
chr19	18848001	0.7852
chr19	19508001	0.7614
chr19	21423001	0.4239
chr19	22427001	0.2794
chr19	23250001	0.3978
chr19	23357001	2.1344
chr19	23358001	5.0399
chr19	23359001	NaN
chr19	23360001	2.2713
chr19	23361001	2.4652
chr19	23362001	4.5872
chr19	23373001	NaN
chr19	23395001	0.4567
chr19	23995001	0.7259
chr19	27756001	0.6439
chr19	28423001	0.7320
chr19	29112001	0.6966
chr19	30077001	0.8230
chr19	30793001	0.5744
chr19	31433001	0.8609
chr19	32103001	0.3200
chr19	32104001	0.1768
chr19	32749001	0.7882
chr19	33299001	NaN
chr19	33300001	3.9583
chr19	33301001	1.9720
chr19	33302001	NaN
chr19	33430001	0.7598
chr19	34065001	0.7030
chr19	34740001	0.5797
chr19	35432001	0.7205
chr19	37403001	0.7716
chr19	38422001	0.6019
chr19	39737001	0.6410
chr19	40739001	0.6720
chr19	41758001	0.5954
chr19	42973001	0.3832
chr19	42974001	0.3470
chr19	43694001	0.5840
chr19	45053001	0.6056
chr19	45707001	0.3663
chr19	46417001	0.4792
chr19	47027001	0.7628
chr19	47974001	0.4540
chr19	48749001	0.3205
chr19	48750001	0.3658
chr19	49388001	0.6101
chr19	49635001	1.8552
chr19	49636001	1.3481
chr19	49637001	0.4567
chr19	49639001	0.3225
chr19	49640001	NaN
chr19	50076001	0.5373
chr19	50713001	0.5579
chr19	51346001	1.2548
chr19	52032001	0.6968
chr19	53048001	0.5055
chr19	53049001	0.2316
chr19	53702001	0.6604
chr19	54683001	0.7860
chr19	55372001	0.6830
chr19	55655001	0.2099
chr19	55659001	0.5518
chr19	55660001	1.0297
chr19	55661001	0.5725
chr19	55662001	0.4949
chr19	55663001	0.8692
chr19	55668001	1.0657
chr19	55669001	1.7304
chr19	55673001	0.4765
chr19	55674001	2.0521
chr19	56377001	0.6886
chr19	57018001	0.9090
chr19	57682001	0.3107
chr19	57683001	0.4141
chr19	58367001	0.6060
chr20	310001	0.6281
chr20	914001	0.7408
chr20	2750001	0.6236
chr20	3654001	0.7063
chr20	4587001	0.7111
chr20	5274001	0.6774
chr20	6439001	0.5892
chr20	6440001	0.2601
chr20	8048001	0.7541
chr20	8779001	0.7078
chr20	9995001	0.9241
chr20	10610001	0.6139
chr20	11219001	0.6392
chr20	12349001	0.7446
chr20	13939001	0.8044
chr20	14541001	0.8753
chr20	15767001	1.0097
chr20	16997001	0.4949
chr20	18144001	0.6199
chr20	19044001	0.5877
chr20	19656001	0.7591
chr20	20297001	0.8350
chr20	21504001	0.6906
chr20	22106001	0.2479
chr20	22107001	0.4669
chr20	23019001	0.7736
chr20	23883001	0.6374
chr20	24630001	0.5416
chr20	24631001	0.2443
chr20	25997001	0.1918
chr20	32358001	NaN
chr20	32366001	0.9708
chr20	32367001	0.9147
chr20	32369001	0.5741
chr20	32428001	1.3450
chr20	32429001	1.2385
chr20	32430001	0.4143
chr20	32431001	1.7039
chr20	32432001	0.6764
chr20	32433001	3.1355
chr20	32434001	2.5356
chr20	32435001	4.4831
chr20	32436001	4.5015
chr20	32437001	4.0671
chr20	32438001	4.2876
chr20	32439001	1.7439
chr20	32620001	0.5648
chr20	33393001	0.8360
chr20	34402001	0.5429
chr20	36332001	0.5160
chr20	36991001	0.7293
chr20	37641001	0.6910
chr20	38293001	0.7729
chr20	38894001	0.4956
chr20	40241001	0.4421
chr20	40242001	0.4291
chr20	40888001	0.4775
chr20	41935001	0.7644
chr20	42541001	0.9725
chr20	43662001	0.4819
chr20	44342001	0.7359
chr20	45282001	0.6651
chr20	46179001	0.7688
chr20	47294001	0.7203
chr20	47910001	0.5971
chr20	48998001	0.2012
chr20	50176001	0.8151
chr20	51603001	0.5538
chr20	52230001	0.9064
chr20	53109001	0.7889
chr20	53718001	0.6854
chr20	54350001	0.7652
chr20	55237001	0.8353
chr20	56177001	0.7177
chr20	56803001	0.6169
chr20	57716001	0.7900
chr20	58627001	0.5806
chr20	58891001	NaN
chr20	58895001	0.7560
chr20	58898001	0.4876
chr20	58899001	0.4369
chr20	58903001	1.2853
chr20	58905001	0.8446
chr20	58909001	2.7672
chr20	58910001	2.5967
chr20	58911001	0.7477
chr20	59234001	0.6425
chr20	60136001	0.7858
chr20	61341001	0.7217
chr20	61948001	0.7336
chr20	62806001	0.5029
chr20	64064001	0.6851
chr21	9163001	0.1578
chr21	9164001	NaN
chr21	14317001	0.8803
chr21	15380001	0.8592
chr21	17060001	0.6491
chr21	17061001	0.2469
chr21	18033001	0.7798
chr21	18719001	0.3432
chr21	19362001	0.7809
chr21	19966001	1.1023
chr21	20810001	1.1468
chr21	22065001	1.1298
chr21	23102001	0.7338
chr21	24146001	0.7005
chr21	25199001	0.3517
chr21	26070001	0.8022
chr21	26672001	0.5479
chr21	27514001	0.2667
chr21	27515001	0.4982
chr21	28136001	0.5117
chr21	28764001	0.6025
chr21	30482001	0.7487
chr21	30483001	0.4168
chr21	31230001	0.5319
chr21	31959001	0.7872
chr21	32951001	0.4768
chr21	32952001	0.2297
chr21	33834001	0.7513
chr21	34620001	0.7535
chr21	34787001	0.9881
chr21	34788001	4.8432
chr21	34789001	5.3155
chr21	34790001	5.1697
chr21	34791001	3.3680
chr21	34792001	NaN
chr21	34799001	1.0803
chr21	34834001	0.9346
chr21	34859001	0.7580
chr21	34880001	1.0360
chr21	34886001	NaN
chr21	34887001	0.3160
chr21	34892001	0.7823
chr21	34893001	0.5469
chr21	35048001	0.6854
chr21	35049001	0.8970
chr21	35273001	0.3523
chr21	35274001	0.1511
chr21	35940001	0.7856
chr21	36716001	0.4834
chr21	37338001	0.5608
chr21	37966001	0.7442
chr21	38380001	4.4135
chr21	38381001	5.2471
chr21	38382001	4.9088
chr21	38383001	3.6185
chr21	38390001	NaN
chr21	38391001	1.4253
chr21	38392001	0.7499
chr21	38400001	0.8148
chr21	38402001	0.7465
chr21	38403001	1.2245
chr21	38423001	0.9527
chr21	38445001	1.1913
chr21	38498001	0.4109
chr21	38599001	0.7038
chr21	39445001	0.6438
chr21	40061001	0.3348
chr21	40062001	0.3885
chr21	40689001	0.6941
chr21	41317001	0.4788
chr21	41898001	0.7213
chr21	42942001	0.5940
chr21	43092001	0.2265
chr21	43093001	0.7396
chr21	43094001	1.3002
chr21	43095001	1.3998
chr21	43100001	0.7607
chr21	43104001	0.9785
chr21	43107001	NaN
chr21	44204001	0.4343
chr21	44844001	0.7172
chr21	46295001	0.6437
chr22	15923001	0.6721
chr22	16397001	0.4318
chr22	17190001	0.7136
chr22	17946001	0.5808
chr22	19479001	0.2436
chr22	20252001	0.5363
chr22	20962001	0.6395
chr22	21739001	0.6896
chr22	23112001	0.7640
chr22	23746001	0.5134
chr22	24786001	0.6305
chr22	25548001	0.7728
chr22	26341001	0.2688
chr22	26342001	0.5079
chr22	27111001	0.6763
chr22	27748001	3.6923
chr22	27749001	4.2740
chr22	27750001	4.2807
chr22	27751001	NaN
chr22	27796001	0.9722
chr22	27797001	NaN
chr22	27798001	NaN
chr22	27799001	2.5764
chr22	27800001	1.8271
chr22	27801001	NaN
chr22	27905001	0.6898
chr22	29331001	0.5464
chr22	29994001	0.4540
chr22	30331001	NaN
chr22	30332001	3.4350
chr22	30333001	4.3751
chr22	30334001	3.1368
chr22	30335001	1.3656
chr22	30337001	1.2923
chr22	30338001	1.1650
chr22	30339001	0.9625
chr22	30340001	1.6442
chr22	30341001	1.1958
chr22	30342001	1.7873
chr22	30344001	0.5110
chr22	30345001	1.0322
chr22	30346001	1.2339
chr22	30352001	0.3839
chr22	30353001	0.4663
chr22	30356001	NaN
chr22	30974001	0.7503
chr22	32177001	0.6551
chr22	33061001	0.6153
chr22	34179001	0.2628
chr22	34180001	0.4835
chr22	34881001	0.8071
chr22	35640001	0.3165
chr22	35641001	0.4257
chr22	36575001	0.5661
chr22	37245001	0.6874
chr22	38266001	0.7386
chr22	39099001	0.7220
chr22	40196001	0.4418
chr22	41003001	0.6389
chr22	42698001	0.7160
chr22	43476001	0.4978
chr22	44518001	0.7057
chr22	45839001	0.7118
chr22	46463001	0.5487
chr22	47112001	0.8046
chr22	47883001	0.7590
chr22	48920001	0.6687
chr22	49533001	0.7001
chr22	50183001	0.6513
chrX	2842001	0.5616
chrX	4684001	0.7705
chrX	7465001	0.8059
chrX	9277001	0.7582
chrX	10097001	0.9573
chrX	11899001	1.0322
chrX	12820001	0.7528
chrX	13757001	0.7174
chrX	15150001	0.9178
chrX	15319001	3.5365
chrX	15320001	5.9589
chrX	15321001	3.8546
chrX	15324001	1.7822
chrX	15325001	1.3297
chrX	15326001	NaN
chrX	15331001	3.8704
chrX	15335001	NaN
chrX	15790001	1.1540
chrX	15791001	0.3498
chrX	15799001	0.7558
chrX	15803001	0.8178
chrX	15804001	0.8451
chrX	15808001	0.9950
chrX	15809001	0.9476
chrX	15815001	1.0964
chrX	15818001	0.9027
chrX	15820001	0.9361
chrX	15822001	1.2765
chrX	15823001	1.2338
chrX	16467001	0.8024
chrX	17593001	0.7393
chrX	18304001	0.2377
chrX	21816001	0.6253
chrX	23686001	0.2543
chrX	23687001	0.5173
chrX	24863001	0.7254
chrX	25715001	0.6743
chrX	26675001	0.3981
chrX	27432001	1.0036
chrX	28482001	NaN
chrX	28483001	0.7724
chrX	30293001	1.2714
chrX	31217001	0.7335
chrX	32154001	0.7302
chrX	33030001	0.9907
chrX	33967001	0.8418
chrX	34883001	0.8226
chrX	38652001	0.8437
chrX	39390001	0.6617
chrX	40051001	3.5834
chrX	40052001	2.0163
chrX	40053001	0.6125
chrX	40054001	1.2379
chrX	40055001	0.9869
chrX	40057001	1.1087
chrX	40062001	2.8292
chrX	40063001	2.1363
chrX	40064001	1.3406
chrX	40070001	0.4632
chrX	40071001	1.7157
chrX	40072001	3.1533
chrX	40073001	4.5119
chrX	40074001	4.5787
chrX	40075001	1.0019
chrX	40076001	0.8058
chrX	40077001	0.7668
chrX	40097001	NaN
chrX	40777001	0.3305
chrX	40778001	0.4369
chrX	41334001	0.7340
chrX	41337001	0.8233
chrX	41339001	0.5220
chrX	41341001	0.9703
chrX	41342001	2.0032
chrX	41343001	2.1387
chrX	41344001	1.7830
chrX	41345001	1.8724
chrX	41346001	2.8298
chrX	41347001	2.8618
chrX	41348001	7.1052
chrX	41349001	5.8275
chrX	41350001	2.8102
chrX	41419001	0.8898
chrX	42150001	0.8229
chrX	44194001	0.6507
chrX	44873001	NaN
chrX	44874001	NaN
chrX	44961001	1.7971
chrX	44974001	1.2518
chrX	45010001	0.5235
chrX	45011001	0.8859
chrX	45020001	1.3069
chrX	45034001	0.7457
chrX	45035001	0.5843
chrX	45037001	1.7077
chrX	45051001	1.4210
chrX	45053001	0.7908
chrX	45058001	0.6157
chrX	45059001	2.1009
chrX	45060001	1.8865
chrX	45061001	0.9545
chrX	45062001	1.4140
chrX	45063001	2.1758
chrX	45069001	2.1119
chrX	45070001	2.1354
chrX	45076001	0.8611
chrX	45078001	1.2747
chrX	45079001	1.4310
chrX	45082001	1.9248
chrX	45083001	1.1567
chrX	45085001	0.8069
chrX	45089001	1.3808
chrX	45090001	1.2250
chrX	45107001	0.9024
chrX	45110001	1.3874
chrX	45111001	3.9491
chrX	45112001	6.9571
chrX	47193001	NaN
chrX	47194001	0.3153
chrX	47198001	0.9885
chrX	47199001	2.3012
chrX	47200001	0.5098
chrX	47201001	1.8242
chrX	47202001	2.8928
chrX	47203001	1.8814
chrX	47205001	0.4430
chrX	47206001	1.9407
chrX	47209001	1.2123
chrX	47210001	1.6022
chrX	47211001	0.9747
chrX	47212001	1.7560
chrX	47213001	0.9922
chrX	47214001	2.5866
chrX	47215001	0.7567
chrX	47840001	0.5146
chrX	48786001	0.5599
chrX	48791001	1.8968
chrX	48792001	1.9845
chrX	48793001	1.5803
chrX	48794001	1.5494
chrX	49627001	NaN
chrX	53374001	4.6033
chrX	53375001	4.8176
chrX	53376001	5.4732
chrX	53377001	4.4279
chrX	53378001	5.3965
chrX	53379001	4.4606
chrX	53380001	2.1440
chrX	53381001	0.5427
chrX	53382001	2.1720
chrX	53383001	0.9277
chrX	53394001	0.4743
chrX	53396001	1.7403
chrX	53399001	0.9384
chrX	53403001	1.5171
chrX	53405001	3.3784
chrX	53409001	1.8236
chrX	53411001	0.9744
chrX	53412001	2.1919
chrX	53413001	2.0318
chrX	53414001	1.1600
chrX	53415001	0.8701
chrX	53422001	0.8847
chrX	53863001	0.8241
chrX	55009001	1.4022
chrX	55013001	1.0273
chrX	55014001	1.3901
chrX	55015001	1.2858
chrX	55017001	1.3197
chrX	55020001	1.4249
chrX	55021001	1.3504
chrX	55023001	0.7541
chrX	55024001	0.9474
chrX	55025001	0.9929
chrX	55026001	0.3849
chrX	55030001	0.5388
chrX	55031001	0.2167
chrX	55113001	0.7477
chrX	56621001	0.4696
chrX	56622001	0.1622
chrX	57448001	1.0539
chrX	70082001	0.6232
chrX	72085001	0.7181
chrX	75678001	0.8755
chrX	77925001	0.6454
chrX	79182001	0.8988
chrX	80333001	0.9212
chrX	82534001	0.7366
chrX	83463001	0.4613
chrX	83464001	0.4635
chrX	84270001	1.0165
chrX	85120001	0.4833
chrX	85121001	0.7309
chrX	87044001	0.7441
chrX	89856001	0.9818
chrX	93554001	0.7612
chrX	95784001	1.0423
chrX	97215001	0.6553
chrX	100404001	0.6949
chrX	101349001	2.4643
chrX	101353001	1.6744
chrX	101354001	1.0706
chrX	101356001	2.1052
chrX	101357001	1.0670
chrX	101358001	1.6509
chrX	101359001	0.8326
chrX	101360001	1.8585
chrX	101362001	1.6180
chrX	101369001	0.3063
chrX	101370001	0.6502
chrX	101371001	0.9015
chrX	101374001	1.0386
chrX	101375001	1.1933
chrX	101386001	0.7047
chrX	101445001	0.9004
chrX	103172001	0.8065
chrX	104524001	1.0150
chrX	112437001	0.9498
chrX	115554001	0.8811
chrX	116622001	0.7260
chrX	118499001	0.7835
chrX	120331001	0.7589
chrX	121339001	0.4491
chrX	122090001	0.8144
chrX	123202001	0.8301
chrX	123900001	1.6798
chrX	123961001	0.5183
chrX	124021001	0.8173
chrX	124022001	1.2950
chrX	124025001	1.4144
chrX	124030001	0.4448
chrX	124031001	0.9351
chrX	124037001	1.2418
chrX	124042001	1.3267
chrX	124045001	1.9363
chrX	124047001	1.7549
chrX	124048001	0.4068
chrX	124049001	0.6265
chrX	124050001	0.8993
chrX	124051001	2.7605
chrX	124056001	0.9385
chrX	124057001	1.1095
chrX	124061001	1.8060
chrX	124062001	0.7885
chrX	124063001	3.3367
chrX	124064001	0.5160
chrX	124065001	1.3853
chrX	124066001	2.7666
chrX	124068001	1.6866
chrX	124071001	1.4293
chrX	124076001	1.1914
chrX	124077001	1.3033
chrX	124078001	0.5971
chrX	124081001	1.7825
chrX	124083001	1.2414
chrX	124086001	1.7554
chrX	124090001	2.2096
chrX	124094001	0.8172
chrX	124095001	1.0026
chrX	124100001	2.9274
chrX	124101001	5.6607
chrX	124102001	5.0740
chrX	125146001	0.9110
chrX	126405001	0.7214
chrX	129361001	0.9265
chrX	129982001	0.5335
chrX	130005001	0.8479
chrX	130012001	1.2551
chrX	130013001	3.8141
chrX	130014001	3.9011
chrX	130015001	4.3147
chrX	130016001	1.2606
chrX	130020001	0.3241
chrX	130021001	0.8310
chrX	130022001	0.6033
chrX	130024001	0.3443
chrX	130025001	1.7049
chrX	130028001	1.1541
chrX	130034001	1.4022
chrX	130037001	0.9873
chrX	130039001	0.8930
chrX	130050001	0.8201
chrX	130051001	0.7817
chrX	130052001	0.2620
chrX	130055001	0.8363
chrX	130056001	3.4986
chrX	130057001	2.9183
chrX	130058001	0.4404
chrX	131281001	0.6383
chrX	132020001	0.6908
chrX	132874001	0.6083
chrX	134108001	0.8202
chrX	134373001	0.9272
chrX	134377001	1.7635
chrX	134378001	0.9121
chrX	134393001	2.0919
chrX	134394001	0.9050
chrX	134413001	2.3717
chrX	134415001	1.0017
chrX	134417001	1.0523
chrX	134425001	3.9826
chrX	134426001	6.7227
chrX	134427001	7.3779
chrX	134428001	4.4281
chrX	134954001	0.7842
chrX	137206001	0.7696
chrX	137811001	0.8893
chrX	139605001	0.7118
chrX	140709001	0.8995
chrX	141456001	0.8874
chrX	142378001	0.9069
chrX	143348001	0.9250
chrX	146082001	0.7893
chrX	146971001	0.2264
chrX	147957001	0.7994
chrX	149486001	0.6959
chrX	150558001	0.6782
chrX	151706001	0.8131
chrX	152449001	0.8019
chrX	153337001	0.8930
chrY	2787001	1.4298
chrY	6802001	0.6590
chrY	19568001	0.9816
