gene	chromosome	start	end	mean_log2	stdev_log2	fp_gain_count	fp_loss_count	fp_gain_rate	fp_loss_rate	fp_any_rate	n_samples
bb.chr1.629966	chr1	629966	630086	0.023824	0.453195	4	2	0.173913	0.086957	0.260870	23
GNB1	chr1	1785284	1891086	0.028845	0.022776	0	0	0.000000	0.000000	0.000000	23
bb.chr1.2396316	chr1	2396316	2396436	-0.011625	0.089894	0	0	0.000000	0.000000	0.000000	23
bb.chr1.3082374	chr1	3082374	3082494	-0.016173	0.156638	0	0	0.000000	0.000000	0.000000	23
bb.chr1.3775616	chr1	3775616	3775736	-0.015643	0.118523	0	0	0.000000	0.000000	0.000000	23
bb.chr1.4303615	chr1	4303615	4303735	0.019111	0.057993	0	0	0.000000	0.000000	0.000000	23
bb.chr1.5269983	chr1	5269983	5270103	-0.001047	0.078363	0	0	0.000000	0.000000	0.000000	23
bb.chr1.6110304	chr1	6110304	6110424	0.026350	0.120185	0	0	0.000000	0.000000	0.000000	23
bb.chr1.7868061	chr1	7868061	7868181	-0.006620	0.071546	0	0	0.000000	0.000000	0.000000	23
bb.chr1.8949325	chr1	8949325	8949445	0.008469	0.125023	0	0	0.000000	0.000000	0.000000	23
bb.chr1.10258931	chr1	10258931	10259051	-0.041973	0.190900	0	0	0.000000	0.000000	0.000000	23
bb.chr1.10904053	chr1	10904053	10904173	0.026770	0.115373	0	0	0.000000	0.000000	0.000000	23
bb.chr1.11712409	chr1	11712409	11712529	0.028215	0.133825	0	0	0.000000	0.000000	0.000000	23
bb.chr1.12597991	chr1	12597991	12598111	0.012455	0.078819	0	0	0.000000	0.000000	0.000000	23
bb.chr1.13460094	chr1	13460094	13460214	-0.009480	0.106291	0	0	0.000000	0.000000	0.000000	23
bb.chr1.14303771	chr1	14303771	14303891	0.114619	0.244335	3	0	0.130435	0.000000	0.130435	23
bb.chr1.15286922	chr1	15286922	15287042	-0.009018	0.101642	0	0	0.000000	0.000000	0.000000	23
bb.chr1.16374238	chr1	16374238	16374358	-0.047055	0.068390	0	0	0.000000	0.000000	0.000000	23
bb.chr1.17603425	chr1	17603425	17603545	0.008746	0.127020	0	0	0.000000	0.000000	0.000000	23
bb.chr1.18325392	chr1	18325392	18325512	-0.003763	0.112052	0	0	0.000000	0.000000	0.000000	23
bb.chr1.19004939	chr1	19004939	19005059	-0.010168	0.086829	0	0	0.000000	0.000000	0.000000	23
bb.chr1.20305614	chr1	20305614	20305734	-0.012665	0.089881	0	0	0.000000	0.000000	0.000000	23
bb.chr1.21345632	chr1	21345632	21345752	-0.004220	0.166687	0	0	0.000000	0.000000	0.000000	23
bb.chr1.22325948	chr1	22325948	22326068	-0.007923	0.070863	0	0	0.000000	0.000000	0.000000	23
bb.chr1.22983932	chr1	22983932	22984052	-0.019263	0.106955	0	0	0.000000	0.000000	0.000000	23
bb.chr1.23646059	chr1	23646059	23646179	-0.041919	0.073018	0	0	0.000000	0.000000	0.000000	23
bb.chr1.24308620	chr1	24308620	24308740	0.023903	0.079050	0	0	0.000000	0.000000	0.000000	23
bb.chr1.24982708	chr1	24982708	24982828	0.021493	0.096648	0	0	0.000000	0.000000	0.000000	23
bb.chr1.26168335	chr1	26168335	26168455	0.000534	0.101793	0	0	0.000000	0.000000	0.000000	23
ARID1A	chr1	26696025	26782103	0.019227	0.037355	0	0	0.000000	0.000000	0.000000	23
bb.chr1.27885079	chr1	27885079	27885199	0.003047	0.094905	0	0	0.000000	0.000000	0.000000	23
bb.chr1.29118942	chr1	29118942	29119062	-0.007846	0.082396	0	0	0.000000	0.000000	0.000000	23
bb.chr1.29811183	chr1	29811183	29811303	-0.002330	0.066104	0	0	0.000000	0.000000	0.000000	23
bb.chr1.30515623	chr1	30515623	30515743	-0.006371	0.164959	0	0	0.000000	0.000000	0.000000	23
bb.chr1.31236307	chr1	31236307	31236427	-0.064386	0.127004	0	0	0.000000	0.000000	0.000000	23
bb.chr1.31848639	chr1	31848639	31848759	-0.003229	0.155310	0	0	0.000000	0.000000	0.000000	23
bb.chr1.32733706	chr1	32733706	32733826	0.037417	0.111848	0	0	0.000000	0.000000	0.000000	23
bb.chr1.33848750	chr1	33848750	33848870	-0.017012	0.128456	0	0	0.000000	0.000000	0.000000	23
bb.chr1.34523293	chr1	34523293	34523413	-0.032181	0.074770	0	0	0.000000	0.000000	0.000000	23
bb.chr1.36150676	chr1	36150676	36150796	-0.018528	0.105529	0	0	0.000000	0.000000	0.000000	23
CSF3R	chr1	36466041	36482922	0.007075	0.060632	0	0	0.000000	0.000000	0.000000	23
bb.chr1.37047842	chr1	37047842	37047962	-0.159400	0.294321	0	4	0.000000	0.173913	0.173913	23
bb.chr1.37762525	chr1	37762525	37762645	-0.016607	0.135859	0	0	0.000000	0.000000	0.000000	23
bb.chr1.38495305	chr1	38495305	38495425	-0.023116	0.094272	0	0	0.000000	0.000000	0.000000	23
bb.chr1.39453502	chr1	39453502	39453622	0.007178	0.106326	0	0	0.000000	0.000000	0.000000	23
bb.chr1.40075417	chr1	40075417	40075537	-0.078718	0.412323	4	4	0.173913	0.173913	0.347826	23
bb.chr1.40987721	chr1	40987721	40987841	0.015135	0.079002	0	0	0.000000	0.000000	0.000000	23
bb.chr1.41865448	chr1	41865448	41865568	0.043943	0.116465	0	0	0.000000	0.000000	0.000000	23
bb.chr1.42843652	chr1	42843652	42843772	0.104911	0.143665	0	0	0.000000	0.000000	0.000000	23
MPL	chr1	43337811	43354465	-0.000567	0.038088	0	0	0.000000	0.000000	0.000000	23
bb.chr1.43787284	chr1	43787284	43787404	0.038089	0.129720	0	0	0.000000	0.000000	0.000000	23
bb.chr1.44540268	chr1	44540268	44540388	0.000041	0.190199	0	0	0.000000	0.000000	0.000000	23
bb.chr1.45508196	chr1	45508196	45508316	0.054055	0.118270	0	0	0.000000	0.000000	0.000000	23
bb.chr1.46163921	chr1	46163921	46164041	0.016795	0.132780	1	0	0.043478	0.000000	0.043478	23
bb.chr1.47180263	chr1	47180263	47180383	-0.043221	0.088858	0	0	0.000000	0.000000	0.000000	23
bb.chr1.47852957	chr1	47852957	47853077	0.026628	0.189964	0	0	0.000000	0.000000	0.000000	23
bb.chr1.48531147	chr1	48531147	48531267	-0.016708	0.105008	0	0	0.000000	0.000000	0.000000	23
bb.chr1.50178904	chr1	50178904	50179024	0.042103	0.090988	0	0	0.000000	0.000000	0.000000	23
bb.chr1.52785183	chr1	52785183	52785303	-0.010507	0.088882	0	0	0.000000	0.000000	0.000000	23
bb.chr1.53538015	chr1	53538015	53538135	-0.040812	0.064001	0	0	0.000000	0.000000	0.000000	23
bb.chr1.54190918	chr1	54190918	54191038	0.017132	0.077494	0	0	0.000000	0.000000	0.000000	23
bb.chr1.55206597	chr1	55206597	55206717	-0.013399	0.183148	0	0	0.000000	0.000000	0.000000	23
bb.chr1.55826229	chr1	55826229	55826349	0.009970	0.081310	0	0	0.000000	0.000000	0.000000	23
bb.chr1.56496024	chr1	56496024	56496144	0.060900	0.140315	1	0	0.043478	0.000000	0.043478	23
bb.chr1.57205930	chr1	57205930	57206050			0	0	0.000000	0.000000	0.000000	0
bb.chr1.57829032	chr1	57829032	57829152	-0.041673	0.260355	0	0	0.000000	0.000000	0.000000	23
bb.chr1.58460464	chr1	58460464	58460584	-0.004319	0.121807	0	0	0.000000	0.000000	0.000000	23
bb.chr1.59485973	chr1	59485973	59486093	0.021553	0.102799	0	0	0.000000	0.000000	0.000000	23
bb.chr1.60476632	chr1	60476632	60476752	0.081273	0.352803	4	1	0.173913	0.043478	0.217391	23
bb.chr1.61810166	chr1	61810166	61810286	0.079632	0.101244	0	0	0.000000	0.000000	0.000000	23
bb.chr1.62840501	chr1	62840501	62840621	-0.037025	0.261205	0	0	0.000000	0.000000	0.000000	23
bb.chr1.63652512	chr1	63652512	63652632	-0.018750	0.107198	0	0	0.000000	0.000000	0.000000	23
bb.chr1.64437752	chr1	64437752	64437872	0.025871	0.168537	0	0	0.000000	0.000000	0.000000	23
bb.chr1.65197238	chr1	65197238	65197358	-0.341987	1.085734	2	4	0.086957	0.173913	0.260870	23
bb.chr1.66153835	chr1	66153835	66153955	-0.003018	0.083993	0	0	0.000000	0.000000	0.000000	23
bb.chr1.66826735	chr1	66826735	66826855	-0.009497	0.285537	1	0	0.043478	0.000000	0.043478	23
bb.chr1.67833548	chr1	67833548	67833668	-0.006656	0.114296	0	0	0.000000	0.000000	0.000000	23
bb.chr1.68435114	chr1	68435114	68435234	0.058569	0.177051	0	0	0.000000	0.000000	0.000000	23
bb.chr1.69148839	chr1	69148839	69148959	0.043807	0.115347	0	0	0.000000	0.000000	0.000000	23
bb.chr1.70130792	chr1	70130792	70130912	-0.048754	0.101708	0	0	0.000000	0.000000	0.000000	23
bb.chr1.70790764	chr1	70790764	70790884	0.016905	0.100851	0	0	0.000000	0.000000	0.000000	23
bb.chr1.71491517	chr1	71491517	71491637	0.008762	0.078180	0	0	0.000000	0.000000	0.000000	23
bb.chr1.72125122	chr1	72125122	72125242			0	0	0.000000	0.000000	0.000000	0
bb.chr1.73891356	chr1	73891356	73891476	-0.027459	0.145855	0	0	0.000000	0.000000	0.000000	23
bb.chr1.74561648	chr1	74561648	74561768	0.003635	0.114749	0	0	0.000000	0.000000	0.000000	23
bb.chr1.75552566	chr1	75552566	75552686	-0.021540	0.138160	0	0	0.000000	0.000000	0.000000	23
bb.chr1.76318891	chr1	76318891	76319011	-0.016954	0.094805	0	0	0.000000	0.000000	0.000000	23
bb.chr1.77082086	chr1	77082086	77082206	0.013181	0.084928	0	0	0.000000	0.000000	0.000000	23
bb.chr1.78068141	chr1	78068141	78068261			0	0	0.000000	0.000000	0.000000	0
bb.chr1.78828070	chr1	78828070	78828190	0.032558	0.138947	0	0	0.000000	0.000000	0.000000	23
bb.chr1.79524150	chr1	79524150	79524270	0.075118	0.174392	0	0	0.000000	0.000000	0.000000	23
bb.chr1.80163411	chr1	80163411	80163531	0.004165	0.221908	1	0	0.043478	0.000000	0.043478	23
bb.chr1.80801780	chr1	80801780	80801900	-0.037127	0.230149	0	2	0.000000	0.086957	0.086957	23
bb.chr1.81802410	chr1	81802410	81802530	0.010702	0.083482	0	0	0.000000	0.000000	0.000000	23
bb.chr1.83490232	chr1	83490232	83490352	-0.000120	0.447008	6	4	0.260870	0.173913	0.434783	23
bb.chr1.84452453	chr1	84452453	84452573	-0.000185	0.065738	0	0	0.000000	0.000000	0.000000	23
bb.chr1.85117419	chr1	85117419	85117539	-0.000579	0.100166	0	0	0.000000	0.000000	0.000000	23
bb.chr1.85814296	chr1	85814296	85814416	-0.105949	0.579762	4	6	0.173913	0.260870	0.434783	23
bb.chr1.86482004	chr1	86482004	86482124	-0.012895	0.135034	0	0	0.000000	0.000000	0.000000	23
bb.chr1.87233815	chr1	87233815	87233935	-0.020095	0.094662	0	0	0.000000	0.000000	0.000000	23
bb.chr1.88505918	chr1	88505918	88506038	-0.161241	0.607684	4	5	0.173913	0.217391	0.391304	23
bb.chr1.89469482	chr1	89469482	89469602	0.010544	0.256494	3	0	0.130435	0.000000	0.130435	23
bb.chr1.90482352	chr1	90482352	90482472	-0.006646	0.121598	0	0	0.000000	0.000000	0.000000	23
bb.chr1.91139874	chr1	91139874	91139994	-0.565697	1.024691	3	8	0.130435	0.347826	0.478261	20
bb.chr1.91815968	chr1	91815968	91816088	0.028772	0.148959	0	0	0.000000	0.000000	0.000000	23
GFI1	chr1	92473041	92486924	0.013563	0.029746	0	0	0.000000	0.000000	0.000000	23
bb.chr1.93845078	chr1	93845078	93845198	-0.027362	0.118790	0	0	0.000000	0.000000	0.000000	23
bb.chr1.95142070	chr1	95142070	95142190	-0.045998	0.140289	0	0	0.000000	0.000000	0.000000	23
bb.chr1.96144718	chr1	96144718	96144838	-0.016249	0.101405	0	0	0.000000	0.000000	0.000000	23
bb.chr1.96819223	chr1	96819223	96819343	-0.039220	0.254710	1	0	0.043478	0.000000	0.043478	23
bb.chr1.97486353	chr1	97486353	97486473	-0.023305	0.274572	2	0	0.086957	0.000000	0.086957	23
bb.chr1.98149458	chr1	98149458	98149578	-0.035985	0.239768	1	1	0.043478	0.043478	0.086957	23
bb.chr1.99123808	chr1	99123808	99123928	0.010788	0.184516	0	0	0.000000	0.000000	0.000000	23
bb.chr1.99811983	chr1	99811983	99812103	-0.031493	0.154988	0	0	0.000000	0.000000	0.000000	23
bb.chr1.100504730	chr1	100504730	100504850	0.055759	0.109683	0	0	0.000000	0.000000	0.000000	23
bb.chr1.101155472	chr1	101155472	101155592	-0.040440	0.200278	0	0	0.000000	0.000000	0.000000	23
bb.chr1.101808332	chr1	101808332	101808452	-0.032336	0.109026	0	0	0.000000	0.000000	0.000000	23
bb.chr1.102853304	chr1	102853304	102853424	0.002916	0.123163	0	0	0.000000	0.000000	0.000000	23
bb.chr1.103505642	chr1	103505642	103505762	-0.080973	0.418158	3	5	0.130435	0.217391	0.347826	23
bb.chr1.104401917	chr1	104401917	104402037	-0.120360	0.595870	5	3	0.217391	0.130435	0.347826	23
bb.chr1.105095739	chr1	105095739	105095859	-0.038842	0.185569	0	0	0.000000	0.000000	0.000000	23
bb.chr1.105763500	chr1	105763500	105763620	-0.024543	0.088608	0	0	0.000000	0.000000	0.000000	23
bb.chr1.106677659	chr1	106677659	106677779			0	0	0.000000	0.000000	0.000000	0
bb.chr1.107393711	chr1	107393711	107393831	-0.057320	0.148351	0	0	0.000000	0.000000	0.000000	23
bb.chr1.108336396	chr1	108336396	108336516			0	0	0.000000	0.000000	0.000000	0
bb.chr1.110049366	chr1	110049366	110049486	-0.010197	0.140716	0	0	0.000000	0.000000	0.000000	23
bb.chr1.110733894	chr1	110733894	110734014	0.005056	0.111673	0	0	0.000000	0.000000	0.000000	23
bb.chr1.111720534	chr1	111720534	111720654	-0.017322	0.098051	0	0	0.000000	0.000000	0.000000	23
bb.chr1.112356054	chr1	112356054	112356174	-0.003890	0.078840	0	0	0.000000	0.000000	0.000000	23
bb.chr1.113057285	chr1	113057285	113057405	-0.015717	0.110220	0	0	0.000000	0.000000	0.000000	23
bb.chr1.113829650	chr1	113829650	113829770	0.043986	0.109131	0	0	0.000000	0.000000	0.000000	23
NRAS	chr1	114704467	114716773	0.019395	0.038847	0	0	0.000000	0.000000	0.000000	23
bb.chr1.114726530	chr1	114726530	114726650	-0.367120	1.119306	5	6	0.217391	0.260870	0.478261	23
bb.chr1.115399293	chr1	115399293	115399413	-0.066316	0.072293	0	0	0.000000	0.000000	0.000000	23
bb.chr1.116397799	chr1	116397799	116397919	-0.034648	0.066313	0	0	0.000000	0.000000	0.000000	23
bb.chr1.117026708	chr1	117026708	117026828	-0.175863	0.794853	4	3	0.173913	0.130435	0.304348	23
bb.chr1.117712376	chr1	117712376	117712496	0.006811	0.213962	0	0	0.000000	0.000000	0.000000	23
bb.chr1.119035154	chr1	119035154	119035274	-0.051554	0.170103	0	0	0.000000	0.000000	0.000000	23
bb.chr1.119699854	chr1	119699854	119699974	-0.229135	0.821945	5	6	0.217391	0.260870	0.478261	23
bb.chr1.121548376	chr1	121548376	121548496	-0.000427	0.255048	0	1	0.000000	0.043478	0.043478	23
bb.chr1.143997796	chr1	143997796	143997915	-0.050563	0.499197	5	7	0.217391	0.304348	0.521739	23
bb.chr1.145879366	chr1	145879366	145879486	-0.054842	0.113346	0	0	0.000000	0.000000	0.000000	23
bb.chr1.147078257	chr1	147078257	147078377	0.054505	0.133038	0	0	0.000000	0.000000	0.000000	23
bb.chr1.147777713	chr1	147777713	147777833	0.063113	0.100226	0	0	0.000000	0.000000	0.000000	23
bb.chr1.149940160	chr1	149940160	149940280	0.028361	0.101259	0	0	0.000000	0.000000	0.000000	23
bb.chr1.150563644	chr1	150563644	150563764	-0.005084	0.088231	0	0	0.000000	0.000000	0.000000	23
bb.chr1.151291246	chr1	151291246	151291366	0.037084	0.080270	0	0	0.000000	0.000000	0.000000	23
bb.chr1.151980349	chr1	151980349	151980469	-0.022986	0.097569	0	0	0.000000	0.000000	0.000000	23
bb.chr1.152617651	chr1	152617651	152617771	-0.008220	0.099171	0	0	0.000000	0.000000	0.000000	23
bb.chr1.153262512	chr1	153262512	153262632	0.015113	0.085308	0	0	0.000000	0.000000	0.000000	23
bb.chr1.154272976	chr1	154272976	154273096	0.021466	0.095644	0	0	0.000000	0.000000	0.000000	23
bb.chr1.155288901	chr1	155288901	155289021	-0.014577	0.115377	0	0	0.000000	0.000000	0.000000	23
RIT1	chr1	155897806	155911354	0.007580	0.033067	0	0	0.000000	0.000000	0.000000	23
bb.chr1.156246048	chr1	156246048	156246168	-0.020045	0.184252	1	0	0.043478	0.000000	0.043478	23
bb.chr1.157587851	chr1	157587851	157587971	-0.235681	0.994123	7	6	0.304348	0.260870	0.565217	23
bb.chr1.158196981	chr1	158196981	158197101	-0.107580	0.607017	5	5	0.217391	0.217391	0.434783	23
bb.chr1.158849474	chr1	158849474	158849594	-0.014036	0.180136	0	0	0.000000	0.000000	0.000000	23
bb.chr1.159683089	chr1	159683089	159683209	-0.038267	0.134863	0	0	0.000000	0.000000	0.000000	23
bb.chr1.160295665	chr1	160295665	160295785	0.063847	0.124686	0	0	0.000000	0.000000	0.000000	23
bb.chr1.161269293	chr1	161269293	161269413	-0.015925	0.161753	0	0	0.000000	0.000000	0.000000	23
bb.chr1.161993757	chr1	161993757	161993877	-0.073298	0.108652	0	0	0.000000	0.000000	0.000000	23
bb.chr1.162622852	chr1	162622852	162622972	-0.007060	0.097110	0	0	0.000000	0.000000	0.000000	23
bb.chr1.163319721	chr1	163319721	163319841	-0.021509	0.192384	0	0	0.000000	0.000000	0.000000	23
bb.chr1.163940959	chr1	163940959	163941079	-0.152859	0.883174	7	5	0.304348	0.217391	0.521739	23
bb.chr1.164935276	chr1	164935276	164935396	0.004442	0.103454	0	0	0.000000	0.000000	0.000000	23
bb.chr1.165998123	chr1	165998123	165998243	0.019181	0.097239	0	0	0.000000	0.000000	0.000000	23
bb.chr1.166930510	chr1	166930510	166930630	-0.026362	0.256817	1	0	0.043478	0.000000	0.043478	23
bb.chr1.167600433	chr1	167600433	167600553	0.003603	0.115959	0	0	0.000000	0.000000	0.000000	23
bb.chr1.168261033	chr1	168261033	168261153	0.041764	0.182887	1	0	0.043478	0.000000	0.043478	23
bb.chr1.169124100	chr1	169124100	169124220	0.031550	0.105633	0	0	0.000000	0.000000	0.000000	23
bb.chr1.170262398	chr1	170262398	170262518	-0.011581	0.118598	0	0	0.000000	0.000000	0.000000	23
bb.chr1.171249756	chr1	171249756	171249876	0.040383	0.116525	0	0	0.000000	0.000000	0.000000	23
bb.chr1.172638749	chr1	172638749	172638869	-0.021820	0.097712	0	0	0.000000	0.000000	0.000000	23
bb.chr1.173254664	chr1	173254664	173254784	-0.022569	0.169868	0	0	0.000000	0.000000	0.000000	23
bb.chr1.173863574	chr1	173863574	173863694	-0.033009	0.089290	0	0	0.000000	0.000000	0.000000	23
bb.chr1.175624885	chr1	175624885	175625005	-0.005551	0.081728	0	0	0.000000	0.000000	0.000000	23
bb.chr1.176442425	chr1	176442425	176442545	-0.030435	0.106308	0	0	0.000000	0.000000	0.000000	23
bb.chr1.177267192	chr1	177267192	177267312	-0.033450	0.082578	0	0	0.000000	0.000000	0.000000	23
bb.chr1.178621199	chr1	178621199	178621319	-0.025641	0.093018	0	0	0.000000	0.000000	0.000000	23
bb.chr1.179553026	chr1	179553026	179553146			0	0	0.000000	0.000000	0.000000	0
bb.chr1.180927734	chr1	180927734	180927854	-0.029348	0.115154	0	0	0.000000	0.000000	0.000000	23
bb.chr1.181580351	chr1	181580351	181580471	0.011301	0.078309	0	0	0.000000	0.000000	0.000000	23
bb.chr1.182611962	chr1	182611962	182612082	0.003482	0.109503	0	0	0.000000	0.000000	0.000000	23
bb.chr1.183609659	chr1	183609659	183609779	-0.028641	0.126166	0	0	0.000000	0.000000	0.000000	23
bb.chr1.184555617	chr1	184555617	184555737	-0.009294	0.161145	0	0	0.000000	0.000000	0.000000	23
bb.chr1.185250488	chr1	185250488	185250608	0.017968	0.081812	0	0	0.000000	0.000000	0.000000	23
bb.chr1.187307287	chr1	187307287	187307407	-0.004133	0.124270	0	0	0.000000	0.000000	0.000000	23
bb.chr1.188250703	chr1	188250703	188250823	-0.103196	0.493146	2	4	0.086957	0.173913	0.260870	23
bb.chr1.188974535	chr1	188974535	188974655	-0.914625	1.603199	2	3	0.086957	0.130435	0.217391	10
BRINP3	chr1	190097656	190477863	0.005523	0.054844	0	0	0.000000	0.000000	0.000000	23
bb.chr1.190215034	chr1	190215034	190215154	-0.065308	0.739340	9	7	0.391304	0.304348	0.695652	23
bb.chr1.190893887	chr1	190893887	190894007			0	0	0.000000	0.000000	0.000000	0
bb.chr1.191593967	chr1	191593967	191594087	-0.646700	1.703181	5	7	0.217391	0.304348	0.521739	16
bb.chr1.192592355	chr1	192592355	192592475			0	0	0.000000	0.000000	0.000000	0
bb.chr1.193469585	chr1	193469585	193469705	-0.055122	0.122159	0	0	0.000000	0.000000	0.000000	23
bb.chr1.194513114	chr1	194513114	194513234	-0.056260	0.064543	0	0	0.000000	0.000000	0.000000	23
bb.chr1.195248961	chr1	195248961	195249081	-0.203557	0.786908	5	7	0.217391	0.304348	0.521739	23
bb.chr1.196713156	chr1	196713156	196713276	-0.033950	0.389642	4	2	0.173913	0.086957	0.260870	23
bb.chr1.198126443	chr1	198126443	198126563	0.009995	0.137393	0	0	0.000000	0.000000	0.000000	23
bb.chr1.199244170	chr1	199244170	199244290			0	0	0.000000	0.000000	0.000000	0
bb.chr1.200233043	chr1	200233043	200233163	0.042587	0.113422	0	0	0.000000	0.000000	0.000000	23
bb.chr1.201253794	chr1	201253794	201253914	0.012220	0.099801	0	0	0.000000	0.000000	0.000000	23
bb.chr1.202208947	chr1	202208947	202209067	-0.001392	0.124064	0	0	0.000000	0.000000	0.000000	23
UBE2T	chr1	202331655	202341947	-0.026190	0.035307	0	0	0.000000	0.000000	0.000000	23
bb.chr1.203601619	chr1	203601619	203601739	-0.042047	0.090354	0	0	0.000000	0.000000	0.000000	23
bb.chr1.204244424	chr1	204244424	204244544	0.011082	0.070867	0	0	0.000000	0.000000	0.000000	23
bb.chr1.204915648	chr1	204915648	204915768	-0.014763	0.247896	0	0	0.000000	0.000000	0.000000	23
bb.chr1.206224328	chr1	206224328	206224448	0.002126	0.110503	0	0	0.000000	0.000000	0.000000	23
bb.chr1.206705717	chr1	206705717	206705837	-0.052173	0.093159	0	0	0.000000	0.000000	0.000000	23
bb.chr1.207375221	chr1	207375221	207375341	-0.002870	0.097320	0	0	0.000000	0.000000	0.000000	23
bb.chr1.208065771	chr1	208065771	208065891	-0.028251	0.093967	0	0	0.000000	0.000000	0.000000	23
bb.chr1.209035760	chr1	209035760	209035880	-0.017383	0.085107	0	0	0.000000	0.000000	0.000000	23
bb.chr1.209659942	chr1	209659942	209660062	-0.026200	0.151644	0	0	0.000000	0.000000	0.000000	23
bb.chr1.210381583	chr1	210381583	210381703	-0.035378	0.166694	0	0	0.000000	0.000000	0.000000	23
bb.chr1.211371942	chr1	211371942	211372062	-0.056851	0.152595	0	0	0.000000	0.000000	0.000000	23
bb.chr1.212365940	chr1	212365940	212366060	0.022548	0.120966	0	0	0.000000	0.000000	0.000000	23
bb.chr1.213036899	chr1	213036899	213037019	-0.025213	0.174430	0	0	0.000000	0.000000	0.000000	23
bb.chr1.213982762	chr1	213982762	213982882	-0.017923	0.171181	0	0	0.000000	0.000000	0.000000	23
bb.chr1.215301503	chr1	215301503	215301623	-0.030293	0.072665	0	0	0.000000	0.000000	0.000000	23
bb.chr1.216500914	chr1	216500914	216501034	-0.065358	0.125694	0	0	0.000000	0.000000	0.000000	23
bb.chr1.217798578	chr1	217798578	217798698	-0.000379	0.093874	0	0	0.000000	0.000000	0.000000	23
bb.chr1.218685332	chr1	218685332	218685452	0.122758	0.168832	2	0	0.086957	0.000000	0.086957	23
bb.chr1.219385055	chr1	219385055	219385175	-0.043722	0.155899	0	0	0.000000	0.000000	0.000000	23
bb.chr1.219991760	chr1	219991760	219991880	-0.036006	0.237325	1	0	0.043478	0.000000	0.043478	23
bb.chr1.221030661	chr1	221030661	221030781	-0.057410	0.217444	0	0	0.000000	0.000000	0.000000	23
bb.chr1.221692916	chr1	221692916	221693036	-0.024990	0.119678	0	0	0.000000	0.000000	0.000000	23
bb.chr1.222742747	chr1	222742747	222742867	0.005993	0.151735	0	0	0.000000	0.000000	0.000000	23
bb.chr1.223344744	chr1	223344744	223344864	-0.027236	0.065963	0	0	0.000000	0.000000	0.000000	23
bb.chr1.224175608	chr1	224175608	224175728	-0.041965	0.122576	0	0	0.000000	0.000000	0.000000	23
bb.chr1.225689947	chr1	225689947	225690067	0.010660	0.107317	0	0	0.000000	0.000000	0.000000	23
bb.chr1.226484256	chr1	226484256	226484376	0.089353	0.120925	0	0	0.000000	0.000000	0.000000	23
bb.chr1.228348796	chr1	228348796	228348916	-0.006405	0.078112	0	0	0.000000	0.000000	0.000000	23
bb.chr1.229065160	chr1	229065160	229065280	-0.020344	0.075111	0	0	0.000000	0.000000	0.000000	23
bb.chr1.229715604	chr1	229715604	229715724	-0.011041	0.111632	0	0	0.000000	0.000000	0.000000	23
bb.chr1.230716310	chr1	230716310	230716430	-0.013466	0.079836	0	0	0.000000	0.000000	0.000000	23
EGLN1	chr1	231363754	231422286	0.017954	0.051443	0	0	0.000000	0.000000	0.000000	23
bb.chr1.231400074	chr1	231400074	231400194	0.144703	0.436377	8	1	0.347826	0.043478	0.391304	23
bb.chr1.232392152	chr1	232392152	232392272	-0.331719	0.990006	5	4	0.217391	0.173913	0.391304	23
bb.chr1.233087017	chr1	233087017	233087137	-0.030509	0.077694	0	0	0.000000	0.000000	0.000000	23
bb.chr1.234028245	chr1	234028245	234028365	0.122218	0.098913	0	0	0.000000	0.000000	0.000000	23
bb.chr1.234726061	chr1	234726061	234726181	-0.009003	0.076222	0	0	0.000000	0.000000	0.000000	23
bb.chr1.235457658	chr1	235457658	235457778	-0.050353	0.335337	0	2	0.000000	0.086957	0.086957	23
bb.chr1.236410907	chr1	236410907	236411027	0.015017	0.099405	0	0	0.000000	0.000000	0.000000	23
bb.chr1.237307721	chr1	237307721	237307841	0.054525	0.145835	1	0	0.043478	0.000000	0.043478	23
bb.chr1.238300491	chr1	238300491	238300611			0	0	0.000000	0.000000	0.000000	0
bb.chr1.239052497	chr1	239052497	239052617	-0.053345	0.286003	1	1	0.043478	0.043478	0.086957	23
bb.chr1.240361220	chr1	240361220	240361340	0.046882	0.096864	0	0	0.000000	0.000000	0.000000	23
bb.chr1.241015584	chr1	241015584	241015704			0	0	0.000000	0.000000	0.000000	0
bb.chr1.241701354	chr1	241701354	241701474	0.004078	0.263155	0	0	0.000000	0.000000	0.000000	23
bb.chr1.242383011	chr1	242383011	242383131	-0.010247	0.096023	0	0	0.000000	0.000000	0.000000	23
bb.chr1.243159250	chr1	243159250	243159370	-0.462537	1.099113	4	10	0.173913	0.434783	0.608696	14
bb.chr1.244728310	chr1	244728310	244728430	0.069103	0.081105	0	0	0.000000	0.000000	0.000000	23
bb.chr1.245386600	chr1	245386600	245386720	0.017040	0.102456	0	0	0.000000	0.000000	0.000000	23
bb.chr1.246947700	chr1	246947700	246947820	-0.039047	0.165499	0	0	0.000000	0.000000	0.000000	23
bb.chr1.248360900	chr1	248360900	248361020	-0.022039	0.102046	0	0	0.000000	0.000000	0.000000	23
bb.chr2.615950	chr2	615950	616070	0.136964	0.073382	0	0	0.000000	0.000000	0.000000	23
bb.chr2.2113038	chr2	2113038	2113158	-0.004007	0.071560	0	0	0.000000	0.000000	0.000000	23
bb.chr2.2751505	chr2	2751505	2751625	-0.003159	0.083016	0	0	0.000000	0.000000	0.000000	23
bb.chr2.3724688	chr2	3724688	3724808	0.050484	0.157003	1	0	0.043478	0.000000	0.043478	23
bb.chr2.4852990	chr2	4852990	4853110	-0.184913	0.710581	5	6	0.217391	0.260870	0.478261	23
bb.chr2.5363007	chr2	5363007	5363127	-0.029505	0.146205	0	0	0.000000	0.000000	0.000000	23
bb.chr2.5987017	chr2	5987017	5987137	0.007523	0.267266	2	0	0.086957	0.000000	0.086957	23
bb.chr2.7210302	chr2	7210302	7210422	-0.002380	0.077134	0	0	0.000000	0.000000	0.000000	23
bb.chr2.7861391	chr2	7861391	7861511	-0.020802	0.100599	0	0	0.000000	0.000000	0.000000	23
bb.chr2.9139202	chr2	9139202	9139322	0.015733	0.088246	0	0	0.000000	0.000000	0.000000	23
bb.chr2.9979691	chr2	9979691	9979811	-2.537670	0.329196	0	4	0.000000	0.173913	0.173913	4
bb.chr2.10873496	chr2	10873496	10873616	0.006339	0.092451	0	0	0.000000	0.000000	0.000000	23
bb.chr2.11800633	chr2	11800633	11800753	-0.030426	0.098551	0	0	0.000000	0.000000	0.000000	23
bb.chr2.12420996	chr2	12420996	12421116	0.109529	0.107791	0	0	0.000000	0.000000	0.000000	23
bb.chr2.13339814	chr2	13339814	13339934	-0.030868	0.110766	0	0	0.000000	0.000000	0.000000	23
bb.chr2.13941720	chr2	13941720	13941840	-0.160187	0.401335	0	5	0.000000	0.217391	0.217391	23
bb.chr2.15166677	chr2	15166677	15166797	0.009781	0.129908	0	0	0.000000	0.000000	0.000000	23
bb.chr2.15772742	chr2	15772742	15772862	-0.010211	0.102556	0	0	0.000000	0.000000	0.000000	23
MYCN	chr2	15940548	15947003	-0.013777	0.055842	0	0	0.000000	0.000000	0.000000	23
bb.chr2.16809926	chr2	16809926	16810046	-0.006000	0.087136	0	0	0.000000	0.000000	0.000000	23
bb.chr2.17864911	chr2	17864911	17865031	0.006008	0.259534	1	1	0.043478	0.043478	0.086957	23
bb.chr2.18743883	chr2	18743883	18744003			0	0	0.000000	0.000000	0.000000	0
bb.chr2.19346974	chr2	19346974	19347094	0.004228	0.111445	0	0	0.000000	0.000000	0.000000	23
bb.chr2.20006594	chr2	20006594	20006714	0.107457	0.104693	0	0	0.000000	0.000000	0.000000	23
bb.chr2.20626846	chr2	20626846	20626966	-0.013346	0.083458	0	0	0.000000	0.000000	0.000000	23
bb.chr2.21231790	chr2	21231790	21231910	-0.047779	0.272481	0	1	0.000000	0.043478	0.043478	23
bb.chr2.22329765	chr2	22329765	22329885	-0.029523	0.190708	0	0	0.000000	0.000000	0.000000	23
bb.chr2.23642978	chr2	23642978	23643098	0.021711	0.143996	0	0	0.000000	0.000000	0.000000	23
bb.chr2.24433698	chr2	24433698	24433818	0.035294	0.160684	0	0	0.000000	0.000000	0.000000	23
bb.chr2.25150369	chr2	25150369	25150489	-1.937738	0.783303	0	7	0.000000	0.304348	0.304348	7
DNMT3A	chr2	25227872	25341925	0.008855	0.038486	0	0	0.000000	0.000000	0.000000	23
ASXL2	chr2	25733751	25878486	0.006536	0.020215	0	0	0.000000	0.000000	0.000000	23
bb.chr2.26318499	chr2	26318499	26318619	-0.006174	0.193096	0	0	0.000000	0.000000	0.000000	23
bb.chr2.27161651	chr2	27161651	27161771	-0.002723	0.089036	0	0	0.000000	0.000000	0.000000	23
bb.chr2.27959079	chr2	27959079	27959199	-0.000872	0.095717	0	0	0.000000	0.000000	0.000000	23
bb.chr2.28578967	chr2	28578967	28579087	-0.005351	0.082314	0	0	0.000000	0.000000	0.000000	23
bb.chr2.29232898	chr2	29232898	29233018	0.028761	0.120821	0	0	0.000000	0.000000	0.000000	23
bb.chr2.30039616	chr2	30039616	30039736	-0.006114	0.079775	0	0	0.000000	0.000000	0.000000	23
bb.chr2.30713648	chr2	30713648	30713768	-0.006068	0.121035	0	0	0.000000	0.000000	0.000000	23
bb.chr2.31369397	chr2	31369397	31369517	-0.007474	0.279928	0	1	0.000000	0.043478	0.043478	23
bb.chr2.32232408	chr2	32232408	32232528	0.005348	0.102992	0	0	0.000000	0.000000	0.000000	23
bb.chr2.32837354	chr2	32837354	32837474	-0.030004	0.120146	0	0	0.000000	0.000000	0.000000	23
bb.chr2.33474894	chr2	33474894	33475014	-0.044677	0.111705	0	0	0.000000	0.000000	0.000000	23
bb.chr2.34080327	chr2	34080327	34080447	-0.027173	0.167534	0	0	0.000000	0.000000	0.000000	23
bb.chr2.34850875	chr2	34850875	34850995	-0.072505	0.498152	4	5	0.173913	0.217391	0.391304	23
bb.chr2.35605775	chr2	35605775	35605895	-0.015752	0.139664	0	0	0.000000	0.000000	0.000000	23
bb.chr2.36838815	chr2	36838815	36838935	-0.017812	0.166923	0	0	0.000000	0.000000	0.000000	23
bb.chr2.37760637	chr2	37760637	37760757	0.007345	0.104789	0	0	0.000000	0.000000	0.000000	23
bb.chr2.38446486	chr2	38446486	38446606	-0.023633	0.097302	0	0	0.000000	0.000000	0.000000	23
bb.chr2.39879552	chr2	39879552	39879672	0.011752	0.095886	0	0	0.000000	0.000000	0.000000	23
bb.chr2.40797101	chr2	40797101	40797221	-0.041430	0.305934	0	3	0.000000	0.130435	0.130435	23
bb.chr2.41733046	chr2	41733046	41733166	-0.174593	0.797089	7	7	0.304348	0.304348	0.608696	23
bb.chr2.42497854	chr2	42497854	42497974	-0.031100	0.226789	0	1	0.000000	0.043478	0.043478	23
bb.chr2.43220346	chr2	43220346	43220466	0.001467	0.152666	0	0	0.000000	0.000000	0.000000	23
bb.chr2.44169845	chr2	44169845	44169965	0.018396	0.104440	0	0	0.000000	0.000000	0.000000	23
bb.chr2.45088576	chr2	45088576	45088696	0.026478	0.127003	0	0	0.000000	0.000000	0.000000	23
bb.chr2.46017981	chr2	46017981	46018101	-0.029551	0.100202	0	0	0.000000	0.000000	0.000000	23
EPAS1	chr2	46297405	46386696	-0.011319	0.031188	0	0	0.000000	0.000000	0.000000	23
bb.chr2.47680277	chr2	47680277	47680397			0	0	0.000000	0.000000	0.000000	0
bb.chr2.48560720	chr2	48560720	48560840	0.098760	0.102356	0	0	0.000000	0.000000	0.000000	23
bb.chr2.49369322	chr2	49369322	49369442	-0.005356	0.101594	0	0	0.000000	0.000000	0.000000	23
bb.chr2.50004092	chr2	50004092	50004212	-0.025222	0.198181	0	0	0.000000	0.000000	0.000000	23
bb.chr2.50616473	chr2	50616473	50616593			0	0	0.000000	0.000000	0.000000	0
bb.chr2.51225881	chr2	51225881	51226001	0.020017	0.096386	0	0	0.000000	0.000000	0.000000	23
bb.chr2.52097060	chr2	52097060	52097180	-0.098867	0.626673	5	3	0.217391	0.130435	0.347826	23
bb.chr2.53032453	chr2	53032453	53032573	-0.021204	0.146941	0	0	0.000000	0.000000	0.000000	23
bb.chr2.53662670	chr2	53662670	53662790			0	0	0.000000	0.000000	0.000000	0
bb.chr2.54572024	chr2	54572024	54572144	0.013044	0.089284	0	0	0.000000	0.000000	0.000000	23
bb.chr2.55216396	chr2	55216396	55216516	-0.062633	0.451476	3	1	0.130435	0.043478	0.173913	23
bb.chr2.56127769	chr2	56127769	56127889	-0.003693	0.089796	0	0	0.000000	0.000000	0.000000	23
bb.chr2.57045598	chr2	57045598	57045718	0.016556	0.119701	0	0	0.000000	0.000000	0.000000	23
bb.chr2.57904909	chr2	57904909	57905029	-0.057862	0.665023	9	7	0.391304	0.304348	0.695652	23
bb.chr2.58583489	chr2	58583489	58583609	-0.045887	0.189867	0	0	0.000000	0.000000	0.000000	23
bb.chr2.59518342	chr2	59518342	59518462	0.013858	0.066324	0	0	0.000000	0.000000	0.000000	23
bb.chr2.60434809	chr2	60434809	60434929	-0.008001	0.138002	0	0	0.000000	0.000000	0.000000	23
bb.chr2.61118938	chr2	61118938	61119058	0.017864	0.084112	0	0	0.000000	0.000000	0.000000	23
bb.chr2.61734456	chr2	61734456	61734576	-0.042554	0.245426	0	2	0.000000	0.086957	0.086957	23
bb.chr2.63398706	chr2	63398706	63398826	0.036762	0.085518	0	0	0.000000	0.000000	0.000000	23
bb.chr2.64104621	chr2	64104621	64104741	-0.004260	0.149117	0	0	0.000000	0.000000	0.000000	23
bb.chr2.65108839	chr2	65108839	65108959	-2.946230	0.000000	0	1	0.000000	0.043478	0.043478	1
bb.chr2.66228674	chr2	66228674	66228794	0.015444	0.109062	0	0	0.000000	0.000000	0.000000	23
bb.chr2.67144732	chr2	67144732	67144852	0.022041	0.107294	0	0	0.000000	0.000000	0.000000	23
bb.chr2.67781515	chr2	67781515	67781635	-2.088338	2.427222	4	7	0.173913	0.304348	0.478261	11
bb.chr2.68691490	chr2	68691490	68691610	-0.124330	0.706310	7	6	0.304348	0.260870	0.565217	23
bb.chr2.69294504	chr2	69294504	69294624	-0.066416	0.082042	0	0	0.000000	0.000000	0.000000	23
bb.chr2.70200265	chr2	70200265	70200385	-0.136198	0.285842	0	3	0.000000	0.130435	0.130435	23
bb.chr2.70975318	chr2	70975318	70975438	-0.028761	0.070923	0	0	0.000000	0.000000	0.000000	23
bb.chr2.71778153	chr2	71778153	71778273	-0.037182	0.085296	0	0	0.000000	0.000000	0.000000	23
bb.chr2.73220587	chr2	73220587	73220707	-0.018412	0.104718	0	0	0.000000	0.000000	0.000000	23
bb.chr2.74095057	chr2	74095057	74095177	-0.013979	0.062956	0	0	0.000000	0.000000	0.000000	23
bb.chr2.74814130	chr2	74814130	74814250	-0.007285	0.090867	0	0	0.000000	0.000000	0.000000	23
bb.chr2.76276724	chr2	76276724	76276844	0.019817	0.134841	0	0	0.000000	0.000000	0.000000	23
bb.chr2.76994903	chr2	76994903	76995023	-0.025276	0.160986	0	0	0.000000	0.000000	0.000000	23
bb.chr2.79423532	chr2	79423532	79423652	-0.066948	0.633499	6	6	0.260870	0.260870	0.521739	23
bb.chr2.80296993	chr2	80296993	80297113	0.005406	0.086733	0	0	0.000000	0.000000	0.000000	23
bb.chr2.81411738	chr2	81411738	81411858			0	0	0.000000	0.000000	0.000000	0
bb.chr2.83756151	chr2	83756151	83756271	-0.069382	0.238577	0	0	0.000000	0.000000	0.000000	23
bb.chr2.85535578	chr2	85535578	85535698	0.159178	0.084882	0	0	0.000000	0.000000	0.000000	23
bb.chr2.86138616	chr2	86138616	86138736	-0.062221	0.139289	0	0	0.000000	0.000000	0.000000	23
bb.chr2.87131946	chr2	87131946	87132066	-0.023478	0.088813	0	0	0.000000	0.000000	0.000000	23
bb.chr2.87662226	chr2	87662226	87662346	-0.019197	0.138464	0	0	0.000000	0.000000	0.000000	23
bb.chr2.88502177	chr2	88502177	88502297	-0.004245	0.094539	0	0	0.000000	0.000000	0.000000	23
bb.chr2.89955561	chr2	89955561	89955681	-0.110137	0.337755	0	3	0.000000	0.130435	0.130435	23
bb.chr2.91892275	chr2	91892275	91892395	-0.165461	0.834801	7	6	0.304348	0.260870	0.565217	23
bb.chr2.95196928	chr2	95196928	95197048	0.036896	0.126186	1	0	0.043478	0.000000	0.043478	23
bb.chr2.95856284	chr2	95856284	95856404	0.030342	0.089218	0	0	0.000000	0.000000	0.000000	23
bb.chr2.98368131	chr2	98368131	98368251	0.119434	0.093259	0	0	0.000000	0.000000	0.000000	23
bb.chr2.99337753	chr2	99337753	99337873	-0.009667	0.124072	0	0	0.000000	0.000000	0.000000	23
bb.chr2.100147482	chr2	100147482	100147602	-0.020557	0.113049	0	0	0.000000	0.000000	0.000000	23
bb.chr2.101049307	chr2	101049307	101049427	-0.007834	0.111634	0	0	0.000000	0.000000	0.000000	23
bb.chr2.101984499	chr2	101984499	101984619	-0.031312	0.119560	0	0	0.000000	0.000000	0.000000	23
bb.chr2.102593702	chr2	102593702	102593822	0.076005	0.105365	0	0	0.000000	0.000000	0.000000	23
bb.chr2.103963548	chr2	103963548	103963668	0.015304	0.145579	0	0	0.000000	0.000000	0.000000	23
bb.chr2.105049477	chr2	105049477	105049597	-0.122355	0.507708	3	4	0.130435	0.173913	0.304348	23
bb.chr2.105966147	chr2	105966147	105966267	-0.043132	0.081792	0	0	0.000000	0.000000	0.000000	23
bb.chr2.106582877	chr2	106582877	106582997	0.001971	0.159245	0	0	0.000000	0.000000	0.000000	23
bb.chr2.107798487	chr2	107798487	107798607	-0.041243	0.080483	0	0	0.000000	0.000000	0.000000	23
bb.chr2.109031525	chr2	109031525	109031645	-0.063360	0.149830	0	0	0.000000	0.000000	0.000000	23
bb.chr2.109499152	chr2	109499152	109499272	0.036313	0.118240	0	0	0.000000	0.000000	0.000000	23
bb.chr2.110273001	chr2	110273001	110273121	0.011406	0.365748	3	1	0.130435	0.043478	0.173913	23
bb.chr2.111031157	chr2	111031157	111031277	-0.025212	0.091604	0	0	0.000000	0.000000	0.000000	23
bb.chr2.111644173	chr2	111644173	111644293	-0.023168	0.105593	0	0	0.000000	0.000000	0.000000	23
bb.chr2.112551836	chr2	112551836	112551956	0.032767	0.155818	0	0	0.000000	0.000000	0.000000	23
bb.chr2.113176814	chr2	113176814	113176934	-0.011646	0.099590	0	0	0.000000	0.000000	0.000000	23
bb.chr2.114039681	chr2	114039681	114039801	-0.028470	0.073007	0	0	0.000000	0.000000	0.000000	23
bb.chr2.114709896	chr2	114709896	114710016	0.005415	0.110982	0	0	0.000000	0.000000	0.000000	23
bb.chr2.115620896	chr2	115620896	115621016	-0.095153	0.321341	0	2	0.000000	0.086957	0.086957	23
bb.chr2.116245780	chr2	116245780	116245900	-0.036011	0.166228	0	0	0.000000	0.000000	0.000000	23
bb.chr2.117092483	chr2	117092483	117092603	0.006268	0.160122	0	0	0.000000	0.000000	0.000000	23
bb.chr2.117772369	chr2	117772369	117772489	-0.041067	0.320634	0	3	0.000000	0.130435	0.130435	23
bb.chr2.118942460	chr2	118942460	118942580	0.135694	0.146127	1	0	0.043478	0.000000	0.043478	23
bb.chr2.120218195	chr2	120218195	120218315	0.071554	0.099460	0	0	0.000000	0.000000	0.000000	23
bb.chr2.120821905	chr2	120821905	120822025	-0.044900	0.116195	0	0	0.000000	0.000000	0.000000	23
bb.chr2.121816381	chr2	121816381	121816501	-0.006431	0.053374	0	0	0.000000	0.000000	0.000000	23
bb.chr2.122638369	chr2	122638369	122638489	0.002202	0.119321	0	0	0.000000	0.000000	0.000000	23
bb.chr2.123298120	chr2	123298120	123298240	-0.036424	0.194910	0	0	0.000000	0.000000	0.000000	23
bb.chr2.123907814	chr2	123907814	123907934	0.013238	0.089169	0	0	0.000000	0.000000	0.000000	23
bb.chr2.124509295	chr2	124509295	124509415	-0.168892	0.758347	5	3	0.217391	0.130435	0.347826	23
bb.chr2.125726340	chr2	125726340	125726460	0.037704	0.150995	0	0	0.000000	0.000000	0.000000	23
bb.chr2.126365766	chr2	126365766	126365886	0.026629	0.219208	1	0	0.043478	0.000000	0.043478	23
bb.chr2.126981206	chr2	126981206	126981326	-0.033160	0.129184	0	0	0.000000	0.000000	0.000000	23
bb.chr2.127637123	chr2	127637123	127637243	0.003874	0.182268	0	0	0.000000	0.000000	0.000000	23
bb.chr2.128540082	chr2	128540082	128540202	-0.009727	0.107191	0	0	0.000000	0.000000	0.000000	23
bb.chr2.129362272	chr2	129362272	129362392	0.006979	0.078907	0	0	0.000000	0.000000	0.000000	23
bb.chr2.130317460	chr2	130317460	130317580	0.015049	0.102764	0	0	0.000000	0.000000	0.000000	23
bb.chr2.131536435	chr2	131536435	131536555	0.026750	0.125528	0	0	0.000000	0.000000	0.000000	23
bb.chr2.133090729	chr2	133090729	133090849	-0.013756	0.231582	2	0	0.086957	0.000000	0.086957	23
bb.chr2.134008238	chr2	134008238	134008358	0.008638	0.070865	0	0	0.000000	0.000000	0.000000	23
bb.chr2.134919841	chr2	134919841	134919961	-0.069752	0.302053	1	2	0.043478	0.086957	0.130435	23
bb.chr2.135798029	chr2	135798029	135798149	0.126042	0.090224	0	0	0.000000	0.000000	0.000000	23
bb.chr2.136494805	chr2	136494805	136494925	0.015192	0.098186	0	0	0.000000	0.000000	0.000000	23
bb.chr2.137673093	chr2	137673093	137673213	0.009699	0.087902	0	0	0.000000	0.000000	0.000000	23
bb.chr2.138279433	chr2	138279433	138279553	-0.042178	0.180925	0	0	0.000000	0.000000	0.000000	23
bb.chr2.139192960	chr2	139192960	139193080	-0.050181	0.254004	0	0	0.000000	0.000000	0.000000	23
bb.chr2.139808668	chr2	139808668	139808788	-0.034788	0.458350	4	4	0.173913	0.173913	0.347826	23
bb.chr2.140423187	chr2	140423187	140423307	-0.016327	0.316161	3	1	0.130435	0.043478	0.173913	23
bb.chr2.141036576	chr2	141036576	141036696	0.010806	0.088917	0	0	0.000000	0.000000	0.000000	23
bb.chr2.141956942	chr2	141956942	141957062	-0.036767	0.204340	0	0	0.000000	0.000000	0.000000	23
bb.chr2.142884021	chr2	142884021	142884141	-0.069199	0.481539	3	3	0.130435	0.130435	0.260870	23
bb.chr2.143522889	chr2	143522889	143523009	-0.077389	0.467256	3	2	0.130435	0.086957	0.217391	23
bb.chr2.144456980	chr2	144456980	144457100	0.007816	0.111050	0	0	0.000000	0.000000	0.000000	23
bb.chr2.145335464	chr2	145335464	145335584	0.012938	0.143011	0	0	0.000000	0.000000	0.000000	23
bb.chr2.145935928	chr2	145935928	145936048	0.010798	0.066421	0	0	0.000000	0.000000	0.000000	23
bb.chr2.146833942	chr2	146833942	146834062			0	0	0.000000	0.000000	0.000000	0
bb.chr2.147530236	chr2	147530236	147530356	-0.011947	0.077447	0	0	0.000000	0.000000	0.000000	23
bb.chr2.148935850	chr2	148935850	148935970	-0.014972	0.261161	0	1	0.000000	0.043478	0.043478	23
bb.chr2.150148808	chr2	150148808	150148928	-0.010979	0.094783	0	0	0.000000	0.000000	0.000000	23
bb.chr2.150763119	chr2	150763119	150763239	0.071313	0.192519	0	0	0.000000	0.000000	0.000000	23
bb.chr2.151609231	chr2	151609231	151609351	0.009233	0.148473	0	0	0.000000	0.000000	0.000000	23
bb.chr2.152379263	chr2	152379263	152379383	-0.016600	0.101110	0	0	0.000000	0.000000	0.000000	23
bb.chr2.153142646	chr2	153142646	153142766	-0.020419	0.137737	0	0	0.000000	0.000000	0.000000	23
bb.chr2.155025572	chr2	155025572	155025692	-0.021337	0.215673	1	0	0.043478	0.000000	0.043478	23
bb.chr2.155682429	chr2	155682429	155682549	-0.103651	0.420401	1	4	0.043478	0.173913	0.217391	23
bb.chr2.156311108	chr2	156311108	156311228	-0.419590	1.362139	3	5	0.130435	0.217391	0.347826	8
bb.chr2.158046417	chr2	158046417	158046537	0.042970	0.108568	0	0	0.000000	0.000000	0.000000	23
bb.chr2.158706334	chr2	158706334	158706454	0.012421	0.089462	0	0	0.000000	0.000000	0.000000	23
bb.chr2.159533691	chr2	159533691	159533811	-0.034280	0.116434	0	0	0.000000	0.000000	0.000000	23
bb.chr2.160495208	chr2	160495208	160495328	0.013698	0.081159	0	0	0.000000	0.000000	0.000000	23
bb.chr2.161226800	chr2	161226800	161226920	-0.008082	0.095483	0	0	0.000000	0.000000	0.000000	23
bb.chr2.161872497	chr2	161872497	161872617	-0.039579	0.309346	2	2	0.086957	0.086957	0.173913	23
bb.chr2.163171218	chr2	163171218	163171338	0.103235	0.221284	1	0	0.043478	0.000000	0.043478	23
bb.chr2.163917083	chr2	163917083	163917203	-0.015192	0.158631	0	0	0.000000	0.000000	0.000000	23
bb.chr2.164790762	chr2	164790762	164790882	-0.055442	0.276646	0	1	0.000000	0.043478	0.043478	23
bb.chr2.165410235	chr2	165410235	165410355			0	0	0.000000	0.000000	0.000000	0
bb.chr2.166354082	chr2	166354082	166354202			0	0	0.000000	0.000000	0.000000	0
bb.chr2.166959721	chr2	166959721	166959841	-0.043673	0.176925	0	1	0.000000	0.043478	0.043478	23
bb.chr2.167692168	chr2	167692168	167692288	-0.013807	0.095735	0	0	0.000000	0.000000	0.000000	23
bb.chr2.168429615	chr2	168429615	168429735	-0.036550	0.089517	0	0	0.000000	0.000000	0.000000	23
bb.chr2.169115966	chr2	169115966	169116086	-0.051598	0.073724	0	0	0.000000	0.000000	0.000000	23
bb.chr2.169766530	chr2	169766530	169766650	0.007040	0.126737	0	0	0.000000	0.000000	0.000000	23
bb.chr2.170829989	chr2	170829989	170830109	0.038906	0.106509	0	0	0.000000	0.000000	0.000000	23
bb.chr2.171574005	chr2	171574005	171574125	-0.113526	0.454401	1	4	0.043478	0.173913	0.217391	23
bb.chr2.172479686	chr2	172479686	172479806	0.082819	0.070674	0	0	0.000000	0.000000	0.000000	23
bb.chr2.173840757	chr2	173840757	173840877	0.023843	0.078698	0	0	0.000000	0.000000	0.000000	23
bb.chr2.174784529	chr2	174784529	174784649	-0.008147	0.098100	0	0	0.000000	0.000000	0.000000	23
bb.chr2.175557217	chr2	175557217	175557337	0.005363	0.159494	0	0	0.000000	0.000000	0.000000	23
bb.chr2.176205338	chr2	176205338	176205458	0.001555	0.111810	0	0	0.000000	0.000000	0.000000	23
bb.chr2.177060018	chr2	177060018	177060138	-0.019759	0.082133	0	0	0.000000	0.000000	0.000000	23
bb.chr2.177998473	chr2	177998473	177998593	0.003258	0.148265	0	0	0.000000	0.000000	0.000000	23
bb.chr2.178843890	chr2	178843890	178844010	-0.032600	0.186623	0	0	0.000000	0.000000	0.000000	23
bb.chr2.179528798	chr2	179528798	179528918	-0.032447	0.075060	0	0	0.000000	0.000000	0.000000	23
bb.chr2.180136907	chr2	180136907	180137027			0	0	0.000000	0.000000	0.000000	0
bb.chr2.180751089	chr2	180751089	180751209	0.004875	0.108358	0	0	0.000000	0.000000	0.000000	23
bb.chr2.181371578	chr2	181371578	181371698	-0.052862	0.093787	0	0	0.000000	0.000000	0.000000	23
bb.chr2.181988419	chr2	181988419	181988539	-1.077013	1.496407	3	8	0.130435	0.347826	0.478261	11
bb.chr2.182597547	chr2	182597547	182597667	-0.031869	0.107002	0	0	0.000000	0.000000	0.000000	23
bb.chr2.183513318	chr2	183513318	183513438	-0.029055	0.073212	0	0	0.000000	0.000000	0.000000	23
bb.chr2.184131160	chr2	184131160	184131280	0.005097	0.072480	0	0	0.000000	0.000000	0.000000	23
bb.chr2.185346280	chr2	185346280	185346400	-0.018502	0.122416	0	0	0.000000	0.000000	0.000000	23
bb.chr2.186488763	chr2	186488763	186488883	0.014577	0.072593	0	0	0.000000	0.000000	0.000000	23
bb.chr2.187599167	chr2	187599167	187599287	0.019082	0.171528	0	0	0.000000	0.000000	0.000000	23
bb.chr2.188416842	chr2	188416842	188416962	-3.426825	0.130015	0	2	0.000000	0.086957	0.086957	2
bb.chr2.189288249	chr2	189288249	189288369	-0.061486	0.330972	2	3	0.086957	0.130435	0.217391	23
bb.chr2.190531402	chr2	190531402	190531522	-0.008313	0.131373	0	0	0.000000	0.000000	0.000000	23
bb.chr2.191160199	chr2	191160199	191160319	0.027165	0.177340	1	0	0.043478	0.000000	0.043478	23
bb.chr2.192094530	chr2	192094530	192094650	0.021086	0.147480	0	0	0.000000	0.000000	0.000000	23
bb.chr2.192699492	chr2	192699492	192699612	-0.104032	0.586247	4	4	0.173913	0.173913	0.347826	23
bb.chr2.194486173	chr2	194486173	194486293	0.061144	0.441596	7	2	0.304348	0.086957	0.391304	23
bb.chr2.195452495	chr2	195452495	195452615	-0.738154	1.571162	6	6	0.260870	0.260870	0.521739	19
bb.chr2.196246227	chr2	196246227	196246347	-0.008744	0.086483	0	0	0.000000	0.000000	0.000000	23
bb.chr2.197301333	chr2	197301333	197301453	0.001912	0.147860	0	0	0.000000	0.000000	0.000000	23
SF3B1	chr2	197389782	197435042	0.004770	0.043585	0	0	0.000000	0.000000	0.000000	23
bb.chr2.199144111	chr2	199144111	199144231	0.032624	0.144907	0	0	0.000000	0.000000	0.000000	23
bb.chr2.200050326	chr2	200050326	200050446	-0.039442	0.266857	0	1	0.000000	0.043478	0.043478	23
bb.chr2.200794062	chr2	200794062	200794182	-0.112276	0.432878	1	2	0.043478	0.086957	0.130435	23
bb.chr2.201636422	chr2	201636422	201636542	0.000339	0.160589	0	0	0.000000	0.000000	0.000000	23
bb.chr2.202767727	chr2	202767727	202767847	-0.030734	0.349214	2	2	0.086957	0.086957	0.173913	23
bb.chr2.203713122	chr2	203713122	203713242	-0.003869	0.108653	0	0	0.000000	0.000000	0.000000	23
bb.chr2.204335548	chr2	204335548	204335668	-0.035448	0.164142	0	0	0.000000	0.000000	0.000000	23
bb.chr2.204969155	chr2	204969155	204969275	-0.027811	0.131282	0	0	0.000000	0.000000	0.000000	23
bb.chr2.206189111	chr2	206189111	206189231	-0.040056	0.122868	0	0	0.000000	0.000000	0.000000	23
bb.chr2.207082509	chr2	207082509	207082629	-0.018237	0.095317	0	0	0.000000	0.000000	0.000000	23
bb.chr2.208872831	chr2	208872831	208872951	0.042543	0.152640	1	0	0.043478	0.000000	0.043478	23
bb.chr2.209829936	chr2	209829936	209830056	-0.013849	0.108691	0	0	0.000000	0.000000	0.000000	23
bb.chr2.210784022	chr2	210784022	210784142			0	0	0.000000	0.000000	0.000000	0
bb.chr2.211690369	chr2	211690369	211690489	0.112866	0.078350	0	0	0.000000	0.000000	0.000000	23
bb.chr2.212710722	chr2	212710722	212710842	-0.020610	0.106041	0	0	0.000000	0.000000	0.000000	23
bb.chr2.214127328	chr2	214127328	214127448	-0.012372	0.164448	0	0	0.000000	0.000000	0.000000	23
bb.chr2.214749444	chr2	214749444	214749564	-0.056937	0.164996	0	0	0.000000	0.000000	0.000000	23
bb.chr2.215662639	chr2	215662639	215662759	-0.066549	0.327056	1	1	0.043478	0.043478	0.086957	23
bb.chr2.216283634	chr2	216283634	216283754	0.000420	0.138164	0	0	0.000000	0.000000	0.000000	23
bb.chr2.216897557	chr2	216897557	216897677	-0.006002	0.094162	0	0	0.000000	0.000000	0.000000	23
bb.chr2.217526234	chr2	217526234	217526354	-0.032557	0.077864	0	0	0.000000	0.000000	0.000000	23
bb.chr2.218403130	chr2	218403130	218403250	0.016977	0.130301	0	0	0.000000	0.000000	0.000000	23
bb.chr2.219028314	chr2	219028314	219028434	-0.025993	0.143542	0	0	0.000000	0.000000	0.000000	23
bb.chr2.219916658	chr2	219916658	219916778	-0.020449	0.080511	0	0	0.000000	0.000000	0.000000	23
bb.chr2.220587561	chr2	220587561	220587681	0.005924	0.100588	0	0	0.000000	0.000000	0.000000	23
bb.chr2.221817284	chr2	221817284	221817404	0.008188	0.120259	0	0	0.000000	0.000000	0.000000	23
bb.chr2.222806729	chr2	222806729	222806849	0.018063	0.105110	0	0	0.000000	0.000000	0.000000	23
bb.chr2.223721591	chr2	223721591	223721711	-0.008979	0.090335	0	0	0.000000	0.000000	0.000000	23
bb.chr2.224557462	chr2	224557462	224557582	-0.112518	0.530181	4	4	0.173913	0.173913	0.347826	23
bb.chr2.225498511	chr2	225498511	225498631	-0.012587	0.222806	0	0	0.000000	0.000000	0.000000	23
bb.chr2.226334487	chr2	226334487	226334607	-0.007869	0.118984	0	0	0.000000	0.000000	0.000000	23
bb.chr2.227002609	chr2	227002609	227002729	-0.018669	0.171056	0	0	0.000000	0.000000	0.000000	23
bb.chr2.227609625	chr2	227609625	227609745	-0.015139	0.093634	0	0	0.000000	0.000000	0.000000	23
bb.chr2.228227445	chr2	228227445	228227565	-0.006736	0.106593	0	0	0.000000	0.000000	0.000000	23
bb.chr2.228914047	chr2	228914047	228914167	-0.005904	0.117217	0	0	0.000000	0.000000	0.000000	23
bb.chr2.230326981	chr2	230326981	230327101	-0.001718	0.100911	0	0	0.000000	0.000000	0.000000	23
bb.chr2.230982065	chr2	230982065	230982185	-0.006221	0.110544	0	0	0.000000	0.000000	0.000000	23
bb.chr2.231600388	chr2	231600388	231600508	-0.009791	0.139046	0	0	0.000000	0.000000	0.000000	23
bb.chr2.233133711	chr2	233133711	233133831	0.035724	0.105853	0	0	0.000000	0.000000	0.000000	23
bb.chr2.234001407	chr2	234001407	234001527	0.035569	0.242535	2	0	0.086957	0.000000	0.086957	23
bb.chr2.234954939	chr2	234954939	234955059	0.034590	0.108982	0	0	0.000000	0.000000	0.000000	23
bb.chr2.235825509	chr2	235825509	235825629	-0.011340	0.298900	2	0	0.086957	0.000000	0.086957	23
bb.chr2.237035875	chr2	237035875	237035995	-0.023549	0.119270	0	0	0.000000	0.000000	0.000000	23
bb.chr2.237992489	chr2	237992489	237992609	-0.101472	0.619636	4	4	0.173913	0.173913	0.347826	23
bb.chr2.238596921	chr2	238596921	238597041	0.012062	0.086251	0	0	0.000000	0.000000	0.000000	23
bb.chr2.239191638	chr2	239191638	239191758	0.016612	0.126200	0	0	0.000000	0.000000	0.000000	23
bb.chr2.239811266	chr2	239811266	239811386	0.002131	0.168154	0	0	0.000000	0.000000	0.000000	23
bb.chr2.240704224	chr2	240704224	240704344	0.042131	0.207769	1	0	0.043478	0.000000	0.043478	23
bb.chr2.241324908	chr2	241324908	241325028	-0.057204	0.264471	1	1	0.043478	0.043478	0.086957	23
bb.chr3.540505	chr3	540505	540625	-0.348651	1.084511	7	5	0.304348	0.217391	0.521739	23
bb.chr3.2034282	chr3	2034282	2034402	0.026211	0.118419	0	0	0.000000	0.000000	0.000000	23
bb.chr3.2664316	chr3	2664316	2664436	-0.229690	0.693042	0	3	0.000000	0.130435	0.130435	23
bb.chr3.3266240	chr3	3266240	3266360	-0.088167	0.848397	7	6	0.304348	0.260870	0.565217	23
bb.chr3.4182987	chr3	4182987	4183107	-0.004858	0.136122	0	0	0.000000	0.000000	0.000000	23
bb.chr3.5071788	chr3	5071788	5071908	-0.083598	0.470528	2	4	0.086957	0.173913	0.260870	23
bb.chr3.5678114	chr3	5678114	5678234	0.005408	0.111434	0	0	0.000000	0.000000	0.000000	23
bb.chr3.6568321	chr3	6568321	6568441			0	0	0.000000	0.000000	0.000000	0
bb.chr3.7168981	chr3	7168981	7169101	-0.035004	0.256557	0	2	0.000000	0.086957	0.086957	23
bb.chr3.7820873	chr3	7820873	7820993	-0.033097	0.390083	3	2	0.130435	0.086957	0.217391	23
bb.chr3.8996225	chr3	8996225	8996345	-0.018187	0.068976	0	0	0.000000	0.000000	0.000000	23
bb.chr3.9603782	chr3	9603782	9603902	-0.028858	0.079958	0	0	0.000000	0.000000	0.000000	23
bb.chr3.10498578	chr3	10498578	10498698	-0.026492	0.082808	0	0	0.000000	0.000000	0.000000	23
bb.chr3.11392609	chr3	11392609	11392729	0.027366	0.093115	0	0	0.000000	0.000000	0.000000	23
bb.chr3.12435496	chr3	12435496	12435616	-0.033492	0.104970	0	0	0.000000	0.000000	0.000000	23
bb.chr3.13213580	chr3	13213580	13213700	-0.005393	0.204425	1	0	0.043478	0.000000	0.043478	23
bb.chr3.14116660	chr3	14116660	14116780	-0.000595	0.086857	0	0	0.000000	0.000000	0.000000	23
bb.chr3.15110495	chr3	15110495	15110615	0.051316	0.156433	0	0	0.000000	0.000000	0.000000	23
bb.chr3.16210428	chr3	16210428	16210548	0.061089	0.143203	1	0	0.043478	0.000000	0.043478	23
bb.chr3.17092805	chr3	17092805	17092925	-0.001404	0.119828	0	0	0.000000	0.000000	0.000000	23
bb.chr3.18248981	chr3	18248981	18249101	-0.020740	0.108734	0	0	0.000000	0.000000	0.000000	23
bb.chr3.18873249	chr3	18873249	18873369	0.000094	0.165178	0	0	0.000000	0.000000	0.000000	23
bb.chr3.19523881	chr3	19523881	19524001	-0.018259	0.222801	0	0	0.000000	0.000000	0.000000	23
bb.chr3.20423656	chr3	20423656	20423776	-0.027795	0.145690	0	0	0.000000	0.000000	0.000000	23
bb.chr3.21632557	chr3	21632557	21632677	-0.024878	0.162410	0	0	0.000000	0.000000	0.000000	23
bb.chr3.22246443	chr3	22246443	22246563	0.003020	0.156112	0	0	0.000000	0.000000	0.000000	23
bb.chr3.22859064	chr3	22859064	22859184	-0.013011	0.228058	0	0	0.000000	0.000000	0.000000	23
bb.chr3.23727315	chr3	23727315	23727435	0.052179	0.139767	1	0	0.043478	0.000000	0.043478	23
bb.chr3.24624742	chr3	24624742	24624862	0.043026	0.162613	0	0	0.000000	0.000000	0.000000	23
bb.chr3.25555947	chr3	25555947	25556067	0.016856	0.105983	0	0	0.000000	0.000000	0.000000	23
bb.chr3.26414347	chr3	26414347	26414467	0.002106	0.087367	0	0	0.000000	0.000000	0.000000	23
bb.chr3.27622160	chr3	27622160	27622280	-0.029660	0.113437	0	0	0.000000	0.000000	0.000000	23
bb.chr3.28549999	chr3	28549999	28550119			0	0	0.000000	0.000000	0.000000	0
bb.chr3.29164357	chr3	29164357	29164477	-0.224815	0.937566	5	6	0.217391	0.260870	0.478261	23
bb.chr3.30077167	chr3	30077167	30077287	0.121553	0.103775	0	0	0.000000	0.000000	0.000000	23
bb.chr3.31159479	chr3	31159479	31159599	0.014150	0.110046	0	0	0.000000	0.000000	0.000000	23
bb.chr3.31878025	chr3	31878025	31878145	0.071369	0.217744	2	0	0.086957	0.000000	0.086957	23
bb.chr3.32842044	chr3	32842044	32842164	-0.002958	0.073462	0	0	0.000000	0.000000	0.000000	23
bb.chr3.33957284	chr3	33957284	33957404	-0.000646	0.079905	0	0	0.000000	0.000000	0.000000	23
bb.chr3.34565636	chr3	34565636	34565756	-0.013700	0.058035	0	0	0.000000	0.000000	0.000000	23
bb.chr3.35187666	chr3	35187666	35187786	-0.054239	0.135705	0	0	0.000000	0.000000	0.000000	23
bb.chr3.36945532	chr3	36945532	36945652	-0.022935	0.096120	0	0	0.000000	0.000000	0.000000	23
bb.chr3.37570309	chr3	37570309	37570429	0.113762	0.065316	0	0	0.000000	0.000000	0.000000	23
MYD88	chr3	38138659	38143021	-0.020729	0.061057	0	0	0.000000	0.000000	0.000000	23
bb.chr3.38499767	chr3	38499767	38499887	-0.015256	0.103936	0	0	0.000000	0.000000	0.000000	23
bb.chr3.39172761	chr3	39172761	39172881	-0.004993	0.108844	0	0	0.000000	0.000000	0.000000	23
bb.chr3.40294675	chr3	40294675	40294795	-0.017423	0.108109	0	0	0.000000	0.000000	0.000000	23
bb.chr3.41127056	chr3	41127056	41127176	-0.018625	0.129778	0	0	0.000000	0.000000	0.000000	23
CTNNB1	chr3	41199503	41240442	0.007083	0.037387	0	0	0.000000	0.000000	0.000000	23
bb.chr3.42099701	chr3	42099701	42099821	-0.024520	0.120789	0	0	0.000000	0.000000	0.000000	23
bb.chr3.43135468	chr3	43135468	43135588	-0.058572	0.356254	1	2	0.043478	0.086957	0.130435	23
bb.chr3.43924049	chr3	43924049	43924169	-0.036276	0.162712	0	0	0.000000	0.000000	0.000000	23
bb.chr3.44784762	chr3	44784762	44784882			0	0	0.000000	0.000000	0.000000	0
bb.chr3.45417735	chr3	45417735	45417855			0	0	0.000000	0.000000	0.000000	0
bb.chr3.46107610	chr3	46107610	46107730	-0.035689	0.096585	0	0	0.000000	0.000000	0.000000	23
bb.chr3.46921485	chr3	46921485	46921605	-0.001201	0.099810	0	0	0.000000	0.000000	0.000000	23
SETD2	chr3	47016434	47164128	0.001565	0.022257	0	0	0.000000	0.000000	0.000000	23
bb.chr3.47565020	chr3	47565020	47565140	-0.040074	0.089787	0	0	0.000000	0.000000	0.000000	23
bb.chr3.48445309	chr3	48445309	48445429	-0.037292	0.150504	0	0	0.000000	0.000000	0.000000	23
bb.chr3.50578048	chr3	50578048	50578168	-0.035049	0.099738	0	0	0.000000	0.000000	0.000000	23
bb.chr3.51592373	chr3	51592373	51592493	-0.027316	0.106977	0	0	0.000000	0.000000	0.000000	23
bb.chr3.52304776	chr3	52304776	52304896	-0.026989	0.098171	0	0	0.000000	0.000000	0.000000	23
bb.chr3.53238238	chr3	53238238	53238358	-0.010594	0.189248	0	0	0.000000	0.000000	0.000000	23
bb.chr3.53852825	chr3	53852825	53852945	-0.025696	0.078927	0	0	0.000000	0.000000	0.000000	23
bb.chr3.55031680	chr3	55031680	55031800	-0.094181	0.296467	1	2	0.043478	0.086957	0.130435	23
bb.chr3.55973268	chr3	55973268	55973388	-0.069250	0.216033	0	1	0.000000	0.043478	0.043478	23
bb.chr3.57126224	chr3	57126224	57126344	-0.052672	0.075159	0	0	0.000000	0.000000	0.000000	23
bb.chr3.57851292	chr3	57851292	57851412	-0.061683	0.491811	5	5	0.217391	0.217391	0.434783	23
bb.chr3.58624143	chr3	58624143	58624263	-0.004834	0.074781	0	0	0.000000	0.000000	0.000000	23
bb.chr3.59919025	chr3	59919025	59919145	-0.041398	0.186156	0	0	0.000000	0.000000	0.000000	23
bb.chr3.60525340	chr3	60525340	60525460			0	0	0.000000	0.000000	0.000000	0
bb.chr3.61158048	chr3	61158048	61158168			0	0	0.000000	0.000000	0.000000	0
bb.chr3.62017111	chr3	62017111	62017231	-0.012907	0.095869	0	0	0.000000	0.000000	0.000000	23
bb.chr3.63278799	chr3	63278799	63278919	-0.023871	0.102377	0	0	0.000000	0.000000	0.000000	23
bb.chr3.64135554	chr3	64135554	64135674	-0.010675	0.075472	0	0	0.000000	0.000000	0.000000	23
bb.chr3.65258243	chr3	65258243	65258363	-0.043005	0.070817	0	0	0.000000	0.000000	0.000000	23
bb.chr3.66151128	chr3	66151128	66151248	0.023442	0.112592	0	0	0.000000	0.000000	0.000000	23
bb.chr3.66793282	chr3	66793282	66793402	-0.010642	0.089776	0	0	0.000000	0.000000	0.000000	23
bb.chr3.67681402	chr3	67681402	67681522	-0.050284	0.403343	1	1	0.043478	0.043478	0.086957	23
bb.chr3.68550290	chr3	68550290	68550410	0.099499	0.103348	0	0	0.000000	0.000000	0.000000	23
bb.chr3.69225103	chr3	69225103	69225223	-0.268455	0.864222	5	6	0.217391	0.260870	0.478261	23
bb.chr3.70648283	chr3	70648283	70648403	-0.045971	0.440249	3	3	0.130435	0.130435	0.260870	23
bb.chr3.71251356	chr3	71251356	71251476	-0.021128	0.096342	0	0	0.000000	0.000000	0.000000	23
bb.chr3.71895032	chr3	71895032	71895152	0.011456	0.198967	0	1	0.000000	0.043478	0.043478	23
bb.chr3.72501709	chr3	72501709	72501829	-0.020445	0.145446	0	0	0.000000	0.000000	0.000000	23
bb.chr3.73686910	chr3	73686910	73687030	-0.014132	0.075215	0	0	0.000000	0.000000	0.000000	23
bb.chr3.74500448	chr3	74500448	74500568	-0.021404	0.182413	0	0	0.000000	0.000000	0.000000	23
bb.chr3.75490946	chr3	75490946	75491066	-0.079297	0.255066	0	1	0.000000	0.043478	0.043478	23
bb.chr3.76422844	chr3	76422844	76422964	-0.393439	1.160121	2	6	0.086957	0.260870	0.347826	23
bb.chr3.77337644	chr3	77337644	77337764	-0.670037	1.667488	4	6	0.173913	0.260870	0.434783	11
bb.chr3.78275754	chr3	78275754	78275874	-0.001085	0.132906	0	0	0.000000	0.000000	0.000000	23
bb.chr3.79422930	chr3	79422930	79423050	-0.038300	0.155238	0	0	0.000000	0.000000	0.000000	23
bb.chr3.80980023	chr3	80980023	80980143	-0.033848	0.155927	0	0	0.000000	0.000000	0.000000	23
bb.chr3.81664379	chr3	81664379	81664499	0.022718	0.207641	1	0	0.043478	0.000000	0.043478	23
bb.chr3.82415159	chr3	82415159	82415279			0	0	0.000000	0.000000	0.000000	0
bb.chr3.83955484	chr3	83955484	83955604	0.000060	0.181478	0	0	0.000000	0.000000	0.000000	23
bb.chr3.84610513	chr3	84610513	84610633	-0.035740	0.111281	0	0	0.000000	0.000000	0.000000	23
bb.chr3.86001396	chr3	86001396	86001516	-0.190703	0.800585	7	8	0.304348	0.347826	0.652174	23
bb.chr3.86673613	chr3	86673613	86673733	-0.116112	0.333240	0	4	0.000000	0.173913	0.173913	23
bb.chr3.87599553	chr3	87599553	87599673			0	0	0.000000	0.000000	0.000000	0
bb.chr3.88448824	chr3	88448824	88448944			0	0	0.000000	0.000000	0.000000	0
bb.chr3.89057619	chr3	89057619	89057739	0.000256	0.097348	0	0	0.000000	0.000000	0.000000	23
bb.chr3.93988726	chr3	93988726	93988846	0.023572	0.105154	0	0	0.000000	0.000000	0.000000	23
bb.chr3.94926881	chr3	94926881	94927001	0.039167	0.401753	5	3	0.217391	0.130435	0.347826	23
bb.chr3.95985311	chr3	95985311	95985431	-0.010977	0.131030	0	0	0.000000	0.000000	0.000000	23
bb.chr3.97777751	chr3	97777751	97777871	-0.036118	0.190013	0	0	0.000000	0.000000	0.000000	23
bb.chr3.98434174	chr3	98434174	98434294	-0.037245	0.092508	0	0	0.000000	0.000000	0.000000	23
bb.chr3.99439714	chr3	99439714	99439834	0.042672	0.111937	0	0	0.000000	0.000000	0.000000	23
bb.chr3.100315945	chr3	100315945	100316065	-0.035503	0.273940	0	2	0.000000	0.086957	0.086957	23
bb.chr3.101124243	chr3	101124243	101124363	-0.042951	0.104510	0	0	0.000000	0.000000	0.000000	23
bb.chr3.102171991	chr3	102171991	102172111	0.025588	0.223323	1	0	0.043478	0.000000	0.043478	23
bb.chr3.103138427	chr3	103138427	103138547	0.021873	0.128677	0	0	0.000000	0.000000	0.000000	23
bb.chr3.103838091	chr3	103838091	103838211	-0.092066	0.393374	1	2	0.043478	0.086957	0.130435	23
bb.chr3.104924214	chr3	104924214	104924334	-2.076735	0.097295	0	2	0.000000	0.086957	0.086957	2
bb.chr3.105629981	chr3	105629981	105630101	-1.372170	1.797949	1	7	0.043478	0.304348	0.347826	11
CBLB	chr3	105655459	105869011	0.012671	0.030340	0	0	0.000000	0.000000	0.000000	23
bb.chr3.106529025	chr3	106529025	106529145	-0.040154	0.102166	0	0	0.000000	0.000000	0.000000	23
bb.chr3.107365694	chr3	107365694	107365814	-0.048370	0.083456	0	0	0.000000	0.000000	0.000000	23
bb.chr3.108046485	chr3	108046485	108046605	-0.033726	0.168173	0	0	0.000000	0.000000	0.000000	23
bb.chr3.109547053	chr3	109547053	109547173			0	0	0.000000	0.000000	0.000000	0
bb.chr3.110399915	chr3	110399915	110400035	-0.022010	0.210521	0	0	0.000000	0.000000	0.000000	23
bb.chr3.111314087	chr3	111314087	111314207	-0.009628	0.122875	0	0	0.000000	0.000000	0.000000	23
bb.chr3.112386956	chr3	112386956	112387076			0	0	0.000000	0.000000	0.000000	0
bb.chr3.113437401	chr3	113437401	113437521	0.000839	0.132715	0	0	0.000000	0.000000	0.000000	23
bb.chr3.114067336	chr3	114067336	114067456	-2.219715	0.210145	0	2	0.000000	0.086957	0.086957	2
bb.chr3.115382021	chr3	115382021	115382141	-0.045714	0.163198	0	0	0.000000	0.000000	0.000000	23
bb.chr3.116138763	chr3	116138763	116138883	-0.005326	0.119779	0	0	0.000000	0.000000	0.000000	23
bb.chr3.116777844	chr3	116777844	116777964	0.004032	0.112266	0	0	0.000000	0.000000	0.000000	23
bb.chr3.117413312	chr3	117413312	117413432	0.061340	0.154816	0	0	0.000000	0.000000	0.000000	23
bb.chr3.118284570	chr3	118284570	118284690	-0.053325	0.442769	3	5	0.130435	0.217391	0.347826	23
bb.chr3.118888239	chr3	118888239	118888359	0.010937	0.101854	0	0	0.000000	0.000000	0.000000	23
bb.chr3.119491283	chr3	119491283	119491403			0	0	0.000000	0.000000	0.000000	0
bb.chr3.120271911	chr3	120271911	120272031	0.023215	0.102650	0	0	0.000000	0.000000	0.000000	23
bb.chr3.122492815	chr3	122492815	122492935	-0.022815	0.122777	0	0	0.000000	0.000000	0.000000	23
bb.chr3.123120969	chr3	123120969	123121089	-0.016017	0.083082	0	0	0.000000	0.000000	0.000000	23
bb.chr3.123799481	chr3	123799481	123799601	-0.014122	0.074076	0	0	0.000000	0.000000	0.000000	23
bb.chr3.125209064	chr3	125209064	125209184	0.002618	0.062522	0	0	0.000000	0.000000	0.000000	23
bb.chr3.126110749	chr3	126110749	126110869	-0.000424	0.123276	0	0	0.000000	0.000000	0.000000	23
bb.chr3.126764253	chr3	126764253	126764373	-0.010536	0.098938	0	0	0.000000	0.000000	0.000000	23
bb.chr3.127684115	chr3	127684115	127684235	0.012828	0.122317	0	0	0.000000	0.000000	0.000000	23
GATA2	chr3	128479425	128493200	0.004138	0.040386	0	0	0.000000	0.000000	0.000000	23
GATA2_intron4	chr3	128482979	128483579	0.014992	0.064991	0	0	0.000000	0.000000	0.000000	23
bb.chr3.128861671	chr3	128861671	128861791	-0.000768	0.106421	0	0	0.000000	0.000000	0.000000	23
bb.chr3.129992899	chr3	129992899	129993019	-0.055228	0.110749	0	0	0.000000	0.000000	0.000000	23
bb.chr3.130840412	chr3	130840412	130840532			0	0	0.000000	0.000000	0.000000	0
bb.chr3.131453037	chr3	131453037	131453157	0.003300	0.104796	0	0	0.000000	0.000000	0.000000	23
bb.chr3.132502172	chr3	132502172	132502292	0.001278	0.135275	0	0	0.000000	0.000000	0.000000	23
bb.chr3.133354823	chr3	133354823	133354943	-0.016041	0.363900	4	2	0.173913	0.086957	0.260870	23
bb.chr3.134389637	chr3	134389637	134389757	-0.021439	0.114320	0	0	0.000000	0.000000	0.000000	23
bb.chr3.135160652	chr3	135160652	135160772	-0.013419	0.082772	0	0	0.000000	0.000000	0.000000	23
bb.chr3.136958570	chr3	136958570	136958690	-2.142918	2.324749	4	7	0.173913	0.304348	0.478261	11
bb.chr3.137854405	chr3	137854405	137854525	-0.016553	0.100948	0	0	0.000000	0.000000	0.000000	23
bb.chr3.138455404	chr3	138455404	138455524	0.020557	0.126631	0	0	0.000000	0.000000	0.000000	23
bb.chr3.139122535	chr3	139122535	139122655	-0.018236	0.080996	0	0	0.000000	0.000000	0.000000	23
bb.chr3.140301792	chr3	140301792	140301912	-0.003908	0.093749	0	0	0.000000	0.000000	0.000000	23
bb.chr3.141279312	chr3	141279312	141279432	0.030079	0.103821	0	0	0.000000	0.000000	0.000000	23
bb.chr3.142991162	chr3	142991162	142991282	-0.019218	0.173775	0	0	0.000000	0.000000	0.000000	23
bb.chr3.143974060	chr3	143974060	143974180	-0.019674	0.160126	0	0	0.000000	0.000000	0.000000	23
bb.chr3.144765711	chr3	144765711	144765831	0.011925	0.191096	0	0	0.000000	0.000000	0.000000	23
bb.chr3.146883982	chr3	146883982	146884102	-0.103087	0.451916	1	3	0.043478	0.130435	0.173913	23
bb.chr3.148245276	chr3	148245276	148245396	-0.053268	0.396115	3	3	0.130435	0.130435	0.260870	23
bb.chr3.148968794	chr3	148968794	148968914	-0.020647	0.269474	0	0	0.000000	0.000000	0.000000	23
bb.chr3.150469467	chr3	150469467	150469587	0.068270	0.118439	0	0	0.000000	0.000000	0.000000	23
bb.chr3.151092698	chr3	151092698	151092818	0.030957	0.075408	0	0	0.000000	0.000000	0.000000	23
bb.chr3.152305041	chr3	152305041	152305161	0.007572	0.156251	1	0	0.043478	0.000000	0.043478	23
bb.chr3.152913880	chr3	152913880	152914000	0.067386	0.303233	4	0	0.173913	0.000000	0.173913	23
bb.chr3.153807562	chr3	153807562	153807682	-0.102996	0.226210	0	2	0.000000	0.086957	0.086957	23
bb.chr3.154417636	chr3	154417636	154417756	-0.027419	0.187931	0	0	0.000000	0.000000	0.000000	23
bb.chr3.155313306	chr3	155313306	155313426	0.008054	0.151065	0	0	0.000000	0.000000	0.000000	23
bb.chr3.156291765	chr3	156291765	156291885	-0.006554	0.089950	0	0	0.000000	0.000000	0.000000	23
bb.chr3.157437012	chr3	157437012	157437132	-0.031001	0.113822	0	0	0.000000	0.000000	0.000000	23
bb.chr3.158332347	chr3	158332347	158332467	-2.501340	0.005820	0	2	0.000000	0.086957	0.086957	2
bb.chr3.159115594	chr3	159115594	159115714	0.012597	0.178533	0	0	0.000000	0.000000	0.000000	23
bb.chr3.159817327	chr3	159817327	159817447	-0.017797	0.054330	0	0	0.000000	0.000000	0.000000	23
bb.chr3.160694327	chr3	160694327	160694447	-0.026619	0.115907	0	0	0.000000	0.000000	0.000000	23
bb.chr3.161330126	chr3	161330126	161330246	0.021391	0.077045	0	0	0.000000	0.000000	0.000000	23
bb.chr3.162554811	chr3	162554811	162554931	-0.022976	0.105398	0	0	0.000000	0.000000	0.000000	23
bb.chr3.163439534	chr3	163439534	163439654	-0.080907	0.275653	0	3	0.000000	0.130435	0.130435	23
bb.chr3.164041165	chr3	164041165	164041285	-0.005058	0.107367	0	0	0.000000	0.000000	0.000000	23
bb.chr3.165254992	chr3	165254992	165255112	-0.019293	0.096368	0	0	0.000000	0.000000	0.000000	23
bb.chr3.166401855	chr3	166401855	166401975			0	0	0.000000	0.000000	0.000000	0
bb.chr3.167348877	chr3	167348877	167348997	-0.013964	0.149056	0	0	0.000000	0.000000	0.000000	23
bb.chr3.168185985	chr3	168185985	168186105	-0.015655	0.084885	0	0	0.000000	0.000000	0.000000	23
bb.chr3.168863643	chr3	168863643	168863763	0.027153	0.111954	0	0	0.000000	0.000000	0.000000	23
bb.chr3.169744975	chr3	169744975	169745095	-0.050818	0.654507	6	6	0.260870	0.260870	0.521739	23
TERC	chr3	169764399	169765734	0.002269	0.066014	0	0	0.000000	0.000000	0.000000	23
bb.chr3.171263020	chr3	171263020	171263140	0.050615	0.106300	0	0	0.000000	0.000000	0.000000	23
bb.chr3.172467808	chr3	172467808	172467928	-0.031339	0.162754	0	0	0.000000	0.000000	0.000000	23
bb.chr3.173395191	chr3	173395191	173395311	0.010960	0.088952	0	0	0.000000	0.000000	0.000000	23
bb.chr3.174278078	chr3	174278078	174278198	-0.002293	0.153861	0	0	0.000000	0.000000	0.000000	23
bb.chr3.175471870	chr3	175471870	175471990			0	0	0.000000	0.000000	0.000000	0
bb.chr3.177589794	chr3	177589794	177589914	-0.002124	0.161143	0	0	0.000000	0.000000	0.000000	23
bb.chr3.178774363	chr3	178774363	178774483	-0.012891	0.144425	0	0	0.000000	0.000000	0.000000	23
bb.chr3.179973849	chr3	179973849	179973969	-0.003525	0.098984	0	0	0.000000	0.000000	0.000000	23
bb.chr3.180821544	chr3	180821544	180821664	-0.005469	0.071275	0	0	0.000000	0.000000	0.000000	23
bb.chr3.181504820	chr3	181504820	181504940	-0.020021	0.108450	0	0	0.000000	0.000000	0.000000	23
bb.chr3.182708360	chr3	182708360	182708480	-0.011935	0.086177	0	0	0.000000	0.000000	0.000000	23
bb.chr3.183919997	chr3	183919997	183920117	-0.016538	0.126557	0	0	0.000000	0.000000	0.000000	23
bb.chr3.184805765	chr3	184805765	184805885	0.024994	0.068253	0	0	0.000000	0.000000	0.000000	23
bb.chr3.185710857	chr3	185710857	185710977	-1.476741	1.643448	1	7	0.043478	0.304348	0.347826	8
bb.chr3.186320796	chr3	186320796	186320916	-0.036226	0.064815	0	0	0.000000	0.000000	0.000000	23
bb.chr3.187241194	chr3	187241194	187241314	-0.036619	0.061864	0	0	0.000000	0.000000	0.000000	23
bb.chr3.188459779	chr3	188459779	188459899	-0.026652	0.164574	0	0	0.000000	0.000000	0.000000	23
bb.chr3.189331919	chr3	189331919	189332039	-0.304875	1.079664	5	3	0.217391	0.130435	0.347826	23
bb.chr3.190233117	chr3	190233117	190233237	-0.000097	0.115666	0	0	0.000000	0.000000	0.000000	23
bb.chr3.190850089	chr3	190850089	190850209	-0.015915	0.164220	0	0	0.000000	0.000000	0.000000	23
bb.chr3.191753116	chr3	191753116	191753236	-0.014007	0.096316	0	0	0.000000	0.000000	0.000000	23
bb.chr3.192369435	chr3	192369435	192369555	0.018897	0.134116	0	0	0.000000	0.000000	0.000000	23
bb.chr3.193548610	chr3	193548610	193548730	-0.052128	0.091188	0	0	0.000000	0.000000	0.000000	23
bb.chr3.194512711	chr3	194512711	194512831	-0.008751	0.137702	0	0	0.000000	0.000000	0.000000	23
bb.chr3.195185443	chr3	195185443	195185563	-0.034101	0.117591	0	0	0.000000	0.000000	0.000000	23
bb.chr3.195947326	chr3	195947326	195947446	-0.125653	0.317040	0	3	0.000000	0.130435	0.130435	23
bb.chr3.196631912	chr3	196631912	196632032	-0.003419	0.094627	0	0	0.000000	0.000000	0.000000	23
bb.chr3.198052242	chr3	198052242	198052362	-0.078106	0.399735	3	3	0.130435	0.130435	0.260870	23
bb.chr4.670059	chr4	670059	670179	0.010614	0.072227	0	0	0.000000	0.000000	0.000000	23
bb.chr4.1359473	chr4	1359473	1359593	-0.012463	0.125049	0	0	0.000000	0.000000	0.000000	23
bb.chr4.2267590	chr4	2267590	2267710	0.059887	0.121932	0	0	0.000000	0.000000	0.000000	23
bb.chr4.2936864	chr4	2936864	2936984	0.033859	0.141542	1	0	0.043478	0.000000	0.043478	23
bb.chr4.3751630	chr4	3751630	3751750	-0.007930	0.121350	0	0	0.000000	0.000000	0.000000	23
bb.chr4.4555463	chr4	4555463	4555583	0.016216	0.093745	0	0	0.000000	0.000000	0.000000	23
bb.chr4.5676902	chr4	5676902	5677022	0.047865	0.093579	0	0	0.000000	0.000000	0.000000	23
bb.chr4.6723996	chr4	6723996	6724116	-0.011012	0.102297	0	0	0.000000	0.000000	0.000000	23
bb.chr4.8046012	chr4	8046012	8046132	-0.011505	0.085777	0	0	0.000000	0.000000	0.000000	23
bb.chr4.8881739	chr4	8881739	8881859	-0.037414	0.091070	0	0	0.000000	0.000000	0.000000	23
bb.chr4.9994167	chr4	9994167	9994287	0.016012	0.169856	0	0	0.000000	0.000000	0.000000	23
bb.chr4.10691546	chr4	10691546	10691666	-0.006824	0.154645	0	0	0.000000	0.000000	0.000000	23
bb.chr4.11745614	chr4	11745614	11745734	-0.021158	0.148367	0	0	0.000000	0.000000	0.000000	23
bb.chr4.12353523	chr4	12353523	12353643	-0.122412	0.785171	8	5	0.347826	0.217391	0.565217	23
bb.chr4.13150256	chr4	13150256	13150376	-0.034526	0.096255	0	0	0.000000	0.000000	0.000000	23
bb.chr4.13786535	chr4	13786535	13786655	-0.007570	0.190011	0	0	0.000000	0.000000	0.000000	23
bb.chr4.14943801	chr4	14943801	14943921	-0.008430	0.072513	0	0	0.000000	0.000000	0.000000	23
bb.chr4.15848303	chr4	15848303	15848423	-0.058633	0.071071	0	0	0.000000	0.000000	0.000000	23
bb.chr4.16653675	chr4	16653675	16653795	-0.020128	0.074432	0	0	0.000000	0.000000	0.000000	23
bb.chr4.17941792	chr4	17941792	17941912	-0.004791	0.083399	0	0	0.000000	0.000000	0.000000	23
bb.chr4.18797161	chr4	18797161	18797281	-0.041379	0.097002	0	0	0.000000	0.000000	0.000000	23
bb.chr4.19597554	chr4	19597554	19597674	-0.019815	0.094108	0	0	0.000000	0.000000	0.000000	23
bb.chr4.20210253	chr4	20210253	20210373			0	0	0.000000	0.000000	0.000000	0
bb.chr4.20983455	chr4	20983455	20983575	-0.010208	0.108591	0	0	0.000000	0.000000	0.000000	23
bb.chr4.22139547	chr4	22139547	22139667	-0.003436	0.375486	2	2	0.086957	0.086957	0.173913	23
bb.chr4.23349429	chr4	23349429	23349549	-0.061041	0.210091	0	1	0.000000	0.043478	0.043478	23
bb.chr4.24132748	chr4	24132748	24132868	-0.023712	0.089228	0	0	0.000000	0.000000	0.000000	23
DHX15	chr4	24527473	24584553	-0.015337	0.031673	0	0	0.000000	0.000000	0.000000	23
bb.chr4.24992775	chr4	24992775	24992895	-0.004610	0.171065	0	0	0.000000	0.000000	0.000000	23
bb.chr4.25773542	chr4	25773542	25773662	0.008437	0.098332	0	0	0.000000	0.000000	0.000000	23
bb.chr4.27101848	chr4	27101848	27101968	0.001952	0.088688	0	0	0.000000	0.000000	0.000000	23
bb.chr4.27919283	chr4	27919283	27919403	-0.012365	0.178053	0	0	0.000000	0.000000	0.000000	23
bb.chr4.28706286	chr4	28706286	28706406	-0.047531	0.372076	4	2	0.173913	0.086957	0.260870	23
bb.chr4.29337348	chr4	29337348	29337468	0.009413	0.174455	0	0	0.000000	0.000000	0.000000	23
bb.chr4.30621566	chr4	30621566	30621686	0.059736	0.182740	0	0	0.000000	0.000000	0.000000	23
bb.chr4.31397378	chr4	31397378	31397498	-0.006034	0.214592	0	1	0.000000	0.043478	0.043478	23
bb.chr4.32221498	chr4	32221498	32221618	-0.007337	0.208781	0	0	0.000000	0.000000	0.000000	23
bb.chr4.32927511	chr4	32927511	32927631	-0.006393	0.308912	2	0	0.086957	0.000000	0.086957	23
bb.chr4.34919102	chr4	34919102	34919222	-0.026507	0.206144	0	0	0.000000	0.000000	0.000000	23
bb.chr4.36012213	chr4	36012213	36012333	-0.041526	0.194576	0	0	0.000000	0.000000	0.000000	23
bb.chr4.36738207	chr4	36738207	36738327	-0.174511	0.392472	0	3	0.000000	0.130435	0.130435	23
bb.chr4.38396392	chr4	38396392	38396512	-0.024936	0.086467	0	0	0.000000	0.000000	0.000000	23
bb.chr4.39133187	chr4	39133187	39133307	-0.201327	0.892144	7	7	0.304348	0.304348	0.608696	23
bb.chr4.40253821	chr4	40253821	40253941	-0.015450	0.161941	0	0	0.000000	0.000000	0.000000	23
bb.chr4.41133467	chr4	41133467	41133587	-0.014634	0.098110	0	0	0.000000	0.000000	0.000000	23
bb.chr4.42427070	chr4	42427070	42427190	-1.562287	1.953599	2	6	0.086957	0.260870	0.347826	9
bb.chr4.43230558	chr4	43230558	43230678	-0.009913	0.104399	0	0	0.000000	0.000000	0.000000	23
bb.chr4.43945160	chr4	43945160	43945280	-0.086057	0.318953	1	2	0.043478	0.086957	0.130435	23
bb.chr4.44578235	chr4	44578235	44578355	0.007324	0.125789	0	0	0.000000	0.000000	0.000000	23
bb.chr4.45793818	chr4	45793818	45793938	0.064520	0.157876	1	0	0.043478	0.000000	0.043478	23
bb.chr4.47560120	chr4	47560120	47560240	-0.027210	0.094827	0	0	0.000000	0.000000	0.000000	23
bb.chr4.48334908	chr4	48334908	48335028	-0.005174	0.106948	0	0	0.000000	0.000000	0.000000	23
bb.chr4.49616454	chr4	49616454	49616574	-0.485134	1.365062	5	9	0.217391	0.391304	0.608696	23
bb.chr4.52112515	chr4	52112515	52112635	-0.015373	0.106096	0	0	0.000000	0.000000	0.000000	23
bb.chr4.52958017	chr4	52958017	52958137	-0.001956	0.104463	0	0	0.000000	0.000000	0.000000	23
bb.chr4.53708828	chr4	53708828	53708948	0.000366	0.113939	0	0	0.000000	0.000000	0.000000	23
bb.chr4.54435481	chr4	54435481	54435601	-0.031650	0.113238	0	0	0.000000	0.000000	0.000000	23
KIT	chr4	54657957	54740714	0.007258	0.031497	0	0	0.000000	0.000000	0.000000	23
bb.chr4.55157972	chr4	55157972	55158092	-0.034870	0.113993	0	0	0.000000	0.000000	0.000000	23
bb.chr4.56105045	chr4	56105045	56105165	-1.162737	2.018395	5	7	0.217391	0.304348	0.521739	19
bb.chr4.56878610	chr4	56878610	56878730	0.016341	0.080726	0	0	0.000000	0.000000	0.000000	23
bb.chr4.58017012	chr4	58017012	58017132	-0.012013	0.112331	0	0	0.000000	0.000000	0.000000	23
bb.chr4.59816842	chr4	59816842	59816962			0	0	0.000000	0.000000	0.000000	0
bb.chr4.61182957	chr4	61182957	61183077	-0.028348	0.101034	0	0	0.000000	0.000000	0.000000	23
bb.chr4.61914044	chr4	61914044	61914164	-0.052966	0.359251	2	2	0.086957	0.086957	0.173913	23
bb.chr4.62564976	chr4	62564976	62565096	0.004146	0.121866	0	0	0.000000	0.000000	0.000000	23
bb.chr4.63311081	chr4	63311081	63311201	-0.074818	0.422942	0	2	0.000000	0.086957	0.086957	23
bb.chr4.64438653	chr4	64438653	64438773	-0.007035	0.188252	0	0	0.000000	0.000000	0.000000	23
bb.chr4.65081746	chr4	65081746	65081866	-0.088078	0.797005	8	7	0.347826	0.304348	0.652174	23
bb.chr4.65984151	chr4	65984151	65984271	-1.528047	1.903642	2	8	0.086957	0.347826	0.434783	18
bb.chr4.67075357	chr4	67075357	67075477	-0.098917	0.428352	2	5	0.086957	0.217391	0.304348	23
bb.chr4.67894548	chr4	67894548	67894668			0	0	0.000000	0.000000	0.000000	0
bb.chr4.69079644	chr4	69079644	69079764	0.078910	0.123617	0	0	0.000000	0.000000	0.000000	23
bb.chr4.69735548	chr4	69735548	69735668	-0.001309	0.078282	0	0	0.000000	0.000000	0.000000	23
bb.chr4.70557132	chr4	70557132	70557252	0.061179	0.116008	0	0	0.000000	0.000000	0.000000	23
bb.chr4.71406585	chr4	71406585	71406705	-0.011149	0.158963	0	0	0.000000	0.000000	0.000000	23
bb.chr4.72188021	chr4	72188021	72188141	-0.260078	1.253517	3	2	0.130435	0.086957	0.217391	23
bb.chr4.73275671	chr4	73275671	73275791	-0.024369	0.177783	0	0	0.000000	0.000000	0.000000	23
bb.chr4.74545970	chr4	74545970	74546090	-0.106800	0.501470	2	4	0.086957	0.173913	0.260870	23
bb.chr4.75303072	chr4	75303072	75303192	0.024149	0.082620	0	0	0.000000	0.000000	0.000000	23
bb.chr4.76211866	chr4	76211866	76211986	0.024648	0.108396	0	0	0.000000	0.000000	0.000000	23
bb.chr4.77208174	chr4	77208174	77208294	0.036236	0.115151	0	0	0.000000	0.000000	0.000000	23
bb.chr4.78012958	chr4	78012958	78013078	-0.013666	0.306835	2	2	0.086957	0.086957	0.173913	23
bb.chr4.78719863	chr4	78719863	78719983			0	0	0.000000	0.000000	0.000000	0
bb.chr4.80191673	chr4	80191673	80191793	-0.046103	0.416120	2	3	0.086957	0.130435	0.217391	23
bb.chr4.81961877	chr4	81961877	81961997	0.025436	0.076608	0	0	0.000000	0.000000	0.000000	23
bb.chr4.82680937	chr4	82680937	82681057	-0.000091	0.115099	0	0	0.000000	0.000000	0.000000	23
bb.chr4.83426210	chr4	83426210	83426330	-1.548489	1.781308	2	8	0.086957	0.347826	0.434783	13
bb.chr4.84161081	chr4	84161081	84161201	-0.020526	0.153939	0	0	0.000000	0.000000	0.000000	23
bb.chr4.85012237	chr4	85012237	85012357	-0.083235	0.435365	2	3	0.086957	0.130435	0.217391	23
bb.chr4.86337793	chr4	86337793	86337913	-0.002519	0.125073	0	0	0.000000	0.000000	0.000000	23
bb.chr4.87393583	chr4	87393583	87393703	-0.070807	0.730351	7	7	0.304348	0.304348	0.608696	23
bb.chr4.88249620	chr4	88249620	88249740	-0.020930	0.126415	0	0	0.000000	0.000000	0.000000	23
bb.chr4.89295536	chr4	89295536	89295656	-0.025967	0.118698	0	0	0.000000	0.000000	0.000000	23
bb.chr4.90645516	chr4	90645516	90645636	-1.078028	1.688110	2	8	0.086957	0.347826	0.434783	20
bb.chr4.91763757	chr4	91763757	91763877	0.017432	0.155486	0	0	0.000000	0.000000	0.000000	23
bb.chr4.92775942	chr4	92775942	92776062	-3.402418	0.596357	0	4	0.000000	0.173913	0.173913	4
bb.chr4.93620375	chr4	93620375	93620495	0.006319	0.110352	0	0	0.000000	0.000000	0.000000	23
bb.chr4.94364161	chr4	94364161	94364281	-0.118854	0.616670	6	4	0.260870	0.173913	0.434783	23
bb.chr4.95216301	chr4	95216301	95216421	-0.005253	0.066736	0	0	0.000000	0.000000	0.000000	23
bb.chr4.96002272	chr4	96002272	96002392	-0.105191	0.300579	0	3	0.000000	0.130435	0.130435	23
bb.chr4.96891059	chr4	96891059	96891179	-0.024572	0.099903	0	0	0.000000	0.000000	0.000000	23
bb.chr4.98045042	chr4	98045042	98045162	-0.005214	0.127511	0	0	0.000000	0.000000	0.000000	23
bb.chr4.98878711	chr4	98878711	98878831	-0.035392	0.288365	0	1	0.000000	0.043478	0.043478	23
bb.chr4.100095178	chr4	100095178	100095298	-0.003860	0.148310	0	0	0.000000	0.000000	0.000000	23
bb.chr4.100762283	chr4	100762283	100762403	-0.031152	0.234510	1	0	0.043478	0.000000	0.043478	23
bb.chr4.102193235	chr4	102193235	102193355	-0.034166	0.323744	2	1	0.086957	0.043478	0.130435	23
bb.chr4.103021281	chr4	103021281	103021401	-0.040350	0.105353	0	0	0.000000	0.000000	0.000000	23
bb.chr4.103800531	chr4	103800531	103800651	-0.362577	0.967198	6	6	0.260870	0.260870	0.521739	23
bb.chr4.104576246	chr4	104576246	104576366	-0.009338	0.153529	0	0	0.000000	0.000000	0.000000	23
TET2	chr4	105146863	105279802	0.009156	0.028820	0	0	0.000000	0.000000	0.000000	23
bb.chr4.105185136	chr4	105185136	105185256	-0.299578	0.855385	6	5	0.260870	0.217391	0.478261	23
bb.chr4.106463067	chr4	106463067	106463187	-0.172162	0.644817	3	4	0.130435	0.173913	0.304348	23
bb.chr4.107552451	chr4	107552451	107552571	0.003682	0.083009	0	0	0.000000	0.000000	0.000000	23
bb.chr4.108625801	chr4	108625801	108625921	-0.005617	0.172970	0	0	0.000000	0.000000	0.000000	23
bb.chr4.109268495	chr4	109268495	109268615	-0.132492	0.563017	4	5	0.173913	0.217391	0.391304	23
bb.chr4.109959148	chr4	109959148	109959268	-0.016432	0.074246	0	0	0.000000	0.000000	0.000000	23
bb.chr4.110798192	chr4	110798192	110798312	-0.006474	0.066406	0	0	0.000000	0.000000	0.000000	23
bb.chr4.112146976	chr4	112146976	112147096	-0.048179	0.160124	0	1	0.000000	0.043478	0.043478	23
bb.chr4.112845262	chr4	112845262	112845382	-0.113206	0.656129	5	5	0.217391	0.217391	0.434783	23
bb.chr4.113467890	chr4	113467890	113468010	0.018078	0.142055	0	0	0.000000	0.000000	0.000000	23
bb.chr4.114534895	chr4	114534895	114535015	0.013458	0.057327	0	0	0.000000	0.000000	0.000000	23
bb.chr4.115334128	chr4	115334128	115334248	-3.573613	0.523937	0	3	0.000000	0.130435	0.130435	3
bb.chr4.116107360	chr4	116107360	116107480	-0.012640	0.078807	0	0	0.000000	0.000000	0.000000	23
bb.chr4.116949076	chr4	116949076	116949196	-0.009896	0.097443	0	0	0.000000	0.000000	0.000000	23
bb.chr4.118294352	chr4	118294352	118294472	-0.029179	0.082028	0	0	0.000000	0.000000	0.000000	23
bb.chr4.119130731	chr4	119130731	119130851	0.002821	0.074102	0	0	0.000000	0.000000	0.000000	23
bb.chr4.120174938	chr4	120174938	120175058	-0.007068	0.121440	0	0	0.000000	0.000000	0.000000	23
bb.chr4.120936742	chr4	120936742	120936862	0.024243	0.141704	0	0	0.000000	0.000000	0.000000	23
bb.chr4.122078746	chr4	122078746	122078866	-0.012962	0.125018	0	0	0.000000	0.000000	0.000000	23
bb.chr4.123118108	chr4	123118108	123118228	-0.125272	0.431310	1	2	0.043478	0.086957	0.130435	23
bb.chr4.123930295	chr4	123930295	123930415	-0.033462	0.224377	1	0	0.043478	0.000000	0.043478	23
bb.chr4.124742727	chr4	124742727	124742847	-0.041447	0.204419	0	0	0.000000	0.000000	0.000000	23
bb.chr4.126883574	chr4	126883574	126883694			0	0	0.000000	0.000000	0.000000	0
bb.chr4.127705835	chr4	127705835	127705955	-0.028009	0.226962	1	0	0.043478	0.000000	0.043478	23
bb.chr4.128931940	chr4	128931940	128932060	-0.125425	0.822664	7	3	0.304348	0.130435	0.434783	23
bb.chr4.129567863	chr4	129567863	129567983	-0.006833	0.138697	0	0	0.000000	0.000000	0.000000	23
bb.chr4.130516541	chr4	130516541	130516661	-0.035733	0.219352	0	1	0.000000	0.043478	0.043478	23
bb.chr4.131130383	chr4	131130383	131130503	0.008935	0.175431	1	0	0.043478	0.000000	0.043478	23
bb.chr4.132523166	chr4	132523166	132523286	0.021767	0.213561	1	0	0.043478	0.000000	0.043478	23
bb.chr4.133302754	chr4	133302754	133302874	-0.027479	0.079247	0	0	0.000000	0.000000	0.000000	23
bb.chr4.133999778	chr4	133999778	133999898	-2.750418	0.889550	0	5	0.000000	0.217391	0.217391	5
bb.chr4.135205008	chr4	135205008	135205128	-0.058573	0.386386	1	2	0.043478	0.086957	0.130435	23
bb.chr4.136769291	chr4	136769291	136769411	-0.059795	0.266785	0	1	0.000000	0.043478	0.043478	23
bb.chr4.138159986	chr4	138159986	138160106			0	0	0.000000	0.000000	0.000000	0
bb.chr4.138961674	chr4	138961674	138961794	-0.030230	0.076394	0	0	0.000000	0.000000	0.000000	23
bb.chr4.139756890	chr4	139756890	139757010	-0.006688	0.093322	0	0	0.000000	0.000000	0.000000	23
bb.chr4.140380036	chr4	140380036	140380156	0.019219	0.106122	0	0	0.000000	0.000000	0.000000	23
bb.chr4.141061181	chr4	141061181	141061301	0.001805	0.222220	1	0	0.043478	0.000000	0.043478	23
bb.chr4.142434029	chr4	142434029	142434149	-0.026908	0.456870	6	2	0.260870	0.086957	0.347826	23
bb.chr4.143506407	chr4	143506407	143506527	-0.223081	0.936495	5	5	0.217391	0.217391	0.434783	23
bb.chr4.144356903	chr4	144356903	144357023	0.025643	0.138671	0	0	0.000000	0.000000	0.000000	23
bb.chr4.145042595	chr4	145042595	145042715	-0.065671	0.476331	4	3	0.173913	0.130435	0.304348	23
bb.chr4.145888786	chr4	145888786	145888906	-0.133445	0.353901	0	3	0.000000	0.130435	0.130435	23
bb.chr4.146745585	chr4	146745585	146745705	-0.000961	0.133021	0	0	0.000000	0.000000	0.000000	23
bb.chr4.147557356	chr4	147557356	147557476	-0.209305	0.760093	4	4	0.173913	0.173913	0.347826	23
bb.chr4.148362926	chr4	148362926	148363046	-0.038159	0.143383	0	0	0.000000	0.000000	0.000000	23
bb.chr4.149146511	chr4	149146511	149146631	0.007836	0.098368	0	0	0.000000	0.000000	0.000000	23
bb.chr4.150310159	chr4	150310159	150310279	-0.053583	0.317752	0	1	0.000000	0.043478	0.043478	23
bb.chr4.151622571	chr4	151622571	151622691	-0.006923	0.170239	0	0	0.000000	0.000000	0.000000	23
bb.chr4.152662544	chr4	152662544	152662664	0.020802	0.096468	0	0	0.000000	0.000000	0.000000	23
bb.chr4.153502913	chr4	153502913	153503033	-0.007579	0.125989	0	0	0.000000	0.000000	0.000000	23
bb.chr4.155075215	chr4	155075215	155075335	-0.058559	0.354225	1	1	0.043478	0.043478	0.086957	23
bb.chr4.156689980	chr4	156689980	156690100	-0.019529	0.203038	0	0	0.000000	0.000000	0.000000	23
bb.chr4.158965460	chr4	158965460	158965580	0.075465	0.139364	0	0	0.000000	0.000000	0.000000	23
bb.chr4.159948493	chr4	159948493	159948613	0.006064	0.229083	0	0	0.000000	0.000000	0.000000	23
bb.chr4.160711735	chr4	160711735	160711855	-0.168722	0.750522	5	5	0.217391	0.217391	0.434783	23
bb.chr4.161512099	chr4	161512099	161512219	-0.156246	0.687337	3	3	0.130435	0.130435	0.260870	23
bb.chr4.162322032	chr4	162322032	162322152	-0.039251	0.266314	2	1	0.086957	0.043478	0.130435	23
NAF1	chr4	163128667	163166889	-0.000957	0.031942	0	0	0.000000	0.000000	0.000000	23
bb.chr4.163403870	chr4	163403870	163403990	-0.250277	0.861244	5	7	0.217391	0.304348	0.521739	23
bb.chr4.164189322	chr4	164189322	164189442	0.101953	0.060326	0	0	0.000000	0.000000	0.000000	23
bb.chr4.165061345	chr4	165061345	165061465	-0.004927	0.121237	0	0	0.000000	0.000000	0.000000	23
bb.chr4.165842831	chr4	165842831	165842951	0.002779	0.132651	0	0	0.000000	0.000000	0.000000	23
bb.chr4.166485885	chr4	166485885	166486005	-0.061332	0.288143	0	3	0.000000	0.130435	0.130435	23
bb.chr4.167118805	chr4	167118805	167118925	-0.022784	0.170110	0	0	0.000000	0.000000	0.000000	23
bb.chr4.168769603	chr4	168769603	168769723	-0.019870	0.121854	0	0	0.000000	0.000000	0.000000	23
bb.chr4.170405970	chr4	170405970	170406090	-0.089007	0.514401	4	6	0.173913	0.260870	0.434783	23
bb.chr4.171118276	chr4	171118276	171118396	-0.057663	0.319233	0	3	0.000000	0.130435	0.130435	23
bb.chr4.171981677	chr4	171981677	171981797			0	0	0.000000	0.000000	0.000000	0
bb.chr4.172586415	chr4	172586415	172586535	-0.015015	0.163397	0	1	0.000000	0.043478	0.043478	23
bb.chr4.173421356	chr4	173421356	173421476	0.154190	0.388281	3	0	0.130435	0.000000	0.130435	23
bb.chr4.174139409	chr4	174139409	174139529			0	0	0.000000	0.000000	0.000000	0
bb.chr4.175015470	chr4	175015470	175015590	-0.021059	0.249272	0	0	0.000000	0.000000	0.000000	23
bb.chr4.176544267	chr4	176544267	176544387	-0.474783	1.407566	5	6	0.217391	0.260870	0.478261	23
bb.chr4.177351896	chr4	177351896	177352016	0.021002	0.223770	1	0	0.043478	0.000000	0.043478	23
bb.chr4.178438017	chr4	178438017	178438137	-0.200977	0.852973	6	4	0.260870	0.173913	0.434783	23
bb.chr4.179793797	chr4	179793797	179793917	-0.003128	0.092359	0	0	0.000000	0.000000	0.000000	23
bb.chr4.180865481	chr4	180865481	180865601	-0.133522	0.509744	5	3	0.217391	0.130435	0.347826	23
bb.chr4.181660473	chr4	181660473	181660593	-0.024144	0.202965	0	0	0.000000	0.000000	0.000000	23
bb.chr4.182444454	chr4	182444454	182444574	0.005589	0.266711	2	0	0.086957	0.000000	0.086957	23
bb.chr4.183532981	chr4	183532981	183533101	0.004247	0.094685	0	0	0.000000	0.000000	0.000000	23
bb.chr4.184344188	chr4	184344188	184344308	0.029414	0.125939	0	0	0.000000	0.000000	0.000000	23
bb.chr4.185162406	chr4	185162406	185162526	-0.010443	0.354079	4	2	0.173913	0.086957	0.260870	23
bb.chr4.186228326	chr4	186228326	186228446	0.004181	0.105929	0	0	0.000000	0.000000	0.000000	23
bb.chr4.187292489	chr4	187292489	187292609	0.031589	0.208533	0	0	0.000000	0.000000	0.000000	23
bb.chr4.187934119	chr4	187934119	187934239	0.014416	0.096944	0	0	0.000000	0.000000	0.000000	23
bb.chr4.188644380	chr4	188644380	188644500	-0.008948	0.187018	0	0	0.000000	0.000000	0.000000	23
bb.chr4.189446440	chr4	189446440	189446560	-0.028665	0.228128	0	0	0.000000	0.000000	0.000000	23
bb.chr5.202107	chr5	202107	202227	0.008133	0.107808	0	0	0.000000	0.000000	0.000000	23
bb.chr5.1076346	chr5	1076346	1076466	0.006973	0.128595	0	0	0.000000	0.000000	0.000000	23
bb.chr5.1882212	chr5	1882212	1882332	0.088493	0.140477	0	0	0.000000	0.000000	0.000000	23
bb.chr5.2693894	chr5	2693894	2694014	-0.000202	0.134939	0	0	0.000000	0.000000	0.000000	23
bb.chr5.3488288	chr5	3488288	3488408	0.015412	0.077400	0	0	0.000000	0.000000	0.000000	23
bb.chr5.4297857	chr5	4297857	4297977	0.036346	0.739480	9	5	0.391304	0.217391	0.608696	23
bb.chr5.4949111	chr5	4949111	4949231	-0.050382	0.326966	1	4	0.043478	0.173913	0.217391	23
bb.chr5.5910365	chr5	5910365	5910485	0.022498	0.083468	0	0	0.000000	0.000000	0.000000	23
bb.chr5.6989560	chr5	6989560	6989680	-0.093736	0.548507	5	4	0.217391	0.173913	0.391304	23
bb.chr5.8549580	chr5	8549580	8549700			0	0	0.000000	0.000000	0.000000	0
bb.chr5.9401891	chr5	9401891	9402011	-0.034042	0.133928	0	0	0.000000	0.000000	0.000000	23
bb.chr5.10150761	chr5	10150761	10150881	-0.023183	0.066718	0	0	0.000000	0.000000	0.000000	23
bb.chr5.10964499	chr5	10964499	10964619	-0.246206	1.085686	8	4	0.347826	0.173913	0.521739	23
bb.chr5.11869966	chr5	11869966	11870086	-0.010406	0.093498	0	0	0.000000	0.000000	0.000000	23
bb.chr5.12551597	chr5	12551597	12551717	-1.911528	0.635218	0	5	0.000000	0.217391	0.217391	5
bb.chr5.13185593	chr5	13185593	13185713	-0.030836	0.446359	3	3	0.130435	0.130435	0.260870	23
bb.chr5.13986934	chr5	13986934	13987054	0.012159	0.072118	0	0	0.000000	0.000000	0.000000	23
bb.chr5.14779993	chr5	14779993	14780113	0.009391	0.111536	0	0	0.000000	0.000000	0.000000	23
bb.chr5.15850249	chr5	15850249	15850369	-0.013467	0.145191	0	0	0.000000	0.000000	0.000000	23
bb.chr5.16924362	chr5	16924362	16924482	-0.020519	0.081538	0	0	0.000000	0.000000	0.000000	23
bb.chr5.18329869	chr5	18329869	18329989	-0.044974	0.380963	5	2	0.217391	0.086957	0.304348	23
bb.chr5.19373164	chr5	19373164	19373284	-0.450888	1.478210	4	4	0.173913	0.173913	0.347826	23
bb.chr5.20613663	chr5	20613663	20613783	-0.747264	1.745819	6	7	0.260870	0.304348	0.565217	13
bb.chr5.22005516	chr5	22005516	22005636	0.007781	0.122333	0	0	0.000000	0.000000	0.000000	23
bb.chr5.22812095	chr5	22812095	22812215	-3.461195	0.429655	0	2	0.000000	0.086957	0.086957	2
bb.chr5.23620841	chr5	23620841	23620961	-0.013907	0.230944	0	1	0.000000	0.043478	0.043478	23
bb.chr5.24512464	chr5	24512464	24512584	-0.045681	0.082541	0	0	0.000000	0.000000	0.000000	23
bb.chr5.25247051	chr5	25247051	25247171	0.073207	0.093710	0	0	0.000000	0.000000	0.000000	23
bb.chr5.26028220	chr5	26028220	26028340	-0.497098	1.293485	7	8	0.304348	0.347826	0.652174	23
bb.chr5.26861935	chr5	26861935	26862055	-0.051604	0.204437	0	0	0.000000	0.000000	0.000000	23
bb.chr5.28210308	chr5	28210308	28210428	0.009033	0.267758	1	0	0.043478	0.000000	0.043478	23
bb.chr5.28933853	chr5	28933853	28933973	-0.144871	0.666079	4	6	0.173913	0.260870	0.434783	23
bb.chr5.29582964	chr5	29582964	29583084	-0.165293	0.790587	5	5	0.217391	0.217391	0.434783	23
bb.chr5.30895656	chr5	30895656	30895776	-0.120780	0.897032	9	6	0.391304	0.260870	0.652174	23
bb.chr5.31951795	chr5	31951795	31951915	-0.035473	0.162815	0	0	0.000000	0.000000	0.000000	23
bb.chr5.32831773	chr5	32831773	32831893	-0.011937	0.093147	0	0	0.000000	0.000000	0.000000	23
bb.chr5.33581465	chr5	33581465	33581585	0.001560	0.079419	0	0	0.000000	0.000000	0.000000	23
bb.chr5.34861451	chr5	34861451	34861571	-0.029568	0.125291	0	0	0.000000	0.000000	0.000000	23
IL7R	chr5	35856889	35879602	0.000846	0.030313	0	0	0.000000	0.000000	0.000000	23
bb.chr5.36049886	chr5	36049886	36050006	0.011682	0.231223	0	0	0.000000	0.000000	0.000000	23
bb.chr5.36819233	chr5	36819233	36819353	-0.073555	0.348831	1	1	0.043478	0.043478	0.086957	23
bb.chr5.37612184	chr5	37612184	37612304	-1.255253	1.858260	4	6	0.173913	0.260870	0.434783	17
bb.chr5.38264573	chr5	38264573	38264693	-0.011505	0.074920	0	0	0.000000	0.000000	0.000000	23
bb.chr5.39259281	chr5	39259281	39259401	0.007447	0.083867	0	0	0.000000	0.000000	0.000000	23
bb.chr5.40286491	chr5	40286491	40286611	0.014755	0.298423	2	1	0.086957	0.043478	0.130435	23
bb.chr5.40916503	chr5	40916503	40916623	-0.011106	0.139846	0	0	0.000000	0.000000	0.000000	23
bb.chr5.44048729	chr5	44048729	44048849	-0.026654	0.122227	0	0	0.000000	0.000000	0.000000	23
bb.chr5.44865824	chr5	44865824	44865944	-0.563802	1.330502	4	6	0.173913	0.260870	0.434783	23
bb.chr5.45690025	chr5	45690025	45690145	0.020720	0.194418	0	0	0.000000	0.000000	0.000000	23
bb.chr5.51158838	chr5	51158838	51158958	-0.022171	0.291666	1	0	0.043478	0.000000	0.043478	23
bb.chr5.52282169	chr5	52282169	52282289	-0.000259	0.114363	0	0	0.000000	0.000000	0.000000	23
bb.chr5.53087942	chr5	53087942	53088062	-0.028746	0.058963	0	0	0.000000	0.000000	0.000000	23
bb.chr5.54437326	chr5	54437326	54437446	-0.011037	0.095758	0	0	0.000000	0.000000	0.000000	23
bb.chr5.55247942	chr5	55247942	55248062	-0.016764	0.055799	0	0	0.000000	0.000000	0.000000	23
bb.chr5.56149242	chr5	56149242	56149362	0.091445	0.152933	0	0	0.000000	0.000000	0.000000	23
bb.chr5.57028487	chr5	57028487	57028607	0.022063	0.075844	0	0	0.000000	0.000000	0.000000	23
bb.chr5.57653372	chr5	57653372	57653492	-0.092053	0.304821	0	3	0.000000	0.130435	0.130435	23
bb.chr5.58454463	chr5	58454463	58454583	-0.018612	0.085777	0	0	0.000000	0.000000	0.000000	23
bb.chr5.59586445	chr5	59586445	59586565	-0.040994	0.200658	0	0	0.000000	0.000000	0.000000	23
bb.chr5.60631024	chr5	60631024	60631144	-0.018889	0.083927	0	0	0.000000	0.000000	0.000000	23
bb.chr5.61969996	chr5	61969996	61970116	0.000559	0.266119	1	0	0.043478	0.000000	0.043478	23
bb.chr5.62769426	chr5	62769426	62769546	-0.009402	0.095557	0	0	0.000000	0.000000	0.000000	23
bb.chr5.63524621	chr5	63524621	63524741			0	0	0.000000	0.000000	0.000000	0
bb.chr5.64568878	chr5	64568878	64568998	0.016305	0.112730	0	0	0.000000	0.000000	0.000000	23
bb.chr5.65192593	chr5	65192593	65192713	-0.200540	0.596877	2	4	0.086957	0.173913	0.260870	23
bb.chr5.65907911	chr5	65907911	65908031	0.029796	0.132980	0	0	0.000000	0.000000	0.000000	23
bb.chr5.66533979	chr5	66533979	66534099	-0.085703	0.756629	7	5	0.304348	0.217391	0.521739	23
bb.chr5.67478904	chr5	67478904	67479024	-0.079695	0.366868	1	4	0.043478	0.173913	0.217391	23
bb.chr5.68365000	chr5	68365000	68365120	-0.012491	0.205330	0	0	0.000000	0.000000	0.000000	23
bb.chr5.71456881	chr5	71456881	71457001	-0.012535	0.214936	0	0	0.000000	0.000000	0.000000	23
bb.chr5.72150104	chr5	72150104	72150224	-0.061793	0.319742	0	1	0.000000	0.043478	0.043478	23
bb.chr5.73152457	chr5	73152457	73152577	0.009874	0.106750	0	0	0.000000	0.000000	0.000000	23
bb.chr5.73776067	chr5	73776067	73776187	0.006936	0.092357	0	0	0.000000	0.000000	0.000000	23
bb.chr5.74588002	chr5	74588002	74588122	0.005009	0.109036	0	0	0.000000	0.000000	0.000000	23
bb.chr5.75656976	chr5	75656976	75657096	-0.020324	0.069868	0	0	0.000000	0.000000	0.000000	23
bb.chr5.76485405	chr5	76485405	76485525	-0.026311	0.321527	1	1	0.043478	0.043478	0.086957	23
bb.chr5.77275333	chr5	77275333	77275453	-0.056174	0.353559	1	2	0.043478	0.086957	0.130435	23
bb.chr5.77981217	chr5	77981217	77981337	0.114186	0.105616	0	0	0.000000	0.000000	0.000000	23
bb.chr5.78885967	chr5	78885967	78886087	0.002485	0.106348	0	0	0.000000	0.000000	0.000000	23
bb.chr5.79713636	chr5	79713636	79713756	-0.032091	0.138301	0	0	0.000000	0.000000	0.000000	23
bb.chr5.80514046	chr5	80514046	80514166	-0.214633	0.771561	4	6	0.173913	0.260870	0.434783	23
bb.chr5.81857034	chr5	81857034	81857154	0.020637	0.110254	0	0	0.000000	0.000000	0.000000	23
bb.chr5.82909973	chr5	82909973	82910093	-0.014672	0.116232	0	0	0.000000	0.000000	0.000000	23
bb.chr5.83965059	chr5	83965059	83965179	-0.038200	0.454978	6	3	0.260870	0.130435	0.391304	23
bb.chr5.84627289	chr5	84627289	84627409	-0.564072	1.373650	4	5	0.173913	0.217391	0.391304	15
bb.chr5.85329923	chr5	85329923	85330043	-0.013762	0.199414	1	0	0.043478	0.000000	0.043478	23
bb.chr5.86133237	chr5	86133237	86133357	0.000910	0.081785	0	0	0.000000	0.000000	0.000000	23
bb.chr5.87276247	chr5	87276247	87276367	0.081421	0.436037	7	3	0.304348	0.130435	0.434783	23
bb.chr5.88839585	chr5	88839585	88839705	-0.005616	0.182459	0	0	0.000000	0.000000	0.000000	23
bb.chr5.89673255	chr5	89673255	89673375	-0.042130	0.150846	0	0	0.000000	0.000000	0.000000	23
bb.chr5.90441310	chr5	90441310	90441430	-0.038906	0.236166	0	1	0.000000	0.043478	0.043478	23
bb.chr5.91323338	chr5	91323338	91323458	0.025574	0.177164	2	0	0.086957	0.000000	0.086957	23
bb.chr5.92104294	chr5	92104294	92104414	-0.042501	0.242978	0	2	0.000000	0.086957	0.086957	23
bb.chr5.92865313	chr5	92865313	92865433	-0.021136	0.073163	0	0	0.000000	0.000000	0.000000	23
bb.chr5.93682182	chr5	93682182	93682302	-0.016074	0.408980	5	2	0.217391	0.086957	0.304348	23
bb.chr5.94390056	chr5	94390056	94390176	-0.015740	0.175665	0	0	0.000000	0.000000	0.000000	23
bb.chr5.95241597	chr5	95241597	95241717	-0.080344	0.302366	1	2	0.043478	0.086957	0.130435	23
bb.chr5.96064643	chr5	96064643	96064763	0.027603	0.216739	2	0	0.086957	0.000000	0.086957	23
bb.chr5.97117541	chr5	97117541	97117661	-0.031992	0.187147	0	0	0.000000	0.000000	0.000000	23
bb.chr5.98134198	chr5	98134198	98134318	-0.416853	1.167589	4	6	0.173913	0.260870	0.434783	23
bb.chr5.98781701	chr5	98781701	98781821	-0.081804	0.354251	0	1	0.000000	0.043478	0.043478	23
bb.chr5.99975166	chr5	99975166	99975286	-0.271667	0.704759	4	5	0.173913	0.217391	0.391304	23
bb.chr5.100624066	chr5	100624066	100624186			0	0	0.000000	0.000000	0.000000	0
bb.chr5.101240788	chr5	101240788	101240908	-0.018455	0.215581	0	0	0.000000	0.000000	0.000000	23
bb.chr5.101997083	chr5	101997083	101997203	-0.147027	0.511683	3	4	0.130435	0.173913	0.304348	23
bb.chr5.102831390	chr5	102831390	102831510			0	0	0.000000	0.000000	0.000000	0
bb.chr5.103930209	chr5	103930209	103930329			0	0	0.000000	0.000000	0.000000	0
bb.chr5.104875656	chr5	104875656	104875776			0	0	0.000000	0.000000	0.000000	0
bb.chr5.105770297	chr5	105770297	105770417	0.002443	0.185716	0	0	0.000000	0.000000	0.000000	23
bb.chr5.106518304	chr5	106518304	106518424			0	0	0.000000	0.000000	0.000000	0
bb.chr5.107316106	chr5	107316106	107316226	-0.035686	0.138849	0	0	0.000000	0.000000	0.000000	23
bb.chr5.109204797	chr5	109204797	109204917	0.004062	0.157254	0	0	0.000000	0.000000	0.000000	23
bb.chr5.110016519	chr5	110016519	110016639	-0.007972	0.090696	0	0	0.000000	0.000000	0.000000	23
bb.chr5.111081744	chr5	111081744	111081864	-0.045845	0.160189	0	0	0.000000	0.000000	0.000000	23
bb.chr5.111894888	chr5	111894888	111895008			0	0	0.000000	0.000000	0.000000	0
bb.chr5.112689068	chr5	112689068	112689188	0.000880	0.176666	0	0	0.000000	0.000000	0.000000	23
bb.chr5.113791140	chr5	113791140	113791260	-0.010666	0.113210	0	0	0.000000	0.000000	0.000000	23
bb.chr5.114460605	chr5	114460605	114460725	0.008878	0.107515	0	0	0.000000	0.000000	0.000000	23
bb.chr5.115402372	chr5	115402372	115402492	0.129341	0.061710	0	0	0.000000	0.000000	0.000000	23
bb.chr5.116052787	chr5	116052787	116052907	-0.063259	0.346694	2	3	0.086957	0.130435	0.217391	23
bb.chr5.116993464	chr5	116993464	116993584	-0.005571	0.211095	0	0	0.000000	0.000000	0.000000	23
bb.chr5.117919233	chr5	117919233	117919353	-0.015656	0.114854	0	0	0.000000	0.000000	0.000000	23
bb.chr5.118736126	chr5	118736126	118736246			0	0	0.000000	0.000000	0.000000	0
bb.chr5.119410255	chr5	119410255	119410375	-0.007904	0.084121	0	0	0.000000	0.000000	0.000000	23
bb.chr5.120198429	chr5	120198429	120198549	-0.069316	0.316281	0	2	0.000000	0.086957	0.086957	23
bb.chr5.120910810	chr5	120910810	120910930	-0.006853	0.159325	0	0	0.000000	0.000000	0.000000	23
bb.chr5.122415469	chr5	122415469	122415589	-0.031391	0.163392	0	0	0.000000	0.000000	0.000000	23
bb.chr5.123173895	chr5	123173895	123174015	-0.019381	0.166103	0	0	0.000000	0.000000	0.000000	23
bb.chr5.124013363	chr5	124013363	124013483	-0.049257	0.233953	0	2	0.000000	0.086957	0.086957	23
bb.chr5.124781799	chr5	124781799	124781919	-0.157664	0.470562	0	4	0.000000	0.173913	0.173913	23
bb.chr5.125595433	chr5	125595433	125595553	-0.688710	1.586776	1	2	0.043478	0.086957	0.130435	3
bb.chr5.126426697	chr5	126426697	126426817	0.016326	0.190655	0	0	0.000000	0.000000	0.000000	23
bb.chr5.127486195	chr5	127486195	127486315	-0.015439	0.088703	0	0	0.000000	0.000000	0.000000	23
bb.chr5.128186401	chr5	128186401	128186521	-0.001554	0.146605	0	0	0.000000	0.000000	0.000000	23
bb.chr5.128854177	chr5	128854177	128854297	-0.683397	1.703136	8	5	0.347826	0.217391	0.565217	20
bb.chr5.129623189	chr5	129623189	129623309	-0.045753	0.216073	0	0	0.000000	0.000000	0.000000	23
bb.chr5.130599890	chr5	130599890	130600010	-0.368226	1.415690	8	9	0.347826	0.391304	0.739130	23
bb.chr5.131771628	chr5	131771628	131771748	-0.007575	0.128773	0	0	0.000000	0.000000	0.000000	23
IRF1	chr5	132481607	132490772	0.034604	0.055911	0	0	0.000000	0.000000	0.000000	23
bb.chr5.133399470	chr5	133399470	133399590	0.017599	0.104653	0	0	0.000000	0.000000	0.000000	23
bb.chr5.134060069	chr5	134060069	134060189	0.039624	0.103130	0	0	0.000000	0.000000	0.000000	23
bb.chr5.135008049	chr5	135008049	135008169	-0.012612	0.111537	0	0	0.000000	0.000000	0.000000	23
bb.chr5.136638808	chr5	136638808	136638928	0.000895	0.085635	0	0	0.000000	0.000000	0.000000	23
bb.chr5.137662433	chr5	137662433	137662553	-0.064236	0.096574	0	0	0.000000	0.000000	0.000000	23
bb.chr5.138393025	chr5	138393025	138393145	-0.023799	0.075901	0	0	0.000000	0.000000	0.000000	23
bb.chr5.139471260	chr5	139471260	139471380	0.031718	0.148984	0	0	0.000000	0.000000	0.000000	23
bb.chr5.140322275	chr5	140322275	140322395	-0.022099	0.081267	0	0	0.000000	0.000000	0.000000	23
bb.chr5.142628900	chr5	142628900	142629020	0.021173	0.089590	0	0	0.000000	0.000000	0.000000	23
bb.chr5.143793180	chr5	143793180	143793300	-0.004024	0.124373	0	0	0.000000	0.000000	0.000000	23
bb.chr5.144458967	chr5	144458967	144459087	-0.015420	0.130184	0	0	0.000000	0.000000	0.000000	23
bb.chr5.145225608	chr5	145225608	145225728	-0.041634	0.073662	0	0	0.000000	0.000000	0.000000	23
bb.chr5.145942448	chr5	145942448	145942568	0.060643	0.067245	0	0	0.000000	0.000000	0.000000	23
bb.chr5.146878973	chr5	146878973	146879093	-0.028114	0.065913	0	0	0.000000	0.000000	0.000000	23
bb.chr5.147847360	chr5	147847360	147847480	-0.020764	0.100158	0	0	0.000000	0.000000	0.000000	23
bb.chr5.148487856	chr5	148487856	148487976	-0.582187	1.602249	7	6	0.304348	0.260870	0.565217	23
CSNK1A1	chr5	149492966	149551438	-0.001449	0.032172	0	0	0.000000	0.000000	0.000000	23
bb.chr5.149732543	chr5	149732543	149732663	-0.011491	0.066017	0	0	0.000000	0.000000	0.000000	23
CSF1R	chr5	150053293	150086553	-0.000536	0.048433	0	0	0.000000	0.000000	0.000000	23
bb.chr5.150520270	chr5	150520270	150520390	-0.005838	0.114663	0	0	0.000000	0.000000	0.000000	23
bb.chr5.151640700	chr5	151640700	151640820	-0.030457	0.070482	0	0	0.000000	0.000000	0.000000	23
bb.chr5.152431486	chr5	152431486	152431606	-0.005390	0.173809	0	0	0.000000	0.000000	0.000000	23
bb.chr5.153123240	chr5	153123240	153123360	-0.044897	0.323203	1	3	0.043478	0.130435	0.173913	23
bb.chr5.153739028	chr5	153739028	153739148	-0.033510	0.148878	0	0	0.000000	0.000000	0.000000	23
bb.chr5.154559955	chr5	154559955	154560075	-0.022366	0.093972	0	0	0.000000	0.000000	0.000000	23
bb.chr5.155593511	chr5	155593511	155593631	-0.032656	0.288315	0	2	0.000000	0.086957	0.086957	23
bb.chr5.156388564	chr5	156388564	156388684	0.009857	0.096719	0	0	0.000000	0.000000	0.000000	23
bb.chr5.157045992	chr5	157045992	157046112	0.002019	0.137762	0	0	0.000000	0.000000	0.000000	23
bb.chr5.157751151	chr5	157751151	157751271	0.003165	0.114960	0	0	0.000000	0.000000	0.000000	23
bb.chr5.158374228	chr5	158374228	158374348	-0.041513	0.097095	0	0	0.000000	0.000000	0.000000	23
bb.chr5.159115697	chr5	159115697	159115817	-0.012281	0.120427	0	0	0.000000	0.000000	0.000000	23
bb.chr5.159739549	chr5	159739549	159739669	-0.005278	0.135581	0	0	0.000000	0.000000	0.000000	23
bb.chr5.160434274	chr5	160434274	160434394	-0.006014	0.097323	0	0	0.000000	0.000000	0.000000	23
bb.chr5.161821467	chr5	161821467	161821587	-0.011347	0.185733	0	0	0.000000	0.000000	0.000000	23
bb.chr5.162571750	chr5	162571750	162571870	-0.113234	0.536366	4	4	0.173913	0.173913	0.347826	23
bb.chr5.163244640	chr5	163244640	163244760	-0.026226	0.653562	7	5	0.304348	0.217391	0.521739	23
bb.chr5.163903797	chr5	163903797	163903917			0	0	0.000000	0.000000	0.000000	0
bb.chr5.164743663	chr5	164743663	164743783	-0.013874	0.111780	0	0	0.000000	0.000000	0.000000	23
bb.chr5.165551564	chr5	165551564	165551684	-0.115620	0.598997	4	3	0.173913	0.130435	0.304348	23
bb.chr5.166325185	chr5	166325185	166325305	-0.017056	0.223884	0	0	0.000000	0.000000	0.000000	23
bb.chr5.167097961	chr5	167097961	167098081	-0.295380	0.813579	2	5	0.086957	0.217391	0.304348	23
bb.chr5.167947123	chr5	167947123	167947243	-0.034497	0.066041	0	0	0.000000	0.000000	0.000000	23
bb.chr5.168756638	chr5	168756638	168756758	0.001098	0.081399	0	0	0.000000	0.000000	0.000000	23
bb.chr5.169911260	chr5	169911260	169911380	-0.004829	0.071330	0	0	0.000000	0.000000	0.000000	23
bb.chr5.170788426	chr5	170788426	170788546	0.008699	0.081812	0	0	0.000000	0.000000	0.000000	23
NPM1	chr5	171387847	171410899	0.005491	0.045710	0	0	0.000000	0.000000	0.000000	23
bb.chr5.171442518	chr5	171442518	171442638	-0.021958	0.087922	0	0	0.000000	0.000000	0.000000	23
bb.chr5.172235139	chr5	172235139	172235259	0.006632	0.160780	0	0	0.000000	0.000000	0.000000	23
bb.chr5.172994697	chr5	172994697	172994817	0.017595	0.167069	0	0	0.000000	0.000000	0.000000	23
bb.chr5.174192557	chr5	174192557	174192677	0.002136	0.112023	0	0	0.000000	0.000000	0.000000	23
bb.chr5.175202564	chr5	175202564	175202684	0.008061	0.085207	0	0	0.000000	0.000000	0.000000	23
bb.chr5.176260553	chr5	176260553	176260673	0.006781	0.320497	2	1	0.086957	0.043478	0.130435	23
bb.chr5.176861761	chr5	176861761	176861881	-0.007275	0.134175	0	0	0.000000	0.000000	0.000000	23
DDX41	chr5	177511575	177517027	-0.004341	0.045766	0	0	0.000000	0.000000	0.000000	23
bb.chr5.177630376	chr5	177630376	177630496	-0.004483	0.167535	0	0	0.000000	0.000000	0.000000	23
bb.chr5.178387721	chr5	178387721	178387841	0.016743	0.140509	0	0	0.000000	0.000000	0.000000	23
bb.chr5.179218249	chr5	179218249	179218369	0.005468	0.092381	0	0	0.000000	0.000000	0.000000	23
bb.chr5.179818689	chr5	179818689	179818809	-0.019544	0.101819	0	0	0.000000	0.000000	0.000000	23
bb.chr5.181108560	chr5	181108560	181108680	-0.016731	0.106479	0	0	0.000000	0.000000	0.000000	23
bb.chr6.500896	chr6	500896	501016	-0.038048	0.247170	0	1	0.000000	0.043478	0.043478	23
bb.chr6.1426453	chr6	1426453	1426573	-0.007623	0.081507	0	0	0.000000	0.000000	0.000000	23
bb.chr6.2097392	chr6	2097392	2097512	0.038892	0.118413	0	0	0.000000	0.000000	0.000000	23
bb.chr6.2841262	chr6	2841262	2841382	0.020409	0.092163	0	0	0.000000	0.000000	0.000000	23
bb.chr6.3572254	chr6	3572254	3572374	-0.018340	0.094326	0	0	0.000000	0.000000	0.000000	23
bb.chr6.4518002	chr6	4518002	4518122	-0.067783	0.471415	4	4	0.173913	0.173913	0.347826	23
bb.chr6.5177691	chr6	5177691	5177811	0.021844	0.123650	0	0	0.000000	0.000000	0.000000	23
bb.chr6.5946846	chr6	5946846	5946966	-0.028422	0.092096	0	0	0.000000	0.000000	0.000000	23
bb.chr6.6637568	chr6	6637568	6637688	-0.002429	0.084968	0	0	0.000000	0.000000	0.000000	23
bb.chr6.7355177	chr6	7355177	7355297	-0.233149	1.157805	8	3	0.347826	0.130435	0.478261	23
bb.chr6.8083685	chr6	8083685	8083805	-0.006395	0.188359	1	0	0.043478	0.000000	0.043478	23
bb.chr6.8787237	chr6	8787237	8787357	-0.248599	0.812525	5	6	0.217391	0.260870	0.478261	23
bb.chr6.9518995	chr6	9518995	9519115	-0.030128	0.228414	0	0	0.000000	0.000000	0.000000	23
bb.chr6.10223334	chr6	10223334	10223454	-0.021973	0.072333	0	0	0.000000	0.000000	0.000000	23
bb.chr6.10923229	chr6	10923229	10923349	0.008352	0.109760	0	0	0.000000	0.000000	0.000000	23
bb.chr6.11617874	chr6	11617874	11617994	-0.016090	0.229932	2	0	0.086957	0.000000	0.086957	23
bb.chr6.12514677	chr6	12514677	12514797	-0.026408	0.354445	2	1	0.086957	0.043478	0.130435	23
bb.chr6.13139053	chr6	13139053	13139173	-0.002976	0.149707	0	0	0.000000	0.000000	0.000000	23
bb.chr6.14668376	chr6	14668376	14668496	0.001242	0.067594	0	0	0.000000	0.000000	0.000000	23
bb.chr6.15414484	chr6	15414484	15414604	-0.032383	0.350969	1	3	0.043478	0.130435	0.173913	23
bb.chr6.16399266	chr6	16399266	16399386	-0.021958	0.138243	0	0	0.000000	0.000000	0.000000	23
bb.chr6.17295881	chr6	17295881	17296001	-0.031768	0.140054	0	0	0.000000	0.000000	0.000000	23
bb.chr6.18023287	chr6	18023287	18023407	-0.054165	0.332999	0	2	0.000000	0.086957	0.086957	23
bb.chr6.18975256	chr6	18975256	18975376	-0.023627	0.129897	0	0	0.000000	0.000000	0.000000	23
bb.chr6.19670695	chr6	19670695	19670815	-0.011724	0.078053	0	0	0.000000	0.000000	0.000000	23
bb.chr6.20396136	chr6	20396136	20396256	-0.215230	0.728986	2	5	0.086957	0.217391	0.304348	23
bb.chr6.21103377	chr6	21103377	21103497	0.092286	0.392018	5	2	0.217391	0.086957	0.304348	23
bb.chr6.21808315	chr6	21808315	21808435	-0.020425	0.074513	0	0	0.000000	0.000000	0.000000	23
bb.chr6.22541500	chr6	22541500	22541620	0.015572	0.128793	0	0	0.000000	0.000000	0.000000	23
bb.chr6.23492787	chr6	23492787	23492907	-0.009270	0.103402	0	0	0.000000	0.000000	0.000000	23
bb.chr6.24112249	chr6	24112249	24112369	-0.003228	0.091835	0	0	0.000000	0.000000	0.000000	23
bb.chr6.25395684	chr6	25395684	25395804	0.001207	0.115423	0	0	0.000000	0.000000	0.000000	23
bb.chr6.26091048	chr6	26091048	26091168	-0.005180	0.073469	0	0	0.000000	0.000000	0.000000	23
bb.chr6.27344239	chr6	27344239	27344359	0.131732	0.099910	0	0	0.000000	0.000000	0.000000	23
bb.chr6.28443466	chr6	28443466	28443586	-0.029179	0.081401	0	0	0.000000	0.000000	0.000000	23
bb.chr6.33673542	chr6	33673542	33673662	0.080550	0.101700	0	0	0.000000	0.000000	0.000000	23
bb.chr6.34833351	chr6	34833351	34833471	-0.014739	0.167629	0	0	0.000000	0.000000	0.000000	23
bb.chr6.35611165	chr6	35611165	35611285	0.013053	0.215399	0	0	0.000000	0.000000	0.000000	23
bb.chr6.36321308	chr6	36321308	36321428	-0.009378	0.100315	0	0	0.000000	0.000000	0.000000	23
bb.chr6.37035716	chr6	37035716	37035836			0	0	0.000000	0.000000	0.000000	0
bb.chr6.37761909	chr6	37761909	37762029	0.103578	0.109129	0	0	0.000000	0.000000	0.000000	23
bb.chr6.38428296	chr6	38428296	38428416	0.002438	0.115810	0	0	0.000000	0.000000	0.000000	23
bb.chr6.39375945	chr6	39375945	39376065	-0.050998	0.064344	0	0	0.000000	0.000000	0.000000	23
bb.chr6.40383136	chr6	40383136	40383256	-0.030203	0.118506	0	0	0.000000	0.000000	0.000000	23
bb.chr6.41308046	chr6	41308046	41308166	-0.024823	0.091776	0	0	0.000000	0.000000	0.000000	23
CCND3	chr6	41934950	41941807	0.009834	0.046356	0	0	0.000000	0.000000	0.000000	23
bb.chr6.42509008	chr6	42509008	42509128	-0.017878	0.099304	0	0	0.000000	0.000000	0.000000	23
bb.chr6.43428527	chr6	43428527	43428647	0.013695	0.108759	0	0	0.000000	0.000000	0.000000	23
bb.chr6.44154619	chr6	44154619	44154739	-0.014095	0.126021	0	0	0.000000	0.000000	0.000000	23
bb.chr6.44805465	chr6	44805465	44805585	-0.084355	0.393458	0	5	0.000000	0.217391	0.217391	23
bb.chr6.45556150	chr6	45556150	45556270	0.020592	0.100378	0	0	0.000000	0.000000	0.000000	23
bb.chr6.46708222	chr6	46708222	46708342	-0.052747	0.369100	2	3	0.086957	0.130435	0.217391	23
bb.chr6.47476344	chr6	47476344	47476464	-0.021764	0.079344	0	0	0.000000	0.000000	0.000000	23
bb.chr6.48736240	chr6	48736240	48736360			0	0	0.000000	0.000000	0.000000	0
bb.chr6.49369465	chr6	49369465	49369585	0.106983	0.197534	1	0	0.043478	0.000000	0.043478	23
bb.chr6.50113529	chr6	50113529	50113649	-0.036905	0.095983	0	0	0.000000	0.000000	0.000000	23
bb.chr6.51619103	chr6	51619103	51619223	0.017118	0.087502	0	0	0.000000	0.000000	0.000000	23
bb.chr6.52566427	chr6	52566427	52566547	0.021453	0.096828	0	0	0.000000	0.000000	0.000000	23
bb.chr6.53273345	chr6	53273345	53273465	-0.026793	0.204717	0	0	0.000000	0.000000	0.000000	23
bb.chr6.53982814	chr6	53982814	53982934	-0.013125	0.122950	0	0	0.000000	0.000000	0.000000	23
bb.chr6.54687001	chr6	54687001	54687121	-0.016634	0.241515	2	0	0.086957	0.000000	0.086957	23
bb.chr6.55677577	chr6	55677577	55677697	-0.054007	0.421193	5	2	0.217391	0.086957	0.304348	23
bb.chr6.56426015	chr6	56426015	56426135	0.000604	0.107609	0	0	0.000000	0.000000	0.000000	23
bb.chr6.58275628	chr6	58275628	58275748	-0.019979	0.088302	0	0	0.000000	0.000000	0.000000	23
bb.chr6.60720331	chr6	60720331	60720451	-0.030347	0.183744	0	0	0.000000	0.000000	0.000000	23
bb.chr6.61920898	chr6	61920898	61921018	-0.066526	0.263919	0	1	0.000000	0.043478	0.043478	23
bb.chr6.62833573	chr6	62833573	62833693	-0.040366	0.172344	0	0	0.000000	0.000000	0.000000	23
bb.chr6.63574309	chr6	63574309	63574429	0.023578	0.158384	0	0	0.000000	0.000000	0.000000	23
bb.chr6.64800120	chr6	64800120	64800240	-0.027649	0.131418	0	0	0.000000	0.000000	0.000000	23
bb.chr6.65476176	chr6	65476176	65476296	-0.046171	0.195217	0	1	0.000000	0.043478	0.043478	23
bb.chr6.66429927	chr6	66429927	66430047	-0.095382	0.348473	2	2	0.086957	0.086957	0.173913	23
bb.chr6.68487298	chr6	68487298	68487418	-0.193600	1.071289	7	8	0.304348	0.347826	0.652174	23
bb.chr6.69398463	chr6	69398463	69398583	-0.030700	0.107596	0	0	0.000000	0.000000	0.000000	23
bb.chr6.70371613	chr6	70371613	70371733	-0.019606	0.104057	0	0	0.000000	0.000000	0.000000	23
bb.chr6.71105114	chr6	71105114	71105234	0.171581	0.096275	0	0	0.000000	0.000000	0.000000	23
bb.chr6.71875703	chr6	71875703	71875823	0.003936	0.201899	1	0	0.043478	0.000000	0.043478	23
bb.chr6.72639826	chr6	72639826	72639946	-0.015474	0.139664	0	0	0.000000	0.000000	0.000000	23
bb.chr6.73348223	chr6	73348223	73348343	-0.028919	0.077012	0	0	0.000000	0.000000	0.000000	23
bb.chr6.74016177	chr6	74016177	74016297	-0.049841	0.418534	5	3	0.217391	0.130435	0.347826	23
bb.chr6.75134824	chr6	75134824	75134944	-0.015228	0.103208	0	0	0.000000	0.000000	0.000000	23
bb.chr6.75937799	chr6	75937799	75937919	-0.052168	0.175876	0	0	0.000000	0.000000	0.000000	23
bb.chr6.77104920	chr6	77104920	77105040	-0.154488	0.646695	3	6	0.130435	0.260870	0.391304	23
bb.chr6.78037711	chr6	78037711	78037831	-0.002864	0.194550	1	0	0.043478	0.000000	0.043478	23
bb.chr6.78691636	chr6	78691636	78691756	-0.000177	0.160498	0	0	0.000000	0.000000	0.000000	23
bb.chr6.79466720	chr6	79466720	79466840	0.013136	0.132926	0	0	0.000000	0.000000	0.000000	23
bb.chr6.80079997	chr6	80079997	80080117			0	0	0.000000	0.000000	0.000000	0
bb.chr6.81136941	chr6	81136941	81137061	0.014508	0.102311	0	0	0.000000	0.000000	0.000000	23
bb.chr6.81832276	chr6	81832276	81832396	0.013976	0.120378	0	0	0.000000	0.000000	0.000000	23
bb.chr6.82777781	chr6	82777781	82777901	-0.000466	0.177051	0	0	0.000000	0.000000	0.000000	23
bb.chr6.83474693	chr6	83474693	83474813	-0.021249	0.144461	0	0	0.000000	0.000000	0.000000	23
bb.chr6.84448431	chr6	84448431	84448551	-0.024983	0.087252	0	0	0.000000	0.000000	0.000000	23
bb.chr6.85115909	chr6	85115909	85116029	0.005106	0.089479	0	0	0.000000	0.000000	0.000000	23
bb.chr6.85768959	chr6	85768959	85769079	0.008562	0.111374	0	0	0.000000	0.000000	0.000000	23
bb.chr6.86534050	chr6	86534050	86534170			0	0	0.000000	0.000000	0.000000	0
bb.chr6.87524765	chr6	87524765	87524885	-0.668060	1.492095	5	7	0.217391	0.304348	0.521739	23
bb.chr6.88572699	chr6	88572699	88572819	-0.011588	0.089865	0	0	0.000000	0.000000	0.000000	23
bb.chr6.89623279	chr6	89623279	89623399	-0.010969	0.142782	0	0	0.000000	0.000000	0.000000	23
bb.chr6.90393927	chr6	90393927	90394047	-0.064142	0.405488	4	3	0.173913	0.130435	0.304348	23
bb.chr6.91479285	chr6	91479285	91479405	0.011026	0.092717	0	0	0.000000	0.000000	0.000000	23
bb.chr6.92275583	chr6	92275583	92275703	-0.000048	0.143233	0	0	0.000000	0.000000	0.000000	23
bb.chr6.92987622	chr6	92987622	92987742	-0.013387	0.122414	0	0	0.000000	0.000000	0.000000	23
bb.chr6.93653674	chr6	93653674	93653794	-0.044512	0.207463	0	0	0.000000	0.000000	0.000000	23
bb.chr6.94466581	chr6	94466581	94466701			0	0	0.000000	0.000000	0.000000	0
bb.chr6.95394508	chr6	95394508	95394628			0	0	0.000000	0.000000	0.000000	0
bb.chr6.96086737	chr6	96086737	96086857	0.011306	0.251719	1	0	0.043478	0.000000	0.043478	23
bb.chr6.97077572	chr6	97077572	97077692	-0.003565	0.154724	0	0	0.000000	0.000000	0.000000	23
bb.chr6.97753933	chr6	97753933	97754053			0	0	0.000000	0.000000	0.000000	0
bb.chr6.98490898	chr6	98490898	98491018	0.016012	0.205620	1	0	0.043478	0.000000	0.043478	23
bb.chr6.99377291	chr6	99377291	99377411	-0.040459	0.151087	0	0	0.000000	0.000000	0.000000	23
CCNC	chr6	99542385	99568659	-0.020591	0.048150	0	0	0.000000	0.000000	0.000000	23
bb.chr6.100315232	chr6	100315232	100315352	-0.015436	0.176481	0	0	0.000000	0.000000	0.000000	23
bb.chr6.101360283	chr6	101360283	101360403	-0.075536	0.528346	5	3	0.217391	0.130435	0.347826	23
bb.chr6.102401401	chr6	102401401	102401521	-0.024277	0.118187	1	0	0.043478	0.000000	0.043478	23
bb.chr6.103331340	chr6	103331340	103331460	-0.076278	0.333608	0	3	0.000000	0.130435	0.130435	23
bb.chr6.103959114	chr6	103959114	103959234	0.001850	0.085158	0	0	0.000000	0.000000	0.000000	23
bb.chr6.104618521	chr6	104618521	104618641	0.008456	0.078614	0	0	0.000000	0.000000	0.000000	23
bb.chr6.105822570	chr6	105822570	105822690	-0.149932	0.521216	2	3	0.086957	0.130435	0.217391	23
bb.chr6.106796024	chr6	106796024	106796144	-0.025693	0.127375	0	0	0.000000	0.000000	0.000000	23
bb.chr6.107555137	chr6	107555137	107555257	0.009474	0.081825	0	0	0.000000	0.000000	0.000000	23
bb.chr6.108168336	chr6	108168336	108168456	-0.019514	0.188991	0	0	0.000000	0.000000	0.000000	23
bb.chr6.108795883	chr6	108795883	108796003	-2.245845	0.423505	0	2	0.000000	0.086957	0.086957	2
bb.chr6.109866060	chr6	109866060	109866180	0.006898	0.097273	0	0	0.000000	0.000000	0.000000	23
bb.chr6.110607537	chr6	110607537	110607657	-0.003000	0.185830	0	0	0.000000	0.000000	0.000000	23
bb.chr6.111785029	chr6	111785029	111785149	0.019869	0.113410	0	0	0.000000	0.000000	0.000000	23
bb.chr6.112617544	chr6	112617544	112617664	0.009955	0.147499	0	0	0.000000	0.000000	0.000000	23
bb.chr6.113276867	chr6	113276867	113276987	0.012026	0.140748	0	0	0.000000	0.000000	0.000000	23
bb.chr6.113987566	chr6	113987566	113987686	-0.024357	0.087209	0	0	0.000000	0.000000	0.000000	23
bb.chr6.114748324	chr6	114748324	114748444	-0.005093	0.197045	0	0	0.000000	0.000000	0.000000	23
bb.chr6.115668136	chr6	115668136	115668256			0	0	0.000000	0.000000	0.000000	0
bb.chr6.116400433	chr6	116400433	116400553	-0.074737	0.270374	0	2	0.000000	0.086957	0.086957	23
bb.chr6.117492046	chr6	117492046	117492166	-0.039302	0.284819	1	1	0.043478	0.043478	0.086957	23
bb.chr6.118321528	chr6	118321528	118321648	0.007086	0.142787	0	0	0.000000	0.000000	0.000000	23
bb.chr6.119025687	chr6	119025687	119025807	-0.023339	0.109829	0	0	0.000000	0.000000	0.000000	23
bb.chr6.119897241	chr6	119897241	119897361	0.071875	0.208842	1	0	0.043478	0.000000	0.043478	23
bb.chr6.120853442	chr6	120853442	120853562	0.026552	0.098415	0	0	0.000000	0.000000	0.000000	23
bb.chr6.121600265	chr6	121600265	121600385	-0.144454	0.883941	7	6	0.304348	0.260870	0.565217	23
bb.chr6.122581868	chr6	122581868	122581988	0.007920	0.190683	0	0	0.000000	0.000000	0.000000	23
bb.chr6.123271630	chr6	123271630	123271750	0.010044	0.173053	1	0	0.043478	0.000000	0.043478	23
bb.chr6.123972324	chr6	123972324	123972444	-0.009695	0.222951	1	0	0.043478	0.000000	0.043478	23
bb.chr6.124666033	chr6	124666033	124666153	0.015660	0.083952	0	0	0.000000	0.000000	0.000000	23
bb.chr6.125889189	chr6	125889189	125889309	0.001292	0.095730	0	0	0.000000	0.000000	0.000000	23
bb.chr6.126819863	chr6	126819863	126819983	-0.171321	0.603880	4	6	0.173913	0.260870	0.434783	23
bb.chr6.128007628	chr6	128007628	128007748	-1.701266	1.891500	3	6	0.130435	0.260870	0.391304	9
bb.chr6.128715255	chr6	128715255	128715375	-0.023608	0.236814	1	0	0.043478	0.000000	0.043478	23
bb.chr6.129432912	chr6	129432912	129433032	0.010887	0.154277	0	0	0.000000	0.000000	0.000000	23
bb.chr6.130139113	chr6	130139113	130139233	-0.023306	0.216875	0	1	0.000000	0.043478	0.043478	23
bb.chr6.131276176	chr6	131276176	131276296	-0.334326	1.014827	5	4	0.217391	0.173913	0.391304	23
bb.chr6.132235318	chr6	132235318	132235438	-1.570551	1.497556	2	7	0.086957	0.304348	0.391304	9
bb.chr6.132970349	chr6	132970349	132970469	-0.024946	0.116081	0	0	0.000000	0.000000	0.000000	23
bb.chr6.133639722	chr6	133639722	133639842			0	0	0.000000	0.000000	0.000000	0
bb.chr6.134253736	chr6	134253736	134253856	-0.000127	0.083795	0	0	0.000000	0.000000	0.000000	23
bb.chr6.135137993	chr6	135137993	135138113	0.019580	0.117553	0	0	0.000000	0.000000	0.000000	23
MYB	chr6	135181306	135219171	0.023110	0.028859	0	0	0.000000	0.000000	0.000000	23
bb.chr6.136067224	chr6	136067224	136067344	-0.043927	0.311954	2	1	0.086957	0.043478	0.130435	23
bb.chr6.137487590	chr6	137487590	137487710	0.120719	0.052528	0	0	0.000000	0.000000	0.000000	23
bb.chr6.138091415	chr6	138091415	138091535	-0.041887	0.380579	2	3	0.086957	0.130435	0.217391	23
bb.chr6.139093717	chr6	139093717	139093837	0.008976	0.076458	0	0	0.000000	0.000000	0.000000	23
bb.chr6.139869661	chr6	139869661	139869781	0.012683	0.112815	0	0	0.000000	0.000000	0.000000	23
bb.chr6.140761884	chr6	140761884	140762004	-0.040178	0.265755	1	0	0.043478	0.000000	0.043478	23
bb.chr6.141703981	chr6	141703981	141704101	0.010809	0.198701	0	0	0.000000	0.000000	0.000000	23
bb.chr6.142476092	chr6	142476092	142476212	0.151282	0.080551	0	0	0.000000	0.000000	0.000000	23
bb.chr6.143223450	chr6	143223450	143223570	-0.013771	0.134275	0	0	0.000000	0.000000	0.000000	23
bb.chr6.143940669	chr6	143940669	143940789	-0.014581	0.130660	0	0	0.000000	0.000000	0.000000	23
bb.chr6.144554059	chr6	144554059	144554179	0.045458	0.124402	0	0	0.000000	0.000000	0.000000	23
bb.chr6.145343971	chr6	145343971	145344091	-0.005469	0.262610	1	1	0.043478	0.043478	0.086957	23
bb.chr6.145993839	chr6	145993839	145993959	-0.532271	1.382639	7	4	0.304348	0.173913	0.478261	23
bb.chr6.147511567	chr6	147511567	147511687	-0.018675	0.142034	0	0	0.000000	0.000000	0.000000	23
bb.chr6.148154969	chr6	148154969	148155089	-0.015062	0.124600	0	0	0.000000	0.000000	0.000000	23
bb.chr6.150072694	chr6	150072694	150072814	-0.013851	0.115804	0	0	0.000000	0.000000	0.000000	23
bb.chr6.150800564	chr6	150800564	150800684	0.003022	0.064731	0	0	0.000000	0.000000	0.000000	23
bb.chr6.151459827	chr6	151459827	151459947	-0.038267	0.439793	3	4	0.130435	0.173913	0.304348	23
bb.chr6.152199299	chr6	152199299	152199419			0	0	0.000000	0.000000	0.000000	0
bb.chr6.152915255	chr6	152915255	152915375	-0.061235	0.590566	3	6	0.130435	0.260870	0.391304	23
bb.chr6.153679182	chr6	153679182	153679302	-0.034893	0.177411	0	0	0.000000	0.000000	0.000000	23
bb.chr6.154319616	chr6	154319616	154319736	-0.037635	0.216969	0	0	0.000000	0.000000	0.000000	23
bb.chr6.155280808	chr6	155280808	155280928	-0.012234	0.083765	0	0	0.000000	0.000000	0.000000	23
bb.chr6.156229486	chr6	156229486	156229606	-0.015968	0.147370	0	0	0.000000	0.000000	0.000000	23
bb.chr6.156934252	chr6	156934252	156934372	-0.013339	0.088855	0	0	0.000000	0.000000	0.000000	23
bb.chr6.157554082	chr6	157554082	157554202	-0.030170	0.126530	0	0	0.000000	0.000000	0.000000	23
bb.chr6.158500632	chr6	158500632	158500752	-0.036325	0.086049	0	0	0.000000	0.000000	0.000000	23
bb.chr6.159218438	chr6	159218438	159218558	-0.003394	0.085568	0	0	0.000000	0.000000	0.000000	23
bb.chr6.159863158	chr6	159863158	159863278	0.007370	0.105673	0	0	0.000000	0.000000	0.000000	23
bb.chr6.160864668	chr6	160864668	160864788	0.005615	0.143544	0	0	0.000000	0.000000	0.000000	23
bb.chr6.162325267	chr6	162325267	162325387	0.044142	0.117908	0	0	0.000000	0.000000	0.000000	23
bb.chr6.163016583	chr6	163016583	163016703	-0.027415	0.300187	1	3	0.043478	0.130435	0.173913	23
bb.chr6.164197947	chr6	164197947	164198067	-0.015718	0.155687	0	0	0.000000	0.000000	0.000000	23
bb.chr6.165267639	chr6	165267639	165267759	0.026118	0.090465	0	0	0.000000	0.000000	0.000000	23
bb.chr6.165875485	chr6	165875485	165875605	-0.088773	0.586872	5	5	0.217391	0.217391	0.434783	23
bb.chr6.166803830	chr6	166803830	166803950	-0.031192	0.425146	6	4	0.260870	0.173913	0.434783	23
bb.chr6.167507394	chr6	167507394	167507514	-0.013984	0.147838	0	0	0.000000	0.000000	0.000000	23
bb.chr6.168247696	chr6	168247696	168247816	-0.042716	0.097181	0	0	0.000000	0.000000	0.000000	23
bb.chr6.168957569	chr6	168957569	168957689	0.020263	0.123824	0	0	0.000000	0.000000	0.000000	23
bb.chr6.169780473	chr6	169780473	169780593	-0.036322	0.121036	0	0	0.000000	0.000000	0.000000	23
bb.chr6.170484226	chr6	170484226	170484346			0	0	0.000000	0.000000	0.000000	0
bb.chr7.244803	chr7	244803	244923	-0.035536	0.132495	0	0	0.000000	0.000000	0.000000	23
bb.chr7.1298926	chr7	1298926	1299046	0.029313	0.254542	2	0	0.086957	0.000000	0.086957	23
bb.chr7.2119742	chr7	2119742	2119862	0.070650	0.095099	0	0	0.000000	0.000000	0.000000	23
bb.chr7.2913739	chr7	2913739	2913859	0.002902	0.061804	0	0	0.000000	0.000000	0.000000	23
bb.chr7.3616373	chr7	3616373	3616493	-0.023772	0.103544	0	0	0.000000	0.000000	0.000000	23
bb.chr7.4520622	chr7	4520622	4520742	-0.050114	0.078112	0	0	0.000000	0.000000	0.000000	23
bb.chr7.5836113	chr7	5836113	5836233	-0.026728	0.191022	0	0	0.000000	0.000000	0.000000	23
bb.chr7.6831241	chr7	6831241	6831361	-0.020571	0.161815	1	0	0.043478	0.000000	0.043478	23
bb.chr7.7766277	chr7	7766277	7766397			0	0	0.000000	0.000000	0.000000	0
bb.chr7.8817226	chr7	8817226	8817346	-0.124558	0.329029	0	2	0.000000	0.086957	0.086957	23
bb.chr7.9619565	chr7	9619565	9619685	-0.016777	0.209854	2	0	0.086957	0.000000	0.086957	23
bb.chr7.10477712	chr7	10477712	10477832	-0.028057	0.061994	0	0	0.000000	0.000000	0.000000	23
bb.chr7.11251713	chr7	11251713	11251833	-0.041462	0.332464	2	2	0.086957	0.086957	0.173913	23
bb.chr7.12039156	chr7	12039156	12039276	-0.154395	0.347747	0	4	0.000000	0.173913	0.173913	23
bb.chr7.13097569	chr7	13097569	13097689	0.003605	0.134056	0	0	0.000000	0.000000	0.000000	23
bb.chr7.14165831	chr7	14165831	14165951	0.011087	0.125770	0	0	0.000000	0.000000	0.000000	23
bb.chr7.14985269	chr7	14985269	14985389	0.012031	0.232678	1	0	0.043478	0.000000	0.043478	23
bb.chr7.15827519	chr7	15827519	15827639	-0.004755	0.144129	0	0	0.000000	0.000000	0.000000	23
bb.chr7.16602064	chr7	16602064	16602184	-0.023493	0.181120	1	0	0.043478	0.000000	0.043478	23
bb.chr7.17671767	chr7	17671767	17671887	0.020172	0.176422	0	0	0.000000	0.000000	0.000000	23
bb.chr7.18695564	chr7	18695564	18695684	-0.012125	0.134474	0	0	0.000000	0.000000	0.000000	23
bb.chr7.19729196	chr7	19729196	19729316	0.027540	0.225086	1	0	0.043478	0.000000	0.043478	23
bb.chr7.20372517	chr7	20372517	20372637	0.009674	0.087172	0	0	0.000000	0.000000	0.000000	23
bb.chr7.21160212	chr7	21160212	21160332	-0.172453	0.819635	7	6	0.304348	0.260870	0.565217	23
bb.chr7.21960497	chr7	21960497	21960617	-0.023186	0.133420	0	0	0.000000	0.000000	0.000000	23
bb.chr7.22820532	chr7	22820532	22820652	0.015706	0.103563	0	0	0.000000	0.000000	0.000000	23
bb.chr7.23449059	chr7	23449059	23449179	-0.062611	0.522869	5	4	0.217391	0.173913	0.391304	23
bb.chr7.24109613	chr7	24109613	24109733	-0.340612	1.322648	6	5	0.260870	0.217391	0.478261	23
bb.chr7.24927076	chr7	24927076	24927196	0.100964	0.106446	0	0	0.000000	0.000000	0.000000	23
bb.chr7.25616994	chr7	25616994	25617114	-0.008666	0.112328	0	0	0.000000	0.000000	0.000000	23
bb.chr7.26545577	chr7	26545577	26545697	-0.143664	0.610212	3	5	0.130435	0.217391	0.347826	23
bb.chr7.27548136	chr7	27548136	27548256	-0.007523	0.139820	0	0	0.000000	0.000000	0.000000	23
bb.chr7.28258448	chr7	28258448	28258568	-0.090484	0.420111	1	2	0.043478	0.086957	0.130435	23
bb.chr7.29158453	chr7	29158453	29158573	-2.722036	0.458210	0	5	0.000000	0.217391	0.217391	5
bb.chr7.29890892	chr7	29890892	29891012	0.042022	0.228309	2	0	0.086957	0.000000	0.086957	23
bb.chr7.30531679	chr7	30531679	30531799	0.090128	0.174969	0	0	0.000000	0.000000	0.000000	23
bb.chr7.31309273	chr7	31309273	31309393	0.097888	0.190768	3	0	0.130435	0.000000	0.130435	23
bb.chr7.32149868	chr7	32149868	32149988	-0.005388	0.104743	0	0	0.000000	0.000000	0.000000	23
bb.chr7.33220487	chr7	33220487	33220607			0	0	0.000000	0.000000	0.000000	0
bb.chr7.33873427	chr7	33873427	33873547	-0.018665	0.166593	0	1	0.000000	0.043478	0.043478	23
bb.chr7.35375099	chr7	35375099	35375219	-0.017911	0.110440	0	0	0.000000	0.000000	0.000000	23
bb.chr7.36450929	chr7	36450929	36451049	-0.084530	0.335539	1	4	0.043478	0.173913	0.217391	23
bb.chr7.37796405	chr7	37796405	37796525	0.014275	0.179069	1	0	0.043478	0.000000	0.043478	23
bb.chr7.38553461	chr7	38553461	38553581	-0.027603	0.238846	0	0	0.000000	0.000000	0.000000	23
bb.chr7.39228536	chr7	39228536	39228656	-0.027696	0.064195	0	0	0.000000	0.000000	0.000000	23
bb.chr7.39870231	chr7	39870231	39870351	0.006538	0.265636	1	0	0.043478	0.000000	0.043478	23
bb.chr7.41008236	chr7	41008236	41008356	0.005062	0.063085	0	0	0.000000	0.000000	0.000000	23
bb.chr7.42264672	chr7	42264672	42264792	0.034825	0.123756	0	0	0.000000	0.000000	0.000000	23
bb.chr7.43155606	chr7	43155606	43155726	0.062870	0.212948	1	0	0.043478	0.000000	0.043478	23
bb.chr7.43966348	chr7	43966348	43966468	0.020267	0.138320	0	0	0.000000	0.000000	0.000000	23
bb.chr7.44573094	chr7	44573094	44573214	-0.011445	0.083556	0	0	0.000000	0.000000	0.000000	23
bb.chr7.45196681	chr7	45196681	45196801	0.008619	0.056199	0	0	0.000000	0.000000	0.000000	23
bb.chr7.45861995	chr7	45861995	45862115	-0.000021	0.092608	0	0	0.000000	0.000000	0.000000	23
bb.chr7.46637825	chr7	46637825	46637945	-0.031906	0.067132	0	0	0.000000	0.000000	0.000000	23
bb.chr7.47408264	chr7	47408264	47408384	-0.013749	0.097579	0	0	0.000000	0.000000	0.000000	23
bb.chr7.48312027	chr7	48312027	48312147	-0.025888	0.101966	0	0	0.000000	0.000000	0.000000	23
bb.chr7.49023957	chr7	49023957	49024077	-0.010099	0.064092	0	0	0.000000	0.000000	0.000000	23
bb.chr7.49781668	chr7	49781668	49781788	-0.015455	0.134438	0	0	0.000000	0.000000	0.000000	23
IKZF1	chr7	50304714	50405100	-0.004622	0.023517	0	0	0.000000	0.000000	0.000000	23
bb.chr7.50640087	chr7	50640087	50640207	-0.016985	0.070394	0	0	0.000000	0.000000	0.000000	23
bb.chr7.51451546	chr7	51451546	51451666	0.016343	0.131855	0	0	0.000000	0.000000	0.000000	23
bb.chr7.52208911	chr7	52208911	52209031	-0.018886	0.261463	0	1	0.000000	0.043478	0.043478	23
bb.chr7.53586249	chr7	53586249	53586369	-0.027304	0.099308	0	0	0.000000	0.000000	0.000000	23
bb.chr7.54902306	chr7	54902306	54902426	0.009806	0.093172	0	0	0.000000	0.000000	0.000000	23
bb.chr7.56053128	chr7	56053128	56053248	-0.023425	0.152235	0	0	0.000000	0.000000	0.000000	23
bb.chr7.57349802	chr7	57349802	57349922	0.020919	0.083504	0	0	0.000000	0.000000	0.000000	23
bb.chr7.63027235	chr7	63027235	63027355	-0.037735	0.109887	0	0	0.000000	0.000000	0.000000	23
bb.chr7.64355183	chr7	64355183	64355303	-0.016243	0.088485	0	0	0.000000	0.000000	0.000000	23
bb.chr7.65186165	chr7	65186165	65186285	-0.023151	0.118234	0	0	0.000000	0.000000	0.000000	23
bb.chr7.66239529	chr7	66239529	66239649			0	0	0.000000	0.000000	0.000000	0
bb.chr7.67043299	chr7	67043299	67043419	-0.042162	0.567053	8	5	0.347826	0.217391	0.565217	23
bb.chr7.67879063	chr7	67879063	67879183	-0.016610	0.183763	0	0	0.000000	0.000000	0.000000	23
bb.chr7.68530242	chr7	68530242	68530362	-0.032573	0.131009	0	0	0.000000	0.000000	0.000000	23
bb.chr7.69224555	chr7	69224555	69224675	-0.023266	0.093866	0	0	0.000000	0.000000	0.000000	23
bb.chr7.70580397	chr7	70580397	70580517	-0.016509	0.112362	0	0	0.000000	0.000000	0.000000	23
bb.chr7.71361030	chr7	71361030	71361150	-0.005978	0.193173	0	0	0.000000	0.000000	0.000000	23
bb.chr7.72423516	chr7	72423516	72423636	-0.016309	0.101138	0	0	0.000000	0.000000	0.000000	23
bb.chr7.73675029	chr7	73675029	73675149	-0.035362	0.145744	0	0	0.000000	0.000000	0.000000	23
bb.chr7.74490482	chr7	74490482	74490602	0.039198	0.196381	0	0	0.000000	0.000000	0.000000	23
bb.chr7.75543756	chr7	75543756	75543876	-0.012814	0.126544	0	0	0.000000	0.000000	0.000000	23
bb.chr7.76606323	chr7	76606323	76606443	-0.015183	0.208701	0	0	0.000000	0.000000	0.000000	23
bb.chr7.77416845	chr7	77416845	77416965	-0.002533	0.110925	0	0	0.000000	0.000000	0.000000	23
bb.chr7.78173326	chr7	78173326	78173446	-0.005628	0.122435	0	0	0.000000	0.000000	0.000000	23
bb.chr7.78996907	chr7	78996907	78997027	-0.008393	0.357137	4	3	0.173913	0.130435	0.304348	23
bb.chr7.79690554	chr7	79690554	79690674	-0.208911	0.755085	8	5	0.347826	0.217391	0.565217	23
bb.chr7.80414606	chr7	80414606	80414726	-0.020712	0.091833	0	0	0.000000	0.000000	0.000000	23
bb.chr7.81744243	chr7	81744243	81744363	-0.097487	0.477675	3	6	0.130435	0.260870	0.391304	23
bb.chr7.82430708	chr7	82430708	82430828	-0.012859	0.090137	0	0	0.000000	0.000000	0.000000	23
bb.chr7.83090850	chr7	83090850	83090970	-0.041165	0.395620	1	4	0.043478	0.173913	0.217391	23
bb.chr7.83778099	chr7	83778099	83778219	-0.040634	0.232937	0	0	0.000000	0.000000	0.000000	23
bb.chr7.85154677	chr7	85154677	85154797	-0.043127	0.609876	7	6	0.304348	0.260870	0.565217	23
bb.chr7.85776985	chr7	85776985	85777105	-0.033489	0.155334	0	0	0.000000	0.000000	0.000000	23
bb.chr7.86473515	chr7	86473515	86473635	-0.058367	0.111024	0	0	0.000000	0.000000	0.000000	23
bb.chr7.87315266	chr7	87315266	87315386	-0.024158	0.082714	0	0	0.000000	0.000000	0.000000	23
bb.chr7.88421023	chr7	88421023	88421143	-0.040982	0.338066	2	3	0.086957	0.130435	0.217391	23
bb.chr7.89151640	chr7	89151640	89151760	-0.001135	0.113714	0	0	0.000000	0.000000	0.000000	23
bb.chr7.90271009	chr7	90271009	90271129			0	0	0.000000	0.000000	0.000000	0
bb.chr7.91015926	chr7	91015926	91016046			0	0	0.000000	0.000000	0.000000	0
bb.chr7.92413642	chr7	92413642	92413762	-0.030680	0.082720	0	0	0.000000	0.000000	0.000000	23
bb.chr7.93018405	chr7	93018405	93018525	-0.040424	0.107038	0	0	0.000000	0.000000	0.000000	23
SAMD9	chr7	93099532	93117979	0.007143	0.044040	0	0	0.000000	0.000000	0.000000	23
SAMD9L	chr7	93130054	93148384	0.000993	0.029041	0	0	0.000000	0.000000	0.000000	23
bb.chr7.94003638	chr7	94003638	94003758	0.003614	0.098030	0	0	0.000000	0.000000	0.000000	23
bb.chr7.94834516	chr7	94834516	94834636	-0.009634	0.086500	0	0	0.000000	0.000000	0.000000	23
bb.chr7.96152376	chr7	96152376	96152496	-0.037823	0.110534	0	0	0.000000	0.000000	0.000000	23
bb.chr7.96780878	chr7	96780878	96780998	0.003255	0.079677	0	0	0.000000	0.000000	0.000000	23
bb.chr7.97758472	chr7	97758472	97758592	-0.337823	0.898214	5	5	0.217391	0.217391	0.434783	23
bb.chr7.98540745	chr7	98540745	98540865	-0.012037	0.127646	0	0	0.000000	0.000000	0.000000	23
bb.chr7.99969772	chr7	99969772	99969892	-0.003952	0.206736	0	0	0.000000	0.000000	0.000000	23
bb.chr7.100603547	chr7	100603547	100603667	-0.060422	0.218495	0	0	0.000000	0.000000	0.000000	23
bb.chr7.101235880	chr7	101235880	101236000	-0.003594	0.119719	0	0	0.000000	0.000000	0.000000	23
bb.chr7.101668199	chr7	101668199	101668319	0.009344	0.147500	0	0	0.000000	0.000000	0.000000	23
CUX1	chr7	101817608	102258232	0.014702	0.024812	0	0	0.000000	0.000000	0.000000	23
bb.chr7.102337474	chr7	102337474	102337594	-0.119786	0.317713	0	4	0.000000	0.173913	0.173913	23
bb.chr7.102991740	chr7	102991740	102991860	0.058362	0.201060	1	0	0.043478	0.000000	0.043478	23
bb.chr7.103917491	chr7	103917491	103917611	-0.011336	0.100461	0	0	0.000000	0.000000	0.000000	23
bb.chr7.104706447	chr7	104706447	104706567	-0.004811	0.146726	0	0	0.000000	0.000000	0.000000	23
bb.chr7.105787001	chr7	105787001	105787121	0.023302	0.101386	0	0	0.000000	0.000000	0.000000	23
bb.chr7.106759442	chr7	106759442	106759562			0	0	0.000000	0.000000	0.000000	0
bb.chr7.107678677	chr7	107678677	107678797	-0.038643	0.095962	0	0	0.000000	0.000000	0.000000	23
bb.chr7.108292411	chr7	108292411	108292531	-0.073294	0.378616	2	4	0.086957	0.173913	0.260870	23
bb.chr7.109009490	chr7	109009490	109009610	-0.064264	0.466963	3	4	0.130435	0.173913	0.304348	23
bb.chr7.110093858	chr7	110093858	110093978	-0.009722	0.068968	0	0	0.000000	0.000000	0.000000	23
bb.chr7.110876447	chr7	110876447	110876567	-0.014813	0.076147	0	0	0.000000	0.000000	0.000000	23
bb.chr7.111717295	chr7	111717295	111717415	-0.034329	0.101737	0	0	0.000000	0.000000	0.000000	23
bb.chr7.112449446	chr7	112449446	112449566	-0.019400	0.094283	0	0	0.000000	0.000000	0.000000	23
bb.chr7.113492738	chr7	113492738	113492858	-0.082888	0.531532	4	5	0.173913	0.217391	0.391304	23
bb.chr7.114112939	chr7	114112939	114113059	-0.016832	0.133318	0	0	0.000000	0.000000	0.000000	23
bb.chr7.114955174	chr7	114955174	114955294	-0.265318	0.994188	5	4	0.217391	0.173913	0.391304	23
bb.chr7.116260239	chr7	116260239	116260359	-0.020444	0.098077	0	0	0.000000	0.000000	0.000000	23
bb.chr7.117040565	chr7	117040565	117040685	-0.013709	0.162157	0	0	0.000000	0.000000	0.000000	23
bb.chr7.117872818	chr7	117872818	117872938	-0.008620	0.111575	0	0	0.000000	0.000000	0.000000	23
bb.chr7.118712480	chr7	118712480	118712600	-0.577366	1.266307	3	6	0.130435	0.260870	0.391304	18
bb.chr7.121076423	chr7	121076423	121076543	-0.016577	0.090437	0	0	0.000000	0.000000	0.000000	23
bb.chr7.121901035	chr7	121901035	121901155	-0.115302	0.937503	8	8	0.347826	0.347826	0.695652	23
bb.chr7.122603400	chr7	122603400	122603520	-2.079460	0.000000	0	1	0.000000	0.043478	0.043478	1
bb.chr7.123239536	chr7	123239536	123239656	-0.017038	0.216134	0	0	0.000000	0.000000	0.000000	23
bb.chr7.124308871	chr7	124308871	124308991	-0.310074	0.963306	6	5	0.260870	0.217391	0.478261	23
bb.chr7.125121272	chr7	125121272	125121392	-0.026185	0.355899	2	2	0.086957	0.086957	0.173913	23
bb.chr7.126235214	chr7	126235214	126235334			0	0	0.000000	0.000000	0.000000	0
bb.chr7.126980441	chr7	126980441	126980561	-0.214153	0.568479	2	5	0.086957	0.217391	0.304348	23
bb.chr7.127886789	chr7	127886789	127886909	-0.007337	0.127185	0	0	0.000000	0.000000	0.000000	23
bb.chr7.128592528	chr7	128592528	128592648	-0.149375	0.439369	2	5	0.086957	0.217391	0.304348	23
bb.chr7.129941438	chr7	129941438	129941558	0.019412	0.150082	0	0	0.000000	0.000000	0.000000	23
bb.chr7.130734447	chr7	130734447	130734567	-0.001778	0.143485	0	0	0.000000	0.000000	0.000000	23
bb.chr7.131722786	chr7	131722786	131722906	0.002173	0.096322	0	0	0.000000	0.000000	0.000000	23
bb.chr7.132578776	chr7	132578776	132578896	0.003549	0.146786	0	0	0.000000	0.000000	0.000000	23
bb.chr7.133393141	chr7	133393141	133393261	-0.245728	1.134160	8	6	0.347826	0.260870	0.608696	23
bb.chr7.134510406	chr7	134510406	134510526	0.019663	0.093918	0	0	0.000000	0.000000	0.000000	23
BPGM	chr7	134646849	134679815	0.018309	0.050160	0	0	0.000000	0.000000	0.000000	23
bb.chr7.135270039	chr7	135270039	135270159	-0.005563	0.125325	0	0	0.000000	0.000000	0.000000	23
bb.chr7.136069602	chr7	136069602	136069722	0.025690	0.125476	1	0	0.043478	0.000000	0.043478	23
bb.chr7.136943656	chr7	136943656	136943776	-0.157504	0.566466	5	4	0.217391	0.173913	0.391304	23
bb.chr7.138197648	chr7	138197648	138197768	-0.051190	0.080720	0	0	0.000000	0.000000	0.000000	23
bb.chr7.139023678	chr7	139023678	139023798	0.001933	0.133996	0	0	0.000000	0.000000	0.000000	23
LUC7L2	chr7	139359892	139423453	0.011962	0.037965	0	0	0.000000	0.000000	0.000000	23
bb.chr7.139884197	chr7	139884197	139884317	0.024173	0.081232	0	0	0.000000	0.000000	0.000000	23
bb.chr7.140505572	chr7	140505572	140505692	-0.045146	0.078745	0	0	0.000000	0.000000	0.000000	23
bb.chr7.141420803	chr7	141420803	141420923	-0.021834	0.064901	0	0	0.000000	0.000000	0.000000	23
bb.chr7.142216979	chr7	142216979	142217099	-0.001021	0.119197	0	0	0.000000	0.000000	0.000000	23
bb.chr7.143345684	chr7	143345684	143345804	-0.023502	0.121151	0	0	0.000000	0.000000	0.000000	23
bb.chr7.144218412	chr7	144218412	144218532	-0.039171	0.434609	5	4	0.217391	0.173913	0.391304	23
bb.chr7.145175356	chr7	145175356	145175476	-0.114911	0.378922	0	3	0.000000	0.130435	0.130435	23
bb.chr7.146496812	chr7	146496812	146496932	0.001390	0.126091	0	0	0.000000	0.000000	0.000000	23
bb.chr7.147328791	chr7	147328791	147328911	0.003540	0.096846	0	0	0.000000	0.000000	0.000000	23
bb.chr7.148136733	chr7	148136733	148136853	-0.286650	0.951509	4	4	0.173913	0.173913	0.347826	23
EZH2	chr7	148807381	148884286	-0.021849	0.024615	0	0	0.000000	0.000000	0.000000	23
bb.chr7.148940613	chr7	148940613	148940733	0.007676	0.125634	0	0	0.000000	0.000000	0.000000	23
bb.chr7.149802865	chr7	149802865	149802985	-0.008339	0.135095	0	0	0.000000	0.000000	0.000000	23
bb.chr7.151659732	chr7	151659732	151659852	-0.037525	0.129056	0	0	0.000000	0.000000	0.000000	23
XRCC2	chr7	152644878	152676153	-0.005579	0.062093	0	0	0.000000	0.000000	0.000000	23
bb.chr7.152705476	chr7	152705476	152705596	0.003552	0.322651	4	0	0.173913	0.000000	0.173913	23
bb.chr7.153763057	chr7	153763057	153763177	-0.026222	0.227708	0	1	0.000000	0.043478	0.043478	23
bb.chr7.154516204	chr7	154516204	154516324	-0.019728	0.077073	0	0	0.000000	0.000000	0.000000	23
bb.chr7.155275945	chr7	155275945	155276065	-0.002601	0.275750	1	0	0.043478	0.000000	0.043478	23
bb.chr7.156075578	chr7	156075578	156075698	-0.041271	0.089383	0	0	0.000000	0.000000	0.000000	23
bb.chr7.156892170	chr7	156892170	156892290	0.004716	0.077270	0	0	0.000000	0.000000	0.000000	23
bb.chr7.157969479	chr7	157969479	157969599	0.008509	0.119886	0	0	0.000000	0.000000	0.000000	23
bb.chr8.295087	chr8	295087	295207	-0.002511	0.111759	0	0	0.000000	0.000000	0.000000	23
bb.chr8.1077542	chr8	1077542	1077662	0.012687	0.277035	0	1	0.000000	0.043478	0.043478	23
bb.chr8.2112620	chr8	2112620	2112740	-0.001018	0.096600	0	0	0.000000	0.000000	0.000000	23
CSMD1	chr8	2935359	4994913	-0.032995	0.021987	0	0	0.000000	0.000000	0.000000	23
bb.chr8.3229702	chr8	3229702	3229822	0.017801	0.622223	9	4	0.391304	0.173913	0.565217	23
bb.chr8.4247565	chr8	4247565	4247685	-0.119619	0.932221	9	8	0.391304	0.347826	0.739130	23
bb.chr8.5006054	chr8	5006054	5006174	-0.034018	0.201589	0	0	0.000000	0.000000	0.000000	23
bb.chr8.6058922	chr8	6058922	6059042	-0.022663	0.083556	0	0	0.000000	0.000000	0.000000	23
bb.chr8.6826555	chr8	6826555	6826675	-0.011786	0.066287	0	0	0.000000	0.000000	0.000000	23
bb.chr8.7508393	chr8	7508393	7508513	-0.118841	1.077764	8	5	0.347826	0.217391	0.565217	18
bb.chr8.9210257	chr8	9210257	9210377	0.044955	0.060259	0	0	0.000000	0.000000	0.000000	23
bb.chr8.9952152	chr8	9952152	9952272	0.007145	0.123459	0	0	0.000000	0.000000	0.000000	23
bb.chr8.11018943	chr8	11018943	11019063	-0.036782	0.104702	0	0	0.000000	0.000000	0.000000	23
bb.chr8.11758978	chr8	11758978	11759098	-0.011777	0.105066	0	0	0.000000	0.000000	0.000000	23
bb.chr8.12728692	chr8	12728692	12728812	-0.029596	0.085320	0	0	0.000000	0.000000	0.000000	23
bb.chr8.13537516	chr8	13537516	13537636	-0.009060	0.155456	0	0	0.000000	0.000000	0.000000	23
bb.chr8.14546241	chr8	14546241	14546361	0.001185	0.077692	0	0	0.000000	0.000000	0.000000	23
bb.chr8.15573906	chr8	15573906	15574026	-0.031379	0.186638	0	1	0.000000	0.043478	0.043478	23
bb.chr8.16308828	chr8	16308828	16308948	-0.019896	0.184132	0	0	0.000000	0.000000	0.000000	23
bb.chr8.17127415	chr8	17127415	17127535	-1.220270	2.096827	5	6	0.217391	0.260870	0.478261	23
bb.chr8.18119643	chr8	18119643	18119763	-0.047833	0.129798	0	0	0.000000	0.000000	0.000000	23
bb.chr8.19172767	chr8	19172767	19172887	0.074339	0.216609	2	0	0.086957	0.000000	0.086957	23
bb.chr8.19891819	chr8	19891819	19891939	0.005043	0.106707	0	0	0.000000	0.000000	0.000000	23
bb.chr8.20954541	chr8	20954541	20954661	-0.102069	0.329852	1	3	0.043478	0.130435	0.173913	23
bb.chr8.22043186	chr8	22043186	22043306	-0.025796	0.086502	0	0	0.000000	0.000000	0.000000	23
bb.chr8.22776291	chr8	22776291	22776411	-0.004258	0.145485	0	0	0.000000	0.000000	0.000000	23
bb.chr8.23551347	chr8	23551347	23551467	0.026201	0.095431	0	0	0.000000	0.000000	0.000000	23
bb.chr8.24351274	chr8	24351274	24351394	-0.004667	0.070874	0	0	0.000000	0.000000	0.000000	23
bb.chr8.25067507	chr8	25067507	25067627	-0.048315	0.138787	0	0	0.000000	0.000000	0.000000	23
bb.chr8.25915548	chr8	25915548	25915668	-0.021407	0.157839	0	0	0.000000	0.000000	0.000000	23
bb.chr8.26619145	chr8	26619145	26619265	0.005919	0.081374	0	0	0.000000	0.000000	0.000000	23
bb.chr8.27672349	chr8	27672349	27672469	0.019924	0.145849	0	0	0.000000	0.000000	0.000000	23
bb.chr8.28445188	chr8	28445188	28445308	-0.150226	0.528784	0	4	0.000000	0.173913	0.173913	23
bb.chr8.29205595	chr8	29205595	29205715	-0.013788	0.138516	0	0	0.000000	0.000000	0.000000	23
bb.chr8.30486868	chr8	30486868	30486988	-0.224418	0.721869	4	4	0.173913	0.173913	0.347826	23
bb.chr8.31463297	chr8	31463297	31463417	-0.344371	0.976013	4	5	0.173913	0.217391	0.391304	23
bb.chr8.32313191	chr8	32313191	32313311	0.065402	0.119809	0	0	0.000000	0.000000	0.000000	23
bb.chr8.33147009	chr8	33147009	33147129	-0.003855	0.105682	0	0	0.000000	0.000000	0.000000	23
bb.chr8.33833889	chr8	33833889	33834009	-0.161637	0.826597	6	5	0.260870	0.217391	0.478261	23
bb.chr8.34934538	chr8	34934538	34934658	-0.037296	0.116599	0	0	0.000000	0.000000	0.000000	23
bb.chr8.36561065	chr8	36561065	36561185	-0.060483	0.082346	0	0	0.000000	0.000000	0.000000	23
bb.chr8.37361074	chr8	37361074	37361194	0.024462	0.100000	0	0	0.000000	0.000000	0.000000	23
bb.chr8.38442137	chr8	38442137	38442257	-0.010808	0.101919	0	0	0.000000	0.000000	0.000000	23
bb.chr8.40519286	chr8	40519286	40519406	-0.008009	0.088636	0	0	0.000000	0.000000	0.000000	23
bb.chr8.41283929	chr8	41283929	41284049	0.008015	0.114831	0	0	0.000000	0.000000	0.000000	23
bb.chr8.42037631	chr8	42037631	42037751	0.019027	0.133536	0	0	0.000000	0.000000	0.000000	23
bb.chr8.47035758	chr8	47035758	47035878	-0.041536	0.173440	0	0	0.000000	0.000000	0.000000	23
bb.chr8.48198540	chr8	48198540	48198660	-0.018542	0.093452	0	0	0.000000	0.000000	0.000000	23
bb.chr8.51105185	chr8	51105185	51105305	-0.036547	0.090627	0	0	0.000000	0.000000	0.000000	23
bb.chr8.52036622	chr8	52036622	52036742	-0.405101	1.330632	6	5	0.260870	0.217391	0.478261	23
bb.chr8.52853643	chr8	52853643	52853763	-0.008417	0.108038	0	0	0.000000	0.000000	0.000000	23
bb.chr8.53592479	chr8	53592479	53592599	-0.028805	0.114904	0	0	0.000000	0.000000	0.000000	23
bb.chr8.54655391	chr8	54655391	54655511	-3.740967	1.237363	0	11	0.000000	0.478261	0.478261	11
bb.chr8.55409505	chr8	55409505	55409625	-0.022327	0.087770	0	0	0.000000	0.000000	0.000000	23
bb.chr8.56260208	chr8	56260208	56260328	-0.176542	0.830123	7	6	0.304348	0.260870	0.565217	23
bb.chr8.56913779	chr8	56913779	56913899	0.012167	0.159733	0	0	0.000000	0.000000	0.000000	23
bb.chr8.57726746	chr8	57726746	57726866	-0.033486	0.154233	0	0	0.000000	0.000000	0.000000	23
bb.chr8.58505165	chr8	58505165	58505285	-0.029878	0.344398	3	3	0.130435	0.130435	0.260870	23
bb.chr8.59610259	chr8	59610259	59610379	-0.021280	0.096346	0	0	0.000000	0.000000	0.000000	23
bb.chr8.60274096	chr8	60274096	60274216	-0.003360	0.112614	0	0	0.000000	0.000000	0.000000	23
bb.chr8.61079191	chr8	61079191	61079311	0.018010	0.124226	0	0	0.000000	0.000000	0.000000	23
bb.chr8.62359594	chr8	62359594	62359714	0.008074	0.075129	0	0	0.000000	0.000000	0.000000	23
bb.chr8.63124328	chr8	63124328	63124448	-0.010197	0.368529	4	1	0.173913	0.043478	0.217391	23
bb.chr8.63898845	chr8	63898845	63898965	-0.010601	0.138558	0	0	0.000000	0.000000	0.000000	23
bb.chr8.64891390	chr8	64891390	64891510	-0.027529	0.243423	0	1	0.000000	0.043478	0.043478	23
bb.chr8.65719677	chr8	65719677	65719797			0	0	0.000000	0.000000	0.000000	0
bb.chr8.66471489	chr8	66471489	66471609	0.007401	0.193326	0	0	0.000000	0.000000	0.000000	23
bb.chr8.67562026	chr8	67562026	67562146	0.023822	0.068574	0	0	0.000000	0.000000	0.000000	23
bb.chr8.68258200	chr8	68258200	68258320			0	0	0.000000	0.000000	0.000000	0
bb.chr8.69083450	chr8	69083450	69083570	-0.055441	0.244512	0	0	0.000000	0.000000	0.000000	23
bb.chr8.69815368	chr8	69815368	69815488	-0.092027	0.412139	2	3	0.086957	0.130435	0.217391	23
bb.chr8.71089636	chr8	71089636	71089756	0.008107	0.103952	0	0	0.000000	0.000000	0.000000	23
bb.chr8.71845217	chr8	71845217	71845337	-0.011018	0.103001	0	0	0.000000	0.000000	0.000000	23
bb.chr8.72833495	chr8	72833495	72833615	0.007277	0.131287	0	0	0.000000	0.000000	0.000000	23
bb.chr8.73975754	chr8	73975754	73975874	-0.006734	0.157258	0	0	0.000000	0.000000	0.000000	23
bb.chr8.74660636	chr8	74660636	74660756	-0.010600	0.153578	0	0	0.000000	0.000000	0.000000	23
bb.chr8.75415625	chr8	75415625	75415745	-0.009360	0.107724	0	0	0.000000	0.000000	0.000000	23
bb.chr8.76187255	chr8	76187255	76187375	-0.074645	0.330245	2	3	0.086957	0.130435	0.217391	23
ZFHX4	chr8	76681245	76867280	0.006543	0.021082	0	0	0.000000	0.000000	0.000000	23
bb.chr8.78038983	chr8	78038983	78039103	-0.057196	0.129577	0	0	0.000000	0.000000	0.000000	23
bb.chr8.78717443	chr8	78717443	78717563	0.002671	0.110871	0	0	0.000000	0.000000	0.000000	23
bb.chr8.79566662	chr8	79566662	79566782	-0.034958	0.174553	0	0	0.000000	0.000000	0.000000	23
bb.chr8.80355860	chr8	80355860	80355980	-0.030142	0.091339	0	0	0.000000	0.000000	0.000000	23
bb.chr8.81087996	chr8	81087996	81088116	-0.291973	1.048145	5	7	0.217391	0.304348	0.521739	23
bb.chr8.81975798	chr8	81975798	81975918	-0.013956	0.262968	1	0	0.043478	0.000000	0.043478	23
bb.chr8.82699086	chr8	82699086	82699206	-2.585794	0.971632	0	5	0.000000	0.217391	0.217391	5
bb.chr8.83477576	chr8	83477576	83477696	0.002253	0.118264	0	0	0.000000	0.000000	0.000000	23
bb.chr8.84209220	chr8	84209220	84209340	-0.046966	0.089184	0	0	0.000000	0.000000	0.000000	23
bb.chr8.84966746	chr8	84966746	84966866	-0.007398	0.247351	1	0	0.043478	0.000000	0.043478	23
bb.chr8.86176516	chr8	86176516	86176636	-0.208530	0.606495	1	7	0.043478	0.304348	0.347826	23
bb.chr8.87240883	chr8	87240883	87241003	0.007124	0.101994	0	0	0.000000	0.000000	0.000000	23
bb.chr8.88164324	chr8	88164324	88164444	-0.035345	0.186647	0	1	0.000000	0.043478	0.043478	23
bb.chr8.89021041	chr8	89021041	89021161	-0.012122	0.093166	0	0	0.000000	0.000000	0.000000	23
bb.chr8.90008546	chr8	90008546	90008666	-0.022846	0.118849	0	0	0.000000	0.000000	0.000000	23
bb.chr8.90692967	chr8	90692967	90693087			0	0	0.000000	0.000000	0.000000	0
bb.chr8.91550926	chr8	91550926	91551046	-0.046793	0.113219	0	0	0.000000	0.000000	0.000000	23
bb.chr8.92183002	chr8	92183002	92183122			0	0	0.000000	0.000000	0.000000	0
bb.chr8.93634349	chr8	93634349	93634469	0.005624	0.104069	0	0	0.000000	0.000000	0.000000	23
bb.chr8.94401818	chr8	94401818	94401938	-0.034887	0.114036	0	0	0.000000	0.000000	0.000000	23
bb.chr8.95458012	chr8	95458012	95458132	0.069473	0.138444	0	0	0.000000	0.000000	0.000000	23
bb.chr8.96309610	chr8	96309610	96309730	0.001059	0.137494	0	0	0.000000	0.000000	0.000000	23
bb.chr8.97013397	chr8	97013397	97013517	-0.076530	0.316633	0	2	0.000000	0.086957	0.086957	23
bb.chr8.97748357	chr8	97748357	97748477	0.054296	0.075984	0	0	0.000000	0.000000	0.000000	23
bb.chr8.98519438	chr8	98519438	98519558	0.016170	0.084035	0	0	0.000000	0.000000	0.000000	23
bb.chr8.99179526	chr8	99179526	99179646	-0.355486	0.808991	0	6	0.000000	0.260870	0.260870	23
bb.chr8.100788436	chr8	100788436	100788556	-0.042743	0.523015	6	6	0.260870	0.260870	0.521739	23
bb.chr8.101602698	chr8	101602698	101602818	-0.023524	0.102118	0	0	0.000000	0.000000	0.000000	23
bb.chr8.102373451	chr8	102373451	102373571	-0.052575	0.182035	0	0	0.000000	0.000000	0.000000	23
bb.chr8.103142425	chr8	103142425	103142545	-0.022687	0.071471	0	0	0.000000	0.000000	0.000000	23
bb.chr8.104173333	chr8	104173333	104173453	0.039841	0.079078	0	0	0.000000	0.000000	0.000000	23
bb.chr8.104945732	chr8	104945732	104945852	-0.035042	0.075605	0	0	0.000000	0.000000	0.000000	23
bb.chr8.105986482	chr8	105986482	105986602	-0.054241	0.334155	3	1	0.130435	0.043478	0.173913	23
bb.chr8.106770107	chr8	106770107	106770227	-0.026477	0.086971	0	0	0.000000	0.000000	0.000000	23
bb.chr8.108081290	chr8	108081290	108081410	-0.035821	0.134430	0	0	0.000000	0.000000	0.000000	23
bb.chr8.108713127	chr8	108713127	108713247	-0.037692	0.176256	0	0	0.000000	0.000000	0.000000	23
bb.chr8.109335113	chr8	109335113	109335233	-0.007072	0.385194	3	2	0.130435	0.086957	0.217391	23
bb.chr8.110086790	chr8	110086790	110086910			0	0	0.000000	0.000000	0.000000	0
bb.chr8.111886291	chr8	111886291	111886411	-0.084111	0.432456	1	3	0.043478	0.130435	0.173913	23
bb.chr8.112916650	chr8	112916650	112916770	0.013067	0.130291	0	0	0.000000	0.000000	0.000000	23
bb.chr8.113687197	chr8	113687197	113687317	-0.014429	0.147180	0	0	0.000000	0.000000	0.000000	23
bb.chr8.114348106	chr8	114348106	114348226	-0.391388	1.007148	5	5	0.217391	0.217391	0.434783	23
bb.chr8.115233334	chr8	115233334	115233454	0.009270	0.328797	3	1	0.130435	0.043478	0.173913	23
bb.chr8.115987505	chr8	115987505	115987625			0	0	0.000000	0.000000	0.000000	0
bb.chr8.116667404	chr8	116667404	116667524	0.047527	0.333856	4	1	0.173913	0.043478	0.217391	23
RAD21	chr8	116845932	116874775	-0.007958	0.048905	0	0	0.000000	0.000000	0.000000	23
bb.chr8.117802984	chr8	117802984	117803104	-0.002569	0.170767	0	0	0.000000	0.000000	0.000000	23
bb.chr8.118489970	chr8	118489970	118490090	-0.035087	0.158946	0	0	0.000000	0.000000	0.000000	23
bb.chr8.119093148	chr8	119093148	119093268	0.007897	0.080211	0	0	0.000000	0.000000	0.000000	23
bb.chr8.119834823	chr8	119834823	119834943	-0.117923	0.455976	1	3	0.043478	0.130435	0.173913	23
bb.chr8.120677172	chr8	120677172	120677292	-0.038428	0.137538	0	0	0.000000	0.000000	0.000000	23
bb.chr8.121950916	chr8	121950916	121951036	0.022089	0.198011	0	0	0.000000	0.000000	0.000000	23
bb.chr8.122693856	chr8	122693856	122693976	0.006288	0.163158	0	0	0.000000	0.000000	0.000000	23
bb.chr8.123460938	chr8	123460938	123461058	-0.033537	0.075422	0	0	0.000000	0.000000	0.000000	23
bb.chr8.124228030	chr8	124228030	124228150	0.013378	0.068539	0	0	0.000000	0.000000	0.000000	23
bb.chr8.124932640	chr8	124932640	124932760	0.046304	0.135255	0	0	0.000000	0.000000	0.000000	23
bb.chr8.125971337	chr8	125971337	125971457	0.090219	0.119985	0	0	0.000000	0.000000	0.000000	23
bb.chr8.126754822	chr8	126754822	126754942	0.007281	0.157911	0	0	0.000000	0.000000	0.000000	23
bb.chr8.127584909	chr8	127584909	127585029	-0.014340	0.098390	0	0	0.000000	0.000000	0.000000	23
MYC	chr8	127736229	127742950	0.014087	0.023025	0	0	0.000000	0.000000	0.000000	23
bb.chr8.128338567	chr8	128338567	128338687	-0.012971	0.083923	0	0	0.000000	0.000000	0.000000	23
bb.chr8.129378094	chr8	129378094	129378214	-0.003658	0.088983	0	0	0.000000	0.000000	0.000000	23
bb.chr8.130149265	chr8	130149265	130149385	-0.386409	1.263923	3	5	0.130435	0.217391	0.347826	23
bb.chr8.130909650	chr8	130909650	130909770	-0.050920	0.095327	0	0	0.000000	0.000000	0.000000	23
bb.chr8.131948826	chr8	131948826	131948946	-0.033785	0.239356	0	1	0.000000	0.043478	0.043478	23
bb.chr8.132959101	chr8	132959101	132959221	0.023472	0.168692	0	0	0.000000	0.000000	0.000000	23
bb.chr8.133773852	chr8	133773852	133773972	-0.004284	0.167272	1	0	0.043478	0.000000	0.043478	23
bb.chr8.135203468	chr8	135203468	135203588	-0.079542	0.386597	1	3	0.043478	0.130435	0.173913	23
bb.chr8.136328761	chr8	136328761	136328881	0.030062	0.077410	0	0	0.000000	0.000000	0.000000	23
bb.chr8.137044246	chr8	137044246	137044366	0.006458	0.136208	0	0	0.000000	0.000000	0.000000	23
bb.chr8.138133873	chr8	138133873	138133993	-0.036470	0.229734	1	0	0.043478	0.000000	0.043478	23
bb.chr8.138906964	chr8	138906964	138907084	-0.010334	0.083745	0	0	0.000000	0.000000	0.000000	23
bb.chr8.139677670	chr8	139677670	139677790	0.108989	0.126599	1	0	0.043478	0.000000	0.043478	23
bb.chr8.140665772	chr8	140665772	140665892	-0.029228	0.223716	0	1	0.000000	0.043478	0.043478	23
bb.chr8.141477696	chr8	141477696	141477816	0.124665	0.129376	1	0	0.043478	0.000000	0.043478	23
bb.chr8.142680952	chr8	142680952	142681072	-0.014927	0.176266	0	0	0.000000	0.000000	0.000000	23
bb.chr8.143711579	chr8	143711579	143711699	-0.035145	0.151974	0	1	0.000000	0.043478	0.043478	23
bb.chr8.144281106	chr8	144281106	144281586	0.073773	0.486154	6	2	0.260870	0.086957	0.347826	23
bb.chr9.675540	chr9	675540	675660	-0.033393	0.161254	0	0	0.000000	0.000000	0.000000	23
bb.chr9.1386297	chr9	1386297	1386417	-0.010921	0.085435	0	0	0.000000	0.000000	0.000000	23
bb.chr9.2141132	chr9	2141132	2141252	0.010360	0.078913	0	0	0.000000	0.000000	0.000000	23
bb.chr9.2798052	chr9	2798052	2798172	-0.019874	0.093927	0	0	0.000000	0.000000	0.000000	23
bb.chr9.3573876	chr9	3573876	3573996	-0.041916	0.267614	0	2	0.000000	0.086957	0.086957	23
bb.chr9.4191711	chr9	4191711	4191831	-0.021314	0.102180	0	0	0.000000	0.000000	0.000000	23
bb.chr9.4864831	chr9	4864831	4864951	0.014477	0.106987	0	0	0.000000	0.000000	0.000000	23
JAK2	chr9	5066672	5078443	-0.034772	0.056043	0	0	0.000000	0.000000	0.000000	23
bb.chr9.5610398	chr9	5610398	5610518	0.014641	0.108039	0	0	0.000000	0.000000	0.000000	23
bb.chr9.6256232	chr9	6256232	6256352	-0.390844	1.198604	5	4	0.217391	0.173913	0.391304	23
bb.chr9.6993788	chr9	6993788	6993908	-0.030292	0.157054	0	0	0.000000	0.000000	0.000000	23
bb.chr9.8029790	chr9	8029790	8029910	-0.004527	0.121953	0	0	0.000000	0.000000	0.000000	23
bb.chr9.9089750	chr9	9089750	9089870	-0.117657	0.285441	0	2	0.000000	0.086957	0.086957	23
bb.chr9.9772551	chr9	9772551	9772671	0.014203	0.161897	0	0	0.000000	0.000000	0.000000	23
bb.chr9.11190813	chr9	11190813	11190933	0.027972	0.240678	1	0	0.043478	0.000000	0.043478	23
bb.chr9.11902036	chr9	11902036	11902156	0.066185	0.073997	0	0	0.000000	0.000000	0.000000	23
bb.chr9.12956702	chr9	12956702	12956822	-0.133992	0.862978	8	8	0.347826	0.347826	0.695652	23
bb.chr9.13649814	chr9	13649814	13649934	-0.020138	0.229082	0	0	0.000000	0.000000	0.000000	23
bb.chr9.14694001	chr9	14694001	14694121	-0.007836	0.077235	0	0	0.000000	0.000000	0.000000	23
bb.chr9.15370517	chr9	15370517	15370637	0.053736	0.076930	0	0	0.000000	0.000000	0.000000	23
bb.chr9.16446098	chr9	16446098	16446218	-0.013173	0.215074	0	0	0.000000	0.000000	0.000000	23
bb.chr9.17447388	chr9	17447388	17447508	-0.000933	0.105354	0	0	0.000000	0.000000	0.000000	23
bb.chr9.18196006	chr9	18196006	18196126	-0.012340	0.091156	0	0	0.000000	0.000000	0.000000	23
bb.chr9.18890217	chr9	18890217	18890337	0.008395	0.093296	0	0	0.000000	0.000000	0.000000	23
bb.chr9.19752331	chr9	19752331	19752451	-0.004340	0.105338	0	0	0.000000	0.000000	0.000000	23
bb.chr9.20631574	chr9	20631574	20631694	-0.028248	0.103073	0	0	0.000000	0.000000	0.000000	23
CDKN2A	chr9	21967766	21974856	-0.007977	0.046018	0	0	0.000000	0.000000	0.000000	23
CDKN2B	chr9	22002901	22009304	0.007747	0.033980	0	0	0.000000	0.000000	0.000000	23
bb.chr9.22072660	chr9	22072660	22072780	-0.007096	0.124745	0	0	0.000000	0.000000	0.000000	23
bb.chr9.22740242	chr9	22740242	22740362	-2.085650	0.330485	0	3	0.000000	0.130435	0.130435	3
bb.chr9.23404073	chr9	23404073	23404193	-0.001114	0.205095	1	0	0.043478	0.000000	0.043478	23
bb.chr9.24111185	chr9	24111185	24111305	-0.031280	0.132734	0	0	0.000000	0.000000	0.000000	23
bb.chr9.24898868	chr9	24898868	24898988	-0.073597	0.412985	3	2	0.130435	0.086957	0.217391	23
bb.chr9.25889671	chr9	25889671	25889791	-0.019677	0.163879	0	0	0.000000	0.000000	0.000000	23
bb.chr9.26565855	chr9	26565855	26565975	-0.029406	0.135678	0	0	0.000000	0.000000	0.000000	23
bb.chr9.27282555	chr9	27282555	27282675	-0.002918	0.078789	0	0	0.000000	0.000000	0.000000	23
bb.chr9.27985752	chr9	27985752	27985872	0.010549	0.142039	0	0	0.000000	0.000000	0.000000	23
bb.chr9.29399072	chr9	29399072	29399192	0.014066	0.179104	0	0	0.000000	0.000000	0.000000	23
bb.chr9.30085352	chr9	30085352	30085472	-0.724694	1.508064	3	6	0.130435	0.260870	0.391304	23
bb.chr9.31136895	chr9	31136895	31137015	-0.139599	0.708550	9	6	0.391304	0.260870	0.652174	23
bb.chr9.32182127	chr9	32182127	32182247	-0.004021	0.131942	0	0	0.000000	0.000000	0.000000	23
bb.chr9.32904862	chr9	32904862	32904982			0	0	0.000000	0.000000	0.000000	0
bb.chr9.33775309	chr9	33775309	33775429	-0.010210	0.062147	0	0	0.000000	0.000000	0.000000	23
bb.chr9.34655379	chr9	34655379	34655499	0.016404	0.119137	0	0	0.000000	0.000000	0.000000	23
bb.chr9.35682239	chr9	35682239	35682359	0.023570	0.119806	0	0	0.000000	0.000000	0.000000	23
bb.chr9.36374147	chr9	36374147	36374267	-0.011552	0.157440	0	0	0.000000	0.000000	0.000000	23
PAX5	chr9	36833267	37034267	0.015470	0.037470	0	0	0.000000	0.000000	0.000000	23
bb.chr9.37081213	chr9	37081213	37081333	-0.002495	0.176360	0	0	0.000000	0.000000	0.000000	23
bb.chr9.37782054	chr9	37782054	37782174	0.003513	0.147756	0	0	0.000000	0.000000	0.000000	23
bb.chr9.38445304	chr9	38445304	38445424	0.002549	0.095045	0	0	0.000000	0.000000	0.000000	23
bb.chr9.39100281	chr9	39100281	39100401	-0.752134	1.495887	2	7	0.086957	0.304348	0.391304	23
bb.chr9.41673242	chr9	41673242	41673362	-1.360814	2.663213	4	7	0.173913	0.304348	0.478261	23
bb.chr9.66902267	chr9	66902267	66902387	0.014405	0.587776	8	4	0.347826	0.173913	0.521739	23
bb.chr9.68401417	chr9	68401417	68401537	-0.009033	0.061425	0	0	0.000000	0.000000	0.000000	23
bb.chr9.69097248	chr9	69097248	69097368	-0.001604	0.077138	0	0	0.000000	0.000000	0.000000	23
bb.chr9.70011775	chr9	70011775	70011895	-0.007680	0.204062	0	0	0.000000	0.000000	0.000000	23
bb.chr9.70831066	chr9	70831066	70831186	0.038506	0.203582	1	0	0.043478	0.000000	0.043478	23
bb.chr9.72250101	chr9	72250101	72250221	-0.023943	0.080844	0	0	0.000000	0.000000	0.000000	23
bb.chr9.72945898	chr9	72945898	72946018	-1.918391	1.246166	0	2	0.000000	0.086957	0.086957	3
bb.chr9.74671900	chr9	74671900	74672020	0.018170	0.112443	0	0	0.000000	0.000000	0.000000	23
bb.chr9.75387922	chr9	75387922	75388042	-0.022067	0.161462	0	0	0.000000	0.000000	0.000000	23
bb.chr9.76091975	chr9	76091975	76092095	0.003961	0.127330	1	0	0.043478	0.000000	0.043478	23
bb.chr9.76802862	chr9	76802862	76802982	-0.035640	0.308395	2	2	0.086957	0.086957	0.173913	23
bb.chr9.77522458	chr9	77522458	77522578	-0.009743	0.099876	0	0	0.000000	0.000000	0.000000	23
bb.chr9.78533362	chr9	78533362	78533482	0.009141	0.126839	0	0	0.000000	0.000000	0.000000	23
bb.chr9.79227007	chr9	79227007	79227127	-0.063212	0.441242	4	3	0.173913	0.130435	0.304348	23
bb.chr9.80315277	chr9	80315277	80315397			0	0	0.000000	0.000000	0.000000	0
bb.chr9.81725875	chr9	81725875	81725995	-0.008976	0.105104	0	0	0.000000	0.000000	0.000000	23
bb.chr9.82514856	chr9	82514856	82514976	-0.003080	0.122719	0	0	0.000000	0.000000	0.000000	23
bb.chr9.83435277	chr9	83435277	83435397	-0.005964	0.084542	0	0	0.000000	0.000000	0.000000	23
HNRNPK	chr9	83968081	83980215	-0.008551	0.036925	0	0	0.000000	0.000000	0.000000	23
bb.chr9.84587568	chr9	84587568	84587688	-0.091212	0.307809	0	3	0.000000	0.130435	0.130435	23
bb.chr9.85237966	chr9	85237966	85238086	0.014447	0.147741	0	0	0.000000	0.000000	0.000000	23
bb.chr9.86079886	chr9	86079886	86080006	-0.027869	0.087199	0	0	0.000000	0.000000	0.000000	23
bb.chr9.87301304	chr9	87301304	87301424	0.066254	0.201614	3	0	0.130435	0.000000	0.130435	23
bb.chr9.88264932	chr9	88264932	88265052	0.017996	0.095029	0	0	0.000000	0.000000	0.000000	23
bb.chr9.88993074	chr9	88993074	88993194	-0.011314	0.172715	0	0	0.000000	0.000000	0.000000	23
bb.chr9.89675899	chr9	89675899	89676019	-0.023959	0.137929	0	0	0.000000	0.000000	0.000000	23
bb.chr9.90304802	chr9	90304802	90304922	-0.031406	0.087405	0	0	0.000000	0.000000	0.000000	23
bb.chr9.90974632	chr9	90974632	90974752	0.011632	0.089022	0	0	0.000000	0.000000	0.000000	23
bb.chr9.93059449	chr9	93059449	93059569	0.003563	0.110326	0	0	0.000000	0.000000	0.000000	23
bb.chr9.93777412	chr9	93777412	93777532	-0.074315	0.358124	2	2	0.086957	0.086957	0.173913	23
bb.chr9.94482953	chr9	94482953	94483073			0	0	0.000000	0.000000	0.000000	0
bb.chr9.95189468	chr9	95189468	95189588	-0.001685	0.151156	0	0	0.000000	0.000000	0.000000	23
bb.chr9.96228961	chr9	96228961	96229081	0.026153	0.115092	0	0	0.000000	0.000000	0.000000	23
bb.chr9.97649678	chr9	97649678	97649798	0.064701	0.129661	0	0	0.000000	0.000000	0.000000	23
bb.chr9.98335106	chr9	98335106	98335226	0.004582	0.173686	0	0	0.000000	0.000000	0.000000	23
bb.chr9.99061031	chr9	99061031	99061151	-0.033343	0.134282	0	0	0.000000	0.000000	0.000000	23
bb.chr9.99870213	chr9	99870213	99870333	-0.009318	0.106973	0	0	0.000000	0.000000	0.000000	23
bb.chr9.100782915	chr9	100782915	100783035	0.026555	0.121839	0	0	0.000000	0.000000	0.000000	23
bb.chr9.101471476	chr9	101471476	101471596	-0.064510	0.222761	0	1	0.000000	0.043478	0.043478	23
bb.chr9.102403327	chr9	102403327	102403447	-0.297127	1.101908	6	7	0.260870	0.304348	0.565217	23
bb.chr9.103236531	chr9	103236531	103236651	-0.033379	0.330376	1	2	0.043478	0.086957	0.130435	23
bb.chr9.104313485	chr9	104313485	104313605	-0.011526	0.090763	0	0	0.000000	0.000000	0.000000	23
bb.chr9.104973466	chr9	104973466	104973586	-0.014131	0.062352	0	0	0.000000	0.000000	0.000000	23
bb.chr9.105692002	chr9	105692002	105692122	-0.181956	0.926155	5	4	0.217391	0.173913	0.391304	23
bb.chr9.106415230	chr9	106415230	106415350	0.008633	0.104872	0	0	0.000000	0.000000	0.000000	23
bb.chr9.107072147	chr9	107072147	107072267	-0.023942	0.115445	0	0	0.000000	0.000000	0.000000	23
bb.chr9.107727430	chr9	107727430	107727550	0.002689	0.083692	0	0	0.000000	0.000000	0.000000	23
bb.chr9.108841027	chr9	108841027	108841147	-0.016628	0.145242	0	0	0.000000	0.000000	0.000000	23
bb.chr9.109538030	chr9	109538030	109538150	-0.064073	0.510459	5	3	0.217391	0.130435	0.347826	23
bb.chr9.110204164	chr9	110204164	110204284	0.023711	0.081398	0	0	0.000000	0.000000	0.000000	23
bb.chr9.110927988	chr9	110927988	110928108			0	0	0.000000	0.000000	0.000000	0
bb.chr9.111655149	chr9	111655149	111655269	0.045243	0.084248	0	0	0.000000	0.000000	0.000000	23
bb.chr9.112664974	chr9	112664974	112665094	-0.005978	0.142057	0	0	0.000000	0.000000	0.000000	23
bb.chr9.113718507	chr9	113718507	113718627	0.018481	0.094220	0	0	0.000000	0.000000	0.000000	23
bb.chr9.114693470	chr9	114693470	114693590	-0.053379	0.101659	0	0	0.000000	0.000000	0.000000	23
bb.chr9.115394181	chr9	115394181	115394301	-0.006961	0.113585	0	0	0.000000	0.000000	0.000000	23
bb.chr9.116170820	chr9	116170820	116170940	-0.023148	0.126730	0	0	0.000000	0.000000	0.000000	23
bb.chr9.117227825	chr9	117227825	117227945	-0.039344	0.102538	0	0	0.000000	0.000000	0.000000	23
bb.chr9.117921115	chr9	117921115	117921235	-0.014104	0.103259	0	0	0.000000	0.000000	0.000000	23
bb.chr9.118999273	chr9	118999273	118999393	-0.448367	1.151140	4	6	0.173913	0.260870	0.434783	23
bb.chr9.120096910	chr9	120096910	120097030	-0.032376	0.087228	0	0	0.000000	0.000000	0.000000	23
bb.chr9.120876926	chr9	120876926	120877046	-0.015517	0.187176	0	0	0.000000	0.000000	0.000000	23
bb.chr9.121786980	chr9	121786980	121787100	-0.009689	0.164585	0	0	0.000000	0.000000	0.000000	23
bb.chr9.122615675	chr9	122615675	122615795	-0.011852	0.128920	0	0	0.000000	0.000000	0.000000	23
bb.chr9.123435808	chr9	123435808	123435928	-0.022252	0.083054	0	0	0.000000	0.000000	0.000000	23
bb.chr9.124594089	chr9	124594089	124594209	-0.008345	0.154361	0	0	0.000000	0.000000	0.000000	23
bb.chr9.125273110	chr9	125273110	125273230	-1.469999	1.632713	3	7	0.130435	0.304348	0.434783	10
bb.chr9.125967028	chr9	125967028	125967148	0.033518	0.352982	3	1	0.130435	0.043478	0.173913	23
bb.chr9.127096179	chr9	127096179	127096299	0.023527	0.097965	0	0	0.000000	0.000000	0.000000	23
bb.chr9.128431326	chr9	128431326	128431446	0.006447	0.095075	0	0	0.000000	0.000000	0.000000	23
bb.chr9.129438714	chr9	129438714	129438834	0.014733	0.082017	0	0	0.000000	0.000000	0.000000	23
bb.chr9.130157269	chr9	130157269	130157389	0.009202	0.151065	1	0	0.043478	0.000000	0.043478	23
bb.chr9.131082312	chr9	131082312	131082432	-0.014593	0.099422	0	0	0.000000	0.000000	0.000000	23
bb.chr9.132162363	chr9	132162363	132162483	0.026501	0.112058	0	0	0.000000	0.000000	0.000000	23
bb.chr9.132888634	chr9	132888634	132888754	-0.005958	0.100068	0	0	0.000000	0.000000	0.000000	23
bb.chr9.133538754	chr9	133538754	133538874	0.011219	0.154492	0	0	0.000000	0.000000	0.000000	23
bb.chr9.134936744	chr9	134936744	134936864	0.011978	0.128772	0	0	0.000000	0.000000	0.000000	23
bb.chr9.135637871	chr9	135637871	135637991	-0.003380	0.117193	0	0	0.000000	0.000000	0.000000	23
NOTCH1	chr9	136494431	136546047	0.002371	0.061488	0	0	0.000000	0.000000	0.000000	23
bb.chr9.136663714	chr9	136663714	136663834	-0.028929	0.112012	0	0	0.000000	0.000000	0.000000	23
bb.chr9.138117259	chr9	138117259	138117379	-0.028327	0.182043	0	0	0.000000	0.000000	0.000000	23
bb.chr10.970601	chr10	970601	970721	-0.030858	0.107712	0	0	0.000000	0.000000	0.000000	23
bb.chr10.1704698	chr10	1704698	1704818	-0.047294	0.129690	0	0	0.000000	0.000000	0.000000	23
bb.chr10.2698666	chr10	2698666	2698786	-0.145163	0.691694	8	5	0.347826	0.217391	0.565217	23
bb.chr10.3980977	chr10	3980977	3981097	-0.139324	0.800113	9	7	0.391304	0.304348	0.695652	23
bb.chr10.4977707	chr10	4977707	4977827	-0.023278	0.084212	0	0	0.000000	0.000000	0.000000	23
bb.chr10.6491855	chr10	6491855	6491975	0.004670	0.206209	1	0	0.043478	0.000000	0.043478	23
bb.chr10.7157032	chr10	7157032	7157152	0.005198	0.106381	0	0	0.000000	0.000000	0.000000	23
bb.chr10.7984586	chr10	7984586	7984706	-0.059097	0.329789	1	2	0.043478	0.086957	0.130435	23
bb.chr10.8733870	chr10	8733870	8733990	-0.246927	0.725395	2	6	0.086957	0.260870	0.347826	23
bb.chr10.10019760	chr10	10019760	10019880			0	0	0.000000	0.000000	0.000000	0
bb.chr10.11111223	chr10	11111223	11111343	-0.529276	1.387940	6	4	0.260870	0.173913	0.434783	23
bb.chr10.11772387	chr10	11772387	11772507	0.013525	0.093583	0	0	0.000000	0.000000	0.000000	23
bb.chr10.12538530	chr10	12538530	12538650	0.109437	0.109792	1	0	0.043478	0.000000	0.043478	23
bb.chr10.13321576	chr10	13321576	13321696	-0.202285	0.662568	4	4	0.173913	0.173913	0.347826	23
bb.chr10.14547827	chr10	14547827	14547947	-0.042681	0.093412	0	0	0.000000	0.000000	0.000000	23
bb.chr10.15236225	chr10	15236225	15236345	-0.041433	0.187831	0	0	0.000000	0.000000	0.000000	23
bb.chr10.15946843	chr10	15946843	15946963	-0.049797	0.074236	0	0	0.000000	0.000000	0.000000	23
bb.chr10.17099332	chr10	17099332	17099452	-0.053240	0.351651	3	3	0.130435	0.130435	0.260870	23
bb.chr10.17785940	chr10	17785940	17786060	-0.006889	0.087596	0	0	0.000000	0.000000	0.000000	23
bb.chr10.18340614	chr10	18340614	18340734	0.083879	0.069389	0	0	0.000000	0.000000	0.000000	23
bb.chr10.19077461	chr10	19077461	19077581	-0.035727	0.242593	1	1	0.043478	0.043478	0.086957	23
bb.chr10.19830680	chr10	19830680	19830800	0.007364	0.091958	0	0	0.000000	0.000000	0.000000	23
bb.chr10.20826343	chr10	20826343	20826463			0	0	0.000000	0.000000	0.000000	0
bb.chr10.21681088	chr10	21681088	21681208	-0.060455	0.430922	3	3	0.130435	0.130435	0.260870	23
bb.chr10.23110564	chr10	23110564	23110684	-0.048632	0.790762	9	6	0.391304	0.260870	0.652174	23
bb.chr10.24149011	chr10	24149011	24149131	-0.011333	0.113801	0	0	0.000000	0.000000	0.000000	23
bb.chr10.24867653	chr10	24867653	24867773	-0.001840	0.212293	0	0	0.000000	0.000000	0.000000	23
bb.chr10.25652702	chr10	25652702	25652822	-0.007115	0.098211	0	0	0.000000	0.000000	0.000000	23
bb.chr10.26359612	chr10	26359612	26359732			0	0	0.000000	0.000000	0.000000	0
ANKRD26	chr10	27004114	27093800	-0.003960	0.065729	0	0	0.000000	0.000000	0.000000	23
bb.chr10.27155339	chr10	27155339	27155459	-0.034629	0.148297	0	0	0.000000	0.000000	0.000000	23
bb.chr10.27877508	chr10	27877508	27877628	-0.089166	0.623340	5	4	0.217391	0.173913	0.391304	23
bb.chr10.28904026	chr10	28904026	28904146	-0.170491	0.965441	8	4	0.347826	0.173913	0.521739	23
bb.chr10.29939602	chr10	29939602	29939722	-0.172218	0.659142	3	6	0.130435	0.260870	0.391304	23
bb.chr10.30893919	chr10	30893919	30894039	-0.125680	0.711595	7	7	0.304348	0.304348	0.608696	23
bb.chr10.31686075	chr10	31686075	31686195	0.000547	0.125158	0	0	0.000000	0.000000	0.000000	23
bb.chr10.32397555	chr10	32397555	32397675	0.114221	0.263529	3	0	0.130435	0.000000	0.130435	23
bb.chr10.33102868	chr10	33102868	33102988	-0.009136	0.141557	0	0	0.000000	0.000000	0.000000	23
bb.chr10.34167991	chr10	34167991	34168111	-0.145061	0.753305	6	7	0.260870	0.304348	0.565217	23
bb.chr10.34931605	chr10	34931605	34931725	-0.535744	1.398733	4	4	0.173913	0.173913	0.347826	23
bb.chr10.36425776	chr10	36425776	36425896	0.033343	0.130679	0	0	0.000000	0.000000	0.000000	23
bb.chr10.37401255	chr10	37401255	37401375	-0.034304	0.074597	0	0	0.000000	0.000000	0.000000	23
bb.chr10.38249783	chr10	38249783	38249903	-0.007949	0.155897	0	0	0.000000	0.000000	0.000000	23
bb.chr10.42337624	chr10	42337624	42337744			0	0	0.000000	0.000000	0.000000	0
bb.chr10.43238098	chr10	43238098	43238218	-0.021604	0.294408	2	0	0.086957	0.000000	0.086957	23
bb.chr10.44278448	chr10	44278448	44278568	-0.017655	0.254010	0	2	0.000000	0.086957	0.086957	23
bb.chr10.44988800	chr10	44988800	44988920	-0.002052	0.080489	0	0	0.000000	0.000000	0.000000	23
bb.chr10.45750792	chr10	45750792	45750912	-0.015886	0.202512	0	1	0.000000	0.043478	0.043478	23
bb.chr10.45975053	chr10	45975053	45975173	-0.050555	0.135644	0	0	0.000000	0.000000	0.000000	23
bb.chr10.47158927	chr10	47158927	47159047	0.031228	0.093970	0	0	0.000000	0.000000	0.000000	23
bb.chr10.48341151	chr10	48341151	48341271	0.104357	0.658447	6	1	0.260870	0.043478	0.304348	23
bb.chr10.49354683	chr10	49354683	49354803	0.030582	0.129292	0	0	0.000000	0.000000	0.000000	23
bb.chr10.50343887	chr10	50343887	50344007	-0.013505	0.109024	0	0	0.000000	0.000000	0.000000	23
bb.chr10.51053718	chr10	51053718	51053838	-0.052326	0.221808	0	1	0.000000	0.043478	0.043478	23
bb.chr10.52066862	chr10	52066862	52066982	-0.104404	0.454711	4	2	0.173913	0.086957	0.260870	23
bb.chr10.53095799	chr10	53095799	53095919	-0.086233	0.338331	0	3	0.000000	0.130435	0.130435	23
bb.chr10.53717375	chr10	53717375	53717495	-0.046121	0.242453	0	1	0.000000	0.043478	0.043478	23
bb.chr10.54464777	chr10	54464777	54464897	-0.395781	1.124977	6	6	0.260870	0.260870	0.521739	23
bb.chr10.55126963	chr10	55126963	55127083	0.004500	0.393486	5	3	0.217391	0.130435	0.347826	23
bb.chr10.55837802	chr10	55837802	55837922			0	0	0.000000	0.000000	0.000000	0
bb.chr10.56806247	chr10	56806247	56806367	0.023338	0.194772	1	0	0.043478	0.000000	0.043478	23
bb.chr10.57607374	chr10	57607374	57607494	-0.048546	0.115179	0	0	0.000000	0.000000	0.000000	23
bb.chr10.58347015	chr10	58347015	58347135	-0.026536	0.067679	0	0	0.000000	0.000000	0.000000	23
bb.chr10.59346984	chr10	59346984	59347104	-0.017466	0.183248	0	0	0.000000	0.000000	0.000000	23
bb.chr10.60131119	chr10	60131119	60131239	-0.132573	0.443893	1	3	0.043478	0.130435	0.173913	23
bb.chr10.60893045	chr10	60893045	60893165	-0.012391	0.145519	0	0	0.000000	0.000000	0.000000	23
bb.chr10.61563535	chr10	61563535	61563655	-0.189610	0.519955	4	6	0.173913	0.260870	0.434783	23
bb.chr10.62471920	chr10	62471920	62472040	0.006949	0.118389	0	0	0.000000	0.000000	0.000000	23
bb.chr10.63077758	chr10	63077758	63077878	-0.002924	0.132833	0	0	0.000000	0.000000	0.000000	23
bb.chr10.63920664	chr10	63920664	63920784	0.003925	0.080581	0	0	0.000000	0.000000	0.000000	23
bb.chr10.64653102	chr10	64653102	64653222	-0.016063	0.128585	0	0	0.000000	0.000000	0.000000	23
bb.chr10.65896662	chr10	65896662	65896782	-0.023479	0.118743	0	0	0.000000	0.000000	0.000000	23
bb.chr10.67151276	chr10	67151276	67151396	-0.049727	0.446639	5	4	0.217391	0.173913	0.391304	23
bb.chr10.68174441	chr10	68174441	68174561	-0.015789	0.080693	0	0	0.000000	0.000000	0.000000	23
bb.chr10.68994344	chr10	68994344	68994464	-0.091977	0.390490	0	2	0.000000	0.086957	0.086957	23
bb.chr10.70426708	chr10	70426708	70426828	0.012882	0.121298	0	0	0.000000	0.000000	0.000000	23
bb.chr10.71175445	chr10	71175445	71175565	0.007663	0.108313	0	0	0.000000	0.000000	0.000000	23
bb.chr10.71796109	chr10	71796109	71796229	0.007586	0.090709	0	0	0.000000	0.000000	0.000000	23
bb.chr10.72495173	chr10	72495173	72495293	-0.168295	0.720359	7	5	0.304348	0.217391	0.521739	23
bb.chr10.74289773	chr10	74289773	74289893	-0.025050	0.218682	1	0	0.043478	0.000000	0.043478	23
bb.chr10.75524556	chr10	75524556	75524676	-0.061359	0.141552	0	0	0.000000	0.000000	0.000000	23
bb.chr10.76238737	chr10	76238737	76238857	-0.032354	0.166075	0	0	0.000000	0.000000	0.000000	23
bb.chr10.77250206	chr10	77250206	77250326	-0.014952	0.131636	0	0	0.000000	0.000000	0.000000	23
bb.chr10.78115392	chr10	78115392	78115512	0.005866	0.092957	0	0	0.000000	0.000000	0.000000	23
bb.chr10.78718823	chr10	78718823	78718943	0.005005	0.108800	0	0	0.000000	0.000000	0.000000	23
bb.chr10.79468140	chr10	79468140	79468260	0.037905	0.077640	0	0	0.000000	0.000000	0.000000	23
bb.chr10.80664311	chr10	80664311	80664431	0.000723	0.147564	1	0	0.043478	0.000000	0.043478	23
bb.chr10.81278449	chr10	81278449	81278569	-0.001143	0.140881	1	0	0.043478	0.000000	0.043478	23
bb.chr10.82122945	chr10	82122945	82123065	-0.001605	0.107291	0	0	0.000000	0.000000	0.000000	23
bb.chr10.82739518	chr10	82739518	82739638	0.027017	0.122749	0	0	0.000000	0.000000	0.000000	23
bb.chr10.83806838	chr10	83806838	83806958	-0.023073	0.092920	0	0	0.000000	0.000000	0.000000	23
bb.chr10.84536805	chr10	84536805	84536925	0.000265	0.092168	0	0	0.000000	0.000000	0.000000	23
bb.chr10.85529133	chr10	85529133	85529253	0.008874	0.082205	0	0	0.000000	0.000000	0.000000	23
bb.chr10.86199994	chr10	86199994	86200114	0.013491	0.073246	0	0	0.000000	0.000000	0.000000	23
bb.chr10.87015927	chr10	87015927	87016047	0.001824	0.121267	0	0	0.000000	0.000000	0.000000	23
PTEN	chr10	87863623	87971929	0.018762	0.055037	0	0	0.000000	0.000000	0.000000	23
bb.chr10.89024938	chr10	89024938	89025058	0.005712	0.131474	0	0	0.000000	0.000000	0.000000	23
bb.chr10.90039213	chr10	90039213	90039333	0.007720	0.120165	0	0	0.000000	0.000000	0.000000	23
bb.chr10.90833983	chr10	90833983	90834103	-0.018575	0.355647	0	1	0.000000	0.043478	0.043478	23
bb.chr10.91731244	chr10	91731244	91731364	-0.085757	0.467999	4	4	0.173913	0.173913	0.347826	23
bb.chr10.93456806	chr10	93456806	93456926	-0.085428	0.437472	2	4	0.086957	0.173913	0.260870	23
bb.chr10.94133235	chr10	94133235	94133355	-0.028630	0.091323	0	0	0.000000	0.000000	0.000000	23
bb.chr10.94872436	chr10	94872436	94872556	-0.003294	0.121791	0	0	0.000000	0.000000	0.000000	23
bb.chr10.95557523	chr10	95557523	95557643	0.001794	0.075818	0	0	0.000000	0.000000	0.000000	23
bb.chr10.96621629	chr10	96621629	96621749	0.012507	0.110108	0	0	0.000000	0.000000	0.000000	23
bb.chr10.97825603	chr10	97825603	97825723	-0.031667	0.150378	0	0	0.000000	0.000000	0.000000	23
bb.chr10.98592969	chr10	98592969	98593089	-0.034527	0.159398	0	0	0.000000	0.000000	0.000000	23
bb.chr10.99930233	chr10	99930233	99930353	-0.001927	0.086157	0	0	0.000000	0.000000	0.000000	23
bb.chr10.100608342	chr10	100608342	100608462	-0.025625	0.076958	0	0	0.000000	0.000000	0.000000	23
bb.chr10.101311592	chr10	101311592	101311712	-0.017443	0.085041	0	0	0.000000	0.000000	0.000000	23
bb.chr10.102163079	chr10	102163079	102163199	-0.006404	0.225734	0	0	0.000000	0.000000	0.000000	23
bb.chr10.103628873	chr10	103628873	103628993	0.002037	0.124326	0	0	0.000000	0.000000	0.000000	23
bb.chr10.104419245	chr10	104419245	104419365	0.013929	0.106077	0	0	0.000000	0.000000	0.000000	23
bb.chr10.105075560	chr10	105075560	105075680	-0.015758	0.134190	0	0	0.000000	0.000000	0.000000	23
bb.chr10.107141386	chr10	107141386	107141506	0.042932	0.223946	1	0	0.043478	0.000000	0.043478	23
bb.chr10.107839634	chr10	107839634	107839754	-0.063931	0.237367	0	1	0.000000	0.043478	0.043478	23
bb.chr10.108646994	chr10	108646994	108647114	0.019492	0.268909	2	0	0.086957	0.000000	0.086957	23
bb.chr10.109481362	chr10	109481362	109481482	-0.098587	0.596448	5	6	0.217391	0.260870	0.478261	23
SMC3	chr10	110567693	110606047	0.007887	0.053187	0	0	0.000000	0.000000	0.000000	23
bb.chr10.111203334	chr10	111203334	111203454	-0.036697	0.072814	0	0	0.000000	0.000000	0.000000	23
bb.chr10.111926527	chr10	111926527	111926647	-0.010075	0.172357	0	0	0.000000	0.000000	0.000000	23
bb.chr10.112952164	chr10	112952164	112952284	-0.049993	0.122452	0	0	0.000000	0.000000	0.000000	23
bb.chr10.113663556	chr10	113663556	113663676	-2.651210	0.000000	0	1	0.000000	0.043478	0.043478	1
bb.chr10.114450151	chr10	114450151	114450271	0.020211	0.459473	5	2	0.217391	0.086957	0.304348	23
bb.chr10.115951552	chr10	115951552	115951672	-0.028532	0.154495	0	0	0.000000	0.000000	0.000000	23
bb.chr10.116800906	chr10	116800906	116801026	-0.001890	0.079175	0	0	0.000000	0.000000	0.000000	23
bb.chr10.117714005	chr10	117714005	117714125	-0.015723	0.123711	0	0	0.000000	0.000000	0.000000	23
bb.chr10.118457358	chr10	118457358	118457478	-0.012265	0.126629	0	0	0.000000	0.000000	0.000000	23
bb.chr10.119218191	chr10	119218191	119218311	-0.018463	0.077021	0	0	0.000000	0.000000	0.000000	23
bb.chr10.119977198	chr10	119977198	119977318	0.045242	0.154473	1	0	0.043478	0.000000	0.043478	23
bb.chr10.120735101	chr10	120735101	120735221	-0.004721	0.110860	0	0	0.000000	0.000000	0.000000	23
bb.chr10.121567072	chr10	121567072	121567192	-0.001460	0.085048	0	0	0.000000	0.000000	0.000000	23
bb.chr10.122246801	chr10	122246801	122246921	0.069205	0.132734	0	0	0.000000	0.000000	0.000000	23
bb.chr10.122954971	chr10	122954971	122955091	0.034725	0.100554	0	0	0.000000	0.000000	0.000000	23
bb.chr10.123732889	chr10	123732889	123733009	-0.036842	0.331153	2	2	0.086957	0.086957	0.173913	23
bb.chr10.124574396	chr10	124574396	124574516	0.068422	0.102286	0	0	0.000000	0.000000	0.000000	23
bb.chr10.125425979	chr10	125425979	125426099	-0.017964	0.145147	0	0	0.000000	0.000000	0.000000	23
bb.chr10.126338672	chr10	126338672	126338792	0.028859	0.114063	0	0	0.000000	0.000000	0.000000	23
bb.chr10.126981634	chr10	126981634	126981754	-0.003875	0.086734	0	0	0.000000	0.000000	0.000000	23
bb.chr10.127687909	chr10	127687909	127688029	-0.873136	1.633083	3	6	0.130435	0.260870	0.391304	18
bb.chr10.128490322	chr10	128490322	128490442	-0.014353	0.128260	0	0	0.000000	0.000000	0.000000	23
bb.chr10.130027782	chr10	130027782	130027902	-0.012212	0.091361	0	0	0.000000	0.000000	0.000000	23
bb.chr10.131493071	chr10	131493071	131493191	-0.073354	0.337913	0	2	0.000000	0.086957	0.086957	23
bb.chr10.132512514	chr10	132512514	132512634	-0.018506	0.145664	0	0	0.000000	0.000000	0.000000	23
bb.chr10.133226719	chr10	133226719	133226839	0.001461	0.106981	0	0	0.000000	0.000000	0.000000	23
bb.chr11.493025	chr11	493025	493145	-0.016740	0.123159	0	0	0.000000	0.000000	0.000000	23
HRAS	chr11	532240	535591	-0.092100	0.096045	0	0	0.000000	0.000000	0.000000	23
bb.chr11.1642660	chr11	1642660	1642780	0.019127	0.129886	0	0	0.000000	0.000000	0.000000	23
bb.chr11.2474225	chr11	2474225	2474345	-0.032453	0.165721	0	0	0.000000	0.000000	0.000000	23
bb.chr11.3641911	chr11	3641911	3642031	0.005874	0.169264	0	0	0.000000	0.000000	0.000000	23
bb.chr11.4409882	chr11	4409882	4410002	-0.020430	0.230366	0	0	0.000000	0.000000	0.000000	23
bb.chr11.5248293	chr11	5248293	5248413	-0.020355	0.094196	0	0	0.000000	0.000000	0.000000	23
bb.chr11.6631941	chr11	6631941	6632061	-0.011697	0.140124	0	0	0.000000	0.000000	0.000000	23
bb.chr11.7507039	chr11	7507039	7507159	0.005513	0.091305	0	0	0.000000	0.000000	0.000000	23
bb.chr11.8617718	chr11	8617718	8617838	-0.007448	0.112147	0	0	0.000000	0.000000	0.000000	23
bb.chr11.9287798	chr11	9287798	9287918	-0.017939	0.138297	0	0	0.000000	0.000000	0.000000	23
bb.chr11.9995215	chr11	9995215	9995335	-0.014381	0.104110	0	0	0.000000	0.000000	0.000000	23
bb.chr11.11108494	chr11	11108494	11108614	-0.020802	0.093063	0	0	0.000000	0.000000	0.000000	23
bb.chr11.11710397	chr11	11710397	11710517	-0.028415	0.125935	0	0	0.000000	0.000000	0.000000	23
bb.chr11.12516303	chr11	12516303	12516423	0.109766	0.112414	0	0	0.000000	0.000000	0.000000	23
bb.chr11.13346143	chr11	13346143	13346263	-0.005307	0.104927	0	0	0.000000	0.000000	0.000000	23
bb.chr11.14191623	chr11	14191623	14191743	-0.036095	0.433875	4	4	0.173913	0.173913	0.347826	23
RRAS2	chr11	14277920	14359182	0.004705	0.041269	0	0	0.000000	0.000000	0.000000	23
bb.chr11.14953898	chr11	14953898	14954018	-0.031009	0.061673	0	0	0.000000	0.000000	0.000000	23
bb.chr11.16413087	chr11	16413087	16413207	-0.022376	0.285567	1	0	0.043478	0.000000	0.043478	23
bb.chr11.17369248	chr11	17369248	17369368	0.004410	0.111254	0	0	0.000000	0.000000	0.000000	23
bb.chr11.18607697	chr11	18607697	18607817	-0.208536	0.703865	4	3	0.173913	0.130435	0.304348	23
bb.chr11.19228557	chr11	19228557	19228677	-0.055048	0.182981	0	0	0.000000	0.000000	0.000000	23
bb.chr11.20041098	chr11	20041098	20041218	-0.025866	0.108926	0	0	0.000000	0.000000	0.000000	23
bb.chr11.21714817	chr11	21714817	21714937	0.003841	0.162702	0	0	0.000000	0.000000	0.000000	23
bb.chr11.22541367	chr11	22541367	22541487	0.010144	0.212679	0	0	0.000000	0.000000	0.000000	23
bb.chr11.23405429	chr11	23405429	23405549	-0.008722	0.111516	0	0	0.000000	0.000000	0.000000	23
bb.chr11.24152204	chr11	24152204	24152324	-0.010217	0.111484	0	0	0.000000	0.000000	0.000000	23
bb.chr11.26197662	chr11	26197662	26197782	0.000050	0.148741	0	0	0.000000	0.000000	0.000000	23
bb.chr11.27613712	chr11	27613712	27613832	-0.007708	0.125990	0	0	0.000000	0.000000	0.000000	23
bb.chr11.28676648	chr11	28676648	28676768	0.002232	0.130870	0	0	0.000000	0.000000	0.000000	23
bb.chr11.30025905	chr11	30025905	30026025	-0.024721	0.182341	0	0	0.000000	0.000000	0.000000	23
bb.chr11.31110650	chr11	31110650	31110770	-0.020054	0.082093	0	0	0.000000	0.000000	0.000000	23
bb.chr11.32356700	chr11	32356700	32356820	0.035580	0.122964	0	0	0.000000	0.000000	0.000000	23
WT1	chr11	32387773	32435538	0.009898	0.031122	0	0	0.000000	0.000000	0.000000	23
bb.chr11.33448274	chr11	33448274	33448394	-0.004204	0.131216	0	0	0.000000	0.000000	0.000000	23
bb.chr11.34494643	chr11	34494643	34494763	-0.006887	0.093253	0	0	0.000000	0.000000	0.000000	23
bb.chr11.35378368	chr11	35378368	35378488	-0.007347	0.152304	0	0	0.000000	0.000000	0.000000	23
bb.chr11.36451442	chr11	36451442	36451562	-0.015675	0.100361	0	0	0.000000	0.000000	0.000000	23
bb.chr11.37095205	chr11	37095205	37095325	-0.053781	0.304342	0	2	0.000000	0.086957	0.086957	23
bb.chr11.37711698	chr11	37711698	37711818	0.127513	0.197828	1	0	0.043478	0.000000	0.043478	23
bb.chr11.38486250	chr11	38486250	38486370	-0.113962	0.294937	0	1	0.000000	0.043478	0.043478	23
bb.chr11.39589790	chr11	39589790	39589910	0.012560	0.153292	0	0	0.000000	0.000000	0.000000	23
bb.chr11.40389310	chr11	40389310	40389430	0.006364	0.084764	0	0	0.000000	0.000000	0.000000	23
bb.chr11.41143170	chr11	41143170	41143290	-0.053405	0.295565	0	1	0.000000	0.043478	0.043478	23
bb.chr11.42348030	chr11	42348030	42348150	0.022295	0.122447	0	0	0.000000	0.000000	0.000000	23
bb.chr11.43686535	chr11	43686535	43686655	-0.039771	0.111501	0	0	0.000000	0.000000	0.000000	23
bb.chr11.44332986	chr11	44332986	44333106	-0.008588	0.140181	0	0	0.000000	0.000000	0.000000	23
bb.chr11.45225258	chr11	45225258	45225378	0.016807	0.076140	0	0	0.000000	0.000000	0.000000	23
bb.chr11.47867933	chr11	47867933	47868053	-0.006635	0.103704	0	0	0.000000	0.000000	0.000000	23
bb.chr11.48489042	chr11	48489042	48489162	0.022459	0.097679	0	0	0.000000	0.000000	0.000000	23
bb.chr11.49304360	chr11	49304360	49304480	-0.032286	0.142729	0	0	0.000000	0.000000	0.000000	23
bb.chr11.50181206	chr11	50181206	50181326	-0.039825	0.193892	0	0	0.000000	0.000000	0.000000	23
bb.chr11.55402806	chr11	55402806	55402926	0.014016	0.291087	3	1	0.130435	0.043478	0.173913	23
bb.chr11.56270809	chr11	56270809	56270929	0.029994	0.128199	0	0	0.000000	0.000000	0.000000	23
bb.chr11.57038736	chr11	57038736	57038856	-0.919933	1.943937	7	5	0.304348	0.217391	0.521739	21
bb.chr11.58239208	chr11	58239208	58239328	0.004003	0.085225	0	0	0.000000	0.000000	0.000000	23
bb.chr11.59716160	chr11	59716160	59716280	-0.009751	0.079096	0	0	0.000000	0.000000	0.000000	23
bb.chr11.60770045	chr11	60770045	60770165	-0.008843	0.168287	0	0	0.000000	0.000000	0.000000	23
bb.chr11.61669556	chr11	61669556	61669676	-0.014853	0.096038	0	0	0.000000	0.000000	0.000000	23
bb.chr11.62411839	chr11	62411839	62411959	-0.002626	0.103308	0	0	0.000000	0.000000	0.000000	23
bb.chr11.63220106	chr11	63220106	63220226	-0.019723	0.115692	0	0	0.000000	0.000000	0.000000	23
bb.chr11.64376993	chr11	64376993	64377113	-0.026849	0.148371	0	0	0.000000	0.000000	0.000000	23
SF1	chr11	64764604	64778541	0.023291	0.039646	0	0	0.000000	0.000000	0.000000	23
bb.chr11.65183896	chr11	65183896	65184016	-0.037826	0.079851	0	0	0.000000	0.000000	0.000000	23
bb.chr11.65986531	chr11	65986531	65986651	-0.012843	0.181366	0	0	0.000000	0.000000	0.000000	23
bb.chr11.66908459	chr11	66908459	66908579	-0.033366	0.096332	0	0	0.000000	0.000000	0.000000	23
bb.chr11.67715231	chr11	67715231	67715351	-0.001018	0.094620	0	0	0.000000	0.000000	0.000000	23
bb.chr11.68528373	chr11	68528373	68528493	0.071453	0.421456	7	2	0.304348	0.086957	0.391304	23
bb.chr11.69861558	chr11	69861558	69861678	-0.031905	0.120107	0	0	0.000000	0.000000	0.000000	23
bb.chr11.70673459	chr11	70673459	70673579	-0.047623	0.259218	0	0	0.000000	0.000000	0.000000	23
bb.chr11.72474158	chr11	72474158	72474278	-0.042707	0.128403	0	0	0.000000	0.000000	0.000000	23
bb.chr11.73234915	chr11	73234915	73235035	0.022288	0.108300	0	0	0.000000	0.000000	0.000000	23
bb.chr11.74074221	chr11	74074221	74074341	0.078092	0.076788	0	0	0.000000	0.000000	0.000000	23
bb.chr11.74680670	chr11	74680670	74680790	0.012482	0.192038	1	0	0.043478	0.000000	0.043478	23
bb.chr11.75282973	chr11	75282973	75283093	0.003999	0.140562	0	0	0.000000	0.000000	0.000000	23
bb.chr11.76647808	chr11	76647808	76647928	-0.031604	0.097076	0	0	0.000000	0.000000	0.000000	23
bb.chr11.77927361	chr11	77927361	77927481	0.014665	0.168648	0	0	0.000000	0.000000	0.000000	23
bb.chr11.78649064	chr11	78649064	78649184	0.005565	0.146777	0	0	0.000000	0.000000	0.000000	23
bb.chr11.79716328	chr11	79716328	79716448	-0.018465	0.071289	0	0	0.000000	0.000000	0.000000	23
bb.chr11.80556186	chr11	80556186	80556306	-0.035752	0.159365	0	0	0.000000	0.000000	0.000000	23
bb.chr11.81389097	chr11	81389097	81389217	-0.009144	0.135025	0	0	0.000000	0.000000	0.000000	23
bb.chr11.82229639	chr11	82229639	82229759	-0.289593	0.770475	4	5	0.173913	0.217391	0.391304	23
bb.chr11.82846493	chr11	82846493	82846613	-0.054258	0.349914	2	3	0.086957	0.130435	0.217391	23
bb.chr11.84268978	chr11	84268978	84269098			0	0	0.000000	0.000000	0.000000	0
bb.chr11.85114463	chr11	85114463	85114583	-0.050610	0.155622	0	0	0.000000	0.000000	0.000000	23
EED	chr11	86244751	86278809	0.012371	0.039627	0	0	0.000000	0.000000	0.000000	23
bb.chr11.87258288	chr11	87258288	87258408	0.126969	0.105580	0	0	0.000000	0.000000	0.000000	23
bb.chr11.88550662	chr11	88550662	88550782	0.000527	0.445319	5	1	0.217391	0.043478	0.260870	23
bb.chr11.89470218	chr11	89470218	89470338	-0.024718	0.098480	0	0	0.000000	0.000000	0.000000	23
bb.chr11.90886838	chr11	90886838	90886958	-0.028143	0.397377	4	3	0.173913	0.130435	0.304348	23
bb.chr11.91707429	chr11	91707429	91707549	-0.013900	0.117195	0	0	0.000000	0.000000	0.000000	23
bb.chr11.92835326	chr11	92835326	92835446	-0.019168	0.277919	0	1	0.000000	0.043478	0.043478	23
bb.chr11.93630024	chr11	93630024	93630144	0.001312	0.109452	0	0	0.000000	0.000000	0.000000	23
bb.chr11.94456455	chr11	94456455	94456575	-2.637860	0.000000	0	1	0.000000	0.043478	0.043478	1
bb.chr11.95583057	chr11	95583057	95583177	0.060403	0.178303	0	0	0.000000	0.000000	0.000000	23
bb.chr11.96539394	chr11	96539394	96539514	-0.008669	0.212071	0	0	0.000000	0.000000	0.000000	23
bb.chr11.97622716	chr11	97622716	97622836	-0.056622	0.232125	0	1	0.000000	0.043478	0.043478	23
bb.chr11.98475317	chr11	98475317	98475437	0.088100	0.151000	0	0	0.000000	0.000000	0.000000	23
bb.chr11.99344368	chr11	99344368	99344488	-0.177083	0.697210	6	4	0.260870	0.173913	0.434783	23
bb.chr11.100558152	chr11	100558152	100558272	0.004431	0.084577	0	0	0.000000	0.000000	0.000000	23
BIRC3	chr11	102317451	102339402	0.023851	0.055490	0	0	0.000000	0.000000	0.000000	23
bb.chr11.102499363	chr11	102499363	102499483	-0.018136	0.160682	0	0	0.000000	0.000000	0.000000	23
bb.chr11.103248632	chr11	103248632	103248752	-0.156228	0.488803	3	6	0.130435	0.260870	0.391304	23
bb.chr11.104082199	chr11	104082199	104082319	0.005608	0.099842	0	0	0.000000	0.000000	0.000000	23
bb.chr11.104824213	chr11	104824213	104824333	-0.217416	1.000132	6	5	0.260870	0.217391	0.478261	23
bb.chr11.105478520	chr11	105478520	105478640	-0.030830	0.350250	1	2	0.043478	0.086957	0.130435	23
bb.chr11.106447867	chr11	106447867	106447987	-0.008363	0.060751	0	0	0.000000	0.000000	0.000000	23
bb.chr11.107719433	chr11	107719433	107719553	0.007991	0.092140	0	0	0.000000	0.000000	0.000000	23
ATM	chr11	108223065	108369101	-0.006123	0.048783	0	0	0.000000	0.000000	0.000000	23
bb.chr11.108474728	chr11	108474728	108474848	-0.015975	0.115197	0	0	0.000000	0.000000	0.000000	23
bb.chr11.109076326	chr11	109076326	109076446	-0.019716	0.091683	0	0	0.000000	0.000000	0.000000	23
bb.chr11.109938629	chr11	109938629	109938749	-0.030863	0.393665	3	2	0.130435	0.086957	0.217391	23
bb.chr11.110773749	chr11	110773749	110773869	0.003184	0.079596	0	0	0.000000	0.000000	0.000000	23
bb.chr11.111470504	chr11	111470504	111470624	0.016452	0.115627	0	0	0.000000	0.000000	0.000000	23
bb.chr11.112167303	chr11	112167303	112167423	-0.012482	0.122253	0	0	0.000000	0.000000	0.000000	23
bb.chr11.112965014	chr11	112965014	112965134			0	0	0.000000	0.000000	0.000000	0
bb.chr11.113836417	chr11	113836417	113836537	0.004188	0.101480	0	0	0.000000	0.000000	0.000000	23
bb.chr11.114716372	chr11	114716372	114716492	-0.009981	0.171013	0	0	0.000000	0.000000	0.000000	23
bb.chr11.116067374	chr11	116067374	116067494	0.015318	0.104736	0	0	0.000000	0.000000	0.000000	23
bb.chr11.116941348	chr11	116941348	116941468	-0.018332	0.201622	0	1	0.000000	0.043478	0.043478	23
bb.chr11.118277371	chr11	118277371	118277491	-0.003253	0.133688	0	0	0.000000	0.000000	0.000000	23
KMT2A	chr11	118436490	118526831	-0.007929	0.018577	0	0	0.000000	0.000000	0.000000	23
bb.chr11.118884969	chr11	118884969	118885089	0.099862	0.092867	1	0	0.043478	0.000000	0.043478	23
CBL	chr11	119206337	119308148	0.003802	0.014225	0	0	0.000000	0.000000	0.000000	23
bb.chr11.119689679	chr11	119689679	119689799	-0.024045	0.126287	0	0	0.000000	0.000000	0.000000	23
bb.chr11.120537302	chr11	120537302	120537422	-0.015628	0.085095	0	0	0.000000	0.000000	0.000000	23
bb.chr11.121361044	chr11	121361044	121361164	-0.033278	0.155728	0	0	0.000000	0.000000	0.000000	23
bb.chr11.122035835	chr11	122035835	122035955	-0.018567	0.107719	0	0	0.000000	0.000000	0.000000	23
bb.chr11.122755666	chr11	122755666	122755786	-0.001217	0.069071	0	0	0.000000	0.000000	0.000000	23
bb.chr11.123584341	chr11	123584341	123584461	-0.029017	0.237587	1	1	0.043478	0.043478	0.086957	23
bb.chr11.124443122	chr11	124443122	124443242	0.013764	0.093522	0	0	0.000000	0.000000	0.000000	23
bb.chr11.125097531	chr11	125097531	125097651	0.014409	0.072185	0	0	0.000000	0.000000	0.000000	23
bb.chr11.126387128	chr11	126387128	126387248	-0.001734	0.128700	0	0	0.000000	0.000000	0.000000	23
bb.chr11.127300005	chr11	127300005	127300125	-0.004908	0.118133	0	0	0.000000	0.000000	0.000000	23
bb.chr11.128039441	chr11	128039441	128039561	-0.018136	0.110751	0	0	0.000000	0.000000	0.000000	23
bb.chr11.128889213	chr11	128889213	128889333	-0.000016	0.119883	0	0	0.000000	0.000000	0.000000	23
bb.chr11.129722525	chr11	129722525	129722645	-0.018319	0.065698	0	0	0.000000	0.000000	0.000000	23
bb.chr11.130401723	chr11	130401723	130401843	-0.028327	0.092037	0	0	0.000000	0.000000	0.000000	23
bb.chr11.131376607	chr11	131376607	131376727	-0.050019	0.200343	0	0	0.000000	0.000000	0.000000	23
bb.chr11.132176308	chr11	132176308	132176428	-0.026067	0.305367	1	2	0.043478	0.086957	0.130435	23
bb.chr11.132812262	chr11	132812262	132812382	-0.015617	0.206054	0	0	0.000000	0.000000	0.000000	23
bb.chr11.133618960	chr11	133618960	133619080	0.008048	0.097818	0	0	0.000000	0.000000	0.000000	23
bb.chr11.134466933	chr11	134466933	134467053	0.027411	0.099492	0	0	0.000000	0.000000	0.000000	23
bb.chr12.189274	chr12	189274	189394	-0.003806	0.112193	0	0	0.000000	0.000000	0.000000	23
bb.chr12.865129	chr12	865129	865249	0.001517	0.115385	0	0	0.000000	0.000000	0.000000	23
bb.chr12.1498268	chr12	1498268	1498388	0.031312	0.147251	1	0	0.043478	0.000000	0.043478	23
bb.chr12.2448703	chr12	2448703	2448823	0.013161	0.088603	0	0	0.000000	0.000000	0.000000	23
bb.chr12.3460219	chr12	3460219	3460339	-0.011690	0.079448	0	0	0.000000	0.000000	0.000000	23
bb.chr12.5247785	chr12	5247785	5247905	0.006315	0.074806	0	0	0.000000	0.000000	0.000000	23
bb.chr12.5874671	chr12	5874671	5874791	0.020683	0.094694	0	0	0.000000	0.000000	0.000000	23
bb.chr12.6789295	chr12	6789295	6789415	0.006099	0.095870	0	0	0.000000	0.000000	0.000000	23
bb.chr12.7653910	chr12	7653910	7654030	0.001234	0.207572	1	0	0.043478	0.000000	0.043478	23
bb.chr12.8842555	chr12	8842555	8842675	0.013553	0.217976	0	0	0.000000	0.000000	0.000000	23
bb.chr12.9681553	chr12	9681553	9681673	0.002034	0.109715	0	0	0.000000	0.000000	0.000000	23
bb.chr12.10306910	chr12	10306910	10307030			0	0	0.000000	0.000000	0.000000	0
bb.chr12.11519492	chr12	11519492	11519612	-0.035365	0.289150	1	1	0.043478	0.043478	0.086957	23
ETV6	chr12	11649672	11895376	-0.007755	0.048283	0	0	0.000000	0.000000	0.000000	23
bb.chr12.12683094	chr12	12683094	12683214	-0.600242	1.358364	3	6	0.130435	0.260870	0.391304	22
CDKN1B	chr12	12717366	12722368	-0.000846	0.045731	0	0	0.000000	0.000000	0.000000	23
bb.chr12.13527628	chr12	13527628	13527748	0.093393	0.074847	0	0	0.000000	0.000000	0.000000	23
bb.chr12.14478117	chr12	14478117	14478237	-0.076973	0.271427	0	2	0.000000	0.086957	0.086957	23
bb.chr12.15459846	chr12	15459846	15459966	-0.031601	0.078285	0	0	0.000000	0.000000	0.000000	23
bb.chr12.16079088	chr12	16079088	16079208	0.012075	0.084656	0	0	0.000000	0.000000	0.000000	23
bb.chr12.16848823	chr12	16848823	16848943	-0.022991	0.142520	0	0	0.000000	0.000000	0.000000	23
bb.chr12.17462053	chr12	17462053	17462173	-1.040344	1.928238	3	7	0.130435	0.304348	0.434783	21
bb.chr12.18404033	chr12	18404033	18404153	-0.031735	0.281440	1	1	0.043478	0.043478	0.086957	23
bb.chr12.19553670	chr12	19553670	19553790	0.009344	0.102797	0	0	0.000000	0.000000	0.000000	23
bb.chr12.20449854	chr12	20449854	20449974	-0.003886	0.084253	0	0	0.000000	0.000000	0.000000	23
bb.chr12.21638417	chr12	21638417	21638537	-0.070925	0.140721	0	0	0.000000	0.000000	0.000000	23
bb.chr12.22242850	chr12	22242850	22242970	-0.049080	0.190238	0	0	0.000000	0.000000	0.000000	23
ETNK1	chr12	22625169	22690664	0.003051	0.094063	0	0	0.000000	0.000000	0.000000	23
bb.chr12.23057287	chr12	23057287	23057407	-0.360360	1.179508	6	4	0.260870	0.173913	0.434783	23
bb.chr12.23738348	chr12	23738348	23738468	0.008216	0.097862	0	0	0.000000	0.000000	0.000000	23
KRAS	chr12	25205244	25250928	-0.026053	0.072680	0	0	0.000000	0.000000	0.000000	23
bb.chr12.25264300	chr12	25264300	25264420	-0.032054	0.108712	0	0	0.000000	0.000000	0.000000	23
bb.chr12.26439295	chr12	26439295	26439415	0.013947	0.163643	0	0	0.000000	0.000000	0.000000	23
bb.chr12.27621681	chr12	27621681	27621801	0.017163	0.562268	7	4	0.304348	0.173913	0.478261	23
bb.chr12.28556707	chr12	28556707	28556827	0.029715	0.104025	0	0	0.000000	0.000000	0.000000	23
bb.chr12.29415012	chr12	29415012	29415132	-0.133095	0.663996	9	5	0.391304	0.217391	0.608696	23
bb.chr12.30346302	chr12	30346302	30346422	-0.007970	0.133013	0	0	0.000000	0.000000	0.000000	23
bb.chr12.31195933	chr12	31195933	31196053	-0.033140	0.449367	4	3	0.173913	0.130435	0.304348	23
bb.chr12.32079228	chr12	32079228	32079348	-0.012974	0.104645	0	0	0.000000	0.000000	0.000000	23
bb.chr12.32882447	chr12	32882447	32882567	-0.044010	0.129880	0	0	0.000000	0.000000	0.000000	23
bb.chr12.33581788	chr12	33581788	33581908	-0.024513	0.123340	0	0	0.000000	0.000000	0.000000	23
bb.chr12.38329419	chr12	38329419	38329539	-0.269252	1.047385	5	4	0.217391	0.173913	0.391304	23
bb.chr12.39181132	chr12	39181132	39181252	-0.200612	0.678311	5	5	0.217391	0.217391	0.434783	23
bb.chr12.39796444	chr12	39796444	39796564	0.004697	0.115247	0	0	0.000000	0.000000	0.000000	23
bb.chr12.40509238	chr12	40509238	40509358	0.010670	0.099440	0	0	0.000000	0.000000	0.000000	23
bb.chr12.41711547	chr12	41711547	41711667	-0.711487	1.805432	3	3	0.130435	0.130435	0.260870	7
bb.chr12.42904048	chr12	42904048	42904168	-0.042632	0.173346	0	0	0.000000	0.000000	0.000000	23
bb.chr12.43547481	chr12	43547481	43547601	0.025830	0.096305	0	0	0.000000	0.000000	0.000000	23
bb.chr12.44616378	chr12	44616378	44616498	-0.292135	1.007904	6	3	0.260870	0.130435	0.391304	23
bb.chr12.45329156	chr12	45329156	45329276			0	0	0.000000	0.000000	0.000000	0
bb.chr12.46207213	chr12	46207213	46207333	0.032007	0.224931	0	0	0.000000	0.000000	0.000000	23
bb.chr12.47088823	chr12	47088823	47088943	-0.008018	0.144308	0	0	0.000000	0.000000	0.000000	23
bb.chr12.48151710	chr12	48151710	48151830	-0.071728	0.364929	1	3	0.043478	0.130435	0.173913	23
bb.chr12.48883488	chr12	48883488	48883608	-0.009602	0.126328	0	0	0.000000	0.000000	0.000000	23
PRPF40B	chr12	49623516	49644664	0.008697	0.050821	0	0	0.000000	0.000000	0.000000	23
bb.chr12.49967257	chr12	49967257	49967377	0.002924	0.091506	0	0	0.000000	0.000000	0.000000	23
bb.chr12.50956442	chr12	50956442	50956562			0	0	0.000000	0.000000	0.000000	0
bb.chr12.52451039	chr12	52451039	52451159			0	0	0.000000	0.000000	0.000000	0
bb.chr12.53289142	chr12	53289142	53289262	0.053906	0.116808	0	0	0.000000	0.000000	0.000000	23
bb.chr12.54217186	chr12	54217186	54217306	0.007339	0.136419	0	0	0.000000	0.000000	0.000000	23
NFE2	chr12	54292109	54301014	0.004488	0.044179	0	0	0.000000	0.000000	0.000000	23
bb.chr12.55368675	chr12	55368675	55368795	0.026610	0.437784	5	3	0.217391	0.130435	0.347826	23
bb.chr12.57268720	chr12	57268720	57268840	-0.239459	0.764066	3	5	0.130435	0.217391	0.347826	23
bb.chr12.58410346	chr12	58410346	58410466	-0.003045	0.074911	0	0	0.000000	0.000000	0.000000	23
bb.chr12.59314986	chr12	59314986	59315106	0.031999	0.172207	0	0	0.000000	0.000000	0.000000	23
bb.chr12.60187131	chr12	60187131	60187251	-0.180878	0.688661	4	7	0.173913	0.304348	0.478261	23
bb.chr12.60877726	chr12	60877726	60877846	-0.262883	0.730160	3	7	0.130435	0.304348	0.434783	23
bb.chr12.61987572	chr12	61987572	61987692	-0.108017	0.526127	4	5	0.173913	0.217391	0.391304	23
bb.chr12.62610162	chr12	62610162	62610282	-0.047083	0.152809	0	0	0.000000	0.000000	0.000000	23
bb.chr12.63439631	chr12	63439631	63439751	-0.020838	0.130519	0	0	0.000000	0.000000	0.000000	23
bb.chr12.64109188	chr12	64109188	64109308	-0.011482	0.224817	0	0	0.000000	0.000000	0.000000	23
bb.chr12.64992579	chr12	64992579	64992699	-0.010977	0.124514	0	0	0.000000	0.000000	0.000000	23
bb.chr12.65838333	chr12	65838333	65838453	-0.049507	0.133257	0	0	0.000000	0.000000	0.000000	23
bb.chr12.66795297	chr12	66795297	66795417	-0.009093	0.080553	0	0	0.000000	0.000000	0.000000	23
bb.chr12.67885439	chr12	67885439	67885559	-0.024961	0.066844	0	0	0.000000	0.000000	0.000000	23
bb.chr12.68488200	chr12	68488200	68488320	-0.005299	0.103634	0	0	0.000000	0.000000	0.000000	23
bb.chr12.69179703	chr12	69179703	69179823	-0.043413	0.365141	2	3	0.086957	0.130435	0.217391	23
bb.chr12.69816252	chr12	69816252	69816372			0	0	0.000000	0.000000	0.000000	0
bb.chr12.70622801	chr12	70622801	70622921	-0.026282	0.179792	0	0	0.000000	0.000000	0.000000	23
bb.chr12.71351261	chr12	71351261	71351381	-0.024978	0.186544	0	0	0.000000	0.000000	0.000000	23
bb.chr12.71952960	chr12	71952960	71953080			0	0	0.000000	0.000000	0.000000	0
bb.chr12.73135849	chr12	73135849	73135969	-0.017535	0.492750	5	2	0.217391	0.086957	0.304348	23
bb.chr12.73780334	chr12	73780334	73780454	-0.033327	0.336381	1	2	0.043478	0.086957	0.130435	23
bb.chr12.74477813	chr12	74477813	74477933			0	0	0.000000	0.000000	0.000000	0
bb.chr12.75448976	chr12	75448976	75449096	-0.030419	0.297116	0	1	0.000000	0.043478	0.043478	23
bb.chr12.76882403	chr12	76882403	76882523	0.023264	0.210358	1	0	0.043478	0.000000	0.043478	23
bb.chr12.77858869	chr12	77858869	77858989	0.008005	0.103428	0	0	0.000000	0.000000	0.000000	23
bb.chr12.78633580	chr12	78633580	78633700	-2.227630	0.220670	0	2	0.000000	0.086957	0.086957	2
bb.chr12.79303447	chr12	79303447	79303567	-0.071255	0.741838	7	7	0.304348	0.304348	0.608696	23
bb.chr12.80744082	chr12	80744082	80744202	0.001869	0.125081	0	0	0.000000	0.000000	0.000000	23
bb.chr12.81486700	chr12	81486700	81486820			0	0	0.000000	0.000000	0.000000	0
bb.chr12.82276671	chr12	82276671	82276791	-0.018856	0.110334	0	0	0.000000	0.000000	0.000000	23
bb.chr12.82880402	chr12	82880402	82880522	0.010284	0.099238	0	0	0.000000	0.000000	0.000000	23
bb.chr12.84833803	chr12	84833803	84833923	-0.022968	0.175869	0	0	0.000000	0.000000	0.000000	23
bb.chr12.85600570	chr12	85600570	85600690			0	0	0.000000	0.000000	0.000000	0
bb.chr12.86259790	chr12	86259790	86259910	-0.096531	0.427703	0	7	0.000000	0.304348	0.304348	23
bb.chr12.87329510	chr12	87329510	87329630	0.043375	0.093929	0	0	0.000000	0.000000	0.000000	23
bb.chr12.87953320	chr12	87953320	87953440	-0.055713	0.664845	7	6	0.304348	0.260870	0.565217	23
bb.chr12.89729052	chr12	89729052	89729172	-4.683350	0.000000	0	1	0.000000	0.043478	0.043478	1
bb.chr12.90355495	chr12	90355495	90355615			0	0	0.000000	0.000000	0.000000	0
bb.chr12.91289802	chr12	91289802	91289922			0	0	0.000000	0.000000	0.000000	0
bb.chr12.91934947	chr12	91934947	91935067	-0.900716	1.670207	2	6	0.086957	0.260870	0.347826	23
BTG1	chr12	92140276	92145845	0.008687	0.069765	0	0	0.000000	0.000000	0.000000	23
bb.chr12.92607742	chr12	92607742	92607862			0	0	0.000000	0.000000	0.000000	0
bb.chr12.93362322	chr12	93362322	93362442	0.007631	0.147194	0	0	0.000000	0.000000	0.000000	23
bb.chr12.94259391	chr12	94259391	94259511	-0.256451	0.996969	6	7	0.260870	0.304348	0.565217	23
bb.chr12.96334188	chr12	96334188	96334308	-0.344246	1.085719	2	6	0.086957	0.260870	0.347826	23
bb.chr12.96947644	chr12	96947644	96947764	0.006998	0.075728	0	0	0.000000	0.000000	0.000000	23
bb.chr12.97829102	chr12	97829102	97829222	-2.452000	0.000000	0	1	0.000000	0.043478	0.043478	1
bb.chr12.99420363	chr12	99420363	99420483	-0.807659	1.684636	3	10	0.130435	0.434783	0.565217	23
bb.chr12.100833610	chr12	100833610	100833730	-0.006674	0.107483	0	0	0.000000	0.000000	0.000000	23
bb.chr12.101749472	chr12	101749472	101749592	0.111897	0.188019	0	0	0.000000	0.000000	0.000000	23
bb.chr12.103218467	chr12	103218467	103218587	-0.027498	0.153352	0	0	0.000000	0.000000	0.000000	23
bb.chr12.103818793	chr12	103818793	103818913	-0.012301	0.165954	0	0	0.000000	0.000000	0.000000	23
bb.chr12.104425269	chr12	104425269	104425389	-0.025830	0.144106	0	0	0.000000	0.000000	0.000000	23
bb.chr12.105048348	chr12	105048348	105048468	-0.033024	0.080527	0	0	0.000000	0.000000	0.000000	23
bb.chr12.105939002	chr12	105939002	105939122	-0.086269	0.417284	4	3	0.173913	0.130435	0.304348	23
bb.chr12.106897545	chr12	106897545	106897665	0.011098	0.157249	0	0	0.000000	0.000000	0.000000	23
bb.chr12.107713078	chr12	107713078	107713198	0.006426	0.221826	0	1	0.000000	0.043478	0.043478	23
bb.chr12.108900215	chr12	108900215	108900335	-0.019695	0.077476	0	0	0.000000	0.000000	0.000000	23
bb.chr12.109737525	chr12	109737525	109737645	0.011117	0.128187	0	0	0.000000	0.000000	0.000000	23
bb.chr12.110820314	chr12	110820314	110820434	0.056397	0.090711	0	0	0.000000	0.000000	0.000000	23
SH2B3	chr12	111405921	111451622	0.015502	0.029798	0	0	0.000000	0.000000	0.000000	23
PTPN11	chr12	112418945	112509917	-0.010799	0.024512	0	0	0.000000	0.000000	0.000000	23
bb.chr12.113035850	chr12	113035850	113035970	-0.004260	0.087824	0	0	0.000000	0.000000	0.000000	23
bb.chr12.113924941	chr12	113924941	113925061	0.109579	0.070500	0	0	0.000000	0.000000	0.000000	23
bb.chr12.114539149	chr12	114539149	114539269	0.058656	0.415928	6	2	0.260870	0.086957	0.347826	23
bb.chr12.115145935	chr12	115145935	115146055	-0.000319	0.081849	0	0	0.000000	0.000000	0.000000	23
bb.chr12.115986800	chr12	115986800	115986920	0.023874	0.119747	0	0	0.000000	0.000000	0.000000	23
bb.chr12.116904368	chr12	116904368	116904488	0.037348	0.295603	3	0	0.130435	0.000000	0.130435	23
bb.chr12.117518167	chr12	117518167	117518287	-0.026812	0.081710	0	0	0.000000	0.000000	0.000000	23
bb.chr12.118137231	chr12	118137231	118137351	0.025241	0.063061	0	0	0.000000	0.000000	0.000000	23
bb.chr12.118938750	chr12	118938750	118938870	0.012262	0.101782	0	0	0.000000	0.000000	0.000000	23
bb.chr12.119789556	chr12	119789556	119789676	-0.277645	1.165780	8	6	0.347826	0.260870	0.608696	23
bb.chr12.120764801	chr12	120764801	120764921	0.015492	0.102579	0	0	0.000000	0.000000	0.000000	23
bb.chr12.121392080	chr12	121392080	121392200	-0.041690	0.192777	0	0	0.000000	0.000000	0.000000	23
SETD1B	chr12	121803993	121832655	0.004427	0.053217	0	0	0.000000	0.000000	0.000000	23
bb.chr12.122023600	chr12	122023600	122023720	-0.002353	0.103260	0	0	0.000000	0.000000	0.000000	23
bb.chr12.122717441	chr12	122717441	122717561	-0.038021	0.268231	1	0	0.043478	0.000000	0.043478	23
bb.chr12.124632207	chr12	124632207	124632327	0.004962	0.148829	0	0	0.000000	0.000000	0.000000	23
bb.chr12.125506969	chr12	125506969	125507089	0.002715	0.083196	0	0	0.000000	0.000000	0.000000	23
bb.chr12.126352561	chr12	126352561	126352681			0	0	0.000000	0.000000	0.000000	0
bb.chr12.127025552	chr12	127025552	127025672	-0.006433	0.151040	0	0	0.000000	0.000000	0.000000	23
bb.chr12.128197763	chr12	128197763	128197883	0.022300	0.279789	3	1	0.130435	0.043478	0.173913	23
bb.chr12.129387899	chr12	129387899	129388019	-0.980913	1.949354	6	6	0.260870	0.260870	0.521739	18
bb.chr12.130003521	chr12	130003521	130003641	0.028942	0.104742	0	0	0.000000	0.000000	0.000000	23
bb.chr12.130618738	chr12	130618738	130618858	-0.024534	0.102105	0	0	0.000000	0.000000	0.000000	23
bb.chr12.131492451	chr12	131492451	131492571	0.030914	0.114342	0	0	0.000000	0.000000	0.000000	23
bb.chr12.132174562	chr12	132174562	132174682	-0.006084	0.099204	0	0	0.000000	0.000000	0.000000	23
bb.chr12.133241707	chr12	133241707	133241827	0.034224	0.092414	0	0	0.000000	0.000000	0.000000	23
bb.chr13.19124907	chr13	19124907	19125027	-0.008279	0.142813	0	0	0.000000	0.000000	0.000000	23
bb.chr13.20492015	chr13	20492015	20492135	-0.054663	0.083239	0	0	0.000000	0.000000	0.000000	23
bb.chr13.21203344	chr13	21203344	21203464	0.025241	0.133960	0	0	0.000000	0.000000	0.000000	23
bb.chr13.21893790	chr13	21893790	21893910	0.000161	0.175760	0	0	0.000000	0.000000	0.000000	23
bb.chr13.22703819	chr13	22703819	22703939	-0.035873	0.126796	0	0	0.000000	0.000000	0.000000	23
bb.chr13.23493339	chr13	23493339	23493459	-0.048597	0.210083	0	0	0.000000	0.000000	0.000000	23
bb.chr13.24196054	chr13	24196054	24196174	-0.050522	0.304130	0	1	0.000000	0.043478	0.043478	23
bb.chr13.24878895	chr13	24878895	24879015	0.051787	0.081377	0	0	0.000000	0.000000	0.000000	23
bb.chr13.25690116	chr13	25690116	25690236	0.013453	0.355380	4	2	0.173913	0.086957	0.260870	23
bb.chr13.26973902	chr13	26973902	26974022	0.004686	0.093036	0	0	0.000000	0.000000	0.000000	23
bb.chr13.27663872	chr13	27663872	27663992	-0.000650	0.078150	0	0	0.000000	0.000000	0.000000	23
FLT3	chr13	28003272	28100580	0.002133	0.018315	0	0	0.000000	0.000000	0.000000	23
bb.chr13.28375326	chr13	28375326	28375446	0.018581	0.090907	0	0	0.000000	0.000000	0.000000	23
bb.chr13.29315617	chr13	29315617	29315737	0.013850	0.111103	0	0	0.000000	0.000000	0.000000	23
bb.chr13.29974466	chr13	29974466	29974586	-0.029496	0.088493	0	0	0.000000	0.000000	0.000000	23
bb.chr13.30744111	chr13	30744111	30744231	-0.013977	0.159421	0	0	0.000000	0.000000	0.000000	23
bb.chr13.31369579	chr13	31369579	31369699	-0.411576	1.214847	4	4	0.173913	0.173913	0.347826	23
bb.chr13.32054364	chr13	32054364	32054484	-0.010872	0.125869	0	0	0.000000	0.000000	0.000000	23
bb.chr13.32979173	chr13	32979173	32979293	-0.016546	0.093736	0	0	0.000000	0.000000	0.000000	23
bb.chr13.33688045	chr13	33688045	33688165	-0.084294	0.315107	0	2	0.000000	0.086957	0.086957	23
bb.chr13.34373051	chr13	34373051	34373171	-0.082190	0.677883	5	4	0.217391	0.173913	0.391304	23
bb.chr13.35090567	chr13	35090567	35090687	-0.002942	0.231167	0	0	0.000000	0.000000	0.000000	23
bb.chr13.36251115	chr13	36251115	36251235	0.039577	0.094161	0	0	0.000000	0.000000	0.000000	23
bb.chr13.36907962	chr13	36907962	36908082	-0.007979	0.096902	0	0	0.000000	0.000000	0.000000	23
bb.chr13.37638167	chr13	37638167	37638287	0.015772	0.288707	5	0	0.217391	0.000000	0.217391	23
bb.chr13.38338950	chr13	38338950	38339070	-0.047245	0.161305	0	0	0.000000	0.000000	0.000000	23
bb.chr13.39471448	chr13	39471448	39471568	-0.007431	0.077320	0	0	0.000000	0.000000	0.000000	23
bb.chr13.40169902	chr13	40169902	40170022	-0.034128	0.251901	0	0	0.000000	0.000000	0.000000	23
bb.chr13.40809319	chr13	40809319	40809439	-0.011121	0.118736	0	0	0.000000	0.000000	0.000000	23
bb.chr13.41740707	chr13	41740707	41740827	0.002248	0.128717	0	0	0.000000	0.000000	0.000000	23
bb.chr13.42729844	chr13	42729844	42729964	0.007129	0.145921	0	0	0.000000	0.000000	0.000000	23
bb.chr13.43370563	chr13	43370563	43370683	0.007559	0.092653	0	0	0.000000	0.000000	0.000000	23
bb.chr13.44066119	chr13	44066119	44066239	-0.316833	1.016703	4	5	0.173913	0.217391	0.391304	23
bb.chr13.44900678	chr13	44900678	44900798	0.001469	0.092953	0	0	0.000000	0.000000	0.000000	23
bb.chr13.45523997	chr13	45523997	45524117	-0.015833	0.110593	0	0	0.000000	0.000000	0.000000	23
bb.chr13.46183870	chr13	46183870	46183990	0.003884	0.106142	0	0	0.000000	0.000000	0.000000	23
bb.chr13.46881668	chr13	46881668	46881788	-0.017000	0.085652	0	0	0.000000	0.000000	0.000000	23
bb.chr13.47557650	chr13	47557650	47557770	0.008266	0.147316	0	0	0.000000	0.000000	0.000000	23
bb.chr13.49187838	chr13	49187838	49187958	-0.030898	0.232043	0	1	0.000000	0.043478	0.043478	23
bb.chr13.50354231	chr13	50354231	50354351	-0.057977	0.192909	0	1	0.000000	0.043478	0.043478	23
bb.chr13.51040351	chr13	51040351	51040471	-0.016810	0.156287	0	0	0.000000	0.000000	0.000000	23
bb.chr13.51972351	chr13	51972351	51972471	0.034955	0.086965	0	0	0.000000	0.000000	0.000000	23
bb.chr13.52949908	chr13	52949908	52950028	-0.036886	0.109011	0	0	0.000000	0.000000	0.000000	23
bb.chr13.53870661	chr13	53870661	53870781	-0.004429	0.093243	0	0	0.000000	0.000000	0.000000	23
bb.chr13.54493138	chr13	54493138	54493258	-0.015384	0.101166	0	0	0.000000	0.000000	0.000000	23
bb.chr13.55220229	chr13	55220229	55220349	-0.092918	0.446454	4	3	0.173913	0.130435	0.304348	23
bb.chr13.55846990	chr13	55846990	55847110	-0.088457	0.432164	1	6	0.043478	0.260870	0.304348	23
bb.chr13.56853170	chr13	56853170	56853290	-0.031464	0.199767	0	0	0.000000	0.000000	0.000000	23
bb.chr13.57876236	chr13	57876236	57876356	-0.021424	0.082869	0	0	0.000000	0.000000	0.000000	23
bb.chr13.58640110	chr13	58640110	58640230	-0.075710	0.416841	3	2	0.130435	0.086957	0.217391	23
bb.chr13.59322340	chr13	59322340	59322460	-0.008113	0.086408	0	0	0.000000	0.000000	0.000000	23
bb.chr13.60724115	chr13	60724115	60724235	-0.002775	0.208989	1	0	0.043478	0.000000	0.043478	23
bb.chr13.61483420	chr13	61483420	61483540	-0.096275	0.403247	0	4	0.000000	0.173913	0.173913	23
bb.chr13.62159471	chr13	62159471	62159591	-0.016310	0.283181	2	0	0.086957	0.000000	0.086957	23
bb.chr13.63035442	chr13	63035442	63035562	-0.151869	0.711686	6	8	0.260870	0.347826	0.608696	23
bb.chr13.63914374	chr13	63914374	63914494	0.001305	0.145641	0	0	0.000000	0.000000	0.000000	23
bb.chr13.64701345	chr13	64701345	64701465	0.002225	0.185639	0	0	0.000000	0.000000	0.000000	23
bb.chr13.65509344	chr13	65509344	65509464	0.016678	0.247879	1	0	0.043478	0.000000	0.043478	23
bb.chr13.66359220	chr13	66359220	66359340	-0.038643	0.281425	0	2	0.000000	0.086957	0.086957	23
bb.chr13.66992842	chr13	66992842	66992962	0.012952	0.219186	0	0	0.000000	0.000000	0.000000	23
bb.chr13.67944639	chr13	67944639	67944759	0.007570	0.089373	0	0	0.000000	0.000000	0.000000	23
bb.chr13.68659881	chr13	68659881	68660001	-0.055240	0.465848	5	2	0.217391	0.086957	0.304348	23
bb.chr13.69334352	chr13	69334352	69334472	-0.018633	0.343531	3	3	0.130435	0.130435	0.260870	23
bb.chr13.70247192	chr13	70247192	70247312			0	0	0.000000	0.000000	0.000000	0
bb.chr13.70959789	chr13	70959789	70959909	-0.281065	0.888741	5	4	0.217391	0.173913	0.391304	23
bb.chr13.71758558	chr13	71758558	71758678	-0.072530	0.568098	4	6	0.173913	0.260870	0.434783	23
bb.chr13.73075135	chr13	73075135	73075255	-0.007061	0.135245	0	0	0.000000	0.000000	0.000000	23
bb.chr13.73772362	chr13	73772362	73772482	-0.038395	0.137396	0	0	0.000000	0.000000	0.000000	23
bb.chr13.74573006	chr13	74573006	74573126	-0.011537	0.121854	0	0	0.000000	0.000000	0.000000	23
bb.chr13.75353263	chr13	75353263	75353383	0.049704	0.163336	1	0	0.043478	0.000000	0.043478	23
bb.chr13.76281807	chr13	76281807	76281927	-2.207127	2.343898	4	7	0.173913	0.304348	0.478261	11
bb.chr13.77373012	chr13	77373012	77373132	0.004129	0.135001	0	0	0.000000	0.000000	0.000000	23
bb.chr13.78135420	chr13	78135420	78135540	-0.305487	0.669208	0	6	0.000000	0.260870	0.260870	23
bb.chr13.79056384	chr13	79056384	79056504			0	0	0.000000	0.000000	0.000000	0
bb.chr13.79744440	chr13	79744440	79744560	0.019178	0.117225	0	0	0.000000	0.000000	0.000000	23
bb.chr13.80448672	chr13	80448672	80448792	0.001719	0.096295	0	0	0.000000	0.000000	0.000000	23
bb.chr13.81115124	chr13	81115124	81115244	-0.016244	0.230280	0	0	0.000000	0.000000	0.000000	23
bb.chr13.81836802	chr13	81836802	81836922	-0.201651	0.573695	2	4	0.086957	0.173913	0.260870	23
bb.chr13.83236841	chr13	83236841	83236961	-0.111532	0.622742	5	3	0.217391	0.130435	0.347826	23
bb.chr13.84408482	chr13	84408482	84408602	-0.039558	0.113499	0	0	0.000000	0.000000	0.000000	23
bb.chr13.85445333	chr13	85445333	85445453	0.007799	0.335209	3	1	0.130435	0.043478	0.173913	23
bb.chr13.86172122	chr13	86172122	86172242	-0.012065	0.150757	0	0	0.000000	0.000000	0.000000	23
bb.chr13.87319021	chr13	87319021	87319141	0.017865	0.154513	0	0	0.000000	0.000000	0.000000	23
bb.chr13.88251739	chr13	88251739	88251859	-0.068158	0.329356	1	3	0.043478	0.130435	0.173913	23
bb.chr13.89273044	chr13	89273044	89273164	-0.022209	0.167136	0	0	0.000000	0.000000	0.000000	23
bb.chr13.90055364	chr13	90055364	90055484	-0.018287	0.083996	0	0	0.000000	0.000000	0.000000	23
bb.chr13.90791555	chr13	90791555	90791675	-0.127064	0.675088	6	5	0.260870	0.217391	0.478261	23
bb.chr13.91488184	chr13	91488184	91488304	-0.154284	0.634665	4	7	0.173913	0.304348	0.478261	23
bb.chr13.92627250	chr13	92627250	92627370	-0.029825	0.120249	0	0	0.000000	0.000000	0.000000	23
bb.chr13.93320891	chr13	93320891	93321011	-0.119663	0.710867	6	5	0.260870	0.217391	0.478261	23
bb.chr13.94496518	chr13	94496518	94496638	-0.008839	0.102970	0	0	0.000000	0.000000	0.000000	23
bb.chr13.95190836	chr13	95190836	95190956	0.020575	0.102735	0	0	0.000000	0.000000	0.000000	23
bb.chr13.95791897	chr13	95791897	95792017	0.097814	0.123992	0	0	0.000000	0.000000	0.000000	23
bb.chr13.96987100	chr13	96987100	96987220	0.041497	0.162891	1	0	0.043478	0.000000	0.043478	23
bb.chr13.98239941	chr13	98239941	98240061	-0.010075	0.101347	0	0	0.000000	0.000000	0.000000	23
bb.chr13.98893476	chr13	98893476	98893596	-0.018112	0.157855	0	0	0.000000	0.000000	0.000000	23
bb.chr13.99582973	chr13	99582973	99583093	-0.027537	0.091057	0	0	0.000000	0.000000	0.000000	23
bb.chr13.100279184	chr13	100279184	100279304	-0.409375	1.299696	8	5	0.347826	0.217391	0.565217	23
bb.chr13.101210414	chr13	101210414	101210534	-0.330471	0.985416	5	5	0.217391	0.217391	0.434783	23
bb.chr13.102085253	chr13	102085253	102085373	0.002077	0.109096	0	0	0.000000	0.000000	0.000000	23
bb.chr13.102827215	chr13	102827215	102827335	0.014084	0.183290	0	0	0.000000	0.000000	0.000000	23
bb.chr13.103701601	chr13	103701601	103701721	-0.015578	0.219941	0	0	0.000000	0.000000	0.000000	23
bb.chr13.104525858	chr13	104525858	104525978	-0.034006	0.355774	3	2	0.130435	0.086957	0.217391	23
bb.chr13.105155436	chr13	105155436	105155556	0.031166	0.236742	1	0	0.043478	0.000000	0.043478	23
bb.chr13.105910223	chr13	105910223	105910343	-0.059552	0.396108	1	5	0.043478	0.217391	0.260870	23
bb.chr13.106543765	chr13	106543765	106543885	-0.004571	0.149957	0	0	0.000000	0.000000	0.000000	23
bb.chr13.107227291	chr13	107227291	107227411	-0.002209	0.094092	0	0	0.000000	0.000000	0.000000	23
bb.chr13.107962346	chr13	107962346	107962466	-0.080420	0.316183	0	3	0.000000	0.130435	0.130435	23
LIG4	chr13	108207440	108215560	-0.005822	0.089934	0	0	0.000000	0.000000	0.000000	23
bb.chr13.108612116	chr13	108612116	108612236	-0.004537	0.100841	0	0	0.000000	0.000000	0.000000	23
bb.chr13.109310171	chr13	109310171	109310291	-0.006151	0.065755	0	0	0.000000	0.000000	0.000000	23
bb.chr13.109999535	chr13	109999535	109999655	0.078185	0.162013	0	0	0.000000	0.000000	0.000000	23
bb.chr13.110988939	chr13	110988939	110989059	0.070866	0.168511	0	0	0.000000	0.000000	0.000000	23
bb.chr13.111624241	chr13	111624241	111624361	-0.005780	0.082714	0	0	0.000000	0.000000	0.000000	23
bb.chr13.113146248	chr13	113146248	113146368	0.009757	0.126392	1	0	0.043478	0.000000	0.043478	23
bb.chr14.18618070	chr14	18618070	18618190	-0.740470	1.937036	7	8	0.304348	0.347826	0.652174	23
bb.chr14.20592429	chr14	20592429	20592549	-0.120341	0.549164	3	4	0.130435	0.173913	0.304348	23
bb.chr14.21735003	chr14	21735003	21735123	-0.168740	0.622564	2	3	0.086957	0.130435	0.217391	23
bb.chr14.22560552	chr14	22560552	22560672	-0.004108	0.089590	0	0	0.000000	0.000000	0.000000	23
bb.chr14.23776830	chr14	23776830	23776950	-1.280069	0.870532	1	8	0.043478	0.347826	0.391304	10
bb.chr14.24518413	chr14	24518413	24518533	-0.000386	0.104195	0	0	0.000000	0.000000	0.000000	23
bb.chr14.25388303	chr14	25388303	25388423	-0.019678	0.163616	0	0	0.000000	0.000000	0.000000	23
bb.chr14.26371035	chr14	26371035	26371155	-0.011001	0.079606	0	0	0.000000	0.000000	0.000000	23
bb.chr14.27057877	chr14	27057877	27057997	-0.021883	0.125085	0	0	0.000000	0.000000	0.000000	23
bb.chr14.27870152	chr14	27870152	27870272	-0.168287	0.647110	4	5	0.173913	0.217391	0.391304	23
bb.chr14.28488661	chr14	28488661	28488781	-0.099143	0.597069	5	4	0.217391	0.173913	0.391304	23
bb.chr14.29890288	chr14	29890288	29890408	-0.055096	0.183598	0	0	0.000000	0.000000	0.000000	23
bb.chr14.31413207	chr14	31413207	31413327	-0.020560	0.322453	1	2	0.043478	0.086957	0.130435	23
bb.chr14.32695515	chr14	32695515	32695635	-0.054012	0.271253	0	1	0.000000	0.043478	0.043478	23
bb.chr14.33542671	chr14	33542671	33542791	0.100984	0.060569	0	0	0.000000	0.000000	0.000000	23
bb.chr14.34379422	chr14	34379422	34379542	0.003704	0.083016	0	0	0.000000	0.000000	0.000000	23
bb.chr14.35471674	chr14	35471674	35471794			0	0	0.000000	0.000000	0.000000	0
bb.chr14.36626224	chr14	36626224	36626344	-0.019287	0.116064	0	0	0.000000	0.000000	0.000000	23
bb.chr14.37520005	chr14	37520005	37520125	0.040158	0.386692	3	3	0.130435	0.130435	0.260870	23
bb.chr14.39221492	chr14	39221492	39221612	-0.007551	0.101231	0	0	0.000000	0.000000	0.000000	23
bb.chr14.40262817	chr14	40262817	40262937	0.004703	0.151403	0	0	0.000000	0.000000	0.000000	23
bb.chr14.41149680	chr14	41149680	41149800	-1.803315	6.208323	7	8	0.304348	0.347826	0.652174	23
bb.chr14.41845476	chr14	41845476	41845596	-0.513138	1.054100	2	7	0.086957	0.304348	0.391304	23
bb.chr14.42513438	chr14	42513438	42513558	-0.016200	0.091525	0	0	0.000000	0.000000	0.000000	23
bb.chr14.43387306	chr14	43387306	43387426	-0.018090	0.182521	0	0	0.000000	0.000000	0.000000	23
bb.chr14.44498164	chr14	44498164	44498284			0	0	0.000000	0.000000	0.000000	0
bb.chr14.45929475	chr14	45929475	45929595	0.020305	0.105522	0	0	0.000000	0.000000	0.000000	23
bb.chr14.46806013	chr14	46806013	46806133			0	0	0.000000	0.000000	0.000000	0
bb.chr14.47852673	chr14	47852673	47852793	0.007525	0.269345	0	0	0.000000	0.000000	0.000000	23
bb.chr14.48724314	chr14	48724314	48724434	-0.009039	0.144120	0	0	0.000000	0.000000	0.000000	23
bb.chr14.50104634	chr14	50104634	50104754	-0.068210	0.263948	1	1	0.043478	0.043478	0.086957	23
bb.chr14.51242239	chr14	51242239	51242359	-0.038771	0.364730	4	2	0.173913	0.086957	0.260870	23
bb.chr14.52329275	chr14	52329275	52329395	-0.008539	0.098068	0	0	0.000000	0.000000	0.000000	23
bb.chr14.52977949	chr14	52977949	52978069	0.147829	0.111982	1	0	0.043478	0.000000	0.043478	23
bb.chr14.53814315	chr14	53814315	53814435	-0.027441	0.267370	0	1	0.000000	0.043478	0.043478	23
bb.chr14.54617411	chr14	54617411	54617531	0.007492	0.129394	0	0	0.000000	0.000000	0.000000	23
bb.chr14.56005937	chr14	56005937	56006057	-0.021480	0.098835	0	0	0.000000	0.000000	0.000000	23
bb.chr14.56862711	chr14	56862711	56862831	-0.045097	0.235172	0	1	0.000000	0.043478	0.043478	23
bb.chr14.57996170	chr14	57996170	57996290	0.000963	0.098203	0	0	0.000000	0.000000	0.000000	23
bb.chr14.58803718	chr14	58803718	58803838	-0.003756	0.314016	4	0	0.173913	0.000000	0.173913	23
bb.chr14.59673207	chr14	59673207	59673327	-0.008948	0.084761	0	0	0.000000	0.000000	0.000000	23
bb.chr14.61168702	chr14	61168702	61168822	0.019858	0.172946	1	0	0.043478	0.000000	0.043478	23
bb.chr14.61897307	chr14	61897307	61897427	0.001859	0.079481	0	0	0.000000	0.000000	0.000000	23
bb.chr14.62518188	chr14	62518188	62518308			0	0	0.000000	0.000000	0.000000	0
bb.chr14.63181032	chr14	63181032	63181152			0	0	0.000000	0.000000	0.000000	0
bb.chr14.63850525	chr14	63850525	63850645	-0.073749	0.364561	2	3	0.086957	0.130435	0.217391	23
bb.chr14.64503684	chr14	64503684	64503804	-0.002745	0.205740	2	0	0.086957	0.000000	0.086957	23
bb.chr14.65865229	chr14	65865229	65865349	0.008298	0.121816	0	0	0.000000	0.000000	0.000000	23
bb.chr14.67499845	chr14	67499845	67499965	0.040395	0.125491	1	0	0.043478	0.000000	0.043478	23
bb.chr14.68298130	chr14	68298130	68298250	0.016322	0.060923	0	0	0.000000	0.000000	0.000000	23
bb.chr14.69483131	chr14	69483131	69483251	-0.006299	0.065148	0	0	0.000000	0.000000	0.000000	23
bb.chr14.70361721	chr14	70361721	70361841	-0.011147	0.081278	0	0	0.000000	0.000000	0.000000	23
bb.chr14.71765103	chr14	71765103	71765223	0.072362	0.104940	0	0	0.000000	0.000000	0.000000	23
bb.chr14.72655886	chr14	72655886	72656006	-0.031210	0.092957	0	0	0.000000	0.000000	0.000000	23
bb.chr14.73467209	chr14	73467209	73467330	0.037759	0.075692	0	0	0.000000	0.000000	0.000000	23
bb.chr14.74244323	chr14	74244323	74244443	-0.004101	0.116689	0	0	0.000000	0.000000	0.000000	23
bb.chr14.74874055	chr14	74874055	74874175	-0.003544	0.208844	0	0	0.000000	0.000000	0.000000	23
bb.chr14.76253217	chr14	76253217	76253337	0.025597	0.153996	0	0	0.000000	0.000000	0.000000	23
bb.chr14.77296469	chr14	77296469	77296589	-0.011327	0.142193	0	0	0.000000	0.000000	0.000000	23
bb.chr14.78220717	chr14	78220717	78220837	-0.005375	0.126318	0	0	0.000000	0.000000	0.000000	23
bb.chr14.79610133	chr14	79610133	79610253	-0.302777	0.839359	2	4	0.086957	0.173913	0.260870	23
bb.chr14.80457065	chr14	80457065	80457185	0.020560	0.148874	0	0	0.000000	0.000000	0.000000	23
bb.chr14.81274984	chr14	81274984	81275104	-0.020750	0.138269	0	0	0.000000	0.000000	0.000000	23
bb.chr14.82156866	chr14	82156866	82156986	-0.034550	0.123595	0	0	0.000000	0.000000	0.000000	23
bb.chr14.83576737	chr14	83576737	83576857	-0.012333	0.193230	0	0	0.000000	0.000000	0.000000	23
bb.chr14.84405553	chr14	84405553	84405673	-0.055930	0.572081	6	4	0.260870	0.173913	0.434783	23
bb.chr14.85535294	chr14	85535294	85535414	-0.028515	0.281539	1	2	0.043478	0.086957	0.130435	23
bb.chr14.86700511	chr14	86700511	86700631	0.011849	0.096513	0	0	0.000000	0.000000	0.000000	23
bb.chr14.87402494	chr14	87402494	87402614	-0.036973	0.062949	0	0	0.000000	0.000000	0.000000	23
bb.chr14.88049545	chr14	88049545	88049665	-0.000908	0.129368	0	0	0.000000	0.000000	0.000000	23
bb.chr14.89176878	chr14	89176878	89176998	-0.004129	0.178002	0	0	0.000000	0.000000	0.000000	23
bb.chr14.90071511	chr14	90071511	90071631	-0.039889	0.092484	0	0	0.000000	0.000000	0.000000	23
bb.chr14.90847408	chr14	90847408	90847528	0.010628	0.100086	0	0	0.000000	0.000000	0.000000	23
bb.chr14.91454114	chr14	91454114	91454234	0.017467	0.128134	0	0	0.000000	0.000000	0.000000	23
bb.chr14.92292969	chr14	92292969	92293089	-0.017920	0.130252	0	0	0.000000	0.000000	0.000000	23
bb.chr14.93150720	chr14	93150720	93150840	-0.009803	0.101222	0	0	0.000000	0.000000	0.000000	23
bb.chr14.93925293	chr14	93925293	93925413	-0.003854	0.075367	0	0	0.000000	0.000000	0.000000	23
bb.chr14.94525718	chr14	94525718	94525838	0.003656	0.080282	0	0	0.000000	0.000000	0.000000	23
bb.chr14.95380121	chr14	95380121	95380241			0	0	0.000000	0.000000	0.000000	0
bb.chr14.96466986	chr14	96466986	96467106	-0.136926	0.747287	6	6	0.260870	0.260870	0.521739	23
bb.chr14.97201190	chr14	97201190	97201310	-0.002576	0.085254	0	0	0.000000	0.000000	0.000000	23
bb.chr14.97900505	chr14	97900505	97900625	-0.021214	0.070810	0	0	0.000000	0.000000	0.000000	23
bb.chr14.98503767	chr14	98503767	98503887	0.013407	0.091704	0	0	0.000000	0.000000	0.000000	23
BCL11B	chr14	99169285	99272196	0.032520	0.032256	0	0	0.000000	0.000000	0.000000	23
bb.chr14.99317858	chr14	99317858	99317978	-0.021916	0.078482	0	0	0.000000	0.000000	0.000000	23
bb.chr14.100715384	chr14	100715384	100715504	0.007022	0.136266	1	0	0.043478	0.000000	0.043478	23
bb.chr14.101558761	chr14	101558761	101558881	0.001067	0.114193	0	0	0.000000	0.000000	0.000000	23
bb.chr14.103243577	chr14	103243577	103243697	0.029668	0.069124	0	0	0.000000	0.000000	0.000000	23
bb.chr14.104074458	chr14	104074458	104074578	0.003466	0.164656	0	0	0.000000	0.000000	0.000000	23
AKT1	chr14	104769347	104793303	0.005589	0.066635	0	0	0.000000	0.000000	0.000000	23
bb.chr14.105181165	chr14	105181165	105181285	0.020935	0.271174	2	0	0.086957	0.000000	0.086957	23
bb.chr14.106627568	chr14	106627568	106627688	0.013402	0.339760	4	0	0.173913	0.000000	0.173913	23
bb.chr15.20672361	chr15	20672361	20672481	-0.178862	0.948959	6	6	0.260870	0.260870	0.521739	23
bb.chr15.22014053	chr15	22014053	22014173			0	0	0.000000	0.000000	0.000000	0
bb.chr15.22753985	chr15	22753985	22754105			0	0	0.000000	0.000000	0.000000	0
bb.chr15.23477854	chr15	23477854	23477974	0.021968	0.100660	0	0	0.000000	0.000000	0.000000	23
bb.chr15.24280298	chr15	24280298	24280418	0.003810	0.121200	0	0	0.000000	0.000000	0.000000	23
bb.chr15.25119588	chr15	25119588	25119708	0.003714	0.094569	0	0	0.000000	0.000000	0.000000	23
bb.chr15.25970753	chr15	25970753	25970873	-0.106917	0.616987	5	6	0.217391	0.260870	0.478261	23
bb.chr15.26753138	chr15	26753138	26753258	0.014041	0.094842	0	0	0.000000	0.000000	0.000000	23
bb.chr15.27647363	chr15	27647363	27647483	0.009579	0.098298	0	0	0.000000	0.000000	0.000000	23
bb.chr15.28794538	chr15	28794538	28794658	-3.889500	0.000000	0	1	0.000000	0.043478	0.043478	1
bb.chr15.29555574	chr15	29555574	29555694	-0.001253	0.127868	0	0	0.000000	0.000000	0.000000	23
bb.chr15.30371134	chr15	30371134	30371254	0.012173	0.120056	0	0	0.000000	0.000000	0.000000	23
bb.chr15.31206545	chr15	31206545	31206665	-0.024641	0.112077	0	0	0.000000	0.000000	0.000000	23
bb.chr15.32007690	chr15	32007690	32007810	-0.036509	0.199596	0	1	0.000000	0.043478	0.043478	23
bb.chr15.33144723	chr15	33144723	33144843	0.021176	0.224083	1	0	0.043478	0.000000	0.043478	23
bb.chr15.34254705	chr15	34254705	34254825	-0.027675	0.149633	0	0	0.000000	0.000000	0.000000	23
bb.chr15.35113205	chr15	35113205	35113325	0.079133	0.142718	1	0	0.043478	0.000000	0.043478	23
bb.chr15.35739967	chr15	35739967	35740087	0.002451	0.101661	0	0	0.000000	0.000000	0.000000	23
bb.chr15.36367386	chr15	36367386	36367506	0.007090	0.128601	0	0	0.000000	0.000000	0.000000	23
bb.chr15.37610672	chr15	37610672	37610792	-0.833694	1.558522	2	7	0.086957	0.304348	0.391304	23
bb.chr15.38488333	chr15	38488333	38488453	-0.010169	0.106998	0	0	0.000000	0.000000	0.000000	23
bb.chr15.39296883	chr15	39296883	39297003	-0.054831	0.375050	1	3	0.043478	0.130435	0.173913	23
bb.chr15.40097021	chr15	40097021	40097141	0.029486	0.091757	0	0	0.000000	0.000000	0.000000	23
RAD51	chr15	40695172	40732339	0.005730	0.028323	0	0	0.000000	0.000000	0.000000	23
bb.chr15.40734557	chr15	40734557	40734677	-0.005985	0.083501	0	0	0.000000	0.000000	0.000000	23
bb.chr15.41792759	chr15	41792759	41792879	-0.040930	0.197477	0	1	0.000000	0.043478	0.043478	23
bb.chr15.42408945	chr15	42408945	42409065	-0.010680	0.289765	2	0	0.086957	0.000000	0.086957	23
bb.chr15.43924301	chr15	43924301	43924421	-0.031963	0.319054	0	1	0.000000	0.043478	0.043478	23
bb.chr15.44802938	chr15	44802938	44803058	0.001766	0.057830	0	0	0.000000	0.000000	0.000000	23
bb.chr15.45712824	chr15	45712824	45712944	-0.012638	0.110441	0	0	0.000000	0.000000	0.000000	23
bb.chr15.46556775	chr15	46556775	46556895	-0.062705	0.079610	0	0	0.000000	0.000000	0.000000	23
bb.chr15.47394405	chr15	47394405	47394525	-0.029933	0.088408	0	0	0.000000	0.000000	0.000000	23
bb.chr15.48036651	chr15	48036651	48036771	-0.000517	0.091989	0	0	0.000000	0.000000	0.000000	23
bb.chr15.49104607	chr15	49104607	49104727	-0.083507	0.305045	0	2	0.000000	0.086957	0.086957	23
bb.chr15.49900720	chr15	49900720	49900840	-0.058637	0.361612	2	2	0.086957	0.086957	0.173913	23
bb.chr15.51004150	chr15	51004150	51004270	-0.026833	0.076710	0	0	0.000000	0.000000	0.000000	23
bb.chr15.51842198	chr15	51842198	51842318	-0.026580	0.079523	0	0	0.000000	0.000000	0.000000	23
bb.chr15.52713890	chr15	52713890	52714010	0.000152	0.084614	0	0	0.000000	0.000000	0.000000	23
bb.chr15.53518738	chr15	53518738	53518858	-0.024741	0.262897	0	1	0.000000	0.043478	0.043478	23
bb.chr15.54418610	chr15	54418610	54418730	-0.076051	0.316983	0	2	0.000000	0.086957	0.086957	23
bb.chr15.55060858	chr15	55060858	55060978	0.000769	0.124717	0	0	0.000000	0.000000	0.000000	23
bb.chr15.56028578	chr15	56028578	56028698	-0.032757	0.115546	0	0	0.000000	0.000000	0.000000	23
bb.chr15.56747969	chr15	56747969	56748089	-0.021541	0.121655	0	0	0.000000	0.000000	0.000000	23
bb.chr15.57422801	chr15	57422801	57422921	0.016090	0.080097	0	0	0.000000	0.000000	0.000000	23
bb.chr15.58519940	chr15	58519940	58520060	-0.053895	0.115379	0	0	0.000000	0.000000	0.000000	23
bb.chr15.59402987	chr15	59402987	59403107	-0.048353	0.195139	0	0	0.000000	0.000000	0.000000	23
bb.chr15.60509733	chr15	60509733	60509853	-0.013733	0.096448	0	0	0.000000	0.000000	0.000000	23
bb.chr15.61619498	chr15	61619498	61619618	0.003748	0.060986	0	0	0.000000	0.000000	0.000000	23
bb.chr15.62737376	chr15	62737376	62737496	-0.027431	0.076894	0	0	0.000000	0.000000	0.000000	23
bb.chr15.63368891	chr15	63368891	63369011	-0.028557	0.120456	0	0	0.000000	0.000000	0.000000	23
bb.chr15.64204352	chr15	64204352	64204472	-0.003229	0.140369	0	0	0.000000	0.000000	0.000000	23
bb.chr15.65396426	chr15	65396426	65396546	-0.029994	0.285511	2	1	0.086957	0.043478	0.130435	23
bb.chr15.66001382	chr15	66001382	66001502	0.016861	0.111409	0	0	0.000000	0.000000	0.000000	23
MAP2K1	chr15	66386910	66491543	0.024410	0.026186	0	0	0.000000	0.000000	0.000000	23
bb.chr15.66632162	chr15	66632162	66632282	0.011491	0.153789	1	0	0.043478	0.000000	0.043478	23
bb.chr15.67925164	chr15	67925164	67925284	0.040082	0.079756	0	0	0.000000	0.000000	0.000000	23
bb.chr15.68946046	chr15	68946046	68946166	0.014874	0.084547	0	0	0.000000	0.000000	0.000000	23
bb.chr15.69971762	chr15	69971762	69971882	0.080568	0.126906	0	0	0.000000	0.000000	0.000000	23
bb.chr15.71067849	chr15	71067849	71067969	-0.016967	0.095238	0	0	0.000000	0.000000	0.000000	23
bb.chr15.71684457	chr15	71684457	71684577	-0.342888	0.903278	2	7	0.086957	0.304348	0.391304	23
bb.chr15.73309418	chr15	73309418	73309538	-0.021855	0.087142	0	0	0.000000	0.000000	0.000000	23
bb.chr15.74196752	chr15	74196752	74196872	0.006053	0.101342	0	0	0.000000	0.000000	0.000000	23
bb.chr15.75622736	chr15	75622736	75622856	0.001955	0.174767	0	0	0.000000	0.000000	0.000000	23
bb.chr15.76669325	chr15	76669325	76669445	-0.278617	0.755458	2	5	0.086957	0.217391	0.304348	23
bb.chr15.77489524	chr15	77489524	77489644	-0.001625	0.082674	0	0	0.000000	0.000000	0.000000	23
bb.chr15.78571518	chr15	78571518	78571638	-0.036392	0.128959	0	0	0.000000	0.000000	0.000000	23
bb.chr15.79734721	chr15	79734721	79734841	-0.042294	0.275803	1	1	0.043478	0.043478	0.086957	23
bb.chr15.81065455	chr15	81065455	81065575	-0.051609	0.140427	0	0	0.000000	0.000000	0.000000	23
bb.chr15.81674601	chr15	81674601	81674721	-0.005827	0.095560	0	0	0.000000	0.000000	0.000000	23
bb.chr15.82891818	chr15	82891818	82891938	0.022464	0.150984	0	0	0.000000	0.000000	0.000000	23
bb.chr15.83784145	chr15	83784145	83784265	-0.025050	0.064049	0	0	0.000000	0.000000	0.000000	23
bb.chr15.84761979	chr15	84761979	84762099	-0.018801	0.182044	0	0	0.000000	0.000000	0.000000	23
bb.chr15.85890288	chr15	85890288	85890408	-0.017048	0.111707	0	0	0.000000	0.000000	0.000000	23
bb.chr15.86713604	chr15	86713604	86713724	-0.006963	0.087450	0	0	0.000000	0.000000	0.000000	23
bb.chr15.87314543	chr15	87314543	87314663	-0.009792	0.177063	0	0	0.000000	0.000000	0.000000	23
bb.chr15.88144806	chr15	88144806	88144926	-0.003076	0.098718	0	0	0.000000	0.000000	0.000000	23
bb.chr15.89243130	chr15	89243130	89243250	0.005064	0.102298	0	0	0.000000	0.000000	0.000000	23
bb.chr15.90268332	chr15	90268332	90268452	-0.035501	0.213046	0	0	0.000000	0.000000	0.000000	23
bb.chr15.91058673	chr15	91058673	91058793	0.089026	0.079447	0	0	0.000000	0.000000	0.000000	23
bb.chr15.91663824	chr15	91663824	91663944	-0.007808	0.084359	0	0	0.000000	0.000000	0.000000	23
bb.chr15.92302584	chr15	92302584	92302704	0.015196	0.118620	0	0	0.000000	0.000000	0.000000	23
bb.chr15.93682204	chr15	93682204	93682324	0.040209	0.115855	0	0	0.000000	0.000000	0.000000	23
bb.chr15.94519827	chr15	94519827	94519947	-3.151330	0.911170	0	6	0.000000	0.260870	0.260870	6
bb.chr15.95136850	chr15	95136850	95136970	0.013749	0.171844	0	0	0.000000	0.000000	0.000000	23
bb.chr15.95894038	chr15	95894038	95894158	0.008567	0.100872	0	0	0.000000	0.000000	0.000000	23
bb.chr15.96764731	chr15	96764731	96764851	0.052077	0.085915	0	0	0.000000	0.000000	0.000000	23
bb.chr15.97619089	chr15	97619089	97619209	-0.010902	0.112472	0	0	0.000000	0.000000	0.000000	23
bb.chr15.98715421	chr15	98715421	98715541	0.019344	0.122335	0	0	0.000000	0.000000	0.000000	23
bb.chr15.99551178	chr15	99551178	99551298	0.009518	0.118416	0	0	0.000000	0.000000	0.000000	23
bb.chr15.100664570	chr15	100664570	100664690	-0.042814	0.206175	1	0	0.043478	0.000000	0.043478	23
bb.chr15.101502377	chr15	101502377	101502497	-0.025719	0.231792	1	0	0.043478	0.000000	0.043478	23
bb.chr16.282957	chr16	282957	283077	-0.014878	0.102500	0	0	0.000000	0.000000	0.000000	23
bb.chr16.899706	chr16	899706	899826	0.136264	0.117151	0	0	0.000000	0.000000	0.000000	23
bb.chr16.1833218	chr16	1833218	1833338	0.007142	0.108278	0	0	0.000000	0.000000	0.000000	23
bb.chr16.2449725	chr16	2449725	2449845	0.012560	0.199410	0	0	0.000000	0.000000	0.000000	23
bb.chr16.3100835	chr16	3100835	3100955	0.013368	0.091810	0	0	0.000000	0.000000	0.000000	23
bb.chr16.4075784	chr16	4075784	4075904	0.034774	0.117478	0	0	0.000000	0.000000	0.000000	23
bb.chr16.5011426	chr16	5011426	5011546	0.022491	0.133090	1	0	0.043478	0.000000	0.043478	23
bb.chr16.5631722	chr16	5631722	5631842	-0.019372	0.120450	0	0	0.000000	0.000000	0.000000	23
bb.chr16.6581050	chr16	6581050	6581170	0.144333	0.094557	0	0	0.000000	0.000000	0.000000	23
bb.chr16.7211793	chr16	7211793	7211913	-0.016065	0.132413	0	0	0.000000	0.000000	0.000000	23
bb.chr16.8465843	chr16	8465843	8465963	0.000215	0.077281	0	0	0.000000	0.000000	0.000000	23
bb.chr16.9383514	chr16	9383514	9383634	-0.028512	0.103117	0	0	0.000000	0.000000	0.000000	23
bb.chr16.9987855	chr16	9987855	9987975	0.006359	0.057022	0	0	0.000000	0.000000	0.000000	23
bb.chr16.11275288	chr16	11275288	11275408	-0.020277	0.089380	0	0	0.000000	0.000000	0.000000	23
bb.chr16.12214081	chr16	12214081	12214201	0.006794	0.089762	0	0	0.000000	0.000000	0.000000	23
bb.chr16.13148148	chr16	13148148	13148268	0.021523	0.116008	0	0	0.000000	0.000000	0.000000	23
bb.chr16.14029820	chr16	14029820	14029940	0.026902	0.094288	0	0	0.000000	0.000000	0.000000	23
PARN	chr16	14435699	14630259	-0.013386	0.027874	0	0	0.000000	0.000000	0.000000	23
bb.chr16.15035542	chr16	15035542	15035662	0.014438	0.095153	0	0	0.000000	0.000000	0.000000	23
bb.chr16.15704293	chr16	15704293	15704413	-0.009210	0.089247	0	0	0.000000	0.000000	0.000000	23
bb.chr16.16891748	chr16	16891748	16891868	0.010922	0.093313	0	0	0.000000	0.000000	0.000000	23
bb.chr16.17577024	chr16	17577024	17577144	-0.025347	0.126207	0	0	0.000000	0.000000	0.000000	23
bb.chr16.19589945	chr16	19589945	19590065	-0.000770	0.123018	0	0	0.000000	0.000000	0.000000	23
bb.chr16.20225583	chr16	20225583	20225703	-0.021011	0.099376	0	0	0.000000	0.000000	0.000000	23
bb.chr16.20971509	chr16	20971509	20971629	-0.013676	0.079816	0	0	0.000000	0.000000	0.000000	23
bb.chr16.21597091	chr16	21597091	21597211	0.006954	0.099159	0	0	0.000000	0.000000	0.000000	23
bb.chr16.22719602	chr16	22719602	22719722	-0.018966	0.091492	0	0	0.000000	0.000000	0.000000	23
bb.chr16.24273827	chr16	24273827	24273947	-0.006541	0.172098	0	0	0.000000	0.000000	0.000000	23
bb.chr16.25228424	chr16	25228424	25228544	0.036787	0.104805	0	0	0.000000	0.000000	0.000000	23
bb.chr16.25841746	chr16	25841746	25841866	0.022217	0.091779	0	0	0.000000	0.000000	0.000000	23
bb.chr16.26494276	chr16	26494276	26494396	-0.030817	0.100478	0	0	0.000000	0.000000	0.000000	23
bb.chr16.27124292	chr16	27124292	27124412	-0.003328	0.114879	0	0	0.000000	0.000000	0.000000	23
bb.chr16.27805894	chr16	27805894	27806014	0.022796	0.108919	0	0	0.000000	0.000000	0.000000	23
bb.chr16.28497066	chr16	28497066	28497186	-0.010121	0.101077	0	0	0.000000	0.000000	0.000000	23
bb.chr16.29317049	chr16	29317049	29317169	-0.018976	0.093257	0	0	0.000000	0.000000	0.000000	23
bb.chr16.29971580	chr16	29971580	29971700	0.017675	0.169980	1	0	0.043478	0.000000	0.043478	23
bb.chr16.31816481	chr16	31816481	31816601	-0.044230	0.249700	0	0	0.000000	0.000000	0.000000	23
bb.chr16.46800116	chr16	46800116	46800236	-0.027064	0.697253	9	7	0.391304	0.304348	0.695652	23
bb.chr16.49206901	chr16	49206901	49207021	0.000173	0.108738	0	0	0.000000	0.000000	0.000000	23
bb.chr16.50369556	chr16	50369556	50369676	-0.009816	0.173163	0	0	0.000000	0.000000	0.000000	23
bb.chr16.51353077	chr16	51353077	51353197	-0.042454	0.075140	0	0	0.000000	0.000000	0.000000	23
bb.chr16.51983658	chr16	51983658	51983778	-0.223101	0.924114	6	7	0.260870	0.304348	0.565217	23
bb.chr16.52903643	chr16	52903643	52903763	-0.019975	0.161691	0	0	0.000000	0.000000	0.000000	23
bb.chr16.53845261	chr16	53845261	53845381	-0.010801	0.083206	0	0	0.000000	0.000000	0.000000	23
bb.chr16.54544901	chr16	54544901	54545021	-0.001628	0.097539	0	0	0.000000	0.000000	0.000000	23
bb.chr16.55165172	chr16	55165172	55165292	-0.035568	0.099916	0	0	0.000000	0.000000	0.000000	23
bb.chr16.55820480	chr16	55820480	55820600	-0.020699	0.279934	2	0	0.086957	0.000000	0.086957	23
bb.chr16.57034714	chr16	57034714	57034834	-0.031240	0.107733	0	0	0.000000	0.000000	0.000000	23
bb.chr16.57669924	chr16	57669924	57670044	0.004230	0.131613	0	0	0.000000	0.000000	0.000000	23
bb.chr16.58293233	chr16	58293233	58293353	0.016018	0.157114	0	0	0.000000	0.000000	0.000000	23
bb.chr16.58974153	chr16	58974153	58974273	-0.010577	0.090094	0	0	0.000000	0.000000	0.000000	23
bb.chr16.59574519	chr16	59574519	59574639	-0.155648	0.535137	3	4	0.130435	0.173913	0.304348	23
bb.chr16.60207060	chr16	60207060	60207180	0.013680	0.166727	0	0	0.000000	0.000000	0.000000	23
bb.chr16.61089163	chr16	61089163	61089283	-0.137999	0.857627	6	7	0.260870	0.304348	0.565217	23
bb.chr16.61800763	chr16	61800763	61800883	-0.313032	1.376763	7	6	0.304348	0.260870	0.565217	23
bb.chr16.62738933	chr16	62738933	62739053	-0.004241	0.069418	0	0	0.000000	0.000000	0.000000	23
bb.chr16.63363840	chr16	63363840	63363960	-0.015648	0.167826	0	0	0.000000	0.000000	0.000000	23
bb.chr16.64380186	chr16	64380186	64380306	0.001448	0.077367	0	0	0.000000	0.000000	0.000000	23
bb.chr16.65221188	chr16	65221188	65221308	-0.039757	0.059391	0	0	0.000000	0.000000	0.000000	23
bb.chr16.65905211	chr16	65905211	65905331	-0.001958	0.098173	0	0	0.000000	0.000000	0.000000	23
bb.chr16.66855707	chr16	66855707	66855827	0.099642	0.163613	0	0	0.000000	0.000000	0.000000	23
CTCF	chr16	67562524	67639176	-0.010667	0.034658	0	0	0.000000	0.000000	0.000000	23
bb.chr16.68682216	chr16	68682216	68682336	0.033510	0.136145	0	0	0.000000	0.000000	0.000000	23
bb.chr16.69697879	chr16	69697879	69697999	-0.020258	0.466814	5	4	0.217391	0.173913	0.391304	23
bb.chr16.70950015	chr16	70950015	70950135			0	0	0.000000	0.000000	0.000000	0
bb.chr16.71973440	chr16	71973440	71973560	-0.027697	0.085294	0	0	0.000000	0.000000	0.000000	23
bb.chr16.72853224	chr16	72853224	72853344	-0.086706	0.236585	0	1	0.000000	0.043478	0.043478	23
bb.chr16.74048115	chr16	74048115	74048235	0.004039	0.186028	0	0	0.000000	0.000000	0.000000	23
bb.chr16.74721553	chr16	74721553	74721673	-0.009208	0.109987	0	0	0.000000	0.000000	0.000000	23
bb.chr16.75482781	chr16	75482781	75482901	-0.041379	0.095435	0	0	0.000000	0.000000	0.000000	23
bb.chr16.77532102	chr16	77532102	77532222	-0.012133	0.123960	0	0	0.000000	0.000000	0.000000	23
bb.chr16.78175112	chr16	78175112	78175232	0.011185	0.110617	0	0	0.000000	0.000000	0.000000	23
bb.chr16.78823089	chr16	78823089	78823209	-0.007884	0.124636	0	0	0.000000	0.000000	0.000000	23
bb.chr16.79457329	chr16	79457329	79457449	0.008663	0.068906	0	0	0.000000	0.000000	0.000000	23
bb.chr16.80124167	chr16	80124167	80124287	0.021569	0.198086	0	0	0.000000	0.000000	0.000000	23
bb.chr16.81404293	chr16	81404293	81404413	-0.006467	0.089408	0	0	0.000000	0.000000	0.000000	23
PLCG2	chr16	81779289	81962684	-0.006553	0.017167	0	0	0.000000	0.000000	0.000000	23
bb.chr16.82932348	chr16	82932348	82932468	-0.010071	0.108022	0	0	0.000000	0.000000	0.000000	23
bb.chr16.83562563	chr16	83562563	83562683	-0.044889	0.428264	3	5	0.130435	0.217391	0.347826	23
bb.chr16.85447216	chr16	85447216	85447336	0.007115	0.113706	0	0	0.000000	0.000000	0.000000	23
bb.chr16.86417341	chr16	86417341	86417461	0.140678	0.155155	1	0	0.043478	0.000000	0.043478	23
bb.chr16.87039010	chr16	87039010	87039130	-0.016206	0.075128	0	0	0.000000	0.000000	0.000000	23
bb.chr16.87974511	chr16	87974511	87974631	0.003862	0.112083	0	0	0.000000	0.000000	0.000000	23
bb.chr16.88571502	chr16	88571502	88571622	-0.027732	0.054411	0	0	0.000000	0.000000	0.000000	23
bb.chr16.89768853	chr16	89768853	89768973	0.002801	0.128644	0	0	0.000000	0.000000	0.000000	23
PRPF8	chr17	1650627	1684897	0.002694	0.019167	0	0	0.000000	0.000000	0.000000	23
TP53	chr17	7668419	7687492	0.016773	0.036166	0	0	0.000000	0.000000	0.000000	23
KDM6B	chr17	7834215	7854795	0.029159	0.065681	0	0	0.000000	0.000000	0.000000	23
bb.chr17.27768644	chr17	27768644	27768764	0.009925	0.100763	0	0	0.000000	0.000000	0.000000	23
bb.chr17.28489287	chr17	28489287	28489407	0.018617	0.136091	0	0	0.000000	0.000000	0.000000	23
bb.chr17.29273570	chr17	29273570	29273690	0.012293	0.179349	0	0	0.000000	0.000000	0.000000	23
bb.chr17.30646712	chr17	30646712	30646832	0.025308	0.175701	1	0	0.043478	0.000000	0.043478	23
NF1	chr17	31094975	31377674	-0.001512	0.030571	0	0	0.000000	0.000000	0.000000	23
SUZ12	chr17	31936991	32001037	-0.009197	0.065174	0	0	0.000000	0.000000	0.000000	23
bb.chr17.32285441	chr17	32285441	32285561	-0.010536	0.091212	0	0	0.000000	0.000000	0.000000	23
bb.chr17.32984586	chr17	32984586	32984706	-0.016237	0.123285	0	0	0.000000	0.000000	0.000000	23
bb.chr17.33591030	chr17	33591030	33591150	-0.052765	0.094630	0	0	0.000000	0.000000	0.000000	23
bb.chr17.34236752	chr17	34236752	34236872	-0.022624	0.093682	0	0	0.000000	0.000000	0.000000	23
bb.chr17.35170252	chr17	35170252	35170372	0.008086	0.099613	0	0	0.000000	0.000000	0.000000	23
bb.chr17.36077894	chr17	36077894	36078014	0.045658	0.093249	0	0	0.000000	0.000000	0.000000	23
bb.chr17.36887679	chr17	36887679	36887799	0.005983	0.121978	0	0	0.000000	0.000000	0.000000	23
bb.chr17.37542063	chr17	37542063	37542183	-0.017189	0.084163	0	0	0.000000	0.000000	0.000000	23
bb.chr17.39101589	chr17	39101589	39101709	-0.006134	0.049994	0	0	0.000000	0.000000	0.000000	23
bb.chr17.39773503	chr17	39773503	39773623			0	0	0.000000	0.000000	0.000000	0
bb.chr17.40436678	chr17	40436678	40436798	-0.014075	0.085452	0	0	0.000000	0.000000	0.000000	23
STAT5B	chr17	42199175	42276390	0.013423	0.030810	0	0	0.000000	0.000000	0.000000	23
STAT3	chr17	42313322	42388441	0.013799	0.025041	0	0	0.000000	0.000000	0.000000	23
bb.chr17.42550205	chr17	42550205	42550325	0.000552	0.168535	0	0	0.000000	0.000000	0.000000	23
bb.chr17.43573582	chr17	43573582	43573702	-0.000747	0.154163	0	0	0.000000	0.000000	0.000000	23
UBTF	chr17	44205038	44219674	0.005388	0.042627	0	0	0.000000	0.000000	0.000000	23
bb.chr17.44584532	chr17	44584532	44584652	-0.033893	0.128306	0	0	0.000000	0.000000	0.000000	23
bb.chr17.45284064	chr17	45284064	45284184	-0.018144	0.078938	0	0	0.000000	0.000000	0.000000	23
bb.chr17.45993157	chr17	45993157	45993277	0.000348	0.108544	0	0	0.000000	0.000000	0.000000	23
bb.chr17.47995239	chr17	47995239	47995359	0.022933	0.195306	2	0	0.086957	0.000000	0.086957	23
bb.chr17.48747136	chr17	48747136	48747256	0.004946	0.106036	0	0	0.000000	0.000000	0.000000	23
bb.chr17.50109518	chr17	50109518	50109638	0.019262	0.104453	0	0	0.000000	0.000000	0.000000	23
bb.chr17.50743786	chr17	50743786	50743906	-0.060115	0.290308	1	1	0.043478	0.043478	0.086957	23
bb.chr17.51632383	chr17	51632383	51632503	-0.014944	0.084256	0	0	0.000000	0.000000	0.000000	23
bb.chr17.52509779	chr17	52509779	52509899			0	0	0.000000	0.000000	0.000000	0
bb.chr17.53134191	chr17	53134191	53134311	0.009666	0.081787	0	0	0.000000	0.000000	0.000000	23
bb.chr17.53996212	chr17	53996212	53996332	-0.094304	0.307560	0	1	0.000000	0.043478	0.043478	23
bb.chr17.54627611	chr17	54627611	54627731	0.018839	0.123604	0	0	0.000000	0.000000	0.000000	23
bb.chr17.55509772	chr17	55509772	55509892	-0.006033	0.123241	0	0	0.000000	0.000000	0.000000	23
bb.chr17.56351015	chr17	56351015	56351135	-0.709363	1.676342	5	7	0.217391	0.304348	0.521739	23
bb.chr17.57054127	chr17	57054127	57054247	0.107525	0.079546	0	0	0.000000	0.000000	0.000000	23
bb.chr17.58410215	chr17	58410215	58410335	-0.044176	0.203754	0	0	0.000000	0.000000	0.000000	23
RAD51C	chr17	58692600	58735622	-0.015999	0.046085	0	0	0.000000	0.000000	0.000000	23
bb.chr17.59130119	chr17	59130119	59130239			0	0	0.000000	0.000000	0.000000	0
bb.chr17.59853225	chr17	59853225	59853345	0.003219	0.088281	0	0	0.000000	0.000000	0.000000	23
PPM1D	chr17	60600191	60666279	0.009681	0.027394	0	0	0.000000	0.000000	0.000000	23
bb.chr17.61510431	chr17	61510431	61510551	-0.003793	0.107474	0	0	0.000000	0.000000	0.000000	23
bb.chr17.62804676	chr17	62804676	62804796	0.057595	0.083561	0	0	0.000000	0.000000	0.000000	23
bb.chr17.63484888	chr17	63484888	63485008	0.005333	0.154673	0	0	0.000000	0.000000	0.000000	23
bb.chr17.64322452	chr17	64322452	64322572	0.013832	0.089967	0	0	0.000000	0.000000	0.000000	23
bb.chr17.65717692	chr17	65717692	65717812	0.009394	0.074246	0	0	0.000000	0.000000	0.000000	23
bb.chr17.66448798	chr17	66448798	66448918	0.006394	0.141666	0	0	0.000000	0.000000	0.000000	23
bb.chr17.67340351	chr17	67340351	67340471	-0.765362	1.782777	5	6	0.217391	0.260870	0.478261	15
bb.chr17.68290856	chr17	68290856	68290976	-0.019547	0.085605	0	0	0.000000	0.000000	0.000000	23
bb.chr17.70050057	chr17	70050057	70050177	-0.063437	0.201085	0	1	0.000000	0.043478	0.043478	23
bb.chr17.70941966	chr17	70941966	70942086	0.000478	0.091791	0	0	0.000000	0.000000	0.000000	23
bb.chr17.71563362	chr17	71563362	71563482	-0.047853	0.122023	0	0	0.000000	0.000000	0.000000	23
bb.chr17.72180072	chr17	72180072	72180192	-0.007152	0.131556	0	0	0.000000	0.000000	0.000000	23
bb.chr17.73135120	chr17	73135120	73135240	-0.283347	1.125250	8	7	0.347826	0.304348	0.652174	17
bb.chr17.73971658	chr17	73971658	73971778	-0.037848	0.185354	0	0	0.000000	0.000000	0.000000	23
bb.chr17.75514932	chr17	75514932	75515052	0.038072	0.121453	0	0	0.000000	0.000000	0.000000	23
bb.chr17.76698304	chr17	76698304	76698424	-0.027094	0.287710	1	0	0.043478	0.000000	0.043478	23
SRSF2	chr17	76734113	76737330	-0.002968	0.032846	0	0	0.000000	0.000000	0.000000	23
bb.chr17.77576592	chr17	77576592	77576712	-0.032501	0.110755	0	0	0.000000	0.000000	0.000000	23
bb.chr17.78488153	chr17	78488153	78488273	-0.054579	0.092768	0	0	0.000000	0.000000	0.000000	23
bb.chr17.79725211	chr17	79725211	79725331	-0.016616	0.143115	0	0	0.000000	0.000000	0.000000	23
bb.chr17.80605353	chr17	80605353	80605473	0.046008	0.091105	0	0	0.000000	0.000000	0.000000	23
bb.chr17.81538103	chr17	81538103	81538223	-0.014044	0.112185	0	0	0.000000	0.000000	0.000000	23
bb.chr17.82386290	chr17	82386290	82386410	-0.084966	0.271840	0	2	0.000000	0.086957	0.086957	23
bb.chr18.293961	chr18	293961	294081	-0.005499	0.085369	0	0	0.000000	0.000000	0.000000	23
bb.chr18.1983921	chr18	1983921	1984041	-0.226132	0.705024	2	5	0.086957	0.217391	0.304348	23
bb.chr18.2653832	chr18	2653832	2653952	-1.027736	1.724262	4	6	0.173913	0.260870	0.434783	22
bb.chr18.3510727	chr18	3510727	3510847	0.005143	0.220692	0	0	0.000000	0.000000	0.000000	23
bb.chr18.4454090	chr18	4454090	4454210	-0.007217	0.104161	0	0	0.000000	0.000000	0.000000	23
bb.chr18.5196922	chr18	5196922	5197042	0.000637	0.075544	0	0	0.000000	0.000000	0.000000	23
bb.chr18.6681251	chr18	6681251	6681371	-0.028270	0.078924	0	0	0.000000	0.000000	0.000000	23
bb.chr18.7389170	chr18	7389170	7389290	0.015200	0.174083	0	0	0.000000	0.000000	0.000000	23
bb.chr18.8257129	chr18	8257129	8257249	0.013280	0.084837	0	0	0.000000	0.000000	0.000000	23
bb.chr18.8912626	chr18	8912626	8912746	-0.013209	0.081287	0	0	0.000000	0.000000	0.000000	23
bb.chr18.9869989	chr18	9869989	9870109	0.007487	0.121864	0	0	0.000000	0.000000	0.000000	23
bb.chr18.11156517	chr18	11156517	11156637	0.026322	0.089383	0	0	0.000000	0.000000	0.000000	23
bb.chr18.11938745	chr18	11938745	11938865	-0.007384	0.119615	0	0	0.000000	0.000000	0.000000	23
bb.chr18.13101843	chr18	13101843	13101963	0.012021	0.096589	0	0	0.000000	0.000000	0.000000	23
bb.chr18.13993717	chr18	13993717	13993837	0.016190	0.105758	0	0	0.000000	0.000000	0.000000	23
bb.chr18.14598534	chr18	14598534	14598654	-0.067960	0.300644	0	2	0.000000	0.086957	0.086957	23
bb.chr18.21329909	chr18	21329909	21330029	-0.029232	0.326481	3	1	0.130435	0.043478	0.173913	23
bb.chr18.22246719	chr18	22246719	22246839	-0.008565	0.132914	0	0	0.000000	0.000000	0.000000	23
bb.chr18.23079035	chr18	23079035	23079155	0.001311	0.146021	0	0	0.000000	0.000000	0.000000	23
bb.chr18.24056222	chr18	24056222	24056342	-0.043298	0.097721	0	0	0.000000	0.000000	0.000000	23
bb.chr18.25016017	chr18	25016017	25016137	-0.005056	0.114143	0	0	0.000000	0.000000	0.000000	23
bb.chr18.25711048	chr18	25711048	25711168	-0.024050	0.074134	0	0	0.000000	0.000000	0.000000	23
bb.chr18.26493275	chr18	26493275	26493395	-0.063964	0.256435	0	0	0.000000	0.000000	0.000000	23
bb.chr18.27191914	chr18	27191914	27192034			0	0	0.000000	0.000000	0.000000	0
bb.chr18.27921977	chr18	27921977	27922097	-0.002084	0.099735	0	0	0.000000	0.000000	0.000000	23
bb.chr18.28586551	chr18	28586551	28586671			0	0	0.000000	0.000000	0.000000	0
bb.chr18.29838574	chr18	29838574	29838694	-0.015026	0.111620	0	0	0.000000	0.000000	0.000000	23
bb.chr18.30458256	chr18	30458256	30458376	-0.046009	0.414897	4	5	0.173913	0.217391	0.391304	23
bb.chr18.31161885	chr18	31161885	31162005	-0.016959	0.088453	0	0	0.000000	0.000000	0.000000	23
bb.chr18.32473127	chr18	32473127	32473247	-0.051523	0.152065	0	0	0.000000	0.000000	0.000000	23
bb.chr18.33748495	chr18	33748495	33748615	-0.023118	0.065042	0	0	0.000000	0.000000	0.000000	23
bb.chr18.34414865	chr18	34414865	34414985	-0.068903	0.158654	0	0	0.000000	0.000000	0.000000	23
bb.chr18.35553835	chr18	35553835	35553955	-0.045859	0.384242	3	3	0.130435	0.130435	0.260870	23
bb.chr18.36373353	chr18	36373353	36373473	0.045798	0.258160	3	0	0.130435	0.000000	0.130435	23
bb.chr18.37295334	chr18	37295334	37295454	-0.002300	0.103214	0	0	0.000000	0.000000	0.000000	23
bb.chr18.38132991	chr18	38132991	38133111	0.101302	0.231574	1	0	0.043478	0.000000	0.043478	23
bb.chr18.38851939	chr18	38851939	38852059	0.004785	0.080126	0	0	0.000000	0.000000	0.000000	23
bb.chr18.39614266	chr18	39614266	39614386	-0.004634	0.107168	0	0	0.000000	0.000000	0.000000	23
bb.chr18.40380680	chr18	40380680	40380800	-0.013865	0.177045	0	0	0.000000	0.000000	0.000000	23
bb.chr18.41554696	chr18	41554696	41554816			0	0	0.000000	0.000000	0.000000	0
bb.chr18.42323905	chr18	42323905	42324025	-0.002558	0.098460	0	0	0.000000	0.000000	0.000000	23
bb.chr18.43760911	chr18	43760911	43761031	-0.015272	0.104163	0	0	0.000000	0.000000	0.000000	23
bb.chr18.44551917	chr18	44551917	44552037	-0.040238	0.293345	1	0	0.043478	0.000000	0.043478	23
SETBP1	chr18	44680886	45068509	-0.004692	0.018162	0	0	0.000000	0.000000	0.000000	23
bb.chr18.45558590	chr18	45558590	45558710	-0.010782	0.084751	0	0	0.000000	0.000000	0.000000	23
bb.chr18.46351554	chr18	46351554	46351674	-0.023072	0.089323	0	0	0.000000	0.000000	0.000000	23
bb.chr18.47084095	chr18	47084095	47084215	-0.033557	0.057555	0	0	0.000000	0.000000	0.000000	23
bb.chr18.47853682	chr18	47853682	47853802	0.002691	0.230227	1	0	0.043478	0.000000	0.043478	23
bb.chr18.48774906	chr18	48774906	48775026	-0.011697	0.103220	0	0	0.000000	0.000000	0.000000	23
bb.chr18.49569057	chr18	49569057	49569177	-0.011126	0.132665	0	0	0.000000	0.000000	0.000000	23
bb.chr18.50377564	chr18	50377564	50377684	-0.071197	0.505899	3	3	0.130435	0.130435	0.260870	23
bb.chr18.51275766	chr18	51275766	51275886	0.075815	0.128336	0	0	0.000000	0.000000	0.000000	23
bb.chr18.51932836	chr18	51932836	51932956	-0.014364	0.266538	0	1	0.000000	0.043478	0.043478	23
bb.chr18.52551370	chr18	52551370	52551490	-0.073770	0.271951	0	1	0.000000	0.043478	0.043478	23
bb.chr18.53250322	chr18	53250322	53250442	0.032947	0.220504	0	0	0.000000	0.000000	0.000000	23
bb.chr18.53940685	chr18	53940685	53940805	-0.013335	0.093253	0	0	0.000000	0.000000	0.000000	23
bb.chr18.54623424	chr18	54623424	54623544	-0.014329	0.223879	1	0	0.043478	0.000000	0.043478	23
bb.chr18.55379286	chr18	55379286	55379406	-0.029397	0.115394	0	0	0.000000	0.000000	0.000000	23
bb.chr18.56144405	chr18	56144405	56144525	0.069484	0.090461	0	0	0.000000	0.000000	0.000000	23
bb.chr18.57096537	chr18	57096537	57096657	0.021089	0.126009	0	0	0.000000	0.000000	0.000000	23
bb.chr18.57799304	chr18	57799304	57799424	-0.593706	1.375975	5	6	0.217391	0.260870	0.478261	22
bb.chr18.58580308	chr18	58580308	58580428	0.010459	0.121670	0	0	0.000000	0.000000	0.000000	23
bb.chr18.59298890	chr18	59298890	59299010	-0.049829	0.097217	0	0	0.000000	0.000000	0.000000	23
bb.chr18.60014957	chr18	60014957	60015077	0.139847	0.119545	0	0	0.000000	0.000000	0.000000	23
bb.chr18.61067914	chr18	61067914	61068034	0.007501	0.153237	0	0	0.000000	0.000000	0.000000	23
bb.chr18.61791534	chr18	61791534	61791654	-0.032681	0.122440	0	0	0.000000	0.000000	0.000000	23
bb.chr18.62576784	chr18	62576784	62576904	0.029504	0.364752	2	1	0.086957	0.043478	0.130435	23
BCL2	chr18	63123344	63319768	0.006200	0.020974	0	0	0.000000	0.000000	0.000000	23
bb.chr18.63302743	chr18	63302743	63302863	-0.024219	0.074861	0	0	0.000000	0.000000	0.000000	23
bb.chr18.64048485	chr18	64048485	64048605	-0.027483	0.092384	0	0	0.000000	0.000000	0.000000	23
bb.chr18.65311935	chr18	65311935	65312055	-0.080933	0.257642	0	1	0.000000	0.043478	0.043478	23
bb.chr18.66288936	chr18	66288936	66289056	-0.052286	0.540125	4	3	0.173913	0.130435	0.304348	23
bb.chr18.67015882	chr18	67015882	67016002	0.013022	0.203949	1	0	0.043478	0.000000	0.043478	23
bb.chr18.67772764	chr18	67772764	67772884			0	0	0.000000	0.000000	0.000000	0
bb.chr18.68508886	chr18	68508886	68509006	-0.006620	0.081235	0	0	0.000000	0.000000	0.000000	23
bb.chr18.69233439	chr18	69233439	69233559	-0.376217	1.212968	5	5	0.217391	0.217391	0.434783	23
bb.chr18.69898283	chr18	69898283	69898403	0.008724	0.118391	0	0	0.000000	0.000000	0.000000	23
bb.chr18.70752662	chr18	70752662	70752782	-0.001680	0.065606	0	0	0.000000	0.000000	0.000000	23
bb.chr18.71480974	chr18	71480974	71481094	0.018373	0.262114	1	0	0.043478	0.000000	0.043478	23
bb.chr18.72210444	chr18	72210444	72210564	0.002068	0.125928	0	0	0.000000	0.000000	0.000000	23
bb.chr18.73308338	chr18	73308338	73308458	-0.253248	1.042988	8	3	0.347826	0.130435	0.478261	23
bb.chr18.74886958	chr18	74886958	74887078	-0.023225	0.122112	0	0	0.000000	0.000000	0.000000	23
bb.chr18.75649480	chr18	75649480	75649600	-0.033728	0.163974	0	0	0.000000	0.000000	0.000000	23
bb.chr18.76389037	chr18	76389037	76389157	-0.018017	0.086841	0	0	0.000000	0.000000	0.000000	23
bb.chr18.77139795	chr18	77139795	77139915	-0.008275	0.117147	0	0	0.000000	0.000000	0.000000	23
bb.chr18.77879067	chr18	77879067	77879187	0.009242	0.227921	1	0	0.043478	0.000000	0.043478	23
bb.chr18.78564444	chr18	78564444	78564564	-0.025375	0.091738	0	0	0.000000	0.000000	0.000000	23
bb.chr18.79553526	chr18	79553526	79553646	-0.063113	0.133276	0	0	0.000000	0.000000	0.000000	23
bb.chr19.680785	chr19	680785	680905	0.038848	0.138818	1	0	0.043478	0.000000	0.043478	23
ELANE	chr19	852296	856242	-0.010597	0.072403	0	0	0.000000	0.000000	0.000000	23
bb.chr19.1673450	chr19	1673450	1673570	-0.011131	0.189918	0	0	0.000000	0.000000	0.000000	23
bb.chr19.2325301	chr19	2325301	2325421	-0.014146	0.113187	0	0	0.000000	0.000000	0.000000	23
bb.chr19.3338834	chr19	3338834	3338954	0.017053	0.103208	0	0	0.000000	0.000000	0.000000	23
bb.chr19.4025609	chr19	4025609	4025729	-0.022270	0.121186	0	0	0.000000	0.000000	0.000000	23
ZBTB7A	chr19	4043287	4066898	0.055143	0.082096	0	0	0.000000	0.000000	0.000000	23
bb.chr19.4636874	chr19	4636874	4636994	0.009082	0.140623	0	0	0.000000	0.000000	0.000000	23
bb.chr19.5352453	chr19	5352453	5352573	0.039785	0.183712	0	0	0.000000	0.000000	0.000000	23
bb.chr19.6654328	chr19	6654328	6654448	-0.033556	0.212321	0	0	0.000000	0.000000	0.000000	23
bb.chr19.7905690	chr19	7905690	7905810	-0.012768	0.142356	0	0	0.000000	0.000000	0.000000	23
bb.chr19.8608654	chr19	8608654	8608774	0.013983	0.141002	0	0	0.000000	0.000000	0.000000	23
bb.chr19.9289260	chr19	9289260	9289380	0.004796	0.138303	0	0	0.000000	0.000000	0.000000	23
DNMT1	chr19	10133344	10194952	-0.001946	0.023381	0	0	0.000000	0.000000	0.000000	23
bb.chr19.10468738	chr19	10468738	10468858	-0.040511	0.131215	0	0	0.000000	0.000000	0.000000	23
EPOR	chr19	11377205	11384313	0.033844	0.060082	0	0	0.000000	0.000000	0.000000	23
bb.chr19.11736740	chr19	11736740	11736860	0.079358	0.123611	1	0	0.043478	0.000000	0.043478	23
CALR	chr19	12943711	12944488	0.023583	0.076811	0	0	0.000000	0.000000	0.000000	23
bb.chr19.13207106	chr19	13207106	13207226	-0.003894	0.102093	0	0	0.000000	0.000000	0.000000	23
bb.chr19.13864503	chr19	13864503	13864623	0.034679	0.130060	1	0	0.043478	0.000000	0.043478	23
bb.chr19.14861226	chr19	14861226	14861346			0	0	0.000000	0.000000	0.000000	0
NOTCH3	chr19	15159036	15200994	0.022452	0.056051	0	0	0.000000	0.000000	0.000000	23
bb.chr19.16129857	chr19	16129857	16129977	-0.010534	0.057502	0	0	0.000000	0.000000	0.000000	23
bb.chr19.17158626	chr19	17158626	17158746	-0.023970	0.123140	0	0	0.000000	0.000000	0.000000	23
bb.chr19.18149839	chr19	18149839	18149959	0.141647	0.209843	3	0	0.130435	0.000000	0.130435	23
bb.chr19.18848340	chr19	18848340	18848460	-0.020987	0.075292	0	0	0.000000	0.000000	0.000000	23
bb.chr19.19508673	chr19	19508673	19508793	-0.041571	0.108706	0	0	0.000000	0.000000	0.000000	23
bb.chr19.21423567	chr19	21423567	21423687			0	0	0.000000	0.000000	0.000000	0
bb.chr19.22427878	chr19	22427878	22427998	-0.010028	0.120478	0	0	0.000000	0.000000	0.000000	23
bb.chr19.23250245	chr19	23250245	23250365	-0.019083	0.098236	0	0	0.000000	0.000000	0.000000	23
ZNF91	chr19	23357694	23395470	0.008856	0.102443	0	0	0.000000	0.000000	0.000000	23
bb.chr19.23995323	chr19	23995323	23995443	-0.019743	0.123326	0	0	0.000000	0.000000	0.000000	23
bb.chr19.27756582	chr19	27756582	27756702	0.009317	0.073329	0	0	0.000000	0.000000	0.000000	23
bb.chr19.28423497	chr19	28423497	28423617	-0.027504	0.076223	0	0	0.000000	0.000000	0.000000	23
bb.chr19.29112142	chr19	29112142	29112262	0.003375	0.099849	0	0	0.000000	0.000000	0.000000	23
bb.chr19.30077454	chr19	30077454	30077574	0.001095	0.146980	0	0	0.000000	0.000000	0.000000	23
bb.chr19.30793839	chr19	30793839	30793959	-0.007444	0.417392	5	1	0.217391	0.043478	0.260870	23
bb.chr19.31433683	chr19	31433683	31433803	0.003076	0.080693	0	0	0.000000	0.000000	0.000000	23
bb.chr19.32103903	chr19	32103903	32104023	-0.023808	0.191194	0	1	0.000000	0.043478	0.043478	23
bb.chr19.32749604	chr19	32749604	32749724	-0.054490	0.065842	0	0	0.000000	0.000000	0.000000	23
CEBPA	chr19	33299932	33302533	0.003714	0.085991	0	0	0.000000	0.000000	0.000000	23
bb.chr19.33430297	chr19	33430297	33430417	0.015114	0.088428	0	0	0.000000	0.000000	0.000000	23
bb.chr19.34065639	chr19	34065639	34065759	-0.003997	0.096005	0	0	0.000000	0.000000	0.000000	23
bb.chr19.34740507	chr19	34740507	34740627	-0.065978	0.552691	6	6	0.260870	0.260870	0.521739	23
bb.chr19.35432416	chr19	35432416	35432536	-0.044500	0.091981	0	0	0.000000	0.000000	0.000000	23
bb.chr19.37403506	chr19	37403506	37403626	-0.034660	0.097510	0	0	0.000000	0.000000	0.000000	23
bb.chr19.38422064	chr19	38422064	38422184	-0.026301	0.104888	0	0	0.000000	0.000000	0.000000	23
bb.chr19.39737163	chr19	39737163	39737283	-0.038015	0.089606	0	0	0.000000	0.000000	0.000000	23
bb.chr19.40739777	chr19	40739777	40739897	0.034415	0.119962	1	0	0.043478	0.000000	0.043478	23
bb.chr19.41758287	chr19	41758287	41758407	-0.001402	0.057612	0	0	0.000000	0.000000	0.000000	23
bb.chr19.42973931	chr19	42973931	42974051	-0.104848	0.354349	1	3	0.043478	0.130435	0.173913	23
bb.chr19.43694314	chr19	43694314	43694434	0.031653	0.235318	1	0	0.043478	0.000000	0.043478	23
bb.chr19.45053344	chr19	45053344	45053464	-0.026386	0.084650	0	0	0.000000	0.000000	0.000000	23
bb.chr19.45707047	chr19	45707047	45707167	-0.124862	0.531827	3	6	0.130435	0.260870	0.391304	23
bb.chr19.46417425	chr19	46417425	46417545	-0.019588	0.344599	3	1	0.130435	0.043478	0.173913	23
bb.chr19.47027643	chr19	47027643	47027763	0.010280	0.214421	1	0	0.043478	0.000000	0.043478	23
bb.chr19.47974727	chr19	47974727	47974847	-0.010115	0.408212	3	2	0.130435	0.086957	0.217391	23
bb.chr19.48749944	chr19	48749944	48750064	-0.016058	0.122389	0	0	0.000000	0.000000	0.000000	23
bb.chr19.49388205	chr19	49388205	49388325	0.027945	0.108004	0	0	0.000000	0.000000	0.000000	23
RRAS	chr19	49635290	49640142	0.032214	0.053624	0	0	0.000000	0.000000	0.000000	23
bb.chr19.50076602	chr19	50076602	50076722	-0.004316	0.092188	0	0	0.000000	0.000000	0.000000	23
bb.chr19.50713592	chr19	50713592	50713712	-0.034758	0.144132	0	0	0.000000	0.000000	0.000000	23
bb.chr19.51346111	chr19	51346111	51346231	-0.011068	0.165832	1	0	0.043478	0.000000	0.043478	23
bb.chr19.52032804	chr19	52032804	52032924	-0.006988	0.159498	0	0	0.000000	0.000000	0.000000	23
bb.chr19.53048885	chr19	53048885	53049005	-0.032257	0.169198	1	0	0.043478	0.000000	0.043478	23
bb.chr19.53702647	chr19	53702647	53702767	-0.017220	0.082863	0	0	0.000000	0.000000	0.000000	23
bb.chr19.54683328	chr19	54683328	54683448	-0.003379	0.103708	0	0	0.000000	0.000000	0.000000	23
bb.chr19.55372451	chr19	55372451	55372571	0.004587	0.126731	0	0	0.000000	0.000000	0.000000	23
U2AF2	chr19	55655032	55674715	0.012581	0.061337	0	0	0.000000	0.000000	0.000000	23
bb.chr19.56377844	chr19	56377844	56377964	-0.033773	0.091186	0	0	0.000000	0.000000	0.000000	23
bb.chr19.57018326	chr19	57018326	57018446	0.029737	0.245795	2	0	0.086957	0.000000	0.086957	23
bb.chr19.57682960	chr19	57682960	57683080	-0.007008	0.130611	0	0	0.000000	0.000000	0.000000	23
bb.chr19.58367057	chr19	58367057	58367177	0.106960	0.146491	0	0	0.000000	0.000000	0.000000	23
bb.chr20.310463	chr20	310463	310583	-0.049923	0.113641	0	0	0.000000	0.000000	0.000000	23
bb.chr20.914715	chr20	914715	914835	-0.029220	0.101676	0	0	0.000000	0.000000	0.000000	23
bb.chr20.2750164	chr20	2750164	2750284	-0.051737	0.081755	0	0	0.000000	0.000000	0.000000	23
bb.chr20.3654806	chr20	3654806	3654926	0.023023	0.137284	0	0	0.000000	0.000000	0.000000	23
bb.chr20.4587109	chr20	4587109	4587229	0.003066	0.104897	0	0	0.000000	0.000000	0.000000	23
bb.chr20.5274788	chr20	5274788	5274908	0.034473	0.118583	0	0	0.000000	0.000000	0.000000	23
bb.chr20.6439906	chr20	6439906	6440026	-0.077393	0.087619	0	0	0.000000	0.000000	0.000000	23
bb.chr20.8048150	chr20	8048150	8048270	-0.014820	0.080494	0	0	0.000000	0.000000	0.000000	23
bb.chr20.8779034	chr20	8779034	8779154	0.011408	0.127342	0	0	0.000000	0.000000	0.000000	23
bb.chr20.9995246	chr20	9995246	9995366	-0.193740	0.782333	4	5	0.173913	0.217391	0.391304	23
bb.chr20.10610845	chr20	10610845	10610965	-0.014490	0.130859	0	0	0.000000	0.000000	0.000000	23
bb.chr20.11219245	chr20	11219245	11219365	-0.051871	0.576794	8	3	0.347826	0.130435	0.478261	23
bb.chr20.12349588	chr20	12349588	12349708	-0.086144	0.658471	7	6	0.304348	0.260870	0.565217	23
bb.chr20.13939428	chr20	13939428	13939548	0.007688	0.104233	0	0	0.000000	0.000000	0.000000	23
bb.chr20.14541624	chr20	14541624	14541744	-0.002737	0.113335	0	0	0.000000	0.000000	0.000000	23
bb.chr20.15767836	chr20	15767836	15767956	0.085846	0.124601	0	0	0.000000	0.000000	0.000000	23
bb.chr20.16997819	chr20	16997819	16997939	-0.073409	0.504099	4	4	0.173913	0.173913	0.347826	23
bb.chr20.18144103	chr20	18144103	18144223	-0.336568	0.700579	3	5	0.130435	0.217391	0.347826	23
bb.chr20.19044048	chr20	19044048	19044168	-0.010371	0.072374	0	0	0.000000	0.000000	0.000000	23
bb.chr20.19656325	chr20	19656325	19656445	0.018771	0.083676	0	0	0.000000	0.000000	0.000000	23
bb.chr20.20297440	chr20	20297440	20297560	-0.033470	0.082880	0	0	0.000000	0.000000	0.000000	23
bb.chr20.21504549	chr20	21504549	21504669	-0.011368	0.153214	0	0	0.000000	0.000000	0.000000	23
bb.chr20.22106972	chr20	22106972	22107092	-0.035409	0.159988	0	0	0.000000	0.000000	0.000000	23
bb.chr20.23019312	chr20	23019312	23019432	-0.006320	0.107694	0	0	0.000000	0.000000	0.000000	23
bb.chr20.23883098	chr20	23883098	23883218	0.079296	0.111274	0	0	0.000000	0.000000	0.000000	23
bb.chr20.24630889	chr20	24630889	24631009	-0.009707	0.069947	0	0	0.000000	0.000000	0.000000	23
bb.chr20.25997153	chr20	25997153	25997273	0.025045	0.178501	1	0	0.043478	0.000000	0.043478	23
ASXL1	chr20	32358329	32439318	0.013935	0.029862	0	0	0.000000	0.000000	0.000000	23
bb.chr20.32620649	chr20	32620649	32620769	0.057244	0.137646	0	0	0.000000	0.000000	0.000000	23
bb.chr20.33393566	chr20	33393566	33393686	-0.028951	0.072650	0	0	0.000000	0.000000	0.000000	23
bb.chr20.34402184	chr20	34402184	34402304	0.004205	0.094290	0	0	0.000000	0.000000	0.000000	23
bb.chr20.36332782	chr20	36332782	36332902	-0.030147	0.216587	0	0	0.000000	0.000000	0.000000	23
bb.chr20.36991303	chr20	36991303	36991423	-0.022459	0.085337	0	0	0.000000	0.000000	0.000000	23
bb.chr20.37641434	chr20	37641434	37641554	0.004386	0.122006	0	0	0.000000	0.000000	0.000000	23
bb.chr20.38293395	chr20	38293395	38293515	-0.001321	0.078211	0	0	0.000000	0.000000	0.000000	23
bb.chr20.38894176	chr20	38894176	38894296	-0.008722	0.155572	0	0	0.000000	0.000000	0.000000	23
bb.chr20.40241940	chr20	40241940	40242060	0.020368	0.060336	0	0	0.000000	0.000000	0.000000	23
bb.chr20.40888069	chr20	40888069	40888189	-0.026512	0.091718	0	0	0.000000	0.000000	0.000000	23
bb.chr20.41935341	chr20	41935341	41935461	0.001781	0.295279	2	1	0.086957	0.043478	0.130435	23
bb.chr20.42541238	chr20	42541238	42541358	-0.020237	0.247657	1	0	0.043478	0.000000	0.043478	23
bb.chr20.43662867	chr20	43662867	43662987	0.012071	0.141900	0	0	0.000000	0.000000	0.000000	23
bb.chr20.44342400	chr20	44342400	44342520	-0.015422	0.088293	0	0	0.000000	0.000000	0.000000	23
bb.chr20.45282469	chr20	45282469	45282589	0.024721	0.116586	0	0	0.000000	0.000000	0.000000	23
bb.chr20.46179287	chr20	46179287	46179407	0.024799	0.127386	0	0	0.000000	0.000000	0.000000	23
bb.chr20.47294579	chr20	47294579	47294699	-0.043888	0.228783	0	1	0.000000	0.043478	0.043478	23
bb.chr20.47910429	chr20	47910429	47910549	-0.017169	0.168158	0	0	0.000000	0.000000	0.000000	23
bb.chr20.48998477	chr20	48998477	48998597	-0.007239	0.566464	6	4	0.260870	0.173913	0.434783	23
bb.chr20.50176395	chr20	50176395	50176515	-0.015420	0.097374	0	0	0.000000	0.000000	0.000000	23
bb.chr20.51603013	chr20	51603013	51603133	0.065771	0.076374	0	0	0.000000	0.000000	0.000000	23
bb.chr20.52230245	chr20	52230245	52230365	-0.025353	0.140634	0	0	0.000000	0.000000	0.000000	23
bb.chr20.53109746	chr20	53109746	53109866	-0.007112	0.101816	0	0	0.000000	0.000000	0.000000	23
bb.chr20.53718491	chr20	53718491	53718611	-0.043153	0.110731	0	0	0.000000	0.000000	0.000000	23
bb.chr20.54350574	chr20	54350574	54350694	0.003086	0.071590	0	0	0.000000	0.000000	0.000000	23
bb.chr20.55237475	chr20	55237475	55237595	0.020576	0.233499	1	0	0.043478	0.000000	0.043478	23
bb.chr20.56177361	chr20	56177361	56177481	-0.014743	0.065541	0	0	0.000000	0.000000	0.000000	23
bb.chr20.56803335	chr20	56803335	56803455	-0.024896	0.103136	0	0	0.000000	0.000000	0.000000	23
bb.chr20.57716722	chr20	57716722	57716842	-0.057954	0.104508	0	0	0.000000	0.000000	0.000000	23
bb.chr20.58627864	chr20	58627864	58627984	-0.020635	0.119573	0	0	0.000000	0.000000	0.000000	23
GNAS	chr20	58891420	58911080	0.021506	0.042893	0	0	0.000000	0.000000	0.000000	23
bb.chr20.59234599	chr20	59234599	59234719	0.033720	0.151633	0	0	0.000000	0.000000	0.000000	23
bb.chr20.60136628	chr20	60136628	60136748	0.033709	0.089316	0	0	0.000000	0.000000	0.000000	23
bb.chr20.61341112	chr20	61341112	61341232	-0.006351	0.121542	0	0	0.000000	0.000000	0.000000	23
bb.chr20.61948662	chr20	61948662	61948782	-0.027589	0.232490	0	0	0.000000	0.000000	0.000000	23
bb.chr20.62806747	chr20	62806747	62806867	-0.030174	0.182986	1	0	0.043478	0.000000	0.043478	23
bb.chr20.64064611	chr20	64064611	64064731	-0.018056	0.119829	0	0	0.000000	0.000000	0.000000	23
bb.chr21.9163912	chr21	9163912	9164032			0	0	0.000000	0.000000	0.000000	0
bb.chr21.14317704	chr21	14317704	14317824	-0.027417	0.157974	0	0	0.000000	0.000000	0.000000	23
bb.chr21.15380402	chr21	15380402	15380522	-0.066197	0.480687	5	3	0.217391	0.130435	0.347826	23
bb.chr21.17060910	chr21	17060910	17061030	0.008989	0.125034	0	0	0.000000	0.000000	0.000000	23
bb.chr21.18033592	chr21	18033592	18033712	-0.015995	0.140222	0	0	0.000000	0.000000	0.000000	23
bb.chr21.18719866	chr21	18719866	18719986	-1.096487	1.807655	5	6	0.217391	0.260870	0.478261	18
bb.chr21.19362238	chr21	19362238	19362358	-0.045217	0.081200	0	0	0.000000	0.000000	0.000000	23
bb.chr21.19966205	chr21	19966205	19966325	-0.209244	0.777104	4	7	0.173913	0.304348	0.478261	23
bb.chr21.20810212	chr21	20810212	20810332	-0.055187	0.233119	1	0	0.043478	0.000000	0.043478	23
bb.chr21.22065545	chr21	22065545	22065665	-0.030572	0.110494	0	0	0.000000	0.000000	0.000000	23
bb.chr21.23102546	chr21	23102546	23102666	-0.006393	0.115133	0	0	0.000000	0.000000	0.000000	23
bb.chr21.24146104	chr21	24146104	24146224	-0.400430	1.050308	8	8	0.347826	0.347826	0.695652	23
bb.chr21.25199609	chr21	25199609	25199729	-0.070085	0.625013	8	6	0.347826	0.260870	0.608696	23
bb.chr21.26070220	chr21	26070220	26070340	0.011324	0.124478	0	0	0.000000	0.000000	0.000000	23
bb.chr21.26672295	chr21	26672295	26672415			0	0	0.000000	0.000000	0.000000	0
bb.chr21.27514978	chr21	27514978	27515098	-0.013212	0.141393	0	0	0.000000	0.000000	0.000000	23
bb.chr21.28136836	chr21	28136836	28136956	-0.158583	0.617278	4	4	0.173913	0.173913	0.347826	23
bb.chr21.28764486	chr21	28764486	28764606	-0.038310	0.314146	0	2	0.000000	0.086957	0.086957	23
bb.chr21.30482922	chr21	30482922	30483042	0.011694	0.282222	2	1	0.086957	0.043478	0.130435	23
bb.chr21.31230030	chr21	31230030	31230150	-0.037959	0.082055	0	0	0.000000	0.000000	0.000000	23
bb.chr21.31959781	chr21	31959781	31959901	0.004084	0.098792	0	0	0.000000	0.000000	0.000000	23
bb.chr21.32951910	chr21	32951910	32952030	-0.047019	0.221105	0	1	0.000000	0.043478	0.043478	23
bb.chr21.33834516	chr21	33834516	33834636	-0.023200	0.081060	0	0	0.000000	0.000000	0.000000	23
bb.chr21.34620661	chr21	34620661	34620781	0.023216	0.088256	0	0	0.000000	0.000000	0.000000	23
RUNX1	chr21	34787799	35049301	-0.026719	0.024629	0	0	0.000000	0.000000	0.000000	23
bb.chr21.35273922	chr21	35273922	35274042	-0.002266	0.184288	0	0	0.000000	0.000000	0.000000	23
bb.chr21.35940363	chr21	35940363	35940483	0.005503	0.067890	0	0	0.000000	0.000000	0.000000	23
bb.chr21.36716189	chr21	36716189	36716309	-0.093534	0.727533	9	5	0.391304	0.217391	0.608696	23
bb.chr21.37338818	chr21	37338818	37338938	-0.050055	0.300313	0	1	0.000000	0.043478	0.043478	23
bb.chr21.37966449	chr21	37966449	37966569	-0.025498	0.092179	0	0	0.000000	0.000000	0.000000	23
ERG	chr21	38380034	38498478	0.004192	0.017410	0	0	0.000000	0.000000	0.000000	23
bb.chr21.38599360	chr21	38599360	38599480	-0.039125	0.095030	0	0	0.000000	0.000000	0.000000	23
bb.chr21.39445085	chr21	39445085	39445205	0.008045	0.081707	0	0	0.000000	0.000000	0.000000	23
bb.chr21.40061948	chr21	40061948	40062068	-0.005777	0.189991	0	1	0.000000	0.043478	0.043478	23
bb.chr21.40689491	chr21	40689491	40689611	-0.028842	0.100613	0	0	0.000000	0.000000	0.000000	23
bb.chr21.41317296	chr21	41317296	41317416	-0.012154	0.154033	0	0	0.000000	0.000000	0.000000	23
bb.chr21.41898687	chr21	41898687	41898807	0.017809	0.124854	0	0	0.000000	0.000000	0.000000	23
bb.chr21.42942734	chr21	42942734	42942854	-0.020052	0.088678	0	0	0.000000	0.000000	0.000000	23
U2AF1	chr21	43092954	43107569	0.023347	0.032230	0	0	0.000000	0.000000	0.000000	23
bb.chr21.44204193	chr21	44204193	44204313	0.001452	0.178208	0	0	0.000000	0.000000	0.000000	23
bb.chr21.44844400	chr21	44844400	44844520	-0.022647	0.095494	0	0	0.000000	0.000000	0.000000	23
bb.chr21.46295132	chr21	46295132	46295252	0.010051	0.093817	0	0	0.000000	0.000000	0.000000	23
bb.chr22.15923208	chr22	15923208	15923328	0.063959	0.345266	2	0	0.086957	0.000000	0.086957	23
bb.chr22.16397011	chr22	16397011	16397131	0.032630	0.088799	0	0	0.000000	0.000000	0.000000	23
bb.chr22.17190183	chr22	17190183	17190303	-0.050128	0.111269	0	0	0.000000	0.000000	0.000000	23
bb.chr22.17946868	chr22	17946868	17946988	-0.025726	0.103804	0	0	0.000000	0.000000	0.000000	23
bb.chr22.19479303	chr22	19479303	19479423	-0.138978	0.570610	3	3	0.130435	0.130435	0.260870	23
bb.chr22.20252648	chr22	20252648	20252768	0.025402	0.167416	0	0	0.000000	0.000000	0.000000	23
bb.chr22.20962812	chr22	20962812	20962932	0.014264	0.098506	0	0	0.000000	0.000000	0.000000	23
bb.chr22.21739243	chr22	21739243	21739363	-0.048965	0.091344	0	0	0.000000	0.000000	0.000000	23
bb.chr22.23112634	chr22	23112634	23112754	-0.049971	0.108980	0	0	0.000000	0.000000	0.000000	23
bb.chr22.23746077	chr22	23746077	23746197	-0.006708	0.107743	0	0	0.000000	0.000000	0.000000	23
bb.chr22.24786597	chr22	24786597	24786717	-0.012006	0.094203	0	0	0.000000	0.000000	0.000000	23
bb.chr22.25548451	chr22	25548451	25548571	-0.008368	0.076431	0	0	0.000000	0.000000	0.000000	23
bb.chr22.26341985	chr22	26341985	26342105	0.016610	0.109889	0	0	0.000000	0.000000	0.000000	23
bb.chr22.27111109	chr22	27111109	27111229	-0.027523	0.092370	0	0	0.000000	0.000000	0.000000	23
MN1	chr22	27748275	27801755	0.007290	0.071529	0	0	0.000000	0.000000	0.000000	23
bb.chr22.27905695	chr22	27905695	27905815	-0.014186	0.131878	0	0	0.000000	0.000000	0.000000	23
bb.chr22.29331817	chr22	29331817	29331937	0.005328	0.140834	0	0	0.000000	0.000000	0.000000	23
bb.chr22.29994332	chr22	29994332	29994452	-0.019492	0.159768	0	0	0.000000	0.000000	0.000000	23
SF3A1	chr22	30331986	30356893	-0.003929	0.033810	0	0	0.000000	0.000000	0.000000	23
bb.chr22.30974287	chr22	30974287	30974407	0.067498	0.131846	0	0	0.000000	0.000000	0.000000	23
bb.chr22.32177396	chr22	32177396	32177516	-0.015363	0.185983	0	1	0.000000	0.043478	0.043478	23
bb.chr22.33061838	chr22	33061838	33061958	0.005153	0.090438	0	0	0.000000	0.000000	0.000000	23
bb.chr22.34179967	chr22	34179967	34180087	-0.023018	0.160452	0	0	0.000000	0.000000	0.000000	23
bb.chr22.34881696	chr22	34881696	34881816	0.044632	0.071633	0	0	0.000000	0.000000	0.000000	23
bb.chr22.35640971	chr22	35640971	35641091	-0.042756	0.214879	0	1	0.000000	0.043478	0.043478	23
bb.chr22.36575850	chr22	36575850	36575970	-0.003803	0.106315	0	0	0.000000	0.000000	0.000000	23
bb.chr22.37245310	chr22	37245310	37245430	-0.022719	0.116250	0	0	0.000000	0.000000	0.000000	23
bb.chr22.38266218	chr22	38266218	38266338	-0.013576	0.066378	0	0	0.000000	0.000000	0.000000	23
bb.chr22.39099605	chr22	39099605	39099725	-0.009065	0.136696	0	0	0.000000	0.000000	0.000000	23
bb.chr22.40196564	chr22	40196564	40196684	-0.003700	0.363844	6	1	0.260870	0.043478	0.304348	23
bb.chr22.41003327	chr22	41003327	41003447	-0.069335	0.079730	0	0	0.000000	0.000000	0.000000	23
bb.chr22.42698274	chr22	42698274	42698394	-0.008574	0.118401	0	0	0.000000	0.000000	0.000000	23
bb.chr22.43476846	chr22	43476846	43476966	-0.024292	0.211438	0	1	0.000000	0.043478	0.043478	23
bb.chr22.44518771	chr22	44518771	44518891	0.005127	0.096848	0	0	0.000000	0.000000	0.000000	23
bb.chr22.45839165	chr22	45839165	45839285	0.011777	0.082790	0	0	0.000000	0.000000	0.000000	23
bb.chr22.46463046	chr22	46463046	46463166	-0.014042	0.097256	0	0	0.000000	0.000000	0.000000	23
bb.chr22.47112617	chr22	47112617	47112737	0.078158	0.120993	0	0	0.000000	0.000000	0.000000	23
bb.chr22.47883588	chr22	47883588	47883708	0.011899	0.097697	0	0	0.000000	0.000000	0.000000	23
bb.chr22.48920168	chr22	48920168	48920288	-0.061378	0.133693	0	0	0.000000	0.000000	0.000000	23
bb.chr22.49533188	chr22	49533188	49533308	0.017103	0.167988	1	0	0.043478	0.000000	0.043478	23
bb.chr22.50183725	chr22	50183725	50183845	-0.029058	0.115086	0	0	0.000000	0.000000	0.000000	23
bb.chrX.2842683	chrX	2842683	2842803	0.015065	0.201257	0	0	0.000000	0.000000	0.000000	23
bb.chrX.4684609	chrX	4684609	4684729	0.035739	0.089169	0	0	0.000000	0.000000	0.000000	23
bb.chrX.7465247	chrX	7465247	7465367	0.026380	0.181497	0	0	0.000000	0.000000	0.000000	23
bb.chrX.9277648	chrX	9277648	9277768	-0.061224	0.099621	0	0	0.000000	0.000000	0.000000	23
bb.chrX.10097248	chrX	10097248	10097368	-0.059746	0.827510	13	8	0.565217	0.347826	0.913043	23
bb.chrX.11899323	chrX	11899323	11899443	-0.010461	0.114963	0	0	0.000000	0.000000	0.000000	23
bb.chrX.12820755	chrX	12820755	12820875	-0.014433	0.111376	0	0	0.000000	0.000000	0.000000	23
bb.chrX.13757573	chrX	13757573	13757693	-0.012712	0.138714	0	0	0.000000	0.000000	0.000000	23
bb.chrX.15150284	chrX	15150284	15150404	0.014793	0.233433	1	1	0.043478	0.043478	0.086957	23
PIGA	chrX	15319454	15335583	0.033782	0.053881	0	0	0.000000	0.000000	0.000000	23
ZRSR2	chrX	15790439	15823259	0.006670	0.041927	0	0	0.000000	0.000000	0.000000	23
bb.chrX.16467117	chrX	16467117	16467237	-0.024131	0.095039	0	0	0.000000	0.000000	0.000000	23
bb.chrX.17593496	chrX	17593496	17593616	0.014361	0.150077	0	0	0.000000	0.000000	0.000000	23
bb.chrX.18304486	chrX	18304486	18304606			0	0	0.000000	0.000000	0.000000	0
bb.chrX.21816606	chrX	21816606	21816726	-0.093887	0.363388	0	5	0.000000	0.217391	0.217391	23
bb.chrX.23686998	chrX	23686998	23687118	-0.031355	0.198394	0	1	0.000000	0.043478	0.043478	23
bb.chrX.24863198	chrX	24863198	24863318	0.015420	0.159767	0	0	0.000000	0.000000	0.000000	23
bb.chrX.25715129	chrX	25715129	25715249	0.003336	0.164055	0	0	0.000000	0.000000	0.000000	23
bb.chrX.26675328	chrX	26675328	26675448			0	0	0.000000	0.000000	0.000000	0
bb.chrX.27432545	chrX	27432545	27432665	0.028888	0.135068	0	0	0.000000	0.000000	0.000000	23
bb.chrX.28482997	chrX	28482997	28483117	-0.075531	0.180666	0	0	0.000000	0.000000	0.000000	23
bb.chrX.30293262	chrX	30293262	30293382	-0.020595	0.124285	0	0	0.000000	0.000000	0.000000	23
bb.chrX.31217820	chrX	31217820	31217940			0	0	0.000000	0.000000	0.000000	0
bb.chrX.32154407	chrX	32154407	32154527			0	0	0.000000	0.000000	0.000000	0
bb.chrX.33030852	chrX	33030852	33030972	-0.013055	0.114922	0	0	0.000000	0.000000	0.000000	23
bb.chrX.33967456	chrX	33967456	33967576	0.049731	0.299931	5	0	0.217391	0.000000	0.217391	23
bb.chrX.34883580	chrX	34883580	34883700	-0.067752	0.219672	0	0	0.000000	0.000000	0.000000	23
bb.chrX.38652717	chrX	38652717	38652837	-0.029602	0.117028	0	0	0.000000	0.000000	0.000000	23
bb.chrX.39390630	chrX	39390630	39390750	-0.015208	0.297984	1	1	0.043478	0.043478	0.086957	23
BCOR	chrX	40051249	40097957	0.014315	0.025679	0	0	0.000000	0.000000	0.000000	23
bb.chrX.40777952	chrX	40777952	40778072	-0.010636	0.140137	0	0	0.000000	0.000000	0.000000	23
DDX3X	chrX	41334160	41350273	0.020489	0.056257	0	0	0.000000	0.000000	0.000000	23
bb.chrX.41419232	chrX	41419232	41419352	-0.000926	0.100171	0	0	0.000000	0.000000	0.000000	23
bb.chrX.42150098	chrX	42150098	42150218	0.006286	0.099670	0	0	0.000000	0.000000	0.000000	23
bb.chrX.44194184	chrX	44194184	44194304	-0.072812	0.411001	1	5	0.043478	0.217391	0.260870	23
KDM6A	chrX	44873186	45112778	0.004816	0.043591	0	0	0.000000	0.000000	0.000000	23
UBA1	chrX	47193827	47215127	0.008457	0.026339	0	0	0.000000	0.000000	0.000000	23
bb.chrX.47840298	chrX	47840298	47840418	0.028676	0.089204	0	0	0.000000	0.000000	0.000000	23
GATA1	chrX	48786589	48794310	0.034842	0.056904	0	0	0.000000	0.000000	0.000000	23
bb.chrX.49627824	chrX	49627824	49627944	0.105109	0.112671	0	0	0.000000	0.000000	0.000000	23
SMC1A	chrX	53374147	53422653	0.024951	0.027364	0	0	0.000000	0.000000	0.000000	23
bb.chrX.53863231	chrX	53863231	53863351	0.003857	0.179467	0	0	0.000000	0.000000	0.000000	23
ALAS2	chrX	55009053	55031022	-0.023482	0.036459	0	0	0.000000	0.000000	0.000000	23
bb.chrX.55113356	chrX	55113356	55113476	-0.005794	0.198635	1	0	0.043478	0.000000	0.043478	23
bb.chrX.56621913	chrX	56621913	56622033	0.060259	0.229914	3	1	0.130435	0.043478	0.173913	23
bb.chrX.57448760	chrX	57448760	57448880	-0.017620	0.192962	0	0	0.000000	0.000000	0.000000	23
bb.chrX.70082856	chrX	70082856	70082976	-0.003666	0.087011	0	0	0.000000	0.000000	0.000000	23
bb.chrX.72085404	chrX	72085404	72085524	-0.034374	0.158395	0	0	0.000000	0.000000	0.000000	23
bb.chrX.75678470	chrX	75678470	75678590	-0.080886	0.258556	0	1	0.000000	0.043478	0.043478	23
bb.chrX.77925858	chrX	77925858	77925978	-0.018798	0.207684	0	0	0.000000	0.000000	0.000000	23
bb.chrX.79182101	chrX	79182101	79182221	0.120104	0.181718	0	0	0.000000	0.000000	0.000000	23
bb.chrX.80333590	chrX	80333590	80333710	0.046458	0.123084	0	0	0.000000	0.000000	0.000000	23
bb.chrX.82534753	chrX	82534753	82534873	0.047372	0.514313	9	5	0.391304	0.217391	0.608696	23
bb.chrX.83463949	chrX	83463949	83464069	-0.008593	0.264039	0	1	0.000000	0.043478	0.043478	23
bb.chrX.84270551	chrX	84270551	84270671	-0.000805	0.096044	0	0	0.000000	0.000000	0.000000	23
bb.chrX.85120899	chrX	85120899	85121019	0.004030	0.266384	0	1	0.000000	0.043478	0.043478	23
bb.chrX.87044365	chrX	87044365	87044485	0.008861	0.207520	1	0	0.043478	0.000000	0.043478	23
bb.chrX.89856594	chrX	89856594	89856714			0	0	0.000000	0.000000	0.000000	0
bb.chrX.93554363	chrX	93554363	93554483	-0.021161	0.274531	0	1	0.000000	0.043478	0.043478	23
bb.chrX.95784751	chrX	95784751	95784871	-0.065704	0.134074	0	0	0.000000	0.000000	0.000000	23
bb.chrX.97215305	chrX	97215305	97215425	-0.536675	1.265011	0	6	0.000000	0.260870	0.260870	23
bb.chrX.100404092	chrX	100404092	100404212	0.026224	0.119041	0	0	0.000000	0.000000	0.000000	23
BTK	chrX	101349448	101386185	-0.012979	0.026606	0	0	0.000000	0.000000	0.000000	23
bb.chrX.101445341	chrX	101445341	101445461	0.069767	0.141637	0	0	0.000000	0.000000	0.000000	23
bb.chrX.103172130	chrX	103172130	103172250	-0.000073	0.140355	0	0	0.000000	0.000000	0.000000	23
bb.chrX.104524377	chrX	104524377	104524497	0.005738	0.125738	0	0	0.000000	0.000000	0.000000	23
bb.chrX.112437162	chrX	112437162	112437282	0.090106	0.131252	0	0	0.000000	0.000000	0.000000	23
bb.chrX.115554182	chrX	115554182	115554302	-0.338764	0.661838	0	5	0.000000	0.217391	0.217391	23
bb.chrX.116622344	chrX	116622344	116622464	-0.068422	0.505016	6	3	0.260870	0.130435	0.391304	23
bb.chrX.118499811	chrX	118499811	118499931	0.001048	0.072981	0	0	0.000000	0.000000	0.000000	23
bb.chrX.120331241	chrX	120331241	120331361	-0.060112	0.106289	0	0	0.000000	0.000000	0.000000	23
bb.chrX.121339405	chrX	121339405	121339525			0	0	0.000000	0.000000	0.000000	0
bb.chrX.122090104	chrX	122090104	122090224	0.042382	0.137615	0	0	0.000000	0.000000	0.000000	23
bb.chrX.123202536	chrX	123202536	123202656	0.047793	0.144618	0	0	0.000000	0.000000	0.000000	23
bb.chrX.123900317	chrX	123900317	123900437	-0.010949	0.240352	0	0	0.000000	0.000000	0.000000	23
STAG2	chrX	123961720	124102655	0.007071	0.062318	0	0	0.000000	0.000000	0.000000	23
bb.chrX.125146800	chrX	125146800	125146920	0.071495	0.195679	0	0	0.000000	0.000000	0.000000	23
bb.chrX.126405702	chrX	126405702	126405822	0.037909	0.158068	0	0	0.000000	0.000000	0.000000	23
bb.chrX.129361654	chrX	129361654	129361774	0.017298	0.122916	0	0	0.000000	0.000000	0.000000	23
BCORL1	chrX	129982637	130058070	0.018194	0.047964	0	0	0.000000	0.000000	0.000000	23
bb.chrX.131281784	chrX	131281784	131281904	0.008474	0.114030	0	0	0.000000	0.000000	0.000000	23
bb.chrX.132020051	chrX	132020051	132020171	0.011378	0.138634	0	0	0.000000	0.000000	0.000000	23
bb.chrX.132874855	chrX	132874855	132874975	-0.029886	0.133078	0	0	0.000000	0.000000	0.000000	23
bb.chrX.134108581	chrX	134108581	134108701	0.024318	0.112989	0	0	0.000000	0.000000	0.000000	23
PHF6	chrX	134373310	134428789	-0.002677	0.065872	0	0	0.000000	0.000000	0.000000	23
bb.chrX.134954135	chrX	134954135	134954255	-0.013577	0.197504	0	0	0.000000	0.000000	0.000000	23
bb.chrX.137206375	chrX	137206375	137206495	0.038593	0.139633	0	0	0.000000	0.000000	0.000000	23
bb.chrX.137811554	chrX	137811554	137811674	-0.057963	0.115841	0	0	0.000000	0.000000	0.000000	23
bb.chrX.139605096	chrX	139605096	139605216	-0.047702	0.200318	0	0	0.000000	0.000000	0.000000	23
bb.chrX.140709389	chrX	140709389	140709509	0.006284	0.087568	0	0	0.000000	0.000000	0.000000	23
bb.chrX.141456032	chrX	141456032	141456152	-0.338380	1.671584	0	1	0.000000	0.043478	0.043478	23
bb.chrX.142378710	chrX	142378710	142378830			0	0	0.000000	0.000000	0.000000	0
bb.chrX.143348164	chrX	143348164	143348284	0.011379	0.160337	0	0	0.000000	0.000000	0.000000	23
bb.chrX.146082806	chrX	146082806	146082926	-0.040420	0.117943	0	0	0.000000	0.000000	0.000000	23
bb.chrX.146971667	chrX	146971667	146971787	0.012617	0.267522	1	0	0.043478	0.000000	0.043478	23
bb.chrX.147957349	chrX	147957349	147957469	-0.045268	0.113019	0	0	0.000000	0.000000	0.000000	23
bb.chrX.149486681	chrX	149486681	149486801	0.029954	0.137987	0	0	0.000000	0.000000	0.000000	23
bb.chrX.150558578	chrX	150558578	150558698	0.008413	0.140493	0	0	0.000000	0.000000	0.000000	23
bb.chrX.151706100	chrX	151706100	151706220	-0.019454	0.089013	0	0	0.000000	0.000000	0.000000	23
bb.chrX.152449471	chrX	152449471	152449591	-0.035082	0.121701	0	0	0.000000	0.000000	0.000000	23
bb.chrX.153337199	chrX	153337199	153337319	0.045443	0.084020	0	0	0.000000	0.000000	0.000000	23
bb.chrY.2787275	chrY	2787275	2787395			0	0	0.000000	0.000000	0.000000	0
bb.chrY.2787395	chrY	2787395	2787515			0	0	0.000000	0.000000	0.000000	0
bb.chrY.6802359	chrY	6802359	6802479	-0.010114	0.485341	8	4	0.347826	0.173913	0.521739	23
bb.chrY.19568310	chrY	19568310	19568430	-0.257423	0.463113	0	8	0.000000	0.347826	0.347826	23
