gene	chromosome	start	end	mean_log2	stdev_log2	fp_gain_count	fp_loss_count	fp_gain_rate	fp_loss_rate	fp_any_rate	n_samples
bb.chr1.629966	chr1	629966	630086	-0.097171	0.340516	0	1	0.000000	0.125000	0.125000	8
GNB1	chr1	1785284	1891086	0.010260	0.022865	0	0	0.000000	0.000000	0.000000	8
bb.chr1.2396316	chr1	2396316	2396436	-0.027259	0.133299	0	0	0.000000	0.000000	0.000000	8
bb.chr1.3082374	chr1	3082374	3082494	-0.014097	0.123150	0	0	0.000000	0.000000	0.000000	8
bb.chr1.3775616	chr1	3775616	3775736	0.049253	0.100109	0	0	0.000000	0.000000	0.000000	8
bb.chr1.4303615	chr1	4303615	4303735	0.016972	0.095731	0	0	0.000000	0.000000	0.000000	8
bb.chr1.5269983	chr1	5269983	5270103	0.036507	0.058186	0	0	0.000000	0.000000	0.000000	8
bb.chr1.6110304	chr1	6110304	6110424	0.001075	0.056089	0	0	0.000000	0.000000	0.000000	8
bb.chr1.7868061	chr1	7868061	7868181	-0.000554	0.067235	0	0	0.000000	0.000000	0.000000	8
bb.chr1.8949325	chr1	8949325	8949445	0.009704	0.130587	0	0	0.000000	0.000000	0.000000	8
bb.chr1.10258931	chr1	10258931	10259051	0.051489	0.107310	0	0	0.000000	0.000000	0.000000	8
bb.chr1.10904053	chr1	10904053	10904173	0.040727	0.101598	0	0	0.000000	0.000000	0.000000	8
bb.chr1.11712409	chr1	11712409	11712529	0.003006	0.040269	0	0	0.000000	0.000000	0.000000	8
bb.chr1.12597991	chr1	12597991	12598111	0.033823	0.050788	0	0	0.000000	0.000000	0.000000	8
bb.chr1.13460094	chr1	13460094	13460214	-0.031473	0.065474	0	0	0.000000	0.000000	0.000000	8
bb.chr1.14303771	chr1	14303771	14303891	0.051794	0.198776	1	0	0.125000	0.000000	0.125000	8
bb.chr1.15286922	chr1	15286922	15287042	0.024001	0.089125	0	0	0.000000	0.000000	0.000000	8
bb.chr1.16374238	chr1	16374238	16374358	-0.003412	0.032893	0	0	0.000000	0.000000	0.000000	8
bb.chr1.17603425	chr1	17603425	17603545	0.026048	0.102577	0	0	0.000000	0.000000	0.000000	8
bb.chr1.18325392	chr1	18325392	18325512	-0.019857	0.084804	0	0	0.000000	0.000000	0.000000	8
bb.chr1.19004939	chr1	19004939	19005059	-0.018825	0.061371	0	0	0.000000	0.000000	0.000000	8
bb.chr1.20305614	chr1	20305614	20305734	-0.001219	0.069326	0	0	0.000000	0.000000	0.000000	8
bb.chr1.21345632	chr1	21345632	21345752	-0.009583	0.153750	0	0	0.000000	0.000000	0.000000	8
bb.chr1.22325948	chr1	22325948	22326068	0.029174	0.063260	0	0	0.000000	0.000000	0.000000	8
bb.chr1.22983932	chr1	22983932	22984052	0.053478	0.050685	0	0	0.000000	0.000000	0.000000	8
bb.chr1.23646059	chr1	23646059	23646179	0.000169	0.048217	0	0	0.000000	0.000000	0.000000	8
bb.chr1.24308620	chr1	24308620	24308740	-0.052107	0.069230	0	0	0.000000	0.000000	0.000000	8
bb.chr1.24982708	chr1	24982708	24982828	0.024792	0.077869	0	0	0.000000	0.000000	0.000000	8
bb.chr1.26168335	chr1	26168335	26168455	-0.033838	0.079007	0	0	0.000000	0.000000	0.000000	8
ARID1A	chr1	26696025	26782103	0.000454	0.032579	0	0	0.000000	0.000000	0.000000	8
bb.chr1.27885079	chr1	27885079	27885199	-0.018578	0.035955	0	0	0.000000	0.000000	0.000000	8
bb.chr1.29118942	chr1	29118942	29119062	0.005075	0.084131	0	0	0.000000	0.000000	0.000000	8
bb.chr1.29811183	chr1	29811183	29811303	0.026097	0.098577	0	0	0.000000	0.000000	0.000000	8
bb.chr1.30515623	chr1	30515623	30515743	-0.023387	0.150080	0	0	0.000000	0.000000	0.000000	8
bb.chr1.31236307	chr1	31236307	31236427	0.013572	0.061167	0	0	0.000000	0.000000	0.000000	8
bb.chr1.31848639	chr1	31848639	31848759	-0.003979	0.091872	0	0	0.000000	0.000000	0.000000	8
bb.chr1.32733706	chr1	32733706	32733826	0.009257	0.050002	0	0	0.000000	0.000000	0.000000	8
bb.chr1.33848750	chr1	33848750	33848870	-0.017488	0.056726	0	0	0.000000	0.000000	0.000000	8
bb.chr1.34523293	chr1	34523293	34523413	-0.014587	0.045015	0	0	0.000000	0.000000	0.000000	8
bb.chr1.36150676	chr1	36150676	36150796	0.000050	0.066265	0	0	0.000000	0.000000	0.000000	8
CSF3R	chr1	36466041	36482922	-0.008367	0.042603	0	0	0.000000	0.000000	0.000000	8
bb.chr1.37047842	chr1	37047842	37047962	-0.022264	0.358795	1	0	0.125000	0.000000	0.125000	8
bb.chr1.37762525	chr1	37762525	37762645	-0.020700	0.081795	0	0	0.000000	0.000000	0.000000	8
bb.chr1.38495305	chr1	38495305	38495425	-0.005758	0.066501	0	0	0.000000	0.000000	0.000000	8
bb.chr1.39453502	chr1	39453502	39453622	0.003657	0.073237	0	0	0.000000	0.000000	0.000000	8
bb.chr1.40075417	chr1	40075417	40075537	0.005116	0.190035	0	0	0.000000	0.000000	0.000000	8
bb.chr1.40987721	chr1	40987721	40987841	0.031684	0.088000	0	0	0.000000	0.000000	0.000000	8
bb.chr1.41865448	chr1	41865448	41865568	-0.002566	0.080496	0	0	0.000000	0.000000	0.000000	8
bb.chr1.42843652	chr1	42843652	42843772	0.064437	0.064812	0	0	0.000000	0.000000	0.000000	8
MPL	chr1	43337811	43354465	-0.009451	0.031725	0	0	0.000000	0.000000	0.000000	8
bb.chr1.43787284	chr1	43787284	43787404	0.020813	0.076756	0	0	0.000000	0.000000	0.000000	8
bb.chr1.44540268	chr1	44540268	44540388	-0.012705	0.075503	0	0	0.000000	0.000000	0.000000	8
bb.chr1.45508196	chr1	45508196	45508316	-0.004506	0.047824	0	0	0.000000	0.000000	0.000000	8
bb.chr1.46163921	chr1	46163921	46164041	0.026414	0.065791	0	0	0.000000	0.000000	0.000000	8
bb.chr1.47180263	chr1	47180263	47180383	0.022935	0.075141	0	0	0.000000	0.000000	0.000000	8
bb.chr1.47852957	chr1	47852957	47853077	-0.052403	0.236874	0	0	0.000000	0.000000	0.000000	8
bb.chr1.48531147	chr1	48531147	48531267	0.013481	0.088106	0	0	0.000000	0.000000	0.000000	8
bb.chr1.50178904	chr1	50178904	50179024	-0.016825	0.070159	0	0	0.000000	0.000000	0.000000	8
bb.chr1.52785183	chr1	52785183	52785303	-0.023778	0.081160	0	0	0.000000	0.000000	0.000000	8
bb.chr1.53538015	chr1	53538015	53538135	0.001991	0.086219	0	0	0.000000	0.000000	0.000000	8
bb.chr1.54190918	chr1	54190918	54191038	0.026239	0.094057	0	0	0.000000	0.000000	0.000000	8
bb.chr1.55206597	chr1	55206597	55206717	-0.024324	0.131599	0	0	0.000000	0.000000	0.000000	8
bb.chr1.55826229	chr1	55826229	55826349	0.031535	0.087662	0	0	0.000000	0.000000	0.000000	8
bb.chr1.56496024	chr1	56496024	56496144	-0.012658	0.056656	0	0	0.000000	0.000000	0.000000	8
bb.chr1.57205930	chr1	57205930	57206050	-0.369420	0.822859	0	2	0.000000	0.250000	0.250000	8
bb.chr1.57829032	chr1	57829032	57829152	-0.067344	0.302244	0	1	0.000000	0.125000	0.125000	8
bb.chr1.58460464	chr1	58460464	58460584	-0.000416	0.082377	0	0	0.000000	0.000000	0.000000	8
bb.chr1.59485973	chr1	59485973	59486093	0.005334	0.070167	0	0	0.000000	0.000000	0.000000	8
bb.chr1.60476632	chr1	60476632	60476752	-0.011689	0.121751	0	0	0.000000	0.000000	0.000000	8
bb.chr1.61810166	chr1	61810166	61810286	0.095396	0.106484	0	0	0.000000	0.000000	0.000000	8
bb.chr1.62840501	chr1	62840501	62840621	-0.044718	0.116833	0	0	0.000000	0.000000	0.000000	8
bb.chr1.63652512	chr1	63652512	63652632	-0.010923	0.075530	0	0	0.000000	0.000000	0.000000	8
bb.chr1.64437752	chr1	64437752	64437872	-0.024053	0.085969	0	0	0.000000	0.000000	0.000000	8
bb.chr1.65197238	chr1	65197238	65197358	-0.081989	0.238088	0	0	0.000000	0.000000	0.000000	8
bb.chr1.66153835	chr1	66153835	66153955	-0.002307	0.067276	0	0	0.000000	0.000000	0.000000	8
bb.chr1.66826735	chr1	66826735	66826855	-0.036616	0.134552	0	0	0.000000	0.000000	0.000000	8
bb.chr1.67833548	chr1	67833548	67833668	0.007921	0.090368	0	0	0.000000	0.000000	0.000000	8
bb.chr1.68435114	chr1	68435114	68435234	-0.064358	0.209349	0	0	0.000000	0.000000	0.000000	8
bb.chr1.69148839	chr1	69148839	69148959	-0.008616	0.065085	0	0	0.000000	0.000000	0.000000	8
bb.chr1.70130792	chr1	70130792	70130912	0.016641	0.058126	0	0	0.000000	0.000000	0.000000	8
bb.chr1.70790764	chr1	70790764	70790884	0.004255	0.046674	0	0	0.000000	0.000000	0.000000	8
bb.chr1.71491517	chr1	71491517	71491637	0.015616	0.066653	0	0	0.000000	0.000000	0.000000	8
bb.chr1.72125122	chr1	72125122	72125242	-0.094309	0.397019	0	2	0.000000	0.250000	0.250000	8
bb.chr1.73891356	chr1	73891356	73891476	-0.000871	0.145300	0	0	0.000000	0.000000	0.000000	8
bb.chr1.74561648	chr1	74561648	74561768	0.040115	0.054489	0	0	0.000000	0.000000	0.000000	8
bb.chr1.75552566	chr1	75552566	75552686	0.002480	0.057676	0	0	0.000000	0.000000	0.000000	8
bb.chr1.76318891	chr1	76318891	76319011	0.008496	0.082797	0	0	0.000000	0.000000	0.000000	8
bb.chr1.77082086	chr1	77082086	77082206	-0.000629	0.098005	0	0	0.000000	0.000000	0.000000	8
bb.chr1.78068141	chr1	78068141	78068261	-0.003009	0.131097	0	0	0.000000	0.000000	0.000000	8
bb.chr1.78828070	chr1	78828070	78828190	-0.009449	0.124574	0	0	0.000000	0.000000	0.000000	8
bb.chr1.79524150	chr1	79524150	79524270	-0.023657	0.080691	0	0	0.000000	0.000000	0.000000	8
bb.chr1.80163411	chr1	80163411	80163531	-0.016331	0.091806	0	0	0.000000	0.000000	0.000000	8
bb.chr1.80801780	chr1	80801780	80801900	-0.037310	0.115442	0	0	0.000000	0.000000	0.000000	8
bb.chr1.81802410	chr1	81802410	81802530	0.043735	0.079790	0	0	0.000000	0.000000	0.000000	8
bb.chr1.83490232	chr1	83490232	83490352	-0.046284	0.196630	0	0	0.000000	0.000000	0.000000	8
bb.chr1.84452453	chr1	84452453	84452573	0.038071	0.076162	0	0	0.000000	0.000000	0.000000	8
bb.chr1.85117419	chr1	85117419	85117539	-0.007543	0.095960	0	0	0.000000	0.000000	0.000000	8
bb.chr1.85814296	chr1	85814296	85814416	-0.008738	0.269463	1	0	0.125000	0.000000	0.125000	8
bb.chr1.86482004	chr1	86482004	86482124	0.060043	0.079031	0	0	0.000000	0.000000	0.000000	8
bb.chr1.87233815	chr1	87233815	87233935	-0.016752	0.082824	0	0	0.000000	0.000000	0.000000	8
bb.chr1.88505918	chr1	88505918	88506038	-0.072180	0.202187	0	0	0.000000	0.000000	0.000000	8
bb.chr1.89469482	chr1	89469482	89469602	0.029667	0.064842	0	0	0.000000	0.000000	0.000000	8
bb.chr1.90482352	chr1	90482352	90482472	0.011439	0.090912	0	0	0.000000	0.000000	0.000000	8
bb.chr1.91139874	chr1	91139874	91139994	-0.018805	0.385420	3	0	0.375000	0.000000	0.375000	8
bb.chr1.91815968	chr1	91815968	91816088	-0.001361	0.072773	0	0	0.000000	0.000000	0.000000	8
GFI1	chr1	92473041	92486924	-0.028391	0.029570	0	0	0.000000	0.000000	0.000000	8
bb.chr1.93845078	chr1	93845078	93845198	0.006409	0.065224	0	0	0.000000	0.000000	0.000000	8
bb.chr1.95142070	chr1	95142070	95142190	0.022492	0.083506	0	0	0.000000	0.000000	0.000000	8
bb.chr1.96144718	chr1	96144718	96144838	0.030249	0.052488	0	0	0.000000	0.000000	0.000000	8
bb.chr1.96819223	chr1	96819223	96819343	0.040105	0.112429	0	0	0.000000	0.000000	0.000000	8
bb.chr1.97486353	chr1	97486353	97486473	-0.048795	0.130052	0	0	0.000000	0.000000	0.000000	8
bb.chr1.98149458	chr1	98149458	98149578	0.016660	0.111801	0	0	0.000000	0.000000	0.000000	8
bb.chr1.99123808	chr1	99123808	99123928	0.016547	0.082223	0	0	0.000000	0.000000	0.000000	8
bb.chr1.99811983	chr1	99811983	99812103	0.007478	0.044735	0	0	0.000000	0.000000	0.000000	8
bb.chr1.100504730	chr1	100504730	100504850	0.023666	0.095967	0	0	0.000000	0.000000	0.000000	8
bb.chr1.101155472	chr1	101155472	101155592	-0.026523	0.139180	0	0	0.000000	0.000000	0.000000	8
bb.chr1.101808332	chr1	101808332	101808452	0.018367	0.107880	0	0	0.000000	0.000000	0.000000	8
bb.chr1.102853304	chr1	102853304	102853424	0.027541	0.082291	0	0	0.000000	0.000000	0.000000	8
bb.chr1.103505642	chr1	103505642	103505762	-0.040884	0.153757	0	0	0.000000	0.000000	0.000000	8
bb.chr1.104401917	chr1	104401917	104402037	0.030248	0.105267	0	0	0.000000	0.000000	0.000000	8
bb.chr1.105095739	chr1	105095739	105095859	0.001536	0.081922	0	0	0.000000	0.000000	0.000000	8
bb.chr1.105763500	chr1	105763500	105763620	0.015652	0.095841	0	0	0.000000	0.000000	0.000000	8
bb.chr1.106677659	chr1	106677659	106677779	-0.025901	0.188799	0	0	0.000000	0.000000	0.000000	8
bb.chr1.107393711	chr1	107393711	107393831	-0.000654	0.115874	0	0	0.000000	0.000000	0.000000	8
bb.chr1.108336396	chr1	108336396	108336516	-0.452781	1.174718	2	3	0.250000	0.375000	0.625000	5
bb.chr1.110049366	chr1	110049366	110049486	-0.017561	0.062496	0	0	0.000000	0.000000	0.000000	8
bb.chr1.110733894	chr1	110733894	110734014	-0.006873	0.087068	0	0	0.000000	0.000000	0.000000	8
bb.chr1.111720534	chr1	111720534	111720654	0.016959	0.083989	0	0	0.000000	0.000000	0.000000	8
bb.chr1.112356054	chr1	112356054	112356174	0.009280	0.050215	0	0	0.000000	0.000000	0.000000	8
bb.chr1.113057285	chr1	113057285	113057405	-0.003756	0.055865	0	0	0.000000	0.000000	0.000000	8
bb.chr1.113829650	chr1	113829650	113829770	0.007481	0.080100	0	0	0.000000	0.000000	0.000000	8
NRAS	chr1	114704467	114716773	0.009567	0.017400	0	0	0.000000	0.000000	0.000000	8
bb.chr1.114726530	chr1	114726530	114726650	-0.062020	0.205147	0	0	0.000000	0.000000	0.000000	8
bb.chr1.115399293	chr1	115399293	115399413	0.002137	0.084268	0	0	0.000000	0.000000	0.000000	8
bb.chr1.116397799	chr1	116397799	116397919	-0.001007	0.065387	0	0	0.000000	0.000000	0.000000	8
bb.chr1.117026708	chr1	117026708	117026828	-0.060002	0.272640	0	1	0.000000	0.125000	0.125000	8
bb.chr1.117712376	chr1	117712376	117712496	0.039096	0.108566	0	0	0.000000	0.000000	0.000000	8
bb.chr1.119035154	chr1	119035154	119035274	-0.015714	0.103333	0	0	0.000000	0.000000	0.000000	8
bb.chr1.119699854	chr1	119699854	119699974	-0.043578	0.280814	0	1	0.000000	0.125000	0.125000	8
bb.chr1.121548376	chr1	121548376	121548496	-0.023218	0.103753	0	0	0.000000	0.000000	0.000000	8
bb.chr1.143997796	chr1	143997796	143997915	-0.017164	0.405969	1	1	0.125000	0.125000	0.250000	8
bb.chr1.145879366	chr1	145879366	145879486	-0.019058	0.115032	0	0	0.000000	0.000000	0.000000	8
bb.chr1.147078257	chr1	147078257	147078377	0.000504	0.060836	0	0	0.000000	0.000000	0.000000	8
bb.chr1.147777713	chr1	147777713	147777833	0.035555	0.089724	0	0	0.000000	0.000000	0.000000	8
bb.chr1.149940160	chr1	149940160	149940280	0.028433	0.046150	0	0	0.000000	0.000000	0.000000	8
bb.chr1.150563644	chr1	150563644	150563764	-0.000548	0.060995	0	0	0.000000	0.000000	0.000000	8
bb.chr1.151291246	chr1	151291246	151291366	0.025448	0.065348	0	0	0.000000	0.000000	0.000000	8
bb.chr1.151980349	chr1	151980349	151980469	-0.000636	0.072717	0	0	0.000000	0.000000	0.000000	8
bb.chr1.152617651	chr1	152617651	152617771	-0.001755	0.072758	0	0	0.000000	0.000000	0.000000	8
bb.chr1.153262512	chr1	153262512	153262632	-0.003844	0.070015	0	0	0.000000	0.000000	0.000000	8
bb.chr1.154272976	chr1	154272976	154273096	-0.017860	0.059523	0	0	0.000000	0.000000	0.000000	8
bb.chr1.155288901	chr1	155288901	155289021	0.031573	0.065284	0	0	0.000000	0.000000	0.000000	8
RIT1	chr1	155897806	155911354	0.005908	0.031128	0	0	0.000000	0.000000	0.000000	8
bb.chr1.156246048	chr1	156246048	156246168	-0.006727	0.174334	0	0	0.000000	0.000000	0.000000	8
bb.chr1.157587851	chr1	157587851	157587971	-0.000310	0.195457	0	0	0.000000	0.000000	0.000000	8
bb.chr1.158196981	chr1	158196981	158197101	-0.030201	0.235292	0	0	0.000000	0.000000	0.000000	8
bb.chr1.158849474	chr1	158849474	158849594	0.004478	0.103373	0	0	0.000000	0.000000	0.000000	8
bb.chr1.159683089	chr1	159683089	159683209	-0.011223	0.050089	0	0	0.000000	0.000000	0.000000	8
bb.chr1.160295665	chr1	160295665	160295785	0.019797	0.076828	0	0	0.000000	0.000000	0.000000	8
bb.chr1.161269293	chr1	161269293	161269413	0.019074	0.031664	0	0	0.000000	0.000000	0.000000	8
bb.chr1.161993757	chr1	161993757	161993877	0.005440	0.033612	0	0	0.000000	0.000000	0.000000	8
bb.chr1.162622852	chr1	162622852	162622972	-0.015765	0.099222	0	0	0.000000	0.000000	0.000000	8
bb.chr1.163319721	chr1	163319721	163319841	-0.040371	0.086961	0	0	0.000000	0.000000	0.000000	8
bb.chr1.163940959	chr1	163940959	163941079	-0.091458	0.277007	0	0	0.000000	0.000000	0.000000	8
bb.chr1.164935276	chr1	164935276	164935396	-0.001930	0.095661	0	0	0.000000	0.000000	0.000000	8
bb.chr1.165998123	chr1	165998123	165998243	-0.000353	0.058247	0	0	0.000000	0.000000	0.000000	8
bb.chr1.166930510	chr1	166930510	166930630	-0.054859	0.264900	0	0	0.000000	0.000000	0.000000	8
bb.chr1.167600433	chr1	167600433	167600553	-0.000194	0.111518	0	0	0.000000	0.000000	0.000000	8
bb.chr1.168261033	chr1	168261033	168261153	-0.012912	0.106853	0	0	0.000000	0.000000	0.000000	8
bb.chr1.169124100	chr1	169124100	169124220	0.009109	0.067425	0	0	0.000000	0.000000	0.000000	8
bb.chr1.170262398	chr1	170262398	170262518	0.022394	0.076584	0	0	0.000000	0.000000	0.000000	8
bb.chr1.171249756	chr1	171249756	171249876	0.019987	0.087663	0	0	0.000000	0.000000	0.000000	8
bb.chr1.172638749	chr1	172638749	172638869	0.002576	0.079292	0	0	0.000000	0.000000	0.000000	8
bb.chr1.173254664	chr1	173254664	173254784	-0.006242	0.144145	0	0	0.000000	0.000000	0.000000	8
bb.chr1.173863574	chr1	173863574	173863694	-0.025358	0.109781	0	0	0.000000	0.000000	0.000000	8
bb.chr1.175624885	chr1	175624885	175625005	-0.007170	0.094715	0	0	0.000000	0.000000	0.000000	8
bb.chr1.176442425	chr1	176442425	176442545	0.006769	0.072399	0	0	0.000000	0.000000	0.000000	8
bb.chr1.177267192	chr1	177267192	177267312	-0.006603	0.059917	0	0	0.000000	0.000000	0.000000	8
bb.chr1.178621199	chr1	178621199	178621319	0.004185	0.050996	0	0	0.000000	0.000000	0.000000	8
bb.chr1.179553026	chr1	179553026	179553146	-0.095126	0.348074	0	1	0.000000	0.125000	0.125000	8
bb.chr1.180927734	chr1	180927734	180927854	-0.013701	0.062551	0	0	0.000000	0.000000	0.000000	8
bb.chr1.181580351	chr1	181580351	181580471	0.036157	0.070485	0	0	0.000000	0.000000	0.000000	8
bb.chr1.182611962	chr1	182611962	182612082	0.036265	0.078307	0	0	0.000000	0.000000	0.000000	8
bb.chr1.183609659	chr1	183609659	183609779	0.000150	0.033869	0	0	0.000000	0.000000	0.000000	8
bb.chr1.184555617	chr1	184555617	184555737	-0.020148	0.084362	0	0	0.000000	0.000000	0.000000	8
bb.chr1.185250488	chr1	185250488	185250608	0.008001	0.084657	0	0	0.000000	0.000000	0.000000	8
bb.chr1.187307287	chr1	187307287	187307407	-0.003894	0.071727	0	0	0.000000	0.000000	0.000000	8
bb.chr1.188250703	chr1	188250703	188250823	-0.020737	0.139443	0	0	0.000000	0.000000	0.000000	8
bb.chr1.188974535	chr1	188974535	188974655	-0.075615	0.233072	0	1	0.000000	0.125000	0.125000	8
BRINP3	chr1	190097656	190477863	0.000391	0.027914	0	0	0.000000	0.000000	0.000000	8
bb.chr1.190215034	chr1	190215034	190215154	-0.036945	0.200195	0	0	0.000000	0.000000	0.000000	8
bb.chr1.190893887	chr1	190893887	190894007	-0.222182	0.837819	3	3	0.375000	0.375000	0.750000	8
bb.chr1.191593967	chr1	191593967	191594087	-0.204188	0.599633	1	3	0.125000	0.375000	0.500000	8
bb.chr1.192592355	chr1	192592355	192592475	-0.221393	0.709091	1	3	0.125000	0.375000	0.500000	8
bb.chr1.193469585	chr1	193469585	193469705	-0.009482	0.061850	0	0	0.000000	0.000000	0.000000	8
bb.chr1.194513114	chr1	194513114	194513234	-0.013049	0.111893	0	0	0.000000	0.000000	0.000000	8
bb.chr1.195248961	chr1	195248961	195249081	-0.044286	0.257619	0	0	0.000000	0.000000	0.000000	8
bb.chr1.196713156	chr1	196713156	196713276	-0.035833	0.180307	0	0	0.000000	0.000000	0.000000	8
bb.chr1.198126443	chr1	198126443	198126563	0.001912	0.063014	0	0	0.000000	0.000000	0.000000	8
bb.chr1.199244170	chr1	199244170	199244290	-0.116692	0.651911	2	2	0.250000	0.250000	0.500000	8
bb.chr1.200233043	chr1	200233043	200233163	0.041705	0.070757	0	0	0.000000	0.000000	0.000000	8
bb.chr1.201253794	chr1	201253794	201253914	-0.008468	0.072032	0	0	0.000000	0.000000	0.000000	8
bb.chr1.202208947	chr1	202208947	202209067	-0.007841	0.084229	0	0	0.000000	0.000000	0.000000	8
UBE2T	chr1	202331655	202341947	-0.013720	0.035303	0	0	0.000000	0.000000	0.000000	8
bb.chr1.203601619	chr1	203601619	203601739	0.001028	0.085776	0	0	0.000000	0.000000	0.000000	8
bb.chr1.204244424	chr1	204244424	204244544	0.035947	0.087121	0	0	0.000000	0.000000	0.000000	8
bb.chr1.204915648	chr1	204915648	204915768	0.018156	0.163435	0	0	0.000000	0.000000	0.000000	8
bb.chr1.206224328	chr1	206224328	206224448	-0.029909	0.102290	0	0	0.000000	0.000000	0.000000	8
bb.chr1.206705717	chr1	206705717	206705837	-0.020897	0.059997	0	0	0.000000	0.000000	0.000000	8
bb.chr1.207375221	chr1	207375221	207375341	0.026046	0.066209	0	0	0.000000	0.000000	0.000000	8
bb.chr1.208065771	chr1	208065771	208065891	-0.000260	0.075336	0	0	0.000000	0.000000	0.000000	8
bb.chr1.209035760	chr1	209035760	209035880	-0.015021	0.094724	0	0	0.000000	0.000000	0.000000	8
bb.chr1.209659942	chr1	209659942	209660062	-0.026293	0.081645	0	0	0.000000	0.000000	0.000000	8
bb.chr1.210381583	chr1	210381583	210381703	0.020858	0.178967	0	0	0.000000	0.000000	0.000000	8
bb.chr1.211371942	chr1	211371942	211372062	0.017235	0.086444	0	0	0.000000	0.000000	0.000000	8
bb.chr1.212365940	chr1	212365940	212366060	0.032275	0.073182	0	0	0.000000	0.000000	0.000000	8
bb.chr1.213036899	chr1	213036899	213037019	-0.015841	0.126759	0	0	0.000000	0.000000	0.000000	8
bb.chr1.213982762	chr1	213982762	213982882	-0.000752	0.080266	0	0	0.000000	0.000000	0.000000	8
bb.chr1.215301503	chr1	215301503	215301623	-0.011157	0.056763	0	0	0.000000	0.000000	0.000000	8
bb.chr1.216500914	chr1	216500914	216501034	-0.008491	0.076375	0	0	0.000000	0.000000	0.000000	8
bb.chr1.217798578	chr1	217798578	217798698	0.046761	0.080133	0	0	0.000000	0.000000	0.000000	8
bb.chr1.218685332	chr1	218685332	218685452	0.054351	0.098512	0	0	0.000000	0.000000	0.000000	8
bb.chr1.219385055	chr1	219385055	219385175	-0.005808	0.068728	0	0	0.000000	0.000000	0.000000	8
bb.chr1.219991760	chr1	219991760	219991880	-0.043908	0.113686	0	0	0.000000	0.000000	0.000000	8
bb.chr1.221030661	chr1	221030661	221030781	-0.038719	0.109011	0	0	0.000000	0.000000	0.000000	8
bb.chr1.221692916	chr1	221692916	221693036	-0.006406	0.111214	0	0	0.000000	0.000000	0.000000	8
bb.chr1.222742747	chr1	222742747	222742867	0.042466	0.106133	0	0	0.000000	0.000000	0.000000	8
bb.chr1.223344744	chr1	223344744	223344864	-0.020487	0.073746	0	0	0.000000	0.000000	0.000000	8
bb.chr1.224175608	chr1	224175608	224175728	0.000197	0.089114	0	0	0.000000	0.000000	0.000000	8
bb.chr1.225689947	chr1	225689947	225690067	-0.027124	0.088185	0	0	0.000000	0.000000	0.000000	8
bb.chr1.226484256	chr1	226484256	226484376	0.065904	0.090610	0	0	0.000000	0.000000	0.000000	8
bb.chr1.228348796	chr1	228348796	228348916	0.018783	0.069208	0	0	0.000000	0.000000	0.000000	8
bb.chr1.229065160	chr1	229065160	229065280	-0.009607	0.077939	0	0	0.000000	0.000000	0.000000	8
bb.chr1.229715604	chr1	229715604	229715724	0.002394	0.084104	0	0	0.000000	0.000000	0.000000	8
bb.chr1.230716310	chr1	230716310	230716430	0.024395	0.050404	0	0	0.000000	0.000000	0.000000	8
EGLN1	chr1	231363754	231422286	0.001749	0.019746	0	0	0.000000	0.000000	0.000000	8
bb.chr1.231400074	chr1	231400074	231400194	0.048009	0.118032	0	0	0.000000	0.000000	0.000000	8
bb.chr1.232392152	chr1	232392152	232392272	-0.074681	0.185664	0	0	0.000000	0.000000	0.000000	8
bb.chr1.233087017	chr1	233087017	233087137	0.008563	0.082075	0	0	0.000000	0.000000	0.000000	8
bb.chr1.234028245	chr1	234028245	234028365	0.092022	0.052933	0	0	0.000000	0.000000	0.000000	8
bb.chr1.234726061	chr1	234726061	234726181	-0.000286	0.054335	0	0	0.000000	0.000000	0.000000	8
bb.chr1.235457658	chr1	235457658	235457778	0.002955	0.136995	0	0	0.000000	0.000000	0.000000	8
bb.chr1.236410907	chr1	236410907	236411027	0.010849	0.048558	0	0	0.000000	0.000000	0.000000	8
bb.chr1.237307721	chr1	237307721	237307841	-0.020176	0.131298	0	0	0.000000	0.000000	0.000000	8
bb.chr1.238300491	chr1	238300491	238300611	-0.355486	0.745783	0	4	0.000000	0.500000	0.500000	8
bb.chr1.239052497	chr1	239052497	239052617	-0.038443	0.096232	0	0	0.000000	0.000000	0.000000	8
bb.chr1.240361220	chr1	240361220	240361340	-0.030057	0.068473	0	0	0.000000	0.000000	0.000000	8
bb.chr1.241015584	chr1	241015584	241015704	-0.193310	0.520940	0	1	0.000000	0.125000	0.125000	8
bb.chr1.241701354	chr1	241701354	241701474	0.016972	0.090592	0	0	0.000000	0.000000	0.000000	8
bb.chr1.242383011	chr1	242383011	242383131	0.009880	0.046842	0	0	0.000000	0.000000	0.000000	8
bb.chr1.243159250	chr1	243159250	243159370	-0.362951	0.782973	1	2	0.125000	0.250000	0.375000	8
bb.chr1.244728310	chr1	244728310	244728430	0.045413	0.039358	0	0	0.000000	0.000000	0.000000	8
bb.chr1.245386600	chr1	245386600	245386720	0.017504	0.082539	0	0	0.000000	0.000000	0.000000	8
bb.chr1.246947700	chr1	246947700	246947820	-0.032471	0.089339	0	0	0.000000	0.000000	0.000000	8
bb.chr1.248360900	chr1	248360900	248361020	-0.011037	0.070863	0	0	0.000000	0.000000	0.000000	8
bb.chr2.615950	chr2	615950	616070	0.067603	0.064728	0	0	0.000000	0.000000	0.000000	8
bb.chr2.2113038	chr2	2113038	2113158	-0.024494	0.049574	0	0	0.000000	0.000000	0.000000	8
bb.chr2.2751505	chr2	2751505	2751625	-0.027463	0.104747	0	0	0.000000	0.000000	0.000000	8
bb.chr2.3724688	chr2	3724688	3724808	-0.015828	0.095308	0	0	0.000000	0.000000	0.000000	8
bb.chr2.4852990	chr2	4852990	4853110	-0.066053	0.217272	0	0	0.000000	0.000000	0.000000	8
bb.chr2.5363007	chr2	5363007	5363127	0.014882	0.075826	0	0	0.000000	0.000000	0.000000	8
bb.chr2.5987017	chr2	5987017	5987137	-0.048019	0.287823	1	0	0.125000	0.000000	0.125000	8
bb.chr2.7210302	chr2	7210302	7210422	0.000573	0.081626	0	0	0.000000	0.000000	0.000000	8
bb.chr2.7861391	chr2	7861391	7861511	0.007000	0.065093	0	0	0.000000	0.000000	0.000000	8
bb.chr2.9139202	chr2	9139202	9139322	-0.012422	0.062386	0	0	0.000000	0.000000	0.000000	8
bb.chr2.9979691	chr2	9979691	9979811	-0.073863	0.339066	0	1	0.000000	0.125000	0.125000	8
bb.chr2.10873496	chr2	10873496	10873616	-0.024495	0.054902	0	0	0.000000	0.000000	0.000000	8
bb.chr2.11800633	chr2	11800633	11800753	-0.009839	0.047307	0	0	0.000000	0.000000	0.000000	8
bb.chr2.12420996	chr2	12420996	12421116	0.097862	0.096049	0	0	0.000000	0.000000	0.000000	8
bb.chr2.13339814	chr2	13339814	13339934	-0.036659	0.051355	0	0	0.000000	0.000000	0.000000	8
bb.chr2.13941720	chr2	13941720	13941840	-0.022817	0.130612	0	0	0.000000	0.000000	0.000000	8
bb.chr2.15166677	chr2	15166677	15166797	-0.018444	0.065267	0	0	0.000000	0.000000	0.000000	8
bb.chr2.15772742	chr2	15772742	15772862	-0.001741	0.086935	0	0	0.000000	0.000000	0.000000	8
MYCN	chr2	15940548	15947003	-0.015696	0.024150	0	0	0.000000	0.000000	0.000000	8
bb.chr2.16809926	chr2	16809926	16810046	0.016918	0.080138	0	0	0.000000	0.000000	0.000000	8
bb.chr2.17864911	chr2	17864911	17865031	-0.002888	0.075480	0	0	0.000000	0.000000	0.000000	8
bb.chr2.18743883	chr2	18743883	18744003	-0.145999	0.417130	0	1	0.000000	0.125000	0.125000	8
bb.chr2.19346974	chr2	19346974	19347094	0.019701	0.076268	0	0	0.000000	0.000000	0.000000	8
bb.chr2.20006594	chr2	20006594	20006714	0.050912	0.095918	0	0	0.000000	0.000000	0.000000	8
bb.chr2.20626846	chr2	20626846	20626966	0.002384	0.043571	0	0	0.000000	0.000000	0.000000	8
bb.chr2.21231790	chr2	21231790	21231910	-0.035284	0.100358	0	0	0.000000	0.000000	0.000000	8
bb.chr2.22329765	chr2	22329765	22329885	-0.009525	0.060748	0	0	0.000000	0.000000	0.000000	8
bb.chr2.23642978	chr2	23642978	23643098	0.011557	0.110383	0	0	0.000000	0.000000	0.000000	8
bb.chr2.24433698	chr2	24433698	24433818	-0.005118	0.126525	0	0	0.000000	0.000000	0.000000	8
bb.chr2.25150369	chr2	25150369	25150489	-0.003859	0.268013	0	0	0.000000	0.000000	0.000000	8
DNMT3A	chr2	25227872	25341925	-0.000433	0.035307	0	0	0.000000	0.000000	0.000000	8
ASXL2	chr2	25733751	25878486	0.001161	0.014368	0	0	0.000000	0.000000	0.000000	8
bb.chr2.26318499	chr2	26318499	26318619	-0.027585	0.106366	0	0	0.000000	0.000000	0.000000	8
bb.chr2.27161651	chr2	27161651	27161771	0.036543	0.066664	0	0	0.000000	0.000000	0.000000	8
bb.chr2.27959079	chr2	27959079	27959199	0.020210	0.050521	0	0	0.000000	0.000000	0.000000	8
bb.chr2.28578967	chr2	28578967	28579087	0.017504	0.072796	0	0	0.000000	0.000000	0.000000	8
bb.chr2.29232898	chr2	29232898	29233018	0.010345	0.069273	0	0	0.000000	0.000000	0.000000	8
bb.chr2.30039616	chr2	30039616	30039736	-0.011363	0.062839	0	0	0.000000	0.000000	0.000000	8
bb.chr2.30713648	chr2	30713648	30713768	0.004082	0.045688	0	0	0.000000	0.000000	0.000000	8
bb.chr2.31369397	chr2	31369397	31369517	0.038590	0.133049	0	0	0.000000	0.000000	0.000000	8
bb.chr2.32232408	chr2	32232408	32232528	0.025840	0.108738	0	0	0.000000	0.000000	0.000000	8
bb.chr2.32837354	chr2	32837354	32837474	0.014352	0.088653	0	0	0.000000	0.000000	0.000000	8
bb.chr2.33474894	chr2	33474894	33475014	-0.027418	0.096055	0	0	0.000000	0.000000	0.000000	8
bb.chr2.34080327	chr2	34080327	34080447	0.004789	0.113318	0	0	0.000000	0.000000	0.000000	8
bb.chr2.34850875	chr2	34850875	34850995	-0.017460	0.200813	0	0	0.000000	0.000000	0.000000	8
bb.chr2.35605775	chr2	35605775	35605895	0.049322	0.076805	0	0	0.000000	0.000000	0.000000	8
bb.chr2.36838815	chr2	36838815	36838935	0.011873	0.075077	0	0	0.000000	0.000000	0.000000	8
bb.chr2.37760637	chr2	37760637	37760757	-0.006767	0.079985	0	0	0.000000	0.000000	0.000000	8
bb.chr2.38446486	chr2	38446486	38446606	0.005157	0.073535	0	0	0.000000	0.000000	0.000000	8
bb.chr2.39879552	chr2	39879552	39879672	0.004027	0.059503	0	0	0.000000	0.000000	0.000000	8
bb.chr2.40797101	chr2	40797101	40797221	-0.012277	0.121305	0	0	0.000000	0.000000	0.000000	8
bb.chr2.41733046	chr2	41733046	41733166	-0.008265	0.227520	0	0	0.000000	0.000000	0.000000	8
bb.chr2.42497854	chr2	42497854	42497974	-0.015385	0.129528	0	0	0.000000	0.000000	0.000000	8
bb.chr2.43220346	chr2	43220346	43220466	-0.025465	0.093024	0	0	0.000000	0.000000	0.000000	8
bb.chr2.44169845	chr2	44169845	44169965	-0.005254	0.038794	0	0	0.000000	0.000000	0.000000	8
bb.chr2.45088576	chr2	45088576	45088696	0.028820	0.056045	0	0	0.000000	0.000000	0.000000	8
bb.chr2.46017981	chr2	46017981	46018101	-0.019274	0.082342	0	0	0.000000	0.000000	0.000000	8
EPAS1	chr2	46297405	46386696	-0.017532	0.023188	0	0	0.000000	0.000000	0.000000	8
bb.chr2.47680277	chr2	47680277	47680397	-0.013465	0.098298	0	0	0.000000	0.000000	0.000000	8
bb.chr2.48560720	chr2	48560720	48560840	0.054977	0.102809	0	0	0.000000	0.000000	0.000000	8
bb.chr2.49369322	chr2	49369322	49369442	0.001225	0.058511	0	0	0.000000	0.000000	0.000000	8
bb.chr2.50004092	chr2	50004092	50004212	-0.033852	0.124562	0	0	0.000000	0.000000	0.000000	8
bb.chr2.50616473	chr2	50616473	50616593	-0.130127	0.567386	3	2	0.375000	0.250000	0.625000	8
bb.chr2.51225881	chr2	51225881	51226001	0.002079	0.086832	0	0	0.000000	0.000000	0.000000	8
bb.chr2.52097060	chr2	52097060	52097180	-0.033530	0.168930	0	0	0.000000	0.000000	0.000000	8
bb.chr2.53032453	chr2	53032453	53032573	-0.021843	0.033430	0	0	0.000000	0.000000	0.000000	8
bb.chr2.53662670	chr2	53662670	53662790	0.067411	0.166577	0	0	0.000000	0.000000	0.000000	8
bb.chr2.54572024	chr2	54572024	54572144	0.008437	0.075322	0	0	0.000000	0.000000	0.000000	8
bb.chr2.55216396	chr2	55216396	55216516	-0.029955	0.229256	0	0	0.000000	0.000000	0.000000	8
bb.chr2.56127769	chr2	56127769	56127889	0.023181	0.065004	0	0	0.000000	0.000000	0.000000	8
bb.chr2.57045598	chr2	57045598	57045718	0.018304	0.089724	0	0	0.000000	0.000000	0.000000	8
bb.chr2.57904909	chr2	57904909	57905029	0.004750	0.178866	0	0	0.000000	0.000000	0.000000	8
bb.chr2.58583489	chr2	58583489	58583609	0.005019	0.079722	0	0	0.000000	0.000000	0.000000	8
bb.chr2.59518342	chr2	59518342	59518462	0.015218	0.066130	0	0	0.000000	0.000000	0.000000	8
bb.chr2.60434809	chr2	60434809	60434929	0.008153	0.101488	0	0	0.000000	0.000000	0.000000	8
bb.chr2.61118938	chr2	61118938	61119058	-0.003097	0.088252	0	0	0.000000	0.000000	0.000000	8
bb.chr2.61734456	chr2	61734456	61734576	-0.008524	0.102622	0	0	0.000000	0.000000	0.000000	8
bb.chr2.63398706	chr2	63398706	63398826	-0.000550	0.045757	0	0	0.000000	0.000000	0.000000	8
bb.chr2.64104621	chr2	64104621	64104741	0.012511	0.088249	0	0	0.000000	0.000000	0.000000	8
bb.chr2.65108839	chr2	65108839	65108959	-0.075681	0.284959	0	0	0.000000	0.000000	0.000000	8
bb.chr2.66228674	chr2	66228674	66228794	0.000505	0.056009	0	0	0.000000	0.000000	0.000000	8
bb.chr2.67144732	chr2	67144732	67144852	0.004345	0.084704	0	0	0.000000	0.000000	0.000000	8
bb.chr2.67781515	chr2	67781515	67781635	-0.165459	0.514137	0	3	0.000000	0.375000	0.375000	8
bb.chr2.68691490	chr2	68691490	68691610	-0.053017	0.307140	1	0	0.125000	0.000000	0.125000	8
bb.chr2.69294504	chr2	69294504	69294624	0.003435	0.115860	0	0	0.000000	0.000000	0.000000	8
bb.chr2.70200265	chr2	70200265	70200385	-0.020332	0.130341	0	0	0.000000	0.000000	0.000000	8
bb.chr2.70975318	chr2	70975318	70975438	-0.021880	0.055742	0	0	0.000000	0.000000	0.000000	8
bb.chr2.71778153	chr2	71778153	71778273	0.006408	0.070064	0	0	0.000000	0.000000	0.000000	8
bb.chr2.73220587	chr2	73220587	73220707	0.018050	0.059357	0	0	0.000000	0.000000	0.000000	8
bb.chr2.74095057	chr2	74095057	74095177	0.014206	0.053369	0	0	0.000000	0.000000	0.000000	8
bb.chr2.74814130	chr2	74814130	74814250	0.016849	0.050668	0	0	0.000000	0.000000	0.000000	8
bb.chr2.76276724	chr2	76276724	76276844	0.017203	0.059337	0	0	0.000000	0.000000	0.000000	8
bb.chr2.76994903	chr2	76994903	76995023	0.014730	0.109009	0	0	0.000000	0.000000	0.000000	8
bb.chr2.79423532	chr2	79423532	79423652	-0.044662	0.197223	0	0	0.000000	0.000000	0.000000	8
bb.chr2.80296993	chr2	80296993	80297113	0.007203	0.046213	0	0	0.000000	0.000000	0.000000	8
bb.chr2.81411738	chr2	81411738	81411858	-0.172284	0.459840	0	1	0.000000	0.125000	0.125000	8
bb.chr2.83756151	chr2	83756151	83756271	0.001955	0.109774	0	0	0.000000	0.000000	0.000000	8
bb.chr2.85535578	chr2	85535578	85535698	0.071927	0.056609	0	0	0.000000	0.000000	0.000000	8
bb.chr2.86138616	chr2	86138616	86138736	-0.036709	0.087549	0	0	0.000000	0.000000	0.000000	8
bb.chr2.87131946	chr2	87131946	87132066	-0.004921	0.071040	0	0	0.000000	0.000000	0.000000	8
bb.chr2.87662226	chr2	87662226	87662346	-0.076861	0.296778	0	1	0.000000	0.125000	0.125000	8
bb.chr2.88502177	chr2	88502177	88502297	0.002988	0.058974	0	0	0.000000	0.000000	0.000000	8
bb.chr2.89955561	chr2	89955561	89955681	-0.095387	0.431409	0	2	0.000000	0.250000	0.250000	8
bb.chr2.91892275	chr2	91892275	91892395	0.056851	0.174553	0	0	0.000000	0.000000	0.000000	8
bb.chr2.95196928	chr2	95196928	95197048	-0.035864	0.093332	0	0	0.000000	0.000000	0.000000	8
bb.chr2.95856284	chr2	95856284	95856404	-0.012318	0.066439	0	0	0.000000	0.000000	0.000000	8
bb.chr2.98368131	chr2	98368131	98368251	0.077339	0.063708	0	0	0.000000	0.000000	0.000000	8
bb.chr2.99337753	chr2	99337753	99337873	0.015410	0.097528	0	0	0.000000	0.000000	0.000000	8
bb.chr2.100147482	chr2	100147482	100147602	0.001425	0.094038	0	0	0.000000	0.000000	0.000000	8
bb.chr2.101049307	chr2	101049307	101049427	-0.009838	0.069899	0	0	0.000000	0.000000	0.000000	8
bb.chr2.101984499	chr2	101984499	101984619	0.002632	0.067978	0	0	0.000000	0.000000	0.000000	8
bb.chr2.102593702	chr2	102593702	102593822	0.045490	0.086963	0	0	0.000000	0.000000	0.000000	8
bb.chr2.103963548	chr2	103963548	103963668	0.023695	0.090169	0	0	0.000000	0.000000	0.000000	8
bb.chr2.105049477	chr2	105049477	105049597	-0.057156	0.143927	0	0	0.000000	0.000000	0.000000	8
bb.chr2.105966147	chr2	105966147	105966267	-0.063397	0.071970	0	0	0.000000	0.000000	0.000000	8
bb.chr2.106582877	chr2	106582877	106582997	-0.010596	0.058549	0	0	0.000000	0.000000	0.000000	8
bb.chr2.107798487	chr2	107798487	107798607	0.020818	0.035150	0	0	0.000000	0.000000	0.000000	8
bb.chr2.109031525	chr2	109031525	109031645	-0.004509	0.177058	0	0	0.000000	0.000000	0.000000	8
bb.chr2.109499152	chr2	109499152	109499272	0.063143	0.127051	0	0	0.000000	0.000000	0.000000	8
bb.chr2.110273001	chr2	110273001	110273121	0.038083	0.180885	0	0	0.000000	0.000000	0.000000	8
bb.chr2.111031157	chr2	111031157	111031277	-0.001659	0.068916	0	0	0.000000	0.000000	0.000000	8
bb.chr2.111644173	chr2	111644173	111644293	0.018820	0.059068	0	0	0.000000	0.000000	0.000000	8
bb.chr2.112551836	chr2	112551836	112551956	0.017244	0.040730	0	0	0.000000	0.000000	0.000000	8
bb.chr2.113176814	chr2	113176814	113176934	0.018241	0.064387	0	0	0.000000	0.000000	0.000000	8
bb.chr2.114039681	chr2	114039681	114039801	0.010069	0.072317	0	0	0.000000	0.000000	0.000000	8
bb.chr2.114709896	chr2	114709896	114710016	-0.033903	0.088347	0	0	0.000000	0.000000	0.000000	8
bb.chr2.115620896	chr2	115620896	115621016	-0.040008	0.123884	0	0	0.000000	0.000000	0.000000	8
bb.chr2.116245780	chr2	116245780	116245900	-0.013877	0.067835	0	0	0.000000	0.000000	0.000000	8
bb.chr2.117092483	chr2	117092483	117092603	0.012363	0.128357	0	0	0.000000	0.000000	0.000000	8
bb.chr2.117772369	chr2	117772369	117772489	-0.032371	0.107817	0	0	0.000000	0.000000	0.000000	8
bb.chr2.118942460	chr2	118942460	118942580	0.069426	0.094746	0	0	0.000000	0.000000	0.000000	8
bb.chr2.120218195	chr2	120218195	120218315	0.021100	0.076066	0	0	0.000000	0.000000	0.000000	8
bb.chr2.120821905	chr2	120821905	120822025	0.008884	0.083447	0	0	0.000000	0.000000	0.000000	8
bb.chr2.121816381	chr2	121816381	121816501	0.023311	0.069575	0	0	0.000000	0.000000	0.000000	8
bb.chr2.122638369	chr2	122638369	122638489	0.015675	0.110913	0	0	0.000000	0.000000	0.000000	8
bb.chr2.123298120	chr2	123298120	123298240	0.010347	0.116914	0	0	0.000000	0.000000	0.000000	8
bb.chr2.123907814	chr2	123907814	123907934	-0.004331	0.079282	0	0	0.000000	0.000000	0.000000	8
bb.chr2.124509295	chr2	124509295	124509415	-0.074494	0.285610	0	0	0.000000	0.000000	0.000000	8
bb.chr2.125726340	chr2	125726340	125726460	-0.006036	0.059438	0	0	0.000000	0.000000	0.000000	8
bb.chr2.126365766	chr2	126365766	126365886	0.015232	0.071714	0	0	0.000000	0.000000	0.000000	8
bb.chr2.126981206	chr2	126981206	126981326	-0.015820	0.097361	0	0	0.000000	0.000000	0.000000	8
bb.chr2.127637123	chr2	127637123	127637243	0.002341	0.083500	0	0	0.000000	0.000000	0.000000	8
bb.chr2.128540082	chr2	128540082	128540202	-0.001319	0.064533	0	0	0.000000	0.000000	0.000000	8
bb.chr2.129362272	chr2	129362272	129362392	-0.007187	0.101238	0	0	0.000000	0.000000	0.000000	8
bb.chr2.130317460	chr2	130317460	130317580	-0.013381	0.074425	0	0	0.000000	0.000000	0.000000	8
bb.chr2.131536435	chr2	131536435	131536555	0.013126	0.172514	0	0	0.000000	0.000000	0.000000	8
bb.chr2.133090729	chr2	133090729	133090849	-0.018101	0.147618	0	0	0.000000	0.000000	0.000000	8
bb.chr2.134008238	chr2	134008238	134008358	0.015255	0.103349	0	0	0.000000	0.000000	0.000000	8
bb.chr2.134919841	chr2	134919841	134919961	-0.060876	0.189773	0	0	0.000000	0.000000	0.000000	8
bb.chr2.135798029	chr2	135798029	135798149	0.085515	0.056958	0	0	0.000000	0.000000	0.000000	8
bb.chr2.136494805	chr2	136494805	136494925	-0.013742	0.064519	0	0	0.000000	0.000000	0.000000	8
bb.chr2.137673093	chr2	137673093	137673213	0.012824	0.056900	0	0	0.000000	0.000000	0.000000	8
bb.chr2.138279433	chr2	138279433	138279553	-0.007862	0.090168	0	0	0.000000	0.000000	0.000000	8
bb.chr2.139192960	chr2	139192960	139193080	-0.003555	0.182111	0	0	0.000000	0.000000	0.000000	8
bb.chr2.139808668	chr2	139808668	139808788	-0.060492	0.191490	0	0	0.000000	0.000000	0.000000	8
bb.chr2.140423187	chr2	140423187	140423307	-0.007543	0.098098	0	0	0.000000	0.000000	0.000000	8
bb.chr2.141036576	chr2	141036576	141036696	0.011856	0.051230	0	0	0.000000	0.000000	0.000000	8
bb.chr2.141956942	chr2	141956942	141957062	-0.033775	0.034773	0	0	0.000000	0.000000	0.000000	8
bb.chr2.142884021	chr2	142884021	142884141	-0.041068	0.224541	0	0	0.000000	0.000000	0.000000	8
bb.chr2.143522889	chr2	143522889	143523009	-0.072538	0.201651	0	0	0.000000	0.000000	0.000000	8
bb.chr2.144456980	chr2	144456980	144457100	-0.026101	0.068772	0	0	0.000000	0.000000	0.000000	8
bb.chr2.145335464	chr2	145335464	145335584	-0.010487	0.097762	0	0	0.000000	0.000000	0.000000	8
bb.chr2.145935928	chr2	145935928	145936048	0.008880	0.062539	0	0	0.000000	0.000000	0.000000	8
bb.chr2.146833942	chr2	146833942	146834062	-3.139835	0.016675	0	2	0.000000	0.250000	0.250000	2
bb.chr2.147530236	chr2	147530236	147530356	0.037238	0.087645	0	0	0.000000	0.000000	0.000000	8
bb.chr2.148935850	chr2	148935850	148935970	-0.058282	0.197506	0	0	0.000000	0.000000	0.000000	8
bb.chr2.150148808	chr2	150148808	150148928	-0.006344	0.101117	0	0	0.000000	0.000000	0.000000	8
bb.chr2.150763119	chr2	150763119	150763239	0.070125	0.066957	0	0	0.000000	0.000000	0.000000	8
bb.chr2.151609231	chr2	151609231	151609351	0.010495	0.115254	0	0	0.000000	0.000000	0.000000	8
bb.chr2.152379263	chr2	152379263	152379383	0.018380	0.072670	0	0	0.000000	0.000000	0.000000	8
bb.chr2.153142646	chr2	153142646	153142766	-0.027257	0.030818	0	0	0.000000	0.000000	0.000000	8
bb.chr2.155025572	chr2	155025572	155025692	-0.017636	0.065294	0	0	0.000000	0.000000	0.000000	8
bb.chr2.155682429	chr2	155682429	155682549	-0.007143	0.114534	0	0	0.000000	0.000000	0.000000	8
bb.chr2.156311108	chr2	156311108	156311228	-0.360543	0.625151	0	2	0.000000	0.250000	0.250000	8
bb.chr2.158046417	chr2	158046417	158046537	0.013733	0.107178	0	0	0.000000	0.000000	0.000000	8
bb.chr2.158706334	chr2	158706334	158706454	0.019467	0.046171	0	0	0.000000	0.000000	0.000000	8
bb.chr2.159533691	chr2	159533691	159533811	0.015410	0.092574	0	0	0.000000	0.000000	0.000000	8
bb.chr2.160495208	chr2	160495208	160495328	-0.007887	0.049098	0	0	0.000000	0.000000	0.000000	8
bb.chr2.161226800	chr2	161226800	161226920	-0.003075	0.071364	0	0	0.000000	0.000000	0.000000	8
bb.chr2.161872497	chr2	161872497	161872617	0.002205	0.097494	0	0	0.000000	0.000000	0.000000	8
bb.chr2.163171218	chr2	163171218	163171338	0.084947	0.059754	0	0	0.000000	0.000000	0.000000	8
bb.chr2.163917083	chr2	163917083	163917203	0.024509	0.091753	0	0	0.000000	0.000000	0.000000	8
bb.chr2.164790762	chr2	164790762	164790882	-0.019204	0.066907	0	0	0.000000	0.000000	0.000000	8
bb.chr2.165410235	chr2	165410235	165410355			0	0	0.000000	0.000000	0.000000	0
bb.chr2.166354082	chr2	166354082	166354202	-0.231206	0.706334	3	2	0.375000	0.250000	0.625000	8
bb.chr2.166959721	chr2	166959721	166959841	-0.004017	0.135844	0	0	0.000000	0.000000	0.000000	8
bb.chr2.167692168	chr2	167692168	167692288	-0.012097	0.061334	0	0	0.000000	0.000000	0.000000	8
bb.chr2.168429615	chr2	168429615	168429735	-0.017419	0.066951	0	0	0.000000	0.000000	0.000000	8
bb.chr2.169115966	chr2	169115966	169116086	-0.002380	0.064574	0	0	0.000000	0.000000	0.000000	8
bb.chr2.169766530	chr2	169766530	169766650	-0.003389	0.078442	0	0	0.000000	0.000000	0.000000	8
bb.chr2.170829989	chr2	170829989	170830109	0.012404	0.059678	0	0	0.000000	0.000000	0.000000	8
bb.chr2.171574005	chr2	171574005	171574125	-0.025333	0.183146	0	0	0.000000	0.000000	0.000000	8
bb.chr2.172479686	chr2	172479686	172479806	0.046303	0.034812	0	0	0.000000	0.000000	0.000000	8
bb.chr2.173840757	chr2	173840757	173840877	0.011204	0.097609	0	0	0.000000	0.000000	0.000000	8
bb.chr2.174784529	chr2	174784529	174784649	-0.008547	0.103659	0	0	0.000000	0.000000	0.000000	8
bb.chr2.175557217	chr2	175557217	175557337	-0.019006	0.160250	0	0	0.000000	0.000000	0.000000	8
bb.chr2.176205338	chr2	176205338	176205458	0.003753	0.068936	0	0	0.000000	0.000000	0.000000	8
bb.chr2.177060018	chr2	177060018	177060138	-0.021193	0.023158	0	0	0.000000	0.000000	0.000000	8
bb.chr2.177998473	chr2	177998473	177998593	-0.015046	0.060222	0	0	0.000000	0.000000	0.000000	8
bb.chr2.178843890	chr2	178843890	178844010	0.019426	0.082524	0	0	0.000000	0.000000	0.000000	8
bb.chr2.179528798	chr2	179528798	179528918	-0.006070	0.051051	0	0	0.000000	0.000000	0.000000	8
bb.chr2.180136907	chr2	180136907	180137027	-0.150548	0.616088	2	2	0.250000	0.250000	0.500000	8
bb.chr2.180751089	chr2	180751089	180751209	0.024237	0.090139	0	0	0.000000	0.000000	0.000000	8
bb.chr2.181371578	chr2	181371578	181371698	-0.027610	0.076824	0	0	0.000000	0.000000	0.000000	8
bb.chr2.181988419	chr2	181988419	181988539	-0.046580	0.204495	0	0	0.000000	0.000000	0.000000	8
bb.chr2.182597547	chr2	182597547	182597667	0.009961	0.050359	0	0	0.000000	0.000000	0.000000	8
bb.chr2.183513318	chr2	183513318	183513438	0.003623	0.046376	0	0	0.000000	0.000000	0.000000	8
bb.chr2.184131160	chr2	184131160	184131280	-0.021580	0.061755	0	0	0.000000	0.000000	0.000000	8
bb.chr2.185346280	chr2	185346280	185346400	0.012551	0.069635	0	0	0.000000	0.000000	0.000000	8
bb.chr2.186488763	chr2	186488763	186488883	0.024426	0.079600	0	0	0.000000	0.000000	0.000000	8
bb.chr2.187599167	chr2	187599167	187599287	-0.002946	0.075924	0	0	0.000000	0.000000	0.000000	8
bb.chr2.188416842	chr2	188416842	188416962	-0.198338	0.601357	2	1	0.250000	0.125000	0.375000	8
bb.chr2.189288249	chr2	189288249	189288369	-0.057870	0.082083	0	0	0.000000	0.000000	0.000000	8
bb.chr2.190531402	chr2	190531402	190531522	-0.000913	0.071187	0	0	0.000000	0.000000	0.000000	8
bb.chr2.191160199	chr2	191160199	191160319	-0.026522	0.093755	0	0	0.000000	0.000000	0.000000	8
bb.chr2.192094530	chr2	192094530	192094650	-0.016300	0.087714	0	0	0.000000	0.000000	0.000000	8
bb.chr2.192699492	chr2	192699492	192699612	-0.053396	0.174403	0	0	0.000000	0.000000	0.000000	8
bb.chr2.194486173	chr2	194486173	194486293	0.008079	0.266223	1	0	0.125000	0.000000	0.125000	8
bb.chr2.195452495	chr2	195452495	195452615	-0.074110	0.484967	2	3	0.250000	0.375000	0.625000	8
bb.chr2.196246227	chr2	196246227	196246347	0.009605	0.100622	0	0	0.000000	0.000000	0.000000	8
bb.chr2.197301333	chr2	197301333	197301453	0.030320	0.097072	0	0	0.000000	0.000000	0.000000	8
SF3B1	chr2	197389782	197435042	0.000456	0.032084	0	0	0.000000	0.000000	0.000000	8
bb.chr2.199144111	chr2	199144111	199144231	0.010220	0.068101	0	0	0.000000	0.000000	0.000000	8
bb.chr2.200050326	chr2	200050326	200050446	-0.024035	0.100652	0	0	0.000000	0.000000	0.000000	8
bb.chr2.200794062	chr2	200794062	200794182	-0.024788	0.071473	0	0	0.000000	0.000000	0.000000	8
bb.chr2.201636422	chr2	201636422	201636542	-0.028847	0.107065	0	0	0.000000	0.000000	0.000000	8
bb.chr2.202767727	chr2	202767727	202767847	-0.022888	0.172741	0	0	0.000000	0.000000	0.000000	8
bb.chr2.203713122	chr2	203713122	203713242	0.018766	0.084385	0	0	0.000000	0.000000	0.000000	8
bb.chr2.204335548	chr2	204335548	204335668	0.003941	0.085238	0	0	0.000000	0.000000	0.000000	8
bb.chr2.204969155	chr2	204969155	204969275	-0.001698	0.060962	0	0	0.000000	0.000000	0.000000	8
bb.chr2.206189111	chr2	206189111	206189231	0.000081	0.071177	0	0	0.000000	0.000000	0.000000	8
bb.chr2.207082509	chr2	207082509	207082629	-0.025978	0.042375	0	0	0.000000	0.000000	0.000000	8
bb.chr2.208872831	chr2	208872831	208872951	0.018902	0.072257	0	0	0.000000	0.000000	0.000000	8
bb.chr2.209829936	chr2	209829936	209830056	-0.010451	0.082675	0	0	0.000000	0.000000	0.000000	8
bb.chr2.210784022	chr2	210784022	210784142	-0.092121	0.342286	1	2	0.125000	0.250000	0.375000	8
bb.chr2.211690369	chr2	211690369	211690489	0.061859	0.038132	0	0	0.000000	0.000000	0.000000	8
bb.chr2.212710722	chr2	212710722	212710842	0.019575	0.081456	0	0	0.000000	0.000000	0.000000	8
bb.chr2.214127328	chr2	214127328	214127448	-0.002542	0.053842	0	0	0.000000	0.000000	0.000000	8
bb.chr2.214749444	chr2	214749444	214749564	-0.011078	0.082564	0	0	0.000000	0.000000	0.000000	8
bb.chr2.215662639	chr2	215662639	215662759	-0.035935	0.150069	0	0	0.000000	0.000000	0.000000	8
bb.chr2.216283634	chr2	216283634	216283754	0.029203	0.093804	0	0	0.000000	0.000000	0.000000	8
bb.chr2.216897557	chr2	216897557	216897677	-0.005471	0.062291	0	0	0.000000	0.000000	0.000000	8
bb.chr2.217526234	chr2	217526234	217526354	0.005042	0.084361	0	0	0.000000	0.000000	0.000000	8
bb.chr2.218403130	chr2	218403130	218403250	0.023216	0.112373	0	0	0.000000	0.000000	0.000000	8
bb.chr2.219028314	chr2	219028314	219028434	0.003401	0.136843	0	0	0.000000	0.000000	0.000000	8
bb.chr2.219916658	chr2	219916658	219916778	-0.008647	0.059225	0	0	0.000000	0.000000	0.000000	8
bb.chr2.220587561	chr2	220587561	220587681	0.010758	0.083731	0	0	0.000000	0.000000	0.000000	8
bb.chr2.221817284	chr2	221817284	221817404	-0.022493	0.089934	0	0	0.000000	0.000000	0.000000	8
bb.chr2.222806729	chr2	222806729	222806849	0.044638	0.085692	0	0	0.000000	0.000000	0.000000	8
bb.chr2.223721591	chr2	223721591	223721711	0.025974	0.073703	0	0	0.000000	0.000000	0.000000	8
bb.chr2.224557462	chr2	224557462	224557582	-0.036768	0.138068	0	0	0.000000	0.000000	0.000000	8
bb.chr2.225498511	chr2	225498511	225498631	-0.030307	0.062838	0	0	0.000000	0.000000	0.000000	8
bb.chr2.226334487	chr2	226334487	226334607	-0.041673	0.075712	0	0	0.000000	0.000000	0.000000	8
bb.chr2.227002609	chr2	227002609	227002729	0.003181	0.126950	0	0	0.000000	0.000000	0.000000	8
bb.chr2.227609625	chr2	227609625	227609745	0.014750	0.060407	0	0	0.000000	0.000000	0.000000	8
bb.chr2.228227445	chr2	228227445	228227565	-0.004674	0.094047	0	0	0.000000	0.000000	0.000000	8
bb.chr2.228914047	chr2	228914047	228914167	-0.000044	0.057161	0	0	0.000000	0.000000	0.000000	8
bb.chr2.230326981	chr2	230326981	230327101	0.075161	0.224703	1	0	0.125000	0.000000	0.125000	8
bb.chr2.230982065	chr2	230982065	230982185	-0.023184	0.121932	0	0	0.000000	0.000000	0.000000	8
bb.chr2.231600388	chr2	231600388	231600508	0.021680	0.070992	0	0	0.000000	0.000000	0.000000	8
bb.chr2.233133711	chr2	233133711	233133831	0.034689	0.072151	0	0	0.000000	0.000000	0.000000	8
bb.chr2.234001407	chr2	234001407	234001527	-0.011978	0.103361	0	0	0.000000	0.000000	0.000000	8
bb.chr2.234954939	chr2	234954939	234955059	0.012307	0.090367	0	0	0.000000	0.000000	0.000000	8
bb.chr2.235825509	chr2	235825509	235825629	-0.015032	0.164275	0	0	0.000000	0.000000	0.000000	8
bb.chr2.237035875	chr2	237035875	237035995	-0.015479	0.041842	0	0	0.000000	0.000000	0.000000	8
bb.chr2.237992489	chr2	237992489	237992609	-0.046242	0.175127	0	0	0.000000	0.000000	0.000000	8
bb.chr2.238596921	chr2	238596921	238597041	0.012771	0.046289	0	0	0.000000	0.000000	0.000000	8
bb.chr2.239191638	chr2	239191638	239191758	0.018168	0.104926	0	0	0.000000	0.000000	0.000000	8
bb.chr2.239811266	chr2	239811266	239811386	-0.029708	0.198179	0	0	0.000000	0.000000	0.000000	8
bb.chr2.240704224	chr2	240704224	240704344	-0.021322	0.121463	0	0	0.000000	0.000000	0.000000	8
bb.chr2.241324908	chr2	241324908	241325028	-0.024145	0.094052	0	0	0.000000	0.000000	0.000000	8
bb.chr3.540505	chr3	540505	540625	-0.134111	0.332803	0	1	0.000000	0.125000	0.125000	8
bb.chr3.2034282	chr3	2034282	2034402	0.025230	0.076067	0	0	0.000000	0.000000	0.000000	8
bb.chr3.2664316	chr3	2664316	2664436	-0.053831	0.156476	0	0	0.000000	0.000000	0.000000	8
bb.chr3.3266240	chr3	3266240	3266360	-0.016329	0.182016	0	0	0.000000	0.000000	0.000000	8
bb.chr3.4182987	chr3	4182987	4183107	-0.004700	0.076853	0	0	0.000000	0.000000	0.000000	8
bb.chr3.5071788	chr3	5071788	5071908	-0.040566	0.150917	0	0	0.000000	0.000000	0.000000	8
bb.chr3.5678114	chr3	5678114	5678234	0.001115	0.071965	0	0	0.000000	0.000000	0.000000	8
bb.chr3.6568321	chr3	6568321	6568441	-0.050118	0.186632	0	0	0.000000	0.000000	0.000000	8
bb.chr3.7168981	chr3	7168981	7169101	0.009920	0.089297	0	0	0.000000	0.000000	0.000000	8
bb.chr3.7820873	chr3	7820873	7820993	-0.038977	0.140726	0	0	0.000000	0.000000	0.000000	8
bb.chr3.8996225	chr3	8996225	8996345	0.022187	0.073658	0	0	0.000000	0.000000	0.000000	8
bb.chr3.9603782	chr3	9603782	9603902	0.020504	0.078206	0	0	0.000000	0.000000	0.000000	8
bb.chr3.10498578	chr3	10498578	10498698	0.010601	0.076063	0	0	0.000000	0.000000	0.000000	8
bb.chr3.11392609	chr3	11392609	11392729	0.027742	0.038847	0	0	0.000000	0.000000	0.000000	8
bb.chr3.12435496	chr3	12435496	12435616	0.014110	0.066542	0	0	0.000000	0.000000	0.000000	8
bb.chr3.13213580	chr3	13213580	13213700	-0.001716	0.155956	0	0	0.000000	0.000000	0.000000	8
bb.chr3.14116660	chr3	14116660	14116780	-0.008386	0.034950	0	0	0.000000	0.000000	0.000000	8
bb.chr3.15110495	chr3	15110495	15110615	0.044378	0.094788	0	0	0.000000	0.000000	0.000000	8
bb.chr3.16210428	chr3	16210428	16210548	0.019108	0.132400	0	0	0.000000	0.000000	0.000000	8
bb.chr3.17092805	chr3	17092805	17092925	-0.008402	0.078269	0	0	0.000000	0.000000	0.000000	8
bb.chr3.18248981	chr3	18248981	18249101	-0.007026	0.078753	0	0	0.000000	0.000000	0.000000	8
bb.chr3.18873249	chr3	18873249	18873369	0.013065	0.156315	0	0	0.000000	0.000000	0.000000	8
bb.chr3.19523881	chr3	19523881	19524001	-0.012173	0.116947	0	0	0.000000	0.000000	0.000000	8
bb.chr3.20423656	chr3	20423656	20423776	0.031886	0.071882	0	0	0.000000	0.000000	0.000000	8
bb.chr3.21632557	chr3	21632557	21632677	0.021540	0.061724	0	0	0.000000	0.000000	0.000000	8
bb.chr3.22246443	chr3	22246443	22246563	0.003943	0.100976	0	0	0.000000	0.000000	0.000000	8
bb.chr3.22859064	chr3	22859064	22859184	-0.026660	0.166360	0	0	0.000000	0.000000	0.000000	8
bb.chr3.23727315	chr3	23727315	23727435	0.011466	0.047491	0	0	0.000000	0.000000	0.000000	8
bb.chr3.24624742	chr3	24624742	24624862	0.001929	0.092705	0	0	0.000000	0.000000	0.000000	8
bb.chr3.25555947	chr3	25555947	25556067	0.012891	0.051053	0	0	0.000000	0.000000	0.000000	8
bb.chr3.26414347	chr3	26414347	26414467	0.029646	0.062630	0	0	0.000000	0.000000	0.000000	8
bb.chr3.27622160	chr3	27622160	27622280	0.008402	0.157694	0	0	0.000000	0.000000	0.000000	8
bb.chr3.28549999	chr3	28549999	28550119	-0.011909	0.142103	0	0	0.000000	0.000000	0.000000	8
bb.chr3.29164357	chr3	29164357	29164477	-0.139489	0.414102	0	2	0.000000	0.250000	0.250000	8
bb.chr3.30077167	chr3	30077167	30077287	0.076401	0.070412	0	0	0.000000	0.000000	0.000000	8
bb.chr3.31159479	chr3	31159479	31159599	-0.011869	0.043565	0	0	0.000000	0.000000	0.000000	8
bb.chr3.31878025	chr3	31878025	31878145	0.055508	0.101833	0	0	0.000000	0.000000	0.000000	8
bb.chr3.32842044	chr3	32842044	32842164	-0.004185	0.091366	0	0	0.000000	0.000000	0.000000	8
bb.chr3.33957284	chr3	33957284	33957404	0.007948	0.070851	0	0	0.000000	0.000000	0.000000	8
bb.chr3.34565636	chr3	34565636	34565756	0.051897	0.053614	0	0	0.000000	0.000000	0.000000	8
bb.chr3.35187666	chr3	35187666	35187786	0.005990	0.074575	0	0	0.000000	0.000000	0.000000	8
bb.chr3.36945532	chr3	36945532	36945652	-0.002123	0.069102	0	0	0.000000	0.000000	0.000000	8
bb.chr3.37570309	chr3	37570309	37570429	0.126512	0.117971	0	0	0.000000	0.000000	0.000000	8
MYD88	chr3	38138659	38143021	-0.013805	0.040880	0	0	0.000000	0.000000	0.000000	8
bb.chr3.38499767	chr3	38499767	38499887	-0.020697	0.073982	0	0	0.000000	0.000000	0.000000	8
bb.chr3.39172761	chr3	39172761	39172881	0.008918	0.052021	0	0	0.000000	0.000000	0.000000	8
bb.chr3.40294675	chr3	40294675	40294795	-0.019527	0.107645	0	0	0.000000	0.000000	0.000000	8
bb.chr3.41127056	chr3	41127056	41127176	0.009333	0.097440	0	0	0.000000	0.000000	0.000000	8
CTNNB1	chr3	41199503	41240442	0.004454	0.034369	0	0	0.000000	0.000000	0.000000	8
bb.chr3.42099701	chr3	42099701	42099821	0.007343	0.094985	0	0	0.000000	0.000000	0.000000	8
bb.chr3.43135468	chr3	43135468	43135588	-0.029522	0.122754	0	0	0.000000	0.000000	0.000000	8
bb.chr3.43924049	chr3	43924049	43924169	-0.007557	0.125114	0	0	0.000000	0.000000	0.000000	8
bb.chr3.44784762	chr3	44784762	44784882	-0.049529	0.224888	0	0	0.000000	0.000000	0.000000	8
bb.chr3.45417735	chr3	45417735	45417855	-0.033740	0.242915	0	0	0.000000	0.000000	0.000000	8
bb.chr3.46107610	chr3	46107610	46107730	0.008296	0.071146	0	0	0.000000	0.000000	0.000000	8
bb.chr3.46921485	chr3	46921485	46921605	0.012062	0.050622	0	0	0.000000	0.000000	0.000000	8
SETD2	chr3	47016434	47164128	0.005356	0.013444	0	0	0.000000	0.000000	0.000000	8
bb.chr3.47565020	chr3	47565020	47565140	-0.001392	0.049643	0	0	0.000000	0.000000	0.000000	8
bb.chr3.48445309	chr3	48445309	48445429	-0.025436	0.099458	0	0	0.000000	0.000000	0.000000	8
bb.chr3.50578048	chr3	50578048	50578168	-0.015709	0.036972	0	0	0.000000	0.000000	0.000000	8
bb.chr3.51592373	chr3	51592373	51592493	0.019095	0.049692	0	0	0.000000	0.000000	0.000000	8
bb.chr3.52304776	chr3	52304776	52304896	-0.001645	0.083933	0	0	0.000000	0.000000	0.000000	8
bb.chr3.53238238	chr3	53238238	53238358	-0.030838	0.097808	0	0	0.000000	0.000000	0.000000	8
bb.chr3.53852825	chr3	53852825	53852945	0.007718	0.092887	0	0	0.000000	0.000000	0.000000	8
bb.chr3.55031680	chr3	55031680	55031800	-0.013634	0.096483	0	0	0.000000	0.000000	0.000000	8
bb.chr3.55973268	chr3	55973268	55973388	-0.034343	0.081269	0	0	0.000000	0.000000	0.000000	8
bb.chr3.57126224	chr3	57126224	57126344	-0.021758	0.088511	0	0	0.000000	0.000000	0.000000	8
bb.chr3.57851292	chr3	57851292	57851412	-0.012242	0.131159	0	0	0.000000	0.000000	0.000000	8
bb.chr3.58624143	chr3	58624143	58624263	-0.015855	0.070667	0	0	0.000000	0.000000	0.000000	8
bb.chr3.59919025	chr3	59919025	59919145	-0.028513	0.148743	0	0	0.000000	0.000000	0.000000	8
bb.chr3.60525340	chr3	60525340	60525460	-0.214263	0.824063	4	3	0.500000	0.375000	0.875000	8
bb.chr3.61158048	chr3	61158048	61158168	-1.799323	1.295937	0	4	0.000000	0.500000	0.500000	4
bb.chr3.62017111	chr3	62017111	62017231	0.021550	0.075333	0	0	0.000000	0.000000	0.000000	8
bb.chr3.63278799	chr3	63278799	63278919	0.010848	0.084582	0	0	0.000000	0.000000	0.000000	8
bb.chr3.64135554	chr3	64135554	64135674	0.014258	0.102164	0	0	0.000000	0.000000	0.000000	8
bb.chr3.65258243	chr3	65258243	65258363	0.006405	0.085162	0	0	0.000000	0.000000	0.000000	8
bb.chr3.66151128	chr3	66151128	66151248	0.008316	0.055849	0	0	0.000000	0.000000	0.000000	8
bb.chr3.66793282	chr3	66793282	66793402	0.010666	0.047416	0	0	0.000000	0.000000	0.000000	8
bb.chr3.67681402	chr3	67681402	67681522	-0.033001	0.224962	0	0	0.000000	0.000000	0.000000	8
bb.chr3.68550290	chr3	68550290	68550410	0.061021	0.045829	0	0	0.000000	0.000000	0.000000	8
bb.chr3.69225103	chr3	69225103	69225223	-0.051562	0.181014	0	0	0.000000	0.000000	0.000000	8
bb.chr3.70648283	chr3	70648283	70648403	-0.019789	0.110440	0	0	0.000000	0.000000	0.000000	8
bb.chr3.71251356	chr3	71251356	71251476	-0.011322	0.058569	0	0	0.000000	0.000000	0.000000	8
bb.chr3.71895032	chr3	71895032	71895152	-0.008408	0.108669	0	0	0.000000	0.000000	0.000000	8
bb.chr3.72501709	chr3	72501709	72501829	-0.006638	0.074393	0	0	0.000000	0.000000	0.000000	8
bb.chr3.73686910	chr3	73686910	73687030	0.004031	0.072227	0	0	0.000000	0.000000	0.000000	8
bb.chr3.74500448	chr3	74500448	74500568	-0.037505	0.076704	0	0	0.000000	0.000000	0.000000	8
bb.chr3.75490946	chr3	75490946	75491066	-0.020125	0.117118	0	0	0.000000	0.000000	0.000000	8
bb.chr3.76422844	chr3	76422844	76422964	-0.107627	0.528452	2	3	0.250000	0.375000	0.625000	8
bb.chr3.77337644	chr3	77337644	77337764	-0.258646	0.513855	0	2	0.000000	0.250000	0.250000	8
bb.chr3.78275754	chr3	78275754	78275874	0.015342	0.069181	0	0	0.000000	0.000000	0.000000	8
bb.chr3.79422930	chr3	79422930	79423050	-0.017221	0.095376	0	0	0.000000	0.000000	0.000000	8
bb.chr3.80980023	chr3	80980023	80980143	0.014887	0.102736	0	0	0.000000	0.000000	0.000000	8
bb.chr3.81664379	chr3	81664379	81664499	0.001833	0.108017	0	0	0.000000	0.000000	0.000000	8
bb.chr3.82415159	chr3	82415159	82415279	-0.090140	0.302371	0	1	0.000000	0.125000	0.125000	8
bb.chr3.83955484	chr3	83955484	83955604	0.032492	0.089223	0	0	0.000000	0.000000	0.000000	8
bb.chr3.84610513	chr3	84610513	84610633	-0.012756	0.138206	0	0	0.000000	0.000000	0.000000	8
bb.chr3.86001396	chr3	86001396	86001516	-0.025392	0.090506	0	0	0.000000	0.000000	0.000000	8
bb.chr3.86673613	chr3	86673613	86673733	0.004554	0.094069	0	0	0.000000	0.000000	0.000000	8
bb.chr3.87599553	chr3	87599553	87599673	-0.230032	0.753624	3	2	0.375000	0.250000	0.625000	8
bb.chr3.88448824	chr3	88448824	88448944	-0.128464	0.399917	1	2	0.125000	0.250000	0.375000	8
bb.chr3.89057619	chr3	89057619	89057739	0.025390	0.073219	0	0	0.000000	0.000000	0.000000	8
bb.chr3.93988726	chr3	93988726	93988846	0.007225	0.070721	0	0	0.000000	0.000000	0.000000	8
bb.chr3.94926881	chr3	94926881	94927001	0.070731	0.068428	0	0	0.000000	0.000000	0.000000	8
bb.chr3.95985311	chr3	95985311	95985431	0.026932	0.089334	0	0	0.000000	0.000000	0.000000	8
bb.chr3.97777751	chr3	97777751	97777871	0.011166	0.050283	0	0	0.000000	0.000000	0.000000	8
bb.chr3.98434174	chr3	98434174	98434294	-0.009864	0.070255	0	0	0.000000	0.000000	0.000000	8
bb.chr3.99439714	chr3	99439714	99439834	0.024772	0.060594	0	0	0.000000	0.000000	0.000000	8
bb.chr3.100315945	chr3	100315945	100316065	-0.003482	0.066360	0	0	0.000000	0.000000	0.000000	8
bb.chr3.101124243	chr3	101124243	101124363	-0.009055	0.093211	0	0	0.000000	0.000000	0.000000	8
bb.chr3.102171991	chr3	102171991	102172111	0.000365	0.089420	0	0	0.000000	0.000000	0.000000	8
bb.chr3.103138427	chr3	103138427	103138547	-0.026409	0.055231	0	0	0.000000	0.000000	0.000000	8
bb.chr3.103838091	chr3	103838091	103838211	-0.016882	0.114705	0	0	0.000000	0.000000	0.000000	8
bb.chr3.104924214	chr3	104924214	104924334	-0.073977	0.374748	1	1	0.125000	0.125000	0.250000	8
bb.chr3.105629981	chr3	105629981	105630101	-0.044104	0.363641	1	0	0.125000	0.000000	0.125000	8
CBLB	chr3	105655459	105869011	-0.001066	0.026265	0	0	0.000000	0.000000	0.000000	8
bb.chr3.106529025	chr3	106529025	106529145	0.009103	0.045258	0	0	0.000000	0.000000	0.000000	8
bb.chr3.107365694	chr3	107365694	107365814	-0.027030	0.057661	0	0	0.000000	0.000000	0.000000	8
bb.chr3.108046485	chr3	108046485	108046605	-0.012650	0.079788	0	0	0.000000	0.000000	0.000000	8
bb.chr3.109547053	chr3	109547053	109547173	0.005412	0.172937	0	0	0.000000	0.000000	0.000000	8
bb.chr3.110399915	chr3	110399915	110400035	-0.012942	0.059949	0	0	0.000000	0.000000	0.000000	8
bb.chr3.111314087	chr3	111314087	111314207	-0.005049	0.107332	0	0	0.000000	0.000000	0.000000	8
bb.chr3.112386956	chr3	112386956	112387076	-0.080409	0.403762	1	1	0.125000	0.125000	0.250000	8
bb.chr3.113437401	chr3	113437401	113437521	0.032523	0.087341	0	0	0.000000	0.000000	0.000000	8
bb.chr3.114067336	chr3	114067336	114067456	-0.009075	0.283238	1	0	0.125000	0.000000	0.125000	8
bb.chr3.115382021	chr3	115382021	115382141	0.019463	0.089176	0	0	0.000000	0.000000	0.000000	8
bb.chr3.116138763	chr3	116138763	116138883	0.008600	0.106574	0	0	0.000000	0.000000	0.000000	8
bb.chr3.116777844	chr3	116777844	116777964	0.022163	0.082715	0	0	0.000000	0.000000	0.000000	8
bb.chr3.117413312	chr3	117413312	117413432	0.058621	0.052383	0	0	0.000000	0.000000	0.000000	8
bb.chr3.118284570	chr3	118284570	118284690	-0.000390	0.104047	0	0	0.000000	0.000000	0.000000	8
bb.chr3.118888239	chr3	118888239	118888359	-0.002006	0.084907	0	0	0.000000	0.000000	0.000000	8
bb.chr3.119491283	chr3	119491283	119491403	-0.155842	0.526673	0	1	0.000000	0.125000	0.125000	8
bb.chr3.120271911	chr3	120271911	120272031	0.039539	0.051458	0	0	0.000000	0.000000	0.000000	8
bb.chr3.122492815	chr3	122492815	122492935	0.029467	0.099511	0	0	0.000000	0.000000	0.000000	8
bb.chr3.123120969	chr3	123120969	123121089	0.015439	0.057355	0	0	0.000000	0.000000	0.000000	8
bb.chr3.123799481	chr3	123799481	123799601	0.004251	0.065530	0	0	0.000000	0.000000	0.000000	8
bb.chr3.125209064	chr3	125209064	125209184	0.007689	0.063194	0	0	0.000000	0.000000	0.000000	8
bb.chr3.126110749	chr3	126110749	126110869	0.005118	0.100306	0	0	0.000000	0.000000	0.000000	8
bb.chr3.126764253	chr3	126764253	126764373	-0.003086	0.064860	0	0	0.000000	0.000000	0.000000	8
bb.chr3.127684115	chr3	127684115	127684235	-0.001838	0.072805	0	0	0.000000	0.000000	0.000000	8
GATA2	chr3	128479425	128493200	0.003787	0.045160	0	0	0.000000	0.000000	0.000000	8
GATA2_intron4	chr3	128482979	128483579	0.037194	0.053700	0	0	0.000000	0.000000	0.000000	8
bb.chr3.128861671	chr3	128861671	128861791	0.001980	0.119005	0	0	0.000000	0.000000	0.000000	8
bb.chr3.129992899	chr3	129992899	129993019	-0.013081	0.127769	0	0	0.000000	0.000000	0.000000	8
bb.chr3.130840412	chr3	130840412	130840532	-0.211514	0.570463	1	1	0.125000	0.125000	0.250000	8
bb.chr3.131453037	chr3	131453037	131453157	-0.004401	0.049827	0	0	0.000000	0.000000	0.000000	8
bb.chr3.132502172	chr3	132502172	132502292	0.000402	0.069171	0	0	0.000000	0.000000	0.000000	8
bb.chr3.133354823	chr3	133354823	133354943	0.006999	0.065256	0	0	0.000000	0.000000	0.000000	8
bb.chr3.134389637	chr3	134389637	134389757	-0.016519	0.113854	0	0	0.000000	0.000000	0.000000	8
bb.chr3.135160652	chr3	135160652	135160772	0.030847	0.101346	0	0	0.000000	0.000000	0.000000	8
bb.chr3.136958570	chr3	136958570	136958690	-0.437547	1.119512	2	1	0.250000	0.125000	0.375000	8
bb.chr3.137854405	chr3	137854405	137854525	-0.011107	0.068260	0	0	0.000000	0.000000	0.000000	8
bb.chr3.138455404	chr3	138455404	138455524	-0.000461	0.057435	0	0	0.000000	0.000000	0.000000	8
bb.chr3.139122535	chr3	139122535	139122655	0.005785	0.038095	0	0	0.000000	0.000000	0.000000	8
bb.chr3.140301792	chr3	140301792	140301912	-0.027289	0.031996	0	0	0.000000	0.000000	0.000000	8
bb.chr3.141279312	chr3	141279312	141279432	-0.006210	0.072711	0	0	0.000000	0.000000	0.000000	8
bb.chr3.142991162	chr3	142991162	142991282	0.000136	0.120717	0	0	0.000000	0.000000	0.000000	8
bb.chr3.143974060	chr3	143974060	143974180	-0.030402	0.077233	0	0	0.000000	0.000000	0.000000	8
bb.chr3.144765711	chr3	144765711	144765831	0.010237	0.077563	0	0	0.000000	0.000000	0.000000	8
bb.chr3.146883982	chr3	146883982	146884102	-0.020398	0.120684	0	0	0.000000	0.000000	0.000000	8
bb.chr3.148245276	chr3	148245276	148245396	-0.009532	0.228897	0	0	0.000000	0.000000	0.000000	8
bb.chr3.148968794	chr3	148968794	148968914	0.000878	0.162627	0	0	0.000000	0.000000	0.000000	8
bb.chr3.150469467	chr3	150469467	150469587	0.045224	0.064547	0	0	0.000000	0.000000	0.000000	8
bb.chr3.151092698	chr3	151092698	151092818	0.021445	0.055013	0	0	0.000000	0.000000	0.000000	8
bb.chr3.152305041	chr3	152305041	152305161	0.029133	0.078224	0	0	0.000000	0.000000	0.000000	8
bb.chr3.152913880	chr3	152913880	152914000	0.054083	0.096615	0	0	0.000000	0.000000	0.000000	8
bb.chr3.153807562	chr3	153807562	153807682	-0.039520	0.151975	0	0	0.000000	0.000000	0.000000	8
bb.chr3.154417636	chr3	154417636	154417756	0.001007	0.076970	0	0	0.000000	0.000000	0.000000	8
bb.chr3.155313306	chr3	155313306	155313426	0.010740	0.068634	0	0	0.000000	0.000000	0.000000	8
bb.chr3.156291765	chr3	156291765	156291885	0.037303	0.096485	0	0	0.000000	0.000000	0.000000	8
bb.chr3.157437012	chr3	157437012	157437132	0.021756	0.083335	0	0	0.000000	0.000000	0.000000	8
bb.chr3.158332347	chr3	158332347	158332467	-0.045159	0.467946	2	2	0.250000	0.250000	0.500000	8
bb.chr3.159115594	chr3	159115594	159115714	0.013244	0.107727	0	0	0.000000	0.000000	0.000000	8
bb.chr3.159817327	chr3	159817327	159817447	-0.015709	0.094754	0	0	0.000000	0.000000	0.000000	8
bb.chr3.160694327	chr3	160694327	160694447	-0.011490	0.083034	0	0	0.000000	0.000000	0.000000	8
bb.chr3.161330126	chr3	161330126	161330246	-0.008896	0.117320	0	0	0.000000	0.000000	0.000000	8
bb.chr3.162554811	chr3	162554811	162554931	-0.008446	0.057610	0	0	0.000000	0.000000	0.000000	8
bb.chr3.163439534	chr3	163439534	163439654	0.000986	0.125438	0	0	0.000000	0.000000	0.000000	8
bb.chr3.164041165	chr3	164041165	164041285	-0.014672	0.080918	0	0	0.000000	0.000000	0.000000	8
bb.chr3.165254992	chr3	165254992	165255112	0.011958	0.066208	0	0	0.000000	0.000000	0.000000	8
bb.chr3.166401855	chr3	166401855	166401975	0.024075	0.140107	0	0	0.000000	0.000000	0.000000	8
bb.chr3.167348877	chr3	167348877	167348997	-0.042527	0.129520	0	0	0.000000	0.000000	0.000000	8
bb.chr3.168185985	chr3	168185985	168186105	0.009138	0.101882	0	0	0.000000	0.000000	0.000000	8
bb.chr3.168863643	chr3	168863643	168863763	0.017587	0.061477	0	0	0.000000	0.000000	0.000000	8
bb.chr3.169744975	chr3	169744975	169745095	-0.006575	0.177322	0	0	0.000000	0.000000	0.000000	8
TERC	chr3	169764399	169765734	-0.017361	0.052883	0	0	0.000000	0.000000	0.000000	8
bb.chr3.171263020	chr3	171263020	171263140	0.017959	0.064988	0	0	0.000000	0.000000	0.000000	8
bb.chr3.172467808	chr3	172467808	172467928	-0.031839	0.136385	0	0	0.000000	0.000000	0.000000	8
bb.chr3.173395191	chr3	173395191	173395311	-0.000213	0.065303	0	0	0.000000	0.000000	0.000000	8
bb.chr3.174278078	chr3	174278078	174278198	-0.007179	0.125729	0	0	0.000000	0.000000	0.000000	8
bb.chr3.175471870	chr3	175471870	175471990	-0.061808	0.315361	1	1	0.125000	0.125000	0.250000	8
bb.chr3.177589794	chr3	177589794	177589914	-0.001990	0.076714	0	0	0.000000	0.000000	0.000000	8
bb.chr3.178774363	chr3	178774363	178774483	0.036505	0.058528	0	0	0.000000	0.000000	0.000000	8
bb.chr3.179973849	chr3	179973849	179973969	-0.000246	0.085084	0	0	0.000000	0.000000	0.000000	8
bb.chr3.180821544	chr3	180821544	180821664	0.020976	0.101079	0	0	0.000000	0.000000	0.000000	8
bb.chr3.181504820	chr3	181504820	181504940	-0.010728	0.097620	0	0	0.000000	0.000000	0.000000	8
bb.chr3.182708360	chr3	182708360	182708480	0.013210	0.062977	0	0	0.000000	0.000000	0.000000	8
bb.chr3.183919997	chr3	183919997	183920117	-0.000162	0.080956	0	0	0.000000	0.000000	0.000000	8
bb.chr3.184805765	chr3	184805765	184805885	0.047087	0.080006	0	0	0.000000	0.000000	0.000000	8
bb.chr3.185710857	chr3	185710857	185710977	-0.228699	0.907468	1	3	0.125000	0.375000	0.500000	8
bb.chr3.186320796	chr3	186320796	186320916	-0.002470	0.063984	0	0	0.000000	0.000000	0.000000	8
bb.chr3.187241194	chr3	187241194	187241314	-0.008096	0.055436	0	0	0.000000	0.000000	0.000000	8
bb.chr3.188459779	chr3	188459779	188459899	-0.016658	0.109956	0	0	0.000000	0.000000	0.000000	8
bb.chr3.189331919	chr3	189331919	189332039	-0.168068	0.516508	1	1	0.125000	0.125000	0.250000	8
bb.chr3.190233117	chr3	190233117	190233237	0.045057	0.125255	0	0	0.000000	0.000000	0.000000	8
bb.chr3.190850089	chr3	190850089	190850209	-0.003089	0.112251	0	0	0.000000	0.000000	0.000000	8
bb.chr3.191753116	chr3	191753116	191753236	-0.004668	0.099194	0	0	0.000000	0.000000	0.000000	8
bb.chr3.192369435	chr3	192369435	192369555	0.031203	0.091721	0	0	0.000000	0.000000	0.000000	8
bb.chr3.193548610	chr3	193548610	193548730	-0.021847	0.096081	0	0	0.000000	0.000000	0.000000	8
bb.chr3.194512711	chr3	194512711	194512831	-0.025650	0.089948	0	0	0.000000	0.000000	0.000000	8
bb.chr3.195185443	chr3	195185443	195185563	0.006957	0.097485	0	0	0.000000	0.000000	0.000000	8
bb.chr3.195947326	chr3	195947326	195947446	-0.086549	0.216779	0	1	0.000000	0.125000	0.125000	8
bb.chr3.196631912	chr3	196631912	196632032	0.011874	0.082279	0	0	0.000000	0.000000	0.000000	8
bb.chr3.198052242	chr3	198052242	198052362	-0.044076	0.260485	0	0	0.000000	0.000000	0.000000	8
bb.chr4.670059	chr4	670059	670179	0.015034	0.044415	0	0	0.000000	0.000000	0.000000	8
bb.chr4.1359473	chr4	1359473	1359593	0.020343	0.110304	0	0	0.000000	0.000000	0.000000	8
bb.chr4.2267590	chr4	2267590	2267710	0.085327	0.121120	0	0	0.000000	0.000000	0.000000	8
bb.chr4.2936864	chr4	2936864	2936984	0.019217	0.084575	0	0	0.000000	0.000000	0.000000	8
bb.chr4.3751630	chr4	3751630	3751750	0.009535	0.074228	0	0	0.000000	0.000000	0.000000	8
bb.chr4.4555463	chr4	4555463	4555583	0.005261	0.083703	0	0	0.000000	0.000000	0.000000	8
bb.chr4.5676902	chr4	5676902	5677022	0.017843	0.078342	0	0	0.000000	0.000000	0.000000	8
bb.chr4.6723996	chr4	6723996	6724116	0.014957	0.057128	0	0	0.000000	0.000000	0.000000	8
bb.chr4.8046012	chr4	8046012	8046132	0.029997	0.080045	0	0	0.000000	0.000000	0.000000	8
bb.chr4.8881739	chr4	8881739	8881859	0.029657	0.091072	0	0	0.000000	0.000000	0.000000	8
bb.chr4.9994167	chr4	9994167	9994287	0.019743	0.092365	0	0	0.000000	0.000000	0.000000	8
bb.chr4.10691546	chr4	10691546	10691666	-0.021456	0.088366	0	0	0.000000	0.000000	0.000000	8
bb.chr4.11745614	chr4	11745614	11745734	-0.050741	0.090101	0	0	0.000000	0.000000	0.000000	8
bb.chr4.12353523	chr4	12353523	12353643	-0.042174	0.109171	0	0	0.000000	0.000000	0.000000	8
bb.chr4.13150256	chr4	13150256	13150376	0.003156	0.116288	0	0	0.000000	0.000000	0.000000	8
bb.chr4.13786535	chr4	13786535	13786655	-0.002789	0.142669	0	0	0.000000	0.000000	0.000000	8
bb.chr4.14943801	chr4	14943801	14943921	0.014572	0.075382	0	0	0.000000	0.000000	0.000000	8
bb.chr4.15848303	chr4	15848303	15848423	-0.002163	0.056102	0	0	0.000000	0.000000	0.000000	8
bb.chr4.16653675	chr4	16653675	16653795	0.010177	0.085547	0	0	0.000000	0.000000	0.000000	8
bb.chr4.17941792	chr4	17941792	17941912	-0.010279	0.101297	0	0	0.000000	0.000000	0.000000	8
bb.chr4.18797161	chr4	18797161	18797281	-0.012418	0.061069	0	0	0.000000	0.000000	0.000000	8
bb.chr4.19597554	chr4	19597554	19597674	0.015605	0.039830	0	0	0.000000	0.000000	0.000000	8
bb.chr4.20210253	chr4	20210253	20210373	-0.139881	0.748915	2	3	0.250000	0.375000	0.625000	8
bb.chr4.20983455	chr4	20983455	20983575	0.019459	0.078466	0	0	0.000000	0.000000	0.000000	8
bb.chr4.22139547	chr4	22139547	22139667	0.005241	0.197317	0	0	0.000000	0.000000	0.000000	8
bb.chr4.23349429	chr4	23349429	23349549	-0.054727	0.136908	0	0	0.000000	0.000000	0.000000	8
bb.chr4.24132748	chr4	24132748	24132868	-0.006747	0.064319	0	0	0.000000	0.000000	0.000000	8
DHX15	chr4	24527473	24584553	-0.001470	0.032954	0	0	0.000000	0.000000	0.000000	8
bb.chr4.24992775	chr4	24992775	24992895	-0.020023	0.121226	0	0	0.000000	0.000000	0.000000	8
bb.chr4.25773542	chr4	25773542	25773662	-0.007082	0.073059	0	0	0.000000	0.000000	0.000000	8
bb.chr4.27101848	chr4	27101848	27101968	0.011738	0.108225	0	0	0.000000	0.000000	0.000000	8
bb.chr4.27919283	chr4	27919283	27919403	0.001730	0.103123	0	0	0.000000	0.000000	0.000000	8
bb.chr4.28706286	chr4	28706286	28706406	-0.067927	0.181256	0	0	0.000000	0.000000	0.000000	8
bb.chr4.29337348	chr4	29337348	29337468	-0.042257	0.100610	0	0	0.000000	0.000000	0.000000	8
bb.chr4.30621566	chr4	30621566	30621686	-0.009316	0.129380	0	0	0.000000	0.000000	0.000000	8
bb.chr4.31397378	chr4	31397378	31397498	-0.058752	0.195638	0	0	0.000000	0.000000	0.000000	8
bb.chr4.32221498	chr4	32221498	32221618	0.007128	0.065169	0	0	0.000000	0.000000	0.000000	8
bb.chr4.32927511	chr4	32927511	32927631	-0.021436	0.130394	0	0	0.000000	0.000000	0.000000	8
bb.chr4.34919102	chr4	34919102	34919222	-0.023867	0.095554	0	0	0.000000	0.000000	0.000000	8
bb.chr4.36012213	chr4	36012213	36012333	-0.017025	0.089304	0	0	0.000000	0.000000	0.000000	8
bb.chr4.36738207	chr4	36738207	36738327	0.007097	0.109433	0	0	0.000000	0.000000	0.000000	8
bb.chr4.38396392	chr4	38396392	38396512	0.011683	0.071554	0	0	0.000000	0.000000	0.000000	8
bb.chr4.39133187	chr4	39133187	39133307	-0.115227	0.268525	0	1	0.000000	0.125000	0.125000	8
bb.chr4.40253821	chr4	40253821	40253941	0.007574	0.053977	0	0	0.000000	0.000000	0.000000	8
bb.chr4.41133467	chr4	41133467	41133587	0.005506	0.087500	0	0	0.000000	0.000000	0.000000	8
bb.chr4.42427070	chr4	42427070	42427190	-0.296011	0.638978	0	1	0.000000	0.125000	0.125000	8
bb.chr4.43230558	chr4	43230558	43230678	-0.010516	0.085722	0	0	0.000000	0.000000	0.000000	8
bb.chr4.43945160	chr4	43945160	43945280	0.012379	0.110182	0	0	0.000000	0.000000	0.000000	8
bb.chr4.44578235	chr4	44578235	44578355	0.016897	0.069470	0	0	0.000000	0.000000	0.000000	8
bb.chr4.45793818	chr4	45793818	45793938	0.020159	0.139825	0	0	0.000000	0.000000	0.000000	8
bb.chr4.47560120	chr4	47560120	47560240	0.011395	0.096554	0	0	0.000000	0.000000	0.000000	8
bb.chr4.48334908	chr4	48334908	48335028	-0.003891	0.063293	0	0	0.000000	0.000000	0.000000	8
bb.chr4.49616454	chr4	49616454	49616574	-0.344770	0.809272	1	2	0.125000	0.250000	0.375000	8
bb.chr4.52112515	chr4	52112515	52112635	-0.007763	0.087504	0	0	0.000000	0.000000	0.000000	8
bb.chr4.52958017	chr4	52958017	52958137	-0.011556	0.076420	0	0	0.000000	0.000000	0.000000	8
bb.chr4.53708828	chr4	53708828	53708948	0.010942	0.080304	0	0	0.000000	0.000000	0.000000	8
bb.chr4.54435481	chr4	54435481	54435601	-0.008686	0.038096	0	0	0.000000	0.000000	0.000000	8
KIT	chr4	54657957	54740714	0.000363	0.021030	0	0	0.000000	0.000000	0.000000	8
bb.chr4.55157972	chr4	55157972	55158092	-0.001933	0.080825	0	0	0.000000	0.000000	0.000000	8
bb.chr4.56105045	chr4	56105045	56105165	-0.118497	0.467139	1	2	0.125000	0.250000	0.375000	8
bb.chr4.56878610	chr4	56878610	56878730	0.013028	0.074673	0	0	0.000000	0.000000	0.000000	8
bb.chr4.58017012	chr4	58017012	58017132	0.006489	0.069680	0	0	0.000000	0.000000	0.000000	8
bb.chr4.59816842	chr4	59816842	59816962	-0.230888	0.865157	2	3	0.250000	0.375000	0.625000	8
bb.chr4.61182957	chr4	61182957	61183077	0.012746	0.052190	0	0	0.000000	0.000000	0.000000	8
bb.chr4.61914044	chr4	61914044	61914164	0.004344	0.063745	0	0	0.000000	0.000000	0.000000	8
bb.chr4.62564976	chr4	62564976	62565096	0.016019	0.051154	0	0	0.000000	0.000000	0.000000	8
bb.chr4.63311081	chr4	63311081	63311201	-0.003376	0.126742	0	0	0.000000	0.000000	0.000000	8
bb.chr4.64438653	chr4	64438653	64438773	-0.003464	0.145411	0	0	0.000000	0.000000	0.000000	8
bb.chr4.65081746	chr4	65081746	65081866	0.021562	0.079346	0	0	0.000000	0.000000	0.000000	8
bb.chr4.65984151	chr4	65984151	65984271	-0.054473	0.213260	0	1	0.000000	0.125000	0.125000	8
bb.chr4.67075357	chr4	67075357	67075477	-0.020535	0.172337	0	0	0.000000	0.000000	0.000000	8
bb.chr4.67894548	chr4	67894548	67894668			0	0	0.000000	0.000000	0.000000	0
bb.chr4.69079644	chr4	69079644	69079764	0.032164	0.039385	0	0	0.000000	0.000000	0.000000	8
bb.chr4.69735548	chr4	69735548	69735668	-0.000129	0.053149	0	0	0.000000	0.000000	0.000000	8
bb.chr4.70557132	chr4	70557132	70557252	-0.028819	0.118919	0	0	0.000000	0.000000	0.000000	8
bb.chr4.71406585	chr4	71406585	71406705	-0.038554	0.099640	0	0	0.000000	0.000000	0.000000	8
bb.chr4.72188021	chr4	72188021	72188141	-0.488702	1.362298	4	2	0.500000	0.250000	0.750000	7
bb.chr4.73275671	chr4	73275671	73275791	-0.007527	0.127753	0	0	0.000000	0.000000	0.000000	8
bb.chr4.74545970	chr4	74545970	74546090	-0.067065	0.188523	0	0	0.000000	0.000000	0.000000	8
bb.chr4.75303072	chr4	75303072	75303192	0.036646	0.104049	0	0	0.000000	0.000000	0.000000	8
bb.chr4.76211866	chr4	76211866	76211986	-0.005558	0.062039	0	0	0.000000	0.000000	0.000000	8
bb.chr4.77208174	chr4	77208174	77208294	0.017132	0.095065	0	0	0.000000	0.000000	0.000000	8
bb.chr4.78012958	chr4	78012958	78013078	-0.039632	0.201005	0	0	0.000000	0.000000	0.000000	8
bb.chr4.78719863	chr4	78719863	78719983	-0.233865	0.826501	2	2	0.250000	0.250000	0.500000	8
bb.chr4.80191673	chr4	80191673	80191793	-0.004212	0.134245	0	0	0.000000	0.000000	0.000000	8
bb.chr4.81961877	chr4	81961877	81961997	0.009744	0.069545	0	0	0.000000	0.000000	0.000000	8
bb.chr4.82680937	chr4	82680937	82681057	-0.043084	0.143368	0	0	0.000000	0.000000	0.000000	8
bb.chr4.83426210	chr4	83426210	83426330	-0.086190	0.378371	1	1	0.125000	0.125000	0.250000	8
bb.chr4.84161081	chr4	84161081	84161201	0.000970	0.128778	0	0	0.000000	0.000000	0.000000	8
bb.chr4.85012237	chr4	85012237	85012357	-0.045993	0.205064	0	0	0.000000	0.000000	0.000000	8
bb.chr4.86337793	chr4	86337793	86337913	-0.009706	0.059249	0	0	0.000000	0.000000	0.000000	8
bb.chr4.87393583	chr4	87393583	87393703	-0.127592	0.262944	0	1	0.000000	0.125000	0.125000	8
bb.chr4.88249620	chr4	88249620	88249740	0.028940	0.056992	0	0	0.000000	0.000000	0.000000	8
bb.chr4.89295536	chr4	89295536	89295656	-0.015324	0.106587	0	0	0.000000	0.000000	0.000000	8
bb.chr4.90645516	chr4	90645516	90645636	-0.073044	0.536699	1	1	0.125000	0.125000	0.250000	8
bb.chr4.91763757	chr4	91763757	91763877	0.034768	0.045774	0	0	0.000000	0.000000	0.000000	8
bb.chr4.92775942	chr4	92775942	92776062	-0.026911	0.328019	2	0	0.250000	0.000000	0.250000	8
bb.chr4.93620375	chr4	93620375	93620495	0.022769	0.126320	0	0	0.000000	0.000000	0.000000	8
bb.chr4.94364161	chr4	94364161	94364281	-0.083028	0.345662	0	1	0.000000	0.125000	0.125000	8
bb.chr4.95216301	chr4	95216301	95216421	0.001400	0.054443	0	0	0.000000	0.000000	0.000000	8
bb.chr4.96002272	chr4	96002272	96002392	-0.014926	0.107303	0	0	0.000000	0.000000	0.000000	8
bb.chr4.96891059	chr4	96891059	96891179	0.018395	0.077160	0	0	0.000000	0.000000	0.000000	8
bb.chr4.98045042	chr4	98045042	98045162	-0.022257	0.089827	0	0	0.000000	0.000000	0.000000	8
bb.chr4.98878711	chr4	98878711	98878831	0.001633	0.091278	0	0	0.000000	0.000000	0.000000	8
bb.chr4.100095178	chr4	100095178	100095298	0.008212	0.036064	0	0	0.000000	0.000000	0.000000	8
bb.chr4.100762283	chr4	100762283	100762403	0.014710	0.132616	0	0	0.000000	0.000000	0.000000	8
bb.chr4.102193235	chr4	102193235	102193355	-0.017646	0.116318	0	0	0.000000	0.000000	0.000000	8
bb.chr4.103021281	chr4	103021281	103021401	-0.007348	0.067735	0	0	0.000000	0.000000	0.000000	8
bb.chr4.103800531	chr4	103800531	103800651	-0.079199	0.245906	0	1	0.000000	0.125000	0.125000	8
bb.chr4.104576246	chr4	104576246	104576366	-0.000003	0.114803	0	0	0.000000	0.000000	0.000000	8
TET2	chr4	105146863	105279802	0.006051	0.017339	0	0	0.000000	0.000000	0.000000	8
bb.chr4.105185136	chr4	105185136	105185256	-0.051931	0.251640	0	0	0.000000	0.000000	0.000000	8
bb.chr4.106463067	chr4	106463067	106463187	-0.049536	0.245030	0	0	0.000000	0.000000	0.000000	8
bb.chr4.107552451	chr4	107552451	107552571	0.054362	0.079259	0	0	0.000000	0.000000	0.000000	8
bb.chr4.108625801	chr4	108625801	108625921	-0.057944	0.174227	0	0	0.000000	0.000000	0.000000	8
bb.chr4.109268495	chr4	109268495	109268615	-0.103138	0.314597	0	1	0.000000	0.125000	0.125000	8
bb.chr4.109959148	chr4	109959148	109959268	-0.001543	0.084282	0	0	0.000000	0.000000	0.000000	8
bb.chr4.110798192	chr4	110798192	110798312	0.004977	0.051777	0	0	0.000000	0.000000	0.000000	8
bb.chr4.112146976	chr4	112146976	112147096	-0.083148	0.164190	0	0	0.000000	0.000000	0.000000	8
bb.chr4.112845262	chr4	112845262	112845382	-0.007364	0.158076	0	0	0.000000	0.000000	0.000000	8
bb.chr4.113467890	chr4	113467890	113468010	0.012287	0.046474	0	0	0.000000	0.000000	0.000000	8
bb.chr4.114534895	chr4	114534895	114535015	-0.006847	0.050290	0	0	0.000000	0.000000	0.000000	8
bb.chr4.115334128	chr4	115334128	115334248	-0.165003	0.888396	3	4	0.375000	0.500000	0.875000	8
bb.chr4.116107360	chr4	116107360	116107480	0.002670	0.059039	0	0	0.000000	0.000000	0.000000	8
bb.chr4.116949076	chr4	116949076	116949196	-0.016412	0.084036	0	0	0.000000	0.000000	0.000000	8
bb.chr4.118294352	chr4	118294352	118294472	0.014439	0.055392	0	0	0.000000	0.000000	0.000000	8
bb.chr4.119130731	chr4	119130731	119130851	0.025437	0.080045	0	0	0.000000	0.000000	0.000000	8
bb.chr4.120174938	chr4	120174938	120175058	0.018280	0.081978	0	0	0.000000	0.000000	0.000000	8
bb.chr4.120936742	chr4	120936742	120936862	0.012884	0.112025	0	0	0.000000	0.000000	0.000000	8
bb.chr4.122078746	chr4	122078746	122078866	0.030879	0.079203	0	0	0.000000	0.000000	0.000000	8
bb.chr4.123118108	chr4	123118108	123118228	-0.034730	0.137730	0	0	0.000000	0.000000	0.000000	8
bb.chr4.123930295	chr4	123930295	123930415	-0.013749	0.117653	0	0	0.000000	0.000000	0.000000	8
bb.chr4.124742727	chr4	124742727	124742847	0.002667	0.108045	0	0	0.000000	0.000000	0.000000	8
bb.chr4.126883574	chr4	126883574	126883694	-0.089003	0.449394	1	1	0.125000	0.125000	0.250000	8
bb.chr4.127705835	chr4	127705835	127705955	-0.026973	0.105796	0	0	0.000000	0.000000	0.000000	8
bb.chr4.128931940	chr4	128931940	128932060	0.022842	0.565702	3	0	0.375000	0.000000	0.375000	8
bb.chr4.129567863	chr4	129567863	129567983	0.000348	0.024084	0	0	0.000000	0.000000	0.000000	8
bb.chr4.130516541	chr4	130516541	130516661	-0.109236	0.208025	0	0	0.000000	0.000000	0.000000	8
bb.chr4.131130383	chr4	131130383	131130503	-0.004930	0.092819	0	0	0.000000	0.000000	0.000000	8
bb.chr4.132523166	chr4	132523166	132523286	-0.001928	0.080361	0	0	0.000000	0.000000	0.000000	8
bb.chr4.133302754	chr4	133302754	133302874	-0.010960	0.030306	0	0	0.000000	0.000000	0.000000	8
bb.chr4.133999778	chr4	133999778	133999898	-0.046128	0.114588	0	0	0.000000	0.000000	0.000000	8
bb.chr4.135205008	chr4	135205008	135205128	0.001379	0.074771	0	0	0.000000	0.000000	0.000000	8
bb.chr4.136769291	chr4	136769291	136769411	-0.013677	0.170157	0	0	0.000000	0.000000	0.000000	8
bb.chr4.138159986	chr4	138159986	138160106	-0.105945	0.388457	0	1	0.000000	0.125000	0.125000	8
bb.chr4.138961674	chr4	138961674	138961794	0.002993	0.057994	0	0	0.000000	0.000000	0.000000	8
bb.chr4.139756890	chr4	139756890	139757010	-0.000808	0.085765	0	0	0.000000	0.000000	0.000000	8
bb.chr4.140380036	chr4	140380036	140380156	0.019481	0.076944	0	0	0.000000	0.000000	0.000000	8
bb.chr4.141061181	chr4	141061181	141061301	-0.007408	0.088251	0	0	0.000000	0.000000	0.000000	8
bb.chr4.142434029	chr4	142434029	142434149	-0.012145	0.129317	0	0	0.000000	0.000000	0.000000	8
bb.chr4.143506407	chr4	143506407	143506527	-0.012942	0.102094	0	0	0.000000	0.000000	0.000000	8
bb.chr4.144356903	chr4	144356903	144357023	0.007840	0.044866	0	0	0.000000	0.000000	0.000000	8
bb.chr4.145042595	chr4	145042595	145042715	-0.034538	0.172269	0	0	0.000000	0.000000	0.000000	8
bb.chr4.145888786	chr4	145888786	145888906	-0.011334	0.193541	0	0	0.000000	0.000000	0.000000	8
bb.chr4.146745585	chr4	146745585	146745705	-0.006075	0.046029	0	0	0.000000	0.000000	0.000000	8
bb.chr4.147557356	chr4	147557356	147557476	0.008868	0.167652	0	0	0.000000	0.000000	0.000000	8
bb.chr4.148362926	chr4	148362926	148363046	-0.035928	0.083733	0	0	0.000000	0.000000	0.000000	8
bb.chr4.149146511	chr4	149146511	149146631	-0.025124	0.051188	0	0	0.000000	0.000000	0.000000	8
bb.chr4.150310159	chr4	150310159	150310279	-0.064478	0.213372	0	0	0.000000	0.000000	0.000000	8
bb.chr4.151622571	chr4	151622571	151622691	0.005992	0.116307	0	0	0.000000	0.000000	0.000000	8
bb.chr4.152662544	chr4	152662544	152662664	0.005947	0.058425	0	0	0.000000	0.000000	0.000000	8
bb.chr4.153502913	chr4	153502913	153503033	-0.003823	0.064448	0	0	0.000000	0.000000	0.000000	8
bb.chr4.155075215	chr4	155075215	155075335	-0.014415	0.114818	0	0	0.000000	0.000000	0.000000	8
bb.chr4.156689980	chr4	156689980	156690100	-0.005216	0.105725	0	0	0.000000	0.000000	0.000000	8
bb.chr4.158965460	chr4	158965460	158965580	0.047039	0.073163	0	0	0.000000	0.000000	0.000000	8
bb.chr4.159948493	chr4	159948493	159948613	-0.014357	0.159644	0	0	0.000000	0.000000	0.000000	8
bb.chr4.160711735	chr4	160711735	160711855	-0.032843	0.210613	0	0	0.000000	0.000000	0.000000	8
bb.chr4.161512099	chr4	161512099	161512219	-0.034213	0.168890	0	0	0.000000	0.000000	0.000000	8
bb.chr4.162322032	chr4	162322032	162322152	-0.059472	0.185240	0	0	0.000000	0.000000	0.000000	8
NAF1	chr4	163128667	163166889	-0.012205	0.039265	0	0	0.000000	0.000000	0.000000	8
bb.chr4.163403870	chr4	163403870	163403990	-0.052767	0.193982	0	0	0.000000	0.000000	0.000000	8
bb.chr4.164189322	chr4	164189322	164189442	0.062071	0.038130	0	0	0.000000	0.000000	0.000000	8
bb.chr4.165061345	chr4	165061345	165061465	-0.003677	0.115879	0	0	0.000000	0.000000	0.000000	8
bb.chr4.165842831	chr4	165842831	165842951	-0.001801	0.067614	0	0	0.000000	0.000000	0.000000	8
bb.chr4.166485885	chr4	166485885	166486005	-0.022185	0.183048	0	0	0.000000	0.000000	0.000000	8
bb.chr4.167118805	chr4	167118805	167118925	-0.019598	0.083998	0	0	0.000000	0.000000	0.000000	8
bb.chr4.168769603	chr4	168769603	168769723	-0.015852	0.042994	0	0	0.000000	0.000000	0.000000	8
bb.chr4.170405970	chr4	170405970	170406090	-0.072887	0.319953	0	1	0.000000	0.125000	0.125000	8
bb.chr4.171118276	chr4	171118276	171118396	-0.038527	0.158530	0	0	0.000000	0.000000	0.000000	8
bb.chr4.171981677	chr4	171981677	171981797	0.001737	0.327544	1	1	0.125000	0.125000	0.250000	8
bb.chr4.172586415	chr4	172586415	172586535	-0.013688	0.085201	0	0	0.000000	0.000000	0.000000	8
bb.chr4.173421356	chr4	173421356	173421476	0.073886	0.212514	1	0	0.125000	0.000000	0.125000	8
bb.chr4.174139409	chr4	174139409	174139529	-0.003759	0.714208	3	2	0.375000	0.250000	0.625000	8
bb.chr4.175015470	chr4	175015470	175015590	0.018186	0.144690	0	0	0.000000	0.000000	0.000000	8
bb.chr4.176544267	chr4	176544267	176544387	-0.160510	0.858671	3	3	0.375000	0.375000	0.750000	8
bb.chr4.177351896	chr4	177351896	177352016	0.011847	0.110410	0	0	0.000000	0.000000	0.000000	8
bb.chr4.178438017	chr4	178438017	178438137	-0.019410	0.152846	0	0	0.000000	0.000000	0.000000	8
bb.chr4.179793797	chr4	179793797	179793917	0.014756	0.090647	0	0	0.000000	0.000000	0.000000	8
bb.chr4.180865481	chr4	180865481	180865601	-0.052017	0.185577	0	0	0.000000	0.000000	0.000000	8
bb.chr4.181660473	chr4	181660473	181660593	-0.007621	0.124998	0	0	0.000000	0.000000	0.000000	8
bb.chr4.182444454	chr4	182444454	182444574	0.007819	0.121021	0	0	0.000000	0.000000	0.000000	8
bb.chr4.183532981	chr4	183532981	183533101	0.018248	0.048638	0	0	0.000000	0.000000	0.000000	8
bb.chr4.184344188	chr4	184344188	184344308	0.034720	0.083432	0	0	0.000000	0.000000	0.000000	8
bb.chr4.185162406	chr4	185162406	185162526	-0.022998	0.282497	1	0	0.125000	0.000000	0.125000	8
bb.chr4.186228326	chr4	186228326	186228446	0.008540	0.110487	0	0	0.000000	0.000000	0.000000	8
bb.chr4.187292489	chr4	187292489	187292609	-0.010840	0.164944	0	0	0.000000	0.000000	0.000000	8
bb.chr4.187934119	chr4	187934119	187934239	0.028526	0.086990	0	0	0.000000	0.000000	0.000000	8
bb.chr4.188644380	chr4	188644380	188644500	0.001359	0.050527	0	0	0.000000	0.000000	0.000000	8
bb.chr4.189446440	chr4	189446440	189446560	0.012633	0.198487	0	0	0.000000	0.000000	0.000000	8
bb.chr5.202107	chr5	202107	202227	0.017992	0.079006	0	0	0.000000	0.000000	0.000000	8
bb.chr5.1076346	chr5	1076346	1076466	0.009371	0.114302	0	0	0.000000	0.000000	0.000000	8
bb.chr5.1882212	chr5	1882212	1882332	0.083345	0.092609	0	0	0.000000	0.000000	0.000000	8
bb.chr5.2693894	chr5	2693894	2694014	0.016404	0.104083	0	0	0.000000	0.000000	0.000000	8
bb.chr5.3488288	chr5	3488288	3488408	0.026894	0.077622	0	0	0.000000	0.000000	0.000000	8
bb.chr5.4297857	chr5	4297857	4297977	0.042270	0.428690	1	1	0.125000	0.125000	0.250000	8
bb.chr5.4949111	chr5	4949111	4949231	-0.027316	0.137369	0	0	0.000000	0.000000	0.000000	8
bb.chr5.5910365	chr5	5910365	5910485	-0.010054	0.042214	0	0	0.000000	0.000000	0.000000	8
bb.chr5.6989560	chr5	6989560	6989680	-0.070738	0.204102	0	0	0.000000	0.000000	0.000000	8
bb.chr5.8549580	chr5	8549580	8549700	-0.117891	0.420650	0	1	0.000000	0.125000	0.125000	8
bb.chr5.9401891	chr5	9401891	9402011	-0.010390	0.045075	0	0	0.000000	0.000000	0.000000	8
bb.chr5.10150761	chr5	10150761	10150881	-0.001930	0.058257	0	0	0.000000	0.000000	0.000000	8
bb.chr5.10964499	chr5	10964499	10964619	-0.050672	0.358600	0	2	0.000000	0.250000	0.250000	8
bb.chr5.11869966	chr5	11869966	11870086	0.049260	0.092720	0	0	0.000000	0.000000	0.000000	8
bb.chr5.12551597	chr5	12551597	12551717	0.011130	0.105143	0	0	0.000000	0.000000	0.000000	8
bb.chr5.13185593	chr5	13185593	13185713	0.005895	0.147207	0	0	0.000000	0.000000	0.000000	8
bb.chr5.13986934	chr5	13986934	13987054	0.024901	0.060069	0	0	0.000000	0.000000	0.000000	8
bb.chr5.14779993	chr5	14779993	14780113	0.020915	0.044958	0	0	0.000000	0.000000	0.000000	8
bb.chr5.15850249	chr5	15850249	15850369	0.008149	0.108471	0	0	0.000000	0.000000	0.000000	8
bb.chr5.16924362	chr5	16924362	16924482	-0.031207	0.070113	0	0	0.000000	0.000000	0.000000	8
bb.chr5.18329869	chr5	18329869	18329989	-0.003481	0.141081	0	0	0.000000	0.000000	0.000000	8
bb.chr5.19373164	chr5	19373164	19373284	-0.024335	0.164805	0	0	0.000000	0.000000	0.000000	8
bb.chr5.20613663	chr5	20613663	20613783	-0.112877	0.537216	1	2	0.125000	0.250000	0.375000	8
bb.chr5.22005516	chr5	22005516	22005636	0.024898	0.075393	0	0	0.000000	0.000000	0.000000	8
bb.chr5.22812095	chr5	22812095	22812215	-0.072533	0.324897	0	0	0.000000	0.000000	0.000000	8
bb.chr5.23620841	chr5	23620841	23620961	-0.005913	0.133118	0	0	0.000000	0.000000	0.000000	8
bb.chr5.24512464	chr5	24512464	24512584	-0.003816	0.052570	0	0	0.000000	0.000000	0.000000	8
bb.chr5.25247051	chr5	25247051	25247171	0.047622	0.067920	0	0	0.000000	0.000000	0.000000	8
bb.chr5.26028220	chr5	26028220	26028340	-0.029387	0.271104	1	0	0.125000	0.000000	0.125000	8
bb.chr5.26861935	chr5	26861935	26862055	-0.003815	0.082258	0	0	0.000000	0.000000	0.000000	8
bb.chr5.28210308	chr5	28210308	28210428	-0.015824	0.124690	0	0	0.000000	0.000000	0.000000	8
bb.chr5.28933853	chr5	28933853	28933973	-0.046492	0.174141	0	0	0.000000	0.000000	0.000000	8
bb.chr5.29582964	chr5	29582964	29583084	-0.164056	0.393326	0	2	0.000000	0.250000	0.250000	8
bb.chr5.30895656	chr5	30895656	30895776	-0.063911	0.135201	0	0	0.000000	0.000000	0.000000	8
bb.chr5.31951795	chr5	31951795	31951915	-0.041564	0.120555	0	0	0.000000	0.000000	0.000000	8
bb.chr5.32831773	chr5	32831773	32831893	0.009769	0.099190	0	0	0.000000	0.000000	0.000000	8
bb.chr5.33581465	chr5	33581465	33581585	0.034640	0.082526	0	0	0.000000	0.000000	0.000000	8
bb.chr5.34861451	chr5	34861451	34861571	-0.007529	0.085921	0	0	0.000000	0.000000	0.000000	8
IL7R	chr5	35856889	35879602	-0.004979	0.036790	0	0	0.000000	0.000000	0.000000	8
bb.chr5.36049886	chr5	36049886	36050006	0.002918	0.168485	0	0	0.000000	0.000000	0.000000	8
bb.chr5.36819233	chr5	36819233	36819353	-0.016410	0.104196	0	0	0.000000	0.000000	0.000000	8
bb.chr5.37612184	chr5	37612184	37612304	-0.166552	0.732269	3	3	0.375000	0.375000	0.750000	8
bb.chr5.38264573	chr5	38264573	38264693	0.013015	0.072772	0	0	0.000000	0.000000	0.000000	8
bb.chr5.39259281	chr5	39259281	39259401	0.014794	0.090694	0	0	0.000000	0.000000	0.000000	8
bb.chr5.40286491	chr5	40286491	40286611	-0.041157	0.293745	0	0	0.000000	0.000000	0.000000	8
bb.chr5.40916503	chr5	40916503	40916623	-0.005977	0.140882	0	0	0.000000	0.000000	0.000000	8
bb.chr5.44048729	chr5	44048729	44048849	-0.036120	0.094233	0	0	0.000000	0.000000	0.000000	8
bb.chr5.44865824	chr5	44865824	44865944	-0.060862	0.208985	0	0	0.000000	0.000000	0.000000	8
bb.chr5.45690025	chr5	45690025	45690145	0.021138	0.088523	0	0	0.000000	0.000000	0.000000	8
bb.chr5.51158838	chr5	51158838	51158958	-0.013998	0.114493	0	0	0.000000	0.000000	0.000000	8
bb.chr5.52282169	chr5	52282169	52282289	-0.001201	0.075345	0	0	0.000000	0.000000	0.000000	8
bb.chr5.53087942	chr5	53087942	53088062	-0.006702	0.054331	0	0	0.000000	0.000000	0.000000	8
bb.chr5.54437326	chr5	54437326	54437446	0.001669	0.109396	0	0	0.000000	0.000000	0.000000	8
bb.chr5.55247942	chr5	55247942	55248062	-0.008432	0.047606	0	0	0.000000	0.000000	0.000000	8
bb.chr5.56149242	chr5	56149242	56149362	0.072614	0.097171	0	0	0.000000	0.000000	0.000000	8
bb.chr5.57028487	chr5	57028487	57028607	0.034072	0.044845	0	0	0.000000	0.000000	0.000000	8
bb.chr5.57653372	chr5	57653372	57653492	-0.020425	0.132930	0	0	0.000000	0.000000	0.000000	8
bb.chr5.58454463	chr5	58454463	58454583	0.008149	0.098439	0	0	0.000000	0.000000	0.000000	8
bb.chr5.59586445	chr5	59586445	59586565	0.006654	0.104125	0	0	0.000000	0.000000	0.000000	8
bb.chr5.60631024	chr5	60631024	60631144	0.008231	0.091074	0	0	0.000000	0.000000	0.000000	8
bb.chr5.61969996	chr5	61969996	61970116	-0.017054	0.105640	0	0	0.000000	0.000000	0.000000	8
bb.chr5.62769426	chr5	62769426	62769546	-0.001263	0.076306	0	0	0.000000	0.000000	0.000000	8
bb.chr5.63524621	chr5	63524621	63524741	-0.058534	0.324907	1	0	0.125000	0.000000	0.125000	8
bb.chr5.64568878	chr5	64568878	64568998	0.004086	0.029677	0	0	0.000000	0.000000	0.000000	8
bb.chr5.65192593	chr5	65192593	65192713	-0.020872	0.155354	0	0	0.000000	0.000000	0.000000	8
bb.chr5.65907911	chr5	65907911	65908031	0.008247	0.072965	0	0	0.000000	0.000000	0.000000	8
bb.chr5.66533979	chr5	66533979	66534099	-0.122235	0.359280	0	1	0.000000	0.125000	0.125000	8
bb.chr5.67478904	chr5	67478904	67479024	-0.046101	0.113898	0	0	0.000000	0.000000	0.000000	8
bb.chr5.68365000	chr5	68365000	68365120	0.016807	0.116139	0	0	0.000000	0.000000	0.000000	8
bb.chr5.71456881	chr5	71456881	71457001	-0.015149	0.120227	0	0	0.000000	0.000000	0.000000	8
bb.chr5.72150104	chr5	72150104	72150224	-0.018251	0.089945	0	0	0.000000	0.000000	0.000000	8
bb.chr5.73152457	chr5	73152457	73152577	-0.000626	0.098859	0	0	0.000000	0.000000	0.000000	8
bb.chr5.73776067	chr5	73776067	73776187	0.016594	0.069102	0	0	0.000000	0.000000	0.000000	8
bb.chr5.74588002	chr5	74588002	74588122	0.006495	0.086885	0	0	0.000000	0.000000	0.000000	8
bb.chr5.75656976	chr5	75656976	75657096	0.002784	0.093070	0	0	0.000000	0.000000	0.000000	8
bb.chr5.76485405	chr5	76485405	76485525	-0.012717	0.139787	0	0	0.000000	0.000000	0.000000	8
bb.chr5.77275333	chr5	77275333	77275453	-0.006866	0.057082	0	0	0.000000	0.000000	0.000000	8
bb.chr5.77981217	chr5	77981217	77981337	0.090635	0.108889	0	0	0.000000	0.000000	0.000000	8
bb.chr5.78885967	chr5	78885967	78886087	0.010198	0.073879	0	0	0.000000	0.000000	0.000000	8
bb.chr5.79713636	chr5	79713636	79713756	-0.005686	0.054095	0	0	0.000000	0.000000	0.000000	8
bb.chr5.80514046	chr5	80514046	80514166	-0.010300	0.179517	0	0	0.000000	0.000000	0.000000	8
bb.chr5.81857034	chr5	81857034	81857154	-0.035584	0.086560	0	0	0.000000	0.000000	0.000000	8
bb.chr5.82909973	chr5	82909973	82910093	-0.019687	0.080324	0	0	0.000000	0.000000	0.000000	8
bb.chr5.83965059	chr5	83965059	83965179	-0.007383	0.140623	0	0	0.000000	0.000000	0.000000	8
bb.chr5.84627289	chr5	84627289	84627409	-0.113128	0.307629	0	1	0.000000	0.125000	0.125000	8
bb.chr5.85329923	chr5	85329923	85330043	0.013290	0.132396	0	0	0.000000	0.000000	0.000000	8
bb.chr5.86133237	chr5	86133237	86133357	-0.003554	0.088939	0	0	0.000000	0.000000	0.000000	8
bb.chr5.87276247	chr5	87276247	87276367	0.028525	0.141811	0	0	0.000000	0.000000	0.000000	8
bb.chr5.88839585	chr5	88839585	88839705	-0.026174	0.171821	0	0	0.000000	0.000000	0.000000	8
bb.chr5.89673255	chr5	89673255	89673375	-0.001617	0.050581	0	0	0.000000	0.000000	0.000000	8
bb.chr5.90441310	chr5	90441310	90441430	-0.013286	0.084658	0	0	0.000000	0.000000	0.000000	8
bb.chr5.91323338	chr5	91323338	91323458	-0.015888	0.093387	0	0	0.000000	0.000000	0.000000	8
bb.chr5.92104294	chr5	92104294	92104414	-0.031139	0.066299	0	0	0.000000	0.000000	0.000000	8
bb.chr5.92865313	chr5	92865313	92865433	-0.025240	0.075190	0	0	0.000000	0.000000	0.000000	8
bb.chr5.93682182	chr5	93682182	93682302	0.014511	0.082795	0	0	0.000000	0.000000	0.000000	8
bb.chr5.94390056	chr5	94390056	94390176	0.005130	0.077421	0	0	0.000000	0.000000	0.000000	8
bb.chr5.95241597	chr5	95241597	95241717	-0.008896	0.118291	0	0	0.000000	0.000000	0.000000	8
bb.chr5.96064643	chr5	96064643	96064763	-0.008580	0.037067	0	0	0.000000	0.000000	0.000000	8
bb.chr5.97117541	chr5	97117541	97117661	-0.014123	0.088641	0	0	0.000000	0.000000	0.000000	8
bb.chr5.98134198	chr5	98134198	98134318	-0.288569	0.851707	1	2	0.125000	0.250000	0.375000	8
bb.chr5.98781701	chr5	98781701	98781821	0.014873	0.136396	0	0	0.000000	0.000000	0.000000	8
bb.chr5.99975166	chr5	99975166	99975286	-0.036024	0.119227	0	0	0.000000	0.000000	0.000000	8
bb.chr5.100624066	chr5	100624066	100624186	-0.282524	0.860550	2	3	0.250000	0.375000	0.625000	8
bb.chr5.101240788	chr5	101240788	101240908	-0.021249	0.151871	0	0	0.000000	0.000000	0.000000	8
bb.chr5.101997083	chr5	101997083	101997203	-0.005514	0.159305	0	0	0.000000	0.000000	0.000000	8
bb.chr5.102831390	chr5	102831390	102831510	-0.663691	1.036665	0	2	0.000000	0.250000	0.250000	6
bb.chr5.103930209	chr5	103930209	103930329	-0.246250	0.627727	3	2	0.375000	0.250000	0.625000	8
bb.chr5.104875656	chr5	104875656	104875776	-0.172463	1.194645	3	3	0.375000	0.375000	0.750000	6
bb.chr5.105770297	chr5	105770297	105770417	0.004395	0.082268	0	0	0.000000	0.000000	0.000000	8
bb.chr5.106518304	chr5	106518304	106518424	0.047413	0.176307	1	0	0.125000	0.000000	0.125000	8
bb.chr5.107316106	chr5	107316106	107316226	0.015727	0.033513	0	0	0.000000	0.000000	0.000000	8
bb.chr5.109204797	chr5	109204797	109204917	0.023820	0.105255	0	0	0.000000	0.000000	0.000000	8
bb.chr5.110016519	chr5	110016519	110016639	0.001336	0.068800	0	0	0.000000	0.000000	0.000000	8
bb.chr5.111081744	chr5	111081744	111081864	0.021929	0.051142	0	0	0.000000	0.000000	0.000000	8
bb.chr5.111894888	chr5	111894888	111895008	-0.129191	0.566258	3	2	0.375000	0.250000	0.625000	8
bb.chr5.112689068	chr5	112689068	112689188	-0.024523	0.095450	0	0	0.000000	0.000000	0.000000	8
bb.chr5.113791140	chr5	113791140	113791260	0.006823	0.103367	0	0	0.000000	0.000000	0.000000	8
bb.chr5.114460605	chr5	114460605	114460725	0.009498	0.047308	0	0	0.000000	0.000000	0.000000	8
bb.chr5.115402372	chr5	115402372	115402492	0.088469	0.066576	0	0	0.000000	0.000000	0.000000	8
bb.chr5.116052787	chr5	116052787	116052907	-0.011813	0.068143	0	0	0.000000	0.000000	0.000000	8
bb.chr5.116993464	chr5	116993464	116993584	0.011687	0.149879	0	0	0.000000	0.000000	0.000000	8
bb.chr5.117919233	chr5	117919233	117919353	-0.020939	0.080251	0	0	0.000000	0.000000	0.000000	8
bb.chr5.118736126	chr5	118736126	118736246	-0.070779	0.368497	1	0	0.125000	0.000000	0.125000	8
bb.chr5.119410255	chr5	119410255	119410375	-0.013130	0.091794	0	0	0.000000	0.000000	0.000000	8
bb.chr5.120198429	chr5	120198429	120198549	-0.005260	0.088694	0	0	0.000000	0.000000	0.000000	8
bb.chr5.120910810	chr5	120910810	120910930	-0.073287	0.127222	0	0	0.000000	0.000000	0.000000	8
bb.chr5.122415469	chr5	122415469	122415589	-0.005150	0.074311	0	0	0.000000	0.000000	0.000000	8
bb.chr5.123173895	chr5	123173895	123174015	0.027102	0.209352	0	0	0.000000	0.000000	0.000000	8
bb.chr5.124013363	chr5	124013363	124013483	-0.094349	0.273520	0	1	0.000000	0.125000	0.125000	8
bb.chr5.124781799	chr5	124781799	124781919	-0.022642	0.145607	0	0	0.000000	0.000000	0.000000	8
bb.chr5.125595433	chr5	125595433	125595553	-0.142127	0.368184	0	1	0.000000	0.125000	0.125000	8
bb.chr5.126426697	chr5	126426697	126426817	-0.020655	0.123562	0	0	0.000000	0.000000	0.000000	8
bb.chr5.127486195	chr5	127486195	127486315	0.012648	0.044683	0	0	0.000000	0.000000	0.000000	8
bb.chr5.128186401	chr5	128186401	128186521	0.017372	0.092985	0	0	0.000000	0.000000	0.000000	8
bb.chr5.128854177	chr5	128854177	128854297	-0.034337	0.239033	0	0	0.000000	0.000000	0.000000	8
bb.chr5.129623189	chr5	129623189	129623309	-0.032172	0.161308	0	0	0.000000	0.000000	0.000000	8
bb.chr5.130599890	chr5	130599890	130600010	-0.361732	0.850933	0	3	0.000000	0.375000	0.375000	8
bb.chr5.131771628	chr5	131771628	131771748	0.003757	0.082162	0	0	0.000000	0.000000	0.000000	8
IRF1	chr5	132481607	132490772	0.016168	0.049445	0	0	0.000000	0.000000	0.000000	8
bb.chr5.133399470	chr5	133399470	133399590	-0.032058	0.094437	0	0	0.000000	0.000000	0.000000	8
bb.chr5.134060069	chr5	134060069	134060189	0.011789	0.063789	0	0	0.000000	0.000000	0.000000	8
bb.chr5.135008049	chr5	135008049	135008169	0.013670	0.078919	0	0	0.000000	0.000000	0.000000	8
bb.chr5.136638808	chr5	136638808	136638928	0.003421	0.045850	0	0	0.000000	0.000000	0.000000	8
bb.chr5.137662433	chr5	137662433	137662553	0.001098	0.085700	0	0	0.000000	0.000000	0.000000	8
bb.chr5.138393025	chr5	138393025	138393145	0.035198	0.068978	0	0	0.000000	0.000000	0.000000	8
bb.chr5.139471260	chr5	139471260	139471380	-0.016514	0.144774	0	0	0.000000	0.000000	0.000000	8
bb.chr5.140322275	chr5	140322275	140322395	0.023224	0.072519	0	0	0.000000	0.000000	0.000000	8
bb.chr5.142628900	chr5	142628900	142629020	0.020666	0.052536	0	0	0.000000	0.000000	0.000000	8
bb.chr5.143793180	chr5	143793180	143793300	-0.007334	0.049500	0	0	0.000000	0.000000	0.000000	8
bb.chr5.144458967	chr5	144458967	144459087	-0.028013	0.129567	0	0	0.000000	0.000000	0.000000	8
bb.chr5.145225608	chr5	145225608	145225728	-0.003955	0.107078	0	0	0.000000	0.000000	0.000000	8
bb.chr5.145942448	chr5	145942448	145942568	0.066808	0.084932	0	0	0.000000	0.000000	0.000000	8
bb.chr5.146878973	chr5	146878973	146879093	0.020973	0.063229	0	0	0.000000	0.000000	0.000000	8
bb.chr5.147847360	chr5	147847360	147847480	0.006087	0.050617	0	0	0.000000	0.000000	0.000000	8
bb.chr5.148487856	chr5	148487856	148487976	-0.100930	0.215165	0	1	0.000000	0.125000	0.125000	8
CSNK1A1	chr5	149492966	149551438	-0.006921	0.021173	0	0	0.000000	0.000000	0.000000	8
bb.chr5.149732543	chr5	149732543	149732663	0.002961	0.043983	0	0	0.000000	0.000000	0.000000	8
CSF1R	chr5	150053293	150086553	-0.003902	0.034527	0	0	0.000000	0.000000	0.000000	8
bb.chr5.150520270	chr5	150520270	150520390	0.003449	0.159627	0	0	0.000000	0.000000	0.000000	8
bb.chr5.151640700	chr5	151640700	151640820	0.019502	0.047237	0	0	0.000000	0.000000	0.000000	8
bb.chr5.152431486	chr5	152431486	152431606	-0.022814	0.085147	0	0	0.000000	0.000000	0.000000	8
bb.chr5.153123240	chr5	153123240	153123360	-0.011525	0.122052	0	0	0.000000	0.000000	0.000000	8
bb.chr5.153739028	chr5	153739028	153739148	-0.003482	0.078189	0	0	0.000000	0.000000	0.000000	8
bb.chr5.154559955	chr5	154559955	154560075	0.007091	0.061033	0	0	0.000000	0.000000	0.000000	8
bb.chr5.155593511	chr5	155593511	155593631	-0.040128	0.207245	0	0	0.000000	0.000000	0.000000	8
bb.chr5.156388564	chr5	156388564	156388684	0.011492	0.065396	0	0	0.000000	0.000000	0.000000	8
bb.chr5.157045992	chr5	157045992	157046112	0.007309	0.072060	0	0	0.000000	0.000000	0.000000	8
bb.chr5.157751151	chr5	157751151	157751271	0.027793	0.105635	0	0	0.000000	0.000000	0.000000	8
bb.chr5.158374228	chr5	158374228	158374348	-0.013465	0.076201	0	0	0.000000	0.000000	0.000000	8
bb.chr5.159115697	chr5	159115697	159115817	0.006096	0.066369	0	0	0.000000	0.000000	0.000000	8
bb.chr5.159739549	chr5	159739549	159739669	0.003240	0.054364	0	0	0.000000	0.000000	0.000000	8
bb.chr5.160434274	chr5	160434274	160434394	0.024131	0.037944	0	0	0.000000	0.000000	0.000000	8
bb.chr5.161821467	chr5	161821467	161821587	-0.010102	0.122314	0	0	0.000000	0.000000	0.000000	8
bb.chr5.162571750	chr5	162571750	162571870	-0.085559	0.296278	0	0	0.000000	0.000000	0.000000	8
bb.chr5.163244640	chr5	163244640	163244760	-0.026023	0.176529	0	0	0.000000	0.000000	0.000000	8
bb.chr5.163903797	chr5	163903797	163903917	-0.225651	0.649807	0	3	0.000000	0.375000	0.375000	8
bb.chr5.164743663	chr5	164743663	164743783	0.001731	0.081220	0	0	0.000000	0.000000	0.000000	8
bb.chr5.165551564	chr5	165551564	165551684	-0.036630	0.262676	1	0	0.125000	0.000000	0.125000	8
bb.chr5.166325185	chr5	166325185	166325305	-0.030821	0.147936	0	0	0.000000	0.000000	0.000000	8
bb.chr5.167097961	chr5	167097961	167098081	-0.075392	0.210187	0	0	0.000000	0.000000	0.000000	8
bb.chr5.167947123	chr5	167947123	167947243	0.009692	0.044573	0	0	0.000000	0.000000	0.000000	8
bb.chr5.168756638	chr5	168756638	168756758	0.017926	0.062214	0	0	0.000000	0.000000	0.000000	8
bb.chr5.169911260	chr5	169911260	169911380	0.014087	0.072042	0	0	0.000000	0.000000	0.000000	8
bb.chr5.170788426	chr5	170788426	170788546	0.022732	0.039589	0	0	0.000000	0.000000	0.000000	8
NPM1	chr5	171387847	171410899	-0.008690	0.020787	0	0	0.000000	0.000000	0.000000	8
bb.chr5.171442518	chr5	171442518	171442638	0.017144	0.107625	0	0	0.000000	0.000000	0.000000	8
bb.chr5.172235139	chr5	172235139	172235259	0.005883	0.110845	0	0	0.000000	0.000000	0.000000	8
bb.chr5.172994697	chr5	172994697	172994817	0.010279	0.027106	0	0	0.000000	0.000000	0.000000	8
bb.chr5.174192557	chr5	174192557	174192677	0.016413	0.055575	0	0	0.000000	0.000000	0.000000	8
bb.chr5.175202564	chr5	175202564	175202684	0.007681	0.049431	0	0	0.000000	0.000000	0.000000	8
bb.chr5.176260553	chr5	176260553	176260673	-0.022236	0.156699	0	0	0.000000	0.000000	0.000000	8
bb.chr5.176861761	chr5	176861761	176861881	0.016781	0.085425	0	0	0.000000	0.000000	0.000000	8
DDX41	chr5	177511575	177517027	-0.006322	0.043300	0	0	0.000000	0.000000	0.000000	8
bb.chr5.177630376	chr5	177630376	177630496	0.008131	0.078863	0	0	0.000000	0.000000	0.000000	8
bb.chr5.178387721	chr5	178387721	178387841	0.022309	0.072194	0	0	0.000000	0.000000	0.000000	8
bb.chr5.179218249	chr5	179218249	179218369	0.032368	0.071560	0	0	0.000000	0.000000	0.000000	8
bb.chr5.179818689	chr5	179818689	179818809	0.004585	0.095899	0	0	0.000000	0.000000	0.000000	8
bb.chr5.181108560	chr5	181108560	181108680	-0.017521	0.074787	0	0	0.000000	0.000000	0.000000	8
bb.chr6.500896	chr6	500896	501016	-0.027807	0.171546	0	0	0.000000	0.000000	0.000000	8
bb.chr6.1426453	chr6	1426453	1426573	0.012683	0.039590	0	0	0.000000	0.000000	0.000000	8
bb.chr6.2097392	chr6	2097392	2097512	-0.022542	0.105008	0	0	0.000000	0.000000	0.000000	8
bb.chr6.2841262	chr6	2841262	2841382	0.000275	0.092137	0	0	0.000000	0.000000	0.000000	8
bb.chr6.3572254	chr6	3572254	3572374	0.017124	0.039987	0	0	0.000000	0.000000	0.000000	8
bb.chr6.4518002	chr6	4518002	4518122	-0.008974	0.197179	0	0	0.000000	0.000000	0.000000	8
bb.chr6.5177691	chr6	5177691	5177811	0.003649	0.067961	0	0	0.000000	0.000000	0.000000	8
bb.chr6.5946846	chr6	5946846	5946966	-0.020485	0.098099	0	0	0.000000	0.000000	0.000000	8
bb.chr6.6637568	chr6	6637568	6637688	-0.032244	0.096635	0	0	0.000000	0.000000	0.000000	8
bb.chr6.7355177	chr6	7355177	7355297			0	0	0.000000	0.000000	0.000000	0
bb.chr6.8083685	chr6	8083685	8083805	-0.053612	0.135312	0	0	0.000000	0.000000	0.000000	8
bb.chr6.8787237	chr6	8787237	8787357	-0.068315	0.139604	0	0	0.000000	0.000000	0.000000	8
bb.chr6.9518995	chr6	9518995	9519115	0.004765	0.091750	0	0	0.000000	0.000000	0.000000	8
bb.chr6.10223334	chr6	10223334	10223454	0.022563	0.096834	0	0	0.000000	0.000000	0.000000	8
bb.chr6.10923229	chr6	10923229	10923349	-0.026402	0.104911	0	0	0.000000	0.000000	0.000000	8
bb.chr6.11617874	chr6	11617874	11617994	0.003644	0.147672	0	0	0.000000	0.000000	0.000000	8
bb.chr6.12514677	chr6	12514677	12514797	0.023470	0.185431	0	0	0.000000	0.000000	0.000000	8
bb.chr6.13139053	chr6	13139053	13139173	0.012681	0.085598	0	0	0.000000	0.000000	0.000000	8
bb.chr6.14668376	chr6	14668376	14668496	-0.009419	0.082337	0	0	0.000000	0.000000	0.000000	8
bb.chr6.15414484	chr6	15414484	15414604	0.003265	0.123557	0	0	0.000000	0.000000	0.000000	8
bb.chr6.16399266	chr6	16399266	16399386	-0.021689	0.102901	0	0	0.000000	0.000000	0.000000	8
bb.chr6.17295881	chr6	17295881	17296001	-0.001110	0.129849	0	0	0.000000	0.000000	0.000000	8
bb.chr6.18023287	chr6	18023287	18023407	-0.072034	0.164567	0	0	0.000000	0.000000	0.000000	8
bb.chr6.18975256	chr6	18975256	18975376	0.040658	0.119649	0	0	0.000000	0.000000	0.000000	8
bb.chr6.19670695	chr6	19670695	19670815	0.008810	0.040099	0	0	0.000000	0.000000	0.000000	8
bb.chr6.20396136	chr6	20396136	20396256	-0.028919	0.185082	0	0	0.000000	0.000000	0.000000	8
bb.chr6.21103377	chr6	21103377	21103497	0.093678	0.123364	0	0	0.000000	0.000000	0.000000	8
bb.chr6.21808315	chr6	21808315	21808435	0.002821	0.035023	0	0	0.000000	0.000000	0.000000	8
bb.chr6.22541500	chr6	22541500	22541620	0.031485	0.093525	0	0	0.000000	0.000000	0.000000	8
bb.chr6.23492787	chr6	23492787	23492907	0.051596	0.134971	0	0	0.000000	0.000000	0.000000	8
bb.chr6.24112249	chr6	24112249	24112369	0.000776	0.057910	0	0	0.000000	0.000000	0.000000	8
bb.chr6.25395684	chr6	25395684	25395804	0.005981	0.037480	0	0	0.000000	0.000000	0.000000	8
bb.chr6.26091048	chr6	26091048	26091168	-0.014148	0.057975	0	0	0.000000	0.000000	0.000000	8
bb.chr6.27344239	chr6	27344239	27344359	0.074624	0.049962	0	0	0.000000	0.000000	0.000000	8
bb.chr6.28443466	chr6	28443466	28443586	0.003335	0.134177	0	0	0.000000	0.000000	0.000000	8
bb.chr6.33673542	chr6	33673542	33673662	0.074786	0.102458	0	0	0.000000	0.000000	0.000000	8
bb.chr6.34833351	chr6	34833351	34833471	-0.009319	0.065789	0	0	0.000000	0.000000	0.000000	8
bb.chr6.35611165	chr6	35611165	35611285	0.033196	0.119285	0	0	0.000000	0.000000	0.000000	8
bb.chr6.36321308	chr6	36321308	36321428	-0.006958	0.088681	0	0	0.000000	0.000000	0.000000	8
bb.chr6.37035716	chr6	37035716	37035836	-0.115113	0.497320	1	3	0.125000	0.375000	0.500000	8
bb.chr6.37761909	chr6	37761909	37762029	0.051368	0.043356	0	0	0.000000	0.000000	0.000000	8
bb.chr6.38428296	chr6	38428296	38428416	0.010233	0.121718	0	0	0.000000	0.000000	0.000000	8
bb.chr6.39375945	chr6	39375945	39376065	-0.011253	0.072826	0	0	0.000000	0.000000	0.000000	8
bb.chr6.40383136	chr6	40383136	40383256	-0.000676	0.094652	0	0	0.000000	0.000000	0.000000	8
bb.chr6.41308046	chr6	41308046	41308166	-0.003971	0.046678	0	0	0.000000	0.000000	0.000000	8
CCND3	chr6	41934950	41941807	0.011013	0.042125	0	0	0.000000	0.000000	0.000000	8
bb.chr6.42509008	chr6	42509008	42509128	-0.042187	0.157380	0	0	0.000000	0.000000	0.000000	8
bb.chr6.43428527	chr6	43428527	43428647	0.027552	0.063645	0	0	0.000000	0.000000	0.000000	8
bb.chr6.44154619	chr6	44154619	44154739	0.005241	0.099294	0	0	0.000000	0.000000	0.000000	8
bb.chr6.44805465	chr6	44805465	44805585	-0.012013	0.125699	0	0	0.000000	0.000000	0.000000	8
bb.chr6.45556150	chr6	45556150	45556270	-0.018601	0.072896	0	0	0.000000	0.000000	0.000000	8
bb.chr6.46708222	chr6	46708222	46708342	-0.004556	0.229874	1	0	0.125000	0.000000	0.125000	8
bb.chr6.47476344	chr6	47476344	47476464	0.012907	0.076325	0	0	0.000000	0.000000	0.000000	8
bb.chr6.48736240	chr6	48736240	48736360			0	0	0.000000	0.000000	0.000000	0
bb.chr6.49369465	chr6	49369465	49369585	0.046643	0.176414	0	0	0.000000	0.000000	0.000000	8
bb.chr6.50113529	chr6	50113529	50113649	0.012308	0.049459	0	0	0.000000	0.000000	0.000000	8
bb.chr6.51619103	chr6	51619103	51619223	0.025378	0.063034	0	0	0.000000	0.000000	0.000000	8
bb.chr6.52566427	chr6	52566427	52566547	-0.016352	0.080477	0	0	0.000000	0.000000	0.000000	8
bb.chr6.53273345	chr6	53273345	53273465	-0.058689	0.223846	0	0	0.000000	0.000000	0.000000	8
bb.chr6.53982814	chr6	53982814	53982934	-0.004143	0.061383	0	0	0.000000	0.000000	0.000000	8
bb.chr6.54687001	chr6	54687001	54687121	-0.012957	0.087580	0	0	0.000000	0.000000	0.000000	8
bb.chr6.55677577	chr6	55677577	55677697	-0.070103	0.179115	0	0	0.000000	0.000000	0.000000	8
bb.chr6.56426015	chr6	56426015	56426135	0.016350	0.062944	0	0	0.000000	0.000000	0.000000	8
bb.chr6.58275628	chr6	58275628	58275748	0.039075	0.072917	0	0	0.000000	0.000000	0.000000	8
bb.chr6.60720331	chr6	60720331	60720451	0.011160	0.125389	0	0	0.000000	0.000000	0.000000	8
bb.chr6.61920898	chr6	61920898	61921018	-0.007750	0.189691	0	0	0.000000	0.000000	0.000000	8
bb.chr6.62833573	chr6	62833573	62833693	-0.023334	0.166050	0	0	0.000000	0.000000	0.000000	8
bb.chr6.63574309	chr6	63574309	63574429	-0.020727	0.090302	0	0	0.000000	0.000000	0.000000	8
bb.chr6.64800120	chr6	64800120	64800240	-0.006847	0.063512	0	0	0.000000	0.000000	0.000000	8
bb.chr6.65476176	chr6	65476176	65476296	-0.031948	0.121949	0	0	0.000000	0.000000	0.000000	8
bb.chr6.66429927	chr6	66429927	66430047	-0.036095	0.160347	0	0	0.000000	0.000000	0.000000	8
bb.chr6.68487298	chr6	68487298	68487418	-0.244554	0.479423	0	2	0.000000	0.250000	0.250000	8
bb.chr6.69398463	chr6	69398463	69398583	-0.004437	0.136000	0	0	0.000000	0.000000	0.000000	8
bb.chr6.70371613	chr6	70371613	70371733	0.005421	0.078039	0	0	0.000000	0.000000	0.000000	8
bb.chr6.71105114	chr6	71105114	71105234	0.082712	0.114305	0	0	0.000000	0.000000	0.000000	8
bb.chr6.71875703	chr6	71875703	71875823	0.033830	0.086721	0	0	0.000000	0.000000	0.000000	8
bb.chr6.72639826	chr6	72639826	72639946	-0.017405	0.076522	0	0	0.000000	0.000000	0.000000	8
bb.chr6.73348223	chr6	73348223	73348343	-0.002087	0.048326	0	0	0.000000	0.000000	0.000000	8
bb.chr6.74016177	chr6	74016177	74016297	-0.011933	0.145713	0	0	0.000000	0.000000	0.000000	8
bb.chr6.75134824	chr6	75134824	75134944	-0.006854	0.048866	0	0	0.000000	0.000000	0.000000	8
bb.chr6.75937799	chr6	75937799	75937919	0.007670	0.110112	0	0	0.000000	0.000000	0.000000	8
bb.chr6.77104920	chr6	77104920	77105040	-0.071362	0.230793	0	0	0.000000	0.000000	0.000000	8
bb.chr6.78037711	chr6	78037711	78037831	-0.021404	0.037226	0	0	0.000000	0.000000	0.000000	8
bb.chr6.78691636	chr6	78691636	78691756	-0.016108	0.091870	0	0	0.000000	0.000000	0.000000	8
bb.chr6.79466720	chr6	79466720	79466840	0.002515	0.095241	0	0	0.000000	0.000000	0.000000	8
bb.chr6.80079997	chr6	80079997	80080117	-0.064458	0.232541	0	0	0.000000	0.000000	0.000000	8
bb.chr6.81136941	chr6	81136941	81137061	0.006355	0.028895	0	0	0.000000	0.000000	0.000000	8
bb.chr6.81832276	chr6	81832276	81832396	0.010547	0.088178	0	0	0.000000	0.000000	0.000000	8
bb.chr6.82777781	chr6	82777781	82777901	0.003287	0.068275	0	0	0.000000	0.000000	0.000000	8
bb.chr6.83474693	chr6	83474693	83474813	0.008972	0.091056	0	0	0.000000	0.000000	0.000000	8
bb.chr6.84448431	chr6	84448431	84448551	0.020218	0.079768	0	0	0.000000	0.000000	0.000000	8
bb.chr6.85115909	chr6	85115909	85116029	0.033263	0.057504	0	0	0.000000	0.000000	0.000000	8
bb.chr6.85768959	chr6	85768959	85769079	0.006911	0.102953	0	0	0.000000	0.000000	0.000000	8
bb.chr6.86534050	chr6	86534050	86534170	0.003808	0.158535	0	0	0.000000	0.000000	0.000000	8
bb.chr6.87524765	chr6	87524765	87524885	-0.131666	0.437998	0	2	0.000000	0.250000	0.250000	8
bb.chr6.88572699	chr6	88572699	88572819	-0.001411	0.056656	0	0	0.000000	0.000000	0.000000	8
bb.chr6.89623279	chr6	89623279	89623399	0.014678	0.087278	0	0	0.000000	0.000000	0.000000	8
bb.chr6.90393927	chr6	90393927	90394047	-0.011104	0.178124	0	0	0.000000	0.000000	0.000000	8
bb.chr6.91479285	chr6	91479285	91479405	-0.011121	0.057088	0	0	0.000000	0.000000	0.000000	8
bb.chr6.92275583	chr6	92275583	92275703	0.014416	0.092925	0	0	0.000000	0.000000	0.000000	8
bb.chr6.92987622	chr6	92987622	92987742	0.018165	0.064346	0	0	0.000000	0.000000	0.000000	8
bb.chr6.93653674	chr6	93653674	93653794	-0.016537	0.074113	0	0	0.000000	0.000000	0.000000	8
bb.chr6.94466581	chr6	94466581	94466701			0	0	0.000000	0.000000	0.000000	0
bb.chr6.95394508	chr6	95394508	95394628	-0.711542	1.557347	0	4	0.000000	0.500000	0.500000	8
bb.chr6.96086737	chr6	96086737	96086857	-0.005595	0.095021	0	0	0.000000	0.000000	0.000000	8
bb.chr6.97077572	chr6	97077572	97077692	0.005028	0.140036	0	0	0.000000	0.000000	0.000000	8
bb.chr6.97753933	chr6	97753933	97754053	-0.022415	0.589322	3	0	0.375000	0.000000	0.375000	8
bb.chr6.98490898	chr6	98490898	98491018	-0.003406	0.059500	0	0	0.000000	0.000000	0.000000	8
bb.chr6.99377291	chr6	99377291	99377411	-0.013359	0.067370	0	0	0.000000	0.000000	0.000000	8
CCNC	chr6	99542385	99568659	-0.023014	0.032222	0	0	0.000000	0.000000	0.000000	8
bb.chr6.100315232	chr6	100315232	100315352	-0.024080	0.068351	0	0	0.000000	0.000000	0.000000	8
bb.chr6.101360283	chr6	101360283	101360403	-0.047310	0.199043	0	0	0.000000	0.000000	0.000000	8
bb.chr6.102401401	chr6	102401401	102401521	-0.020812	0.077281	0	0	0.000000	0.000000	0.000000	8
bb.chr6.103331340	chr6	103331340	103331460	0.009937	0.079984	0	0	0.000000	0.000000	0.000000	8
bb.chr6.103959114	chr6	103959114	103959234	0.010677	0.063587	0	0	0.000000	0.000000	0.000000	8
bb.chr6.104618521	chr6	104618521	104618641	0.003684	0.061019	0	0	0.000000	0.000000	0.000000	8
bb.chr6.105822570	chr6	105822570	105822690	-0.023189	0.182931	0	0	0.000000	0.000000	0.000000	8
bb.chr6.106796024	chr6	106796024	106796144	-0.001028	0.056748	0	0	0.000000	0.000000	0.000000	8
bb.chr6.107555137	chr6	107555137	107555257	0.013411	0.062398	0	0	0.000000	0.000000	0.000000	8
bb.chr6.108168336	chr6	108168336	108168456	-0.001328	0.104562	0	0	0.000000	0.000000	0.000000	8
bb.chr6.108795883	chr6	108795883	108796003	-0.021454	0.127072	0	0	0.000000	0.000000	0.000000	8
bb.chr6.109866060	chr6	109866060	109866180	0.019207	0.084012	0	0	0.000000	0.000000	0.000000	8
bb.chr6.110607537	chr6	110607537	110607657	-0.017962	0.059508	0	0	0.000000	0.000000	0.000000	8
bb.chr6.111785029	chr6	111785029	111785149	0.028236	0.097624	0	0	0.000000	0.000000	0.000000	8
bb.chr6.112617544	chr6	112617544	112617664	0.015793	0.077873	0	0	0.000000	0.000000	0.000000	8
bb.chr6.113276867	chr6	113276867	113276987	-0.043013	0.081904	0	0	0.000000	0.000000	0.000000	8
bb.chr6.113987566	chr6	113987566	113987686	0.017941	0.060419	0	0	0.000000	0.000000	0.000000	8
bb.chr6.114748324	chr6	114748324	114748444	0.003793	0.089553	0	0	0.000000	0.000000	0.000000	8
bb.chr6.115668136	chr6	115668136	115668256	-0.717675	1.228157	2	2	0.250000	0.250000	0.500000	7
bb.chr6.116400433	chr6	116400433	116400553	-0.044486	0.106956	0	0	0.000000	0.000000	0.000000	8
bb.chr6.117492046	chr6	117492046	117492166	-0.041109	0.138032	0	0	0.000000	0.000000	0.000000	8
bb.chr6.118321528	chr6	118321528	118321648	-0.000764	0.145676	0	0	0.000000	0.000000	0.000000	8
bb.chr6.119025687	chr6	119025687	119025807	0.004276	0.054188	0	0	0.000000	0.000000	0.000000	8
bb.chr6.119897241	chr6	119897241	119897361	0.019739	0.074009	0	0	0.000000	0.000000	0.000000	8
bb.chr6.120853442	chr6	120853442	120853562	-0.000379	0.083004	0	0	0.000000	0.000000	0.000000	8
bb.chr6.121600265	chr6	121600265	121600385	0.016856	0.144432	0	0	0.000000	0.000000	0.000000	8
bb.chr6.122581868	chr6	122581868	122581988	0.002308	0.128316	0	0	0.000000	0.000000	0.000000	8
bb.chr6.123271630	chr6	123271630	123271750	-0.001072	0.081347	0	0	0.000000	0.000000	0.000000	8
bb.chr6.123972324	chr6	123972324	123972444	0.017286	0.051509	0	0	0.000000	0.000000	0.000000	8
bb.chr6.124666033	chr6	124666033	124666153	0.023874	0.088621	0	0	0.000000	0.000000	0.000000	8
bb.chr6.125889189	chr6	125889189	125889309	-0.038907	0.080747	0	0	0.000000	0.000000	0.000000	8
bb.chr6.126819863	chr6	126819863	126819983	0.012928	0.100554	0	0	0.000000	0.000000	0.000000	8
bb.chr6.128007628	chr6	128007628	128007748	-0.059892	0.316667	1	0	0.125000	0.000000	0.125000	8
bb.chr6.128715255	chr6	128715255	128715375	-0.014916	0.070646	0	0	0.000000	0.000000	0.000000	8
bb.chr6.129432912	chr6	129432912	129433032	0.041661	0.066407	0	0	0.000000	0.000000	0.000000	8
bb.chr6.130139113	chr6	130139113	130139233	-0.004199	0.108013	0	0	0.000000	0.000000	0.000000	8
bb.chr6.131276176	chr6	131276176	131276296	-0.093243	0.356610	2	1	0.250000	0.125000	0.375000	8
bb.chr6.132235318	chr6	132235318	132235438	-0.028996	0.194362	0	0	0.000000	0.000000	0.000000	8
bb.chr6.132970349	chr6	132970349	132970469	-0.031490	0.052025	0	0	0.000000	0.000000	0.000000	8
bb.chr6.133639722	chr6	133639722	133639842	-4.548790	0.000000	0	1	0.000000	0.125000	0.125000	1
bb.chr6.134253736	chr6	134253736	134253856	-0.003148	0.094982	0	0	0.000000	0.000000	0.000000	8
bb.chr6.135137993	chr6	135137993	135138113	0.015932	0.056511	0	0	0.000000	0.000000	0.000000	8
MYB	chr6	135181306	135219171	0.008519	0.019892	0	0	0.000000	0.000000	0.000000	8
bb.chr6.136067224	chr6	136067224	136067344	-0.037546	0.148605	0	0	0.000000	0.000000	0.000000	8
bb.chr6.137487590	chr6	137487590	137487710	0.102239	0.098845	0	0	0.000000	0.000000	0.000000	8
bb.chr6.138091415	chr6	138091415	138091535	-0.037642	0.141781	0	0	0.000000	0.000000	0.000000	8
bb.chr6.139093717	chr6	139093717	139093837	-0.001383	0.062449	0	0	0.000000	0.000000	0.000000	8
bb.chr6.139869661	chr6	139869661	139869781	0.014701	0.091260	0	0	0.000000	0.000000	0.000000	8
bb.chr6.140761884	chr6	140761884	140762004	-0.024840	0.149870	0	0	0.000000	0.000000	0.000000	8
bb.chr6.141703981	chr6	141703981	141704101	-0.007373	0.095559	0	0	0.000000	0.000000	0.000000	8
bb.chr6.142476092	chr6	142476092	142476212	0.102416	0.044595	0	0	0.000000	0.000000	0.000000	8
bb.chr6.143223450	chr6	143223450	143223570	-0.041467	0.147315	0	0	0.000000	0.000000	0.000000	8
bb.chr6.143940669	chr6	143940669	143940789	-0.024343	0.089259	0	0	0.000000	0.000000	0.000000	8
bb.chr6.144554059	chr6	144554059	144554179	0.021061	0.102170	0	0	0.000000	0.000000	0.000000	8
bb.chr6.145343971	chr6	145343971	145344091	-0.017638	0.115766	0	0	0.000000	0.000000	0.000000	8
bb.chr6.145993839	chr6	145993839	145993959	-0.258786	0.803287	4	3	0.500000	0.375000	0.875000	8
bb.chr6.147511567	chr6	147511567	147511687	-0.013132	0.086383	0	0	0.000000	0.000000	0.000000	8
bb.chr6.148154969	chr6	148154969	148155089	0.009407	0.079533	0	0	0.000000	0.000000	0.000000	8
bb.chr6.150072694	chr6	150072694	150072814	-0.020382	0.075296	0	0	0.000000	0.000000	0.000000	8
bb.chr6.150800564	chr6	150800564	150800684	0.003631	0.059869	0	0	0.000000	0.000000	0.000000	8
bb.chr6.151459827	chr6	151459827	151459947	0.008922	0.178239	0	0	0.000000	0.000000	0.000000	8
bb.chr6.152199299	chr6	152199299	152199419	-0.218576	0.534375	0	2	0.000000	0.250000	0.250000	8
bb.chr6.152915255	chr6	152915255	152915375	-0.040145	0.186025	0	0	0.000000	0.000000	0.000000	8
bb.chr6.153679182	chr6	153679182	153679302	-0.034890	0.084218	0	0	0.000000	0.000000	0.000000	8
bb.chr6.154319616	chr6	154319616	154319736	-0.007105	0.135946	0	0	0.000000	0.000000	0.000000	8
bb.chr6.155280808	chr6	155280808	155280928	0.013330	0.060144	0	0	0.000000	0.000000	0.000000	8
bb.chr6.156229486	chr6	156229486	156229606	0.015158	0.073859	0	0	0.000000	0.000000	0.000000	8
bb.chr6.156934252	chr6	156934252	156934372	-0.035670	0.090409	0	0	0.000000	0.000000	0.000000	8
bb.chr6.157554082	chr6	157554082	157554202	0.006399	0.071578	0	0	0.000000	0.000000	0.000000	8
bb.chr6.158500632	chr6	158500632	158500752	-0.032350	0.069192	0	0	0.000000	0.000000	0.000000	8
bb.chr6.159218438	chr6	159218438	159218558	0.027934	0.120551	0	0	0.000000	0.000000	0.000000	8
bb.chr6.159863158	chr6	159863158	159863278	0.010145	0.075895	0	0	0.000000	0.000000	0.000000	8
bb.chr6.160864668	chr6	160864668	160864788	-0.030134	0.107613	0	0	0.000000	0.000000	0.000000	8
bb.chr6.162325267	chr6	162325267	162325387	0.023424	0.097248	0	0	0.000000	0.000000	0.000000	8
bb.chr6.163016583	chr6	163016583	163016703	-0.027154	0.225208	0	0	0.000000	0.000000	0.000000	8
bb.chr6.164197947	chr6	164197947	164198067	-0.023685	0.088136	0	0	0.000000	0.000000	0.000000	8
bb.chr6.165267639	chr6	165267639	165267759	0.006016	0.074505	0	0	0.000000	0.000000	0.000000	8
bb.chr6.165875485	chr6	165875485	165875605	0.026862	0.187085	0	0	0.000000	0.000000	0.000000	8
bb.chr6.166803830	chr6	166803830	166803950	0.006654	0.139707	0	0	0.000000	0.000000	0.000000	8
bb.chr6.167507394	chr6	167507394	167507514	-0.039471	0.095250	0	0	0.000000	0.000000	0.000000	8
bb.chr6.168247696	chr6	168247696	168247816	-0.003483	0.073881	0	0	0.000000	0.000000	0.000000	8
bb.chr6.168957569	chr6	168957569	168957689	0.002448	0.054242	0	0	0.000000	0.000000	0.000000	8
bb.chr6.169780473	chr6	169780473	169780593	-0.030550	0.099033	0	0	0.000000	0.000000	0.000000	8
bb.chr6.170484226	chr6	170484226	170484346			0	0	0.000000	0.000000	0.000000	0
bb.chr7.244803	chr7	244803	244923	-0.021121	0.088845	0	0	0.000000	0.000000	0.000000	8
bb.chr7.1298926	chr7	1298926	1299046	0.005418	0.137690	0	0	0.000000	0.000000	0.000000	8
bb.chr7.2119742	chr7	2119742	2119862	0.046113	0.068848	0	0	0.000000	0.000000	0.000000	8
bb.chr7.2913739	chr7	2913739	2913859	-0.015606	0.062962	0	0	0.000000	0.000000	0.000000	8
bb.chr7.3616373	chr7	3616373	3616493	0.012406	0.091454	0	0	0.000000	0.000000	0.000000	8
bb.chr7.4520622	chr7	4520622	4520742	-0.017658	0.056711	0	0	0.000000	0.000000	0.000000	8
bb.chr7.5836113	chr7	5836113	5836233	-0.054019	0.224202	0	0	0.000000	0.000000	0.000000	8
bb.chr7.6831241	chr7	6831241	6831361	0.032320	0.049523	0	0	0.000000	0.000000	0.000000	8
bb.chr7.7766277	chr7	7766277	7766397			0	0	0.000000	0.000000	0.000000	0
bb.chr7.8817226	chr7	8817226	8817346	-0.149401	0.335034	0	1	0.000000	0.125000	0.125000	8
bb.chr7.9619565	chr7	9619565	9619685	-0.002948	0.087533	0	0	0.000000	0.000000	0.000000	8
bb.chr7.10477712	chr7	10477712	10477832	0.018001	0.043738	0	0	0.000000	0.000000	0.000000	8
bb.chr7.11251713	chr7	11251713	11251833	-0.037581	0.204940	0	0	0.000000	0.000000	0.000000	8
bb.chr7.12039156	chr7	12039156	12039276	-0.140061	0.277589	0	1	0.000000	0.125000	0.125000	8
bb.chr7.13097569	chr7	13097569	13097689	-0.014282	0.062367	0	0	0.000000	0.000000	0.000000	8
bb.chr7.14165831	chr7	14165831	14165951	0.023638	0.075352	0	0	0.000000	0.000000	0.000000	8
bb.chr7.14985269	chr7	14985269	14985389	0.016047	0.101690	0	0	0.000000	0.000000	0.000000	8
bb.chr7.15827519	chr7	15827519	15827639	-0.005225	0.041673	0	0	0.000000	0.000000	0.000000	8
bb.chr7.16602064	chr7	16602064	16602184	-0.019450	0.115419	0	0	0.000000	0.000000	0.000000	8
bb.chr7.17671767	chr7	17671767	17671887	-0.025731	0.161102	0	0	0.000000	0.000000	0.000000	8
bb.chr7.18695564	chr7	18695564	18695684	0.024670	0.076012	0	0	0.000000	0.000000	0.000000	8
bb.chr7.19729196	chr7	19729196	19729316	0.010492	0.084188	0	0	0.000000	0.000000	0.000000	8
bb.chr7.20372517	chr7	20372517	20372637	-0.017689	0.049496	0	0	0.000000	0.000000	0.000000	8
bb.chr7.21160212	chr7	21160212	21160332	-0.047228	0.164690	0	0	0.000000	0.000000	0.000000	8
bb.chr7.21960497	chr7	21960497	21960617	0.002287	0.139595	0	0	0.000000	0.000000	0.000000	8
bb.chr7.22820532	chr7	22820532	22820652	0.009236	0.055069	0	0	0.000000	0.000000	0.000000	8
bb.chr7.23449059	chr7	23449059	23449179	0.020754	0.115769	0	0	0.000000	0.000000	0.000000	8
bb.chr7.24109613	chr7	24109613	24109733	-0.127510	0.400699	0	3	0.000000	0.375000	0.375000	8
bb.chr7.24927076	chr7	24927076	24927196	0.061587	0.065280	0	0	0.000000	0.000000	0.000000	8
bb.chr7.25616994	chr7	25616994	25617114	-0.004183	0.080957	0	0	0.000000	0.000000	0.000000	8
bb.chr7.26545577	chr7	26545577	26545697	-0.022047	0.161496	0	0	0.000000	0.000000	0.000000	8
bb.chr7.27548136	chr7	27548136	27548256	0.027528	0.108279	0	0	0.000000	0.000000	0.000000	8
bb.chr7.28258448	chr7	28258448	28258568	-0.073598	0.166581	0	0	0.000000	0.000000	0.000000	8
bb.chr7.29158453	chr7	29158453	29158573	0.046150	0.207596	1	0	0.125000	0.000000	0.125000	8
bb.chr7.29890892	chr7	29890892	29891012	0.035607	0.137484	0	0	0.000000	0.000000	0.000000	8
bb.chr7.30531679	chr7	30531679	30531799	0.084218	0.061893	0	0	0.000000	0.000000	0.000000	8
bb.chr7.31309273	chr7	31309273	31309393	0.008194	0.059678	0	0	0.000000	0.000000	0.000000	8
bb.chr7.32149868	chr7	32149868	32149988	0.020644	0.100136	0	0	0.000000	0.000000	0.000000	8
bb.chr7.33220487	chr7	33220487	33220607	-0.121367	0.490070	2	2	0.250000	0.250000	0.500000	8
bb.chr7.33873427	chr7	33873427	33873547	0.008158	0.075571	0	0	0.000000	0.000000	0.000000	8
bb.chr7.35375099	chr7	35375099	35375219	-0.006093	0.059514	0	0	0.000000	0.000000	0.000000	8
bb.chr7.36450929	chr7	36450929	36451049	-0.072656	0.217070	0	0	0.000000	0.000000	0.000000	8
bb.chr7.37796405	chr7	37796405	37796525	0.022951	0.052696	0	0	0.000000	0.000000	0.000000	8
bb.chr7.38553461	chr7	38553461	38553581	-0.004711	0.120115	0	0	0.000000	0.000000	0.000000	8
bb.chr7.39228536	chr7	39228536	39228656	-0.023802	0.021555	0	0	0.000000	0.000000	0.000000	8
bb.chr7.39870231	chr7	39870231	39870351	-0.027170	0.178332	0	0	0.000000	0.000000	0.000000	8
bb.chr7.41008236	chr7	41008236	41008356	0.013863	0.047669	0	0	0.000000	0.000000	0.000000	8
bb.chr7.42264672	chr7	42264672	42264792	0.015758	0.056564	0	0	0.000000	0.000000	0.000000	8
bb.chr7.43155606	chr7	43155606	43155726	0.037608	0.106663	0	0	0.000000	0.000000	0.000000	8
bb.chr7.43966348	chr7	43966348	43966468	-0.004699	0.087145	0	0	0.000000	0.000000	0.000000	8
bb.chr7.44573094	chr7	44573094	44573214	0.027855	0.074468	0	0	0.000000	0.000000	0.000000	8
bb.chr7.45196681	chr7	45196681	45196801	-0.009621	0.106934	0	0	0.000000	0.000000	0.000000	8
bb.chr7.45861995	chr7	45861995	45862115	-0.017478	0.084802	0	0	0.000000	0.000000	0.000000	8
bb.chr7.46637825	chr7	46637825	46637945	0.005959	0.044968	0	0	0.000000	0.000000	0.000000	8
bb.chr7.47408264	chr7	47408264	47408384	-0.017263	0.063144	0	0	0.000000	0.000000	0.000000	8
bb.chr7.48312027	chr7	48312027	48312147	-0.015410	0.057798	0	0	0.000000	0.000000	0.000000	8
bb.chr7.49023957	chr7	49023957	49024077	0.030115	0.073737	0	0	0.000000	0.000000	0.000000	8
bb.chr7.49781668	chr7	49781668	49781788	-0.008720	0.108013	0	0	0.000000	0.000000	0.000000	8
IKZF1	chr7	50304714	50405100	-0.007041	0.017421	0	0	0.000000	0.000000	0.000000	8
bb.chr7.50640087	chr7	50640087	50640207	0.034057	0.104897	0	0	0.000000	0.000000	0.000000	8
bb.chr7.51451546	chr7	51451546	51451666	0.006374	0.063114	0	0	0.000000	0.000000	0.000000	8
bb.chr7.52208911	chr7	52208911	52209031	-0.011769	0.118205	0	0	0.000000	0.000000	0.000000	8
bb.chr7.53586249	chr7	53586249	53586369	-0.014701	0.081907	0	0	0.000000	0.000000	0.000000	8
bb.chr7.54902306	chr7	54902306	54902426	0.009725	0.087949	0	0	0.000000	0.000000	0.000000	8
bb.chr7.56053128	chr7	56053128	56053248	-0.004527	0.149606	0	0	0.000000	0.000000	0.000000	8
bb.chr7.57349802	chr7	57349802	57349922	-0.004390	0.058521	0	0	0.000000	0.000000	0.000000	8
bb.chr7.63027235	chr7	63027235	63027355	0.019677	0.210466	1	0	0.125000	0.000000	0.125000	8
bb.chr7.64355183	chr7	64355183	64355303	-0.028184	0.060437	0	0	0.000000	0.000000	0.000000	8
bb.chr7.65186165	chr7	65186165	65186285	-0.025241	0.101727	0	0	0.000000	0.000000	0.000000	8
bb.chr7.66239529	chr7	66239529	66239649			0	0	0.000000	0.000000	0.000000	0
bb.chr7.67043299	chr7	67043299	67043419	0.005475	0.148814	0	0	0.000000	0.000000	0.000000	8
bb.chr7.67879063	chr7	67879063	67879183	0.020668	0.093573	0	0	0.000000	0.000000	0.000000	8
bb.chr7.68530242	chr7	68530242	68530362	0.001601	0.070045	0	0	0.000000	0.000000	0.000000	8
bb.chr7.69224555	chr7	69224555	69224675	-0.015204	0.045509	0	0	0.000000	0.000000	0.000000	8
bb.chr7.70580397	chr7	70580397	70580517	0.011786	0.091074	0	0	0.000000	0.000000	0.000000	8
bb.chr7.71361030	chr7	71361030	71361150	0.001399	0.064708	0	0	0.000000	0.000000	0.000000	8
bb.chr7.72423516	chr7	72423516	72423636	0.020747	0.100282	0	0	0.000000	0.000000	0.000000	8
bb.chr7.73675029	chr7	73675029	73675149	-0.023219	0.101309	0	0	0.000000	0.000000	0.000000	8
bb.chr7.74490482	chr7	74490482	74490602	0.005207	0.176392	0	0	0.000000	0.000000	0.000000	8
bb.chr7.75543756	chr7	75543756	75543876	0.004262	0.093286	0	0	0.000000	0.000000	0.000000	8
bb.chr7.76606323	chr7	76606323	76606443	-0.001910	0.228496	0	0	0.000000	0.000000	0.000000	8
bb.chr7.77416845	chr7	77416845	77416965	-0.000126	0.042454	0	0	0.000000	0.000000	0.000000	8
bb.chr7.78173326	chr7	78173326	78173446	0.029615	0.085578	0	0	0.000000	0.000000	0.000000	8
bb.chr7.78996907	chr7	78996907	78997027	-0.037584	0.154595	0	0	0.000000	0.000000	0.000000	8
bb.chr7.79690554	chr7	79690554	79690674	-0.059237	0.399671	1	1	0.125000	0.125000	0.250000	8
bb.chr7.80414606	chr7	80414606	80414726	-0.038191	0.079561	0	0	0.000000	0.000000	0.000000	8
bb.chr7.81744243	chr7	81744243	81744363	-0.017180	0.102933	0	0	0.000000	0.000000	0.000000	8
bb.chr7.82430708	chr7	82430708	82430828	0.013680	0.084987	0	0	0.000000	0.000000	0.000000	8
bb.chr7.83090850	chr7	83090850	83090970	-0.063569	0.162239	0	0	0.000000	0.000000	0.000000	8
bb.chr7.83778099	chr7	83778099	83778219	-0.022405	0.178387	0	0	0.000000	0.000000	0.000000	8
bb.chr7.85154677	chr7	85154677	85154797	-0.041880	0.328590	0	0	0.000000	0.000000	0.000000	8
bb.chr7.85776985	chr7	85776985	85777105	-0.002383	0.082711	0	0	0.000000	0.000000	0.000000	8
bb.chr7.86473515	chr7	86473515	86473635	-0.012792	0.071171	0	0	0.000000	0.000000	0.000000	8
bb.chr7.87315266	chr7	87315266	87315386	-0.002751	0.041500	0	0	0.000000	0.000000	0.000000	8
bb.chr7.88421023	chr7	88421023	88421143	-0.000796	0.132636	0	0	0.000000	0.000000	0.000000	8
bb.chr7.89151640	chr7	89151640	89151760	0.022284	0.071711	0	0	0.000000	0.000000	0.000000	8
bb.chr7.90271009	chr7	90271009	90271129	-0.160334	0.731963	2	3	0.250000	0.375000	0.625000	8
bb.chr7.91015926	chr7	91015926	91016046	-0.112364	0.554674	2	2	0.250000	0.250000	0.500000	8
bb.chr7.92413642	chr7	92413642	92413762	-0.012339	0.050681	0	0	0.000000	0.000000	0.000000	8
bb.chr7.93018405	chr7	93018405	93018525	-0.030591	0.063093	0	0	0.000000	0.000000	0.000000	8
SAMD9	chr7	93099532	93117979	0.001338	0.032185	0	0	0.000000	0.000000	0.000000	8
SAMD9L	chr7	93130054	93148384	0.003507	0.027025	0	0	0.000000	0.000000	0.000000	8
bb.chr7.94003638	chr7	94003638	94003758	0.048187	0.064615	0	0	0.000000	0.000000	0.000000	8
bb.chr7.94834516	chr7	94834516	94834636	-0.005151	0.077570	0	0	0.000000	0.000000	0.000000	8
bb.chr7.96152376	chr7	96152376	96152496	0.001121	0.097609	0	0	0.000000	0.000000	0.000000	8
bb.chr7.96780878	chr7	96780878	96780998	0.025335	0.053783	0	0	0.000000	0.000000	0.000000	8
bb.chr7.97758472	chr7	97758472	97758592	-0.051104	0.212441	0	0	0.000000	0.000000	0.000000	8
bb.chr7.98540745	chr7	98540745	98540865	0.005108	0.119419	0	0	0.000000	0.000000	0.000000	8
bb.chr7.99969772	chr7	99969772	99969892	-0.043371	0.093793	0	0	0.000000	0.000000	0.000000	8
bb.chr7.100603547	chr7	100603547	100603667	-0.047977	0.116891	0	0	0.000000	0.000000	0.000000	8
bb.chr7.101235880	chr7	101235880	101236000	0.037472	0.102643	0	0	0.000000	0.000000	0.000000	8
bb.chr7.101668199	chr7	101668199	101668319	0.010981	0.094953	0	0	0.000000	0.000000	0.000000	8
CUX1	chr7	101817608	102258232	0.003720	0.021910	0	0	0.000000	0.000000	0.000000	8
bb.chr7.102337474	chr7	102337474	102337594	-0.055540	0.243838	0	0	0.000000	0.000000	0.000000	8
bb.chr7.102991740	chr7	102991740	102991860	0.003116	0.094706	0	0	0.000000	0.000000	0.000000	8
bb.chr7.103917491	chr7	103917491	103917611	-0.010341	0.036603	0	0	0.000000	0.000000	0.000000	8
bb.chr7.104706447	chr7	104706447	104706567	0.009379	0.078736	0	0	0.000000	0.000000	0.000000	8
bb.chr7.105787001	chr7	105787001	105787121	-0.019850	0.065391	0	0	0.000000	0.000000	0.000000	8
bb.chr7.106759442	chr7	106759442	106759562	-0.102011	0.375268	1	2	0.125000	0.250000	0.375000	8
bb.chr7.107678677	chr7	107678677	107678797	-0.030707	0.078720	0	0	0.000000	0.000000	0.000000	8
bb.chr7.108292411	chr7	108292411	108292531	-0.022065	0.199735	0	0	0.000000	0.000000	0.000000	8
bb.chr7.109009490	chr7	109009490	109009610	-0.052765	0.113260	0	0	0.000000	0.000000	0.000000	8
bb.chr7.110093858	chr7	110093858	110093978	-0.011550	0.055231	0	0	0.000000	0.000000	0.000000	8
bb.chr7.110876447	chr7	110876447	110876567	0.028213	0.067607	0	0	0.000000	0.000000	0.000000	8
bb.chr7.111717295	chr7	111717295	111717415	-0.005805	0.038513	0	0	0.000000	0.000000	0.000000	8
bb.chr7.112449446	chr7	112449446	112449566	-0.027901	0.040046	0	0	0.000000	0.000000	0.000000	8
bb.chr7.113492738	chr7	113492738	113492858	-0.109973	0.411900	0	3	0.000000	0.375000	0.375000	8
bb.chr7.114112939	chr7	114112939	114113059	0.014482	0.074847	0	0	0.000000	0.000000	0.000000	8
bb.chr7.114955174	chr7	114955174	114955294	-0.049290	0.195710	0	0	0.000000	0.000000	0.000000	8
bb.chr7.116260239	chr7	116260239	116260359	0.016020	0.079992	0	0	0.000000	0.000000	0.000000	8
bb.chr7.117040565	chr7	117040565	117040685	-0.003265	0.124832	0	0	0.000000	0.000000	0.000000	8
bb.chr7.117872818	chr7	117872818	117872938	0.004233	0.095011	0	0	0.000000	0.000000	0.000000	8
bb.chr7.118712480	chr7	118712480	118712600	-0.011106	0.409074	1	1	0.125000	0.125000	0.250000	8
bb.chr7.121076423	chr7	121076423	121076543	0.005554	0.057256	0	0	0.000000	0.000000	0.000000	8
bb.chr7.121901035	chr7	121901035	121901155	-0.026348	0.211515	0	0	0.000000	0.000000	0.000000	8
bb.chr7.122603400	chr7	122603400	122603520	-0.070949	0.322901	1	1	0.125000	0.125000	0.250000	8
bb.chr7.123239536	chr7	123239536	123239656	-0.037509	0.142579	0	0	0.000000	0.000000	0.000000	8
bb.chr7.124308871	chr7	124308871	124308991	-0.135619	0.554681	2	2	0.250000	0.250000	0.500000	8
bb.chr7.125121272	chr7	125121272	125121392	0.015454	0.104205	0	0	0.000000	0.000000	0.000000	8
bb.chr7.126235214	chr7	126235214	126235334	-0.081148	0.431692	2	2	0.250000	0.250000	0.500000	8
bb.chr7.126980441	chr7	126980441	126980561	-0.064400	0.114314	0	0	0.000000	0.000000	0.000000	8
bb.chr7.127886789	chr7	127886789	127886909	-0.027825	0.077684	0	0	0.000000	0.000000	0.000000	8
bb.chr7.128592528	chr7	128592528	128592648	-0.078995	0.317193	0	1	0.000000	0.125000	0.125000	8
bb.chr7.129941438	chr7	129941438	129941558	0.011867	0.076019	0	0	0.000000	0.000000	0.000000	8
bb.chr7.130734447	chr7	130734447	130734567	-0.050114	0.111769	0	0	0.000000	0.000000	0.000000	8
bb.chr7.131722786	chr7	131722786	131722906	0.024010	0.081486	0	0	0.000000	0.000000	0.000000	8
bb.chr7.132578776	chr7	132578776	132578896	0.005187	0.073433	0	0	0.000000	0.000000	0.000000	8
bb.chr7.133393141	chr7	133393141	133393261	-0.083915	0.395820	0	2	0.000000	0.250000	0.250000	8
bb.chr7.134510406	chr7	134510406	134510526	0.011770	0.078029	0	0	0.000000	0.000000	0.000000	8
BPGM	chr7	134646849	134679815	0.040630	0.135644	0	0	0.000000	0.000000	0.000000	8
bb.chr7.135270039	chr7	135270039	135270159	-0.025009	0.061673	0	0	0.000000	0.000000	0.000000	8
bb.chr7.136069602	chr7	136069602	136069722	0.035077	0.040251	0	0	0.000000	0.000000	0.000000	8
bb.chr7.136943656	chr7	136943656	136943776	0.017157	0.330024	2	0	0.250000	0.000000	0.250000	8
bb.chr7.138197648	chr7	138197648	138197768	-0.003525	0.087054	0	0	0.000000	0.000000	0.000000	8
bb.chr7.139023678	chr7	139023678	139023798	-0.004171	0.095141	0	0	0.000000	0.000000	0.000000	8
LUC7L2	chr7	139359892	139423453	0.008510	0.023379	0	0	0.000000	0.000000	0.000000	8
bb.chr7.139884197	chr7	139884197	139884317	0.016778	0.064249	0	0	0.000000	0.000000	0.000000	8
bb.chr7.140505572	chr7	140505572	140505692	-0.001352	0.061352	0	0	0.000000	0.000000	0.000000	8
bb.chr7.141420803	chr7	141420803	141420923	-0.012602	0.065551	0	0	0.000000	0.000000	0.000000	8
bb.chr7.142216979	chr7	142216979	142217099	0.031246	0.100386	0	0	0.000000	0.000000	0.000000	8
bb.chr7.143345684	chr7	143345684	143345804	-0.016612	0.092219	0	0	0.000000	0.000000	0.000000	8
bb.chr7.144218412	chr7	144218412	144218532	-0.075992	0.306435	1	1	0.125000	0.125000	0.250000	8
bb.chr7.145175356	chr7	145175356	145175476	-0.080619	0.243166	0	0	0.000000	0.000000	0.000000	8
bb.chr7.146496812	chr7	146496812	146496932	0.020897	0.116196	0	0	0.000000	0.000000	0.000000	8
bb.chr7.147328791	chr7	147328791	147328911	0.022589	0.052585	0	0	0.000000	0.000000	0.000000	8
bb.chr7.148136733	chr7	148136733	148136853	-0.104840	0.511989	2	2	0.250000	0.250000	0.500000	8
EZH2	chr7	148807381	148884286	-0.002957	0.010449	0	0	0.000000	0.000000	0.000000	8
bb.chr7.148940613	chr7	148940613	148940733	0.023199	0.048522	0	0	0.000000	0.000000	0.000000	8
bb.chr7.149802865	chr7	149802865	149802985	0.041999	0.110682	0	0	0.000000	0.000000	0.000000	8
bb.chr7.151659732	chr7	151659732	151659852	0.003686	0.077153	0	0	0.000000	0.000000	0.000000	8
XRCC2	chr7	152644878	152676153	-0.001900	0.034895	0	0	0.000000	0.000000	0.000000	8
bb.chr7.152705476	chr7	152705476	152705596	-0.061678	0.167015	0	0	0.000000	0.000000	0.000000	8
bb.chr7.153763057	chr7	153763057	153763177	-0.015626	0.109116	0	0	0.000000	0.000000	0.000000	8
bb.chr7.154516204	chr7	154516204	154516324	-0.016345	0.053022	0	0	0.000000	0.000000	0.000000	8
bb.chr7.155275945	chr7	155275945	155276065	-0.063492	0.191318	0	0	0.000000	0.000000	0.000000	8
bb.chr7.156075578	chr7	156075578	156075698	-0.017882	0.080793	0	0	0.000000	0.000000	0.000000	8
bb.chr7.156892170	chr7	156892170	156892290	0.023929	0.071575	0	0	0.000000	0.000000	0.000000	8
bb.chr7.157969479	chr7	157969479	157969599	0.002981	0.130383	0	0	0.000000	0.000000	0.000000	8
bb.chr8.295087	chr8	295087	295207	0.012251	0.125667	0	0	0.000000	0.000000	0.000000	8
bb.chr8.1077542	chr8	1077542	1077662	0.040777	0.060027	0	0	0.000000	0.000000	0.000000	8
bb.chr8.2112620	chr8	2112620	2112740	0.040428	0.070785	0	0	0.000000	0.000000	0.000000	8
CSMD1	chr8	2935359	4994913	-0.021135	0.017826	0	0	0.000000	0.000000	0.000000	8
bb.chr8.3229702	chr8	3229702	3229822	-0.182684	0.766977	2	4	0.250000	0.500000	0.750000	8
bb.chr8.4247565	chr8	4247565	4247685	-0.019280	0.190300	1	0	0.125000	0.000000	0.125000	8
bb.chr8.5006054	chr8	5006054	5006174	-0.025839	0.099848	0	0	0.000000	0.000000	0.000000	8
bb.chr8.6058922	chr8	6058922	6059042	0.030300	0.104048	0	0	0.000000	0.000000	0.000000	8
bb.chr8.6826555	chr8	6826555	6826675	-0.000128	0.069151	0	0	0.000000	0.000000	0.000000	8
bb.chr8.7508393	chr8	7508393	7508513	0.170660	0.340579	1	0	0.125000	0.000000	0.125000	8
bb.chr8.9210257	chr8	9210257	9210377	0.059097	0.076986	0	0	0.000000	0.000000	0.000000	8
bb.chr8.9952152	chr8	9952152	9952272	0.044332	0.076396	0	0	0.000000	0.000000	0.000000	8
bb.chr8.11018943	chr8	11018943	11019063	0.014159	0.091646	0	0	0.000000	0.000000	0.000000	8
bb.chr8.11758978	chr8	11758978	11759098	0.006540	0.037061	0	0	0.000000	0.000000	0.000000	8
bb.chr8.12728692	chr8	12728692	12728812	0.011991	0.047206	0	0	0.000000	0.000000	0.000000	8
bb.chr8.13537516	chr8	13537516	13537636	-0.044517	0.166225	0	0	0.000000	0.000000	0.000000	8
bb.chr8.14546241	chr8	14546241	14546361	0.008371	0.051371	0	0	0.000000	0.000000	0.000000	8
bb.chr8.15573906	chr8	15573906	15574026	0.005619	0.146092	0	0	0.000000	0.000000	0.000000	8
bb.chr8.16308828	chr8	16308828	16308948	-0.005234	0.097826	0	0	0.000000	0.000000	0.000000	8
bb.chr8.17127415	chr8	17127415	17127535			0	0	0.000000	0.000000	0.000000	0
bb.chr8.18119643	chr8	18119643	18119763	-0.024658	0.074855	0	0	0.000000	0.000000	0.000000	8
bb.chr8.19172767	chr8	19172767	19172887	0.034142	0.160606	0	0	0.000000	0.000000	0.000000	8
bb.chr8.19891819	chr8	19891819	19891939	-0.032373	0.056739	0	0	0.000000	0.000000	0.000000	8
bb.chr8.20954541	chr8	20954541	20954661	-0.016779	0.127364	0	0	0.000000	0.000000	0.000000	8
bb.chr8.22043186	chr8	22043186	22043306	0.009903	0.082188	0	0	0.000000	0.000000	0.000000	8
bb.chr8.22776291	chr8	22776291	22776411	0.003513	0.050382	0	0	0.000000	0.000000	0.000000	8
bb.chr8.23551347	chr8	23551347	23551467	0.028775	0.059310	0	0	0.000000	0.000000	0.000000	8
bb.chr8.24351274	chr8	24351274	24351394	0.039651	0.068483	0	0	0.000000	0.000000	0.000000	8
bb.chr8.25067507	chr8	25067507	25067627	-0.012257	0.075116	0	0	0.000000	0.000000	0.000000	8
bb.chr8.25915548	chr8	25915548	25915668	-0.000814	0.063518	0	0	0.000000	0.000000	0.000000	8
bb.chr8.26619145	chr8	26619145	26619265	0.000699	0.051752	0	0	0.000000	0.000000	0.000000	8
bb.chr8.27672349	chr8	27672349	27672469	-0.003031	0.120610	0	0	0.000000	0.000000	0.000000	8
bb.chr8.28445188	chr8	28445188	28445308	-0.007022	0.123234	0	0	0.000000	0.000000	0.000000	8
bb.chr8.29205595	chr8	29205595	29205715	-0.004550	0.087430	0	0	0.000000	0.000000	0.000000	8
bb.chr8.30486868	chr8	30486868	30486988	-0.036691	0.201356	0	0	0.000000	0.000000	0.000000	8
bb.chr8.31463297	chr8	31463297	31463417	-0.070776	0.392827	2	2	0.250000	0.250000	0.500000	8
bb.chr8.32313191	chr8	32313191	32313311	0.063040	0.059595	0	0	0.000000	0.000000	0.000000	8
bb.chr8.33147009	chr8	33147009	33147129	0.016213	0.050533	0	0	0.000000	0.000000	0.000000	8
bb.chr8.33833889	chr8	33833889	33834009	-0.042161	0.221524	0	0	0.000000	0.000000	0.000000	8
bb.chr8.34934538	chr8	34934538	34934658	0.014967	0.061183	0	0	0.000000	0.000000	0.000000	8
bb.chr8.36561065	chr8	36561065	36561185	-0.012817	0.069929	0	0	0.000000	0.000000	0.000000	8
bb.chr8.37361074	chr8	37361074	37361194	0.028783	0.067480	0	0	0.000000	0.000000	0.000000	8
bb.chr8.38442137	chr8	38442137	38442257	0.006148	0.059236	0	0	0.000000	0.000000	0.000000	8
bb.chr8.40519286	chr8	40519286	40519406	-0.033651	0.081393	0	0	0.000000	0.000000	0.000000	8
bb.chr8.41283929	chr8	41283929	41284049	0.009686	0.064030	0	0	0.000000	0.000000	0.000000	8
bb.chr8.42037631	chr8	42037631	42037751	-0.008722	0.120511	0	0	0.000000	0.000000	0.000000	8
bb.chr8.47035758	chr8	47035758	47035878	-0.020332	0.127651	0	0	0.000000	0.000000	0.000000	8
bb.chr8.48198540	chr8	48198540	48198660	0.030886	0.087224	0	0	0.000000	0.000000	0.000000	8
bb.chr8.51105185	chr8	51105185	51105305	0.002474	0.060335	0	0	0.000000	0.000000	0.000000	8
bb.chr8.52036622	chr8	52036622	52036742	-0.234792	0.825941	4	3	0.500000	0.375000	0.875000	8
bb.chr8.52853643	chr8	52853643	52853763	0.034735	0.115235	0	0	0.000000	0.000000	0.000000	8
bb.chr8.53592479	chr8	53592479	53592599	0.000904	0.116942	0	0	0.000000	0.000000	0.000000	8
bb.chr8.54655391	chr8	54655391	54655511	-0.041263	0.554505	2	3	0.250000	0.375000	0.625000	8
bb.chr8.55409505	chr8	55409505	55409625	0.010172	0.062741	0	0	0.000000	0.000000	0.000000	8
bb.chr8.56260208	chr8	56260208	56260328	-0.088930	0.227596	0	0	0.000000	0.000000	0.000000	8
bb.chr8.56913779	chr8	56913779	56913899	-0.044121	0.120285	0	0	0.000000	0.000000	0.000000	8
bb.chr8.57726746	chr8	57726746	57726866	0.016750	0.108683	0	0	0.000000	0.000000	0.000000	8
bb.chr8.58505165	chr8	58505165	58505285	-0.001609	0.123501	0	0	0.000000	0.000000	0.000000	8
bb.chr8.59610259	chr8	59610259	59610379	-0.028342	0.077224	0	0	0.000000	0.000000	0.000000	8
bb.chr8.60274096	chr8	60274096	60274216	0.031212	0.075963	0	0	0.000000	0.000000	0.000000	8
bb.chr8.61079191	chr8	61079191	61079311	0.002626	0.090941	0	0	0.000000	0.000000	0.000000	8
bb.chr8.62359594	chr8	62359594	62359714	0.040985	0.100534	0	0	0.000000	0.000000	0.000000	8
bb.chr8.63124328	chr8	63124328	63124448	-0.057400	0.174835	0	0	0.000000	0.000000	0.000000	8
bb.chr8.63898845	chr8	63898845	63898965	0.009342	0.053706	0	0	0.000000	0.000000	0.000000	8
bb.chr8.64891390	chr8	64891390	64891510	0.011697	0.067018	0	0	0.000000	0.000000	0.000000	8
bb.chr8.65719677	chr8	65719677	65719797	-0.089522	0.225738	0	0	0.000000	0.000000	0.000000	8
bb.chr8.66471489	chr8	66471489	66471609	-0.028473	0.137720	0	0	0.000000	0.000000	0.000000	8
bb.chr8.67562026	chr8	67562026	67562146	0.016219	0.061129	0	0	0.000000	0.000000	0.000000	8
bb.chr8.68258200	chr8	68258200	68258320	-0.046102	0.241503	0	0	0.000000	0.000000	0.000000	8
bb.chr8.69083450	chr8	69083450	69083570	0.013076	0.115370	0	0	0.000000	0.000000	0.000000	8
bb.chr8.69815368	chr8	69815368	69815488	-0.052561	0.152354	0	0	0.000000	0.000000	0.000000	8
bb.chr8.71089636	chr8	71089636	71089756	-0.003950	0.064540	0	0	0.000000	0.000000	0.000000	8
bb.chr8.71845217	chr8	71845217	71845337	-0.022226	0.104939	0	0	0.000000	0.000000	0.000000	8
bb.chr8.72833495	chr8	72833495	72833615	0.005503	0.062411	0	0	0.000000	0.000000	0.000000	8
bb.chr8.73975754	chr8	73975754	73975874	0.019724	0.094084	0	0	0.000000	0.000000	0.000000	8
bb.chr8.74660636	chr8	74660636	74660756	-0.019619	0.133577	0	0	0.000000	0.000000	0.000000	8
bb.chr8.75415625	chr8	75415625	75415745	-0.030216	0.073703	0	0	0.000000	0.000000	0.000000	8
bb.chr8.76187255	chr8	76187255	76187375	-0.004635	0.085125	0	0	0.000000	0.000000	0.000000	8
ZFHX4	chr8	76681245	76867280	-0.006650	0.012418	0	0	0.000000	0.000000	0.000000	8
bb.chr8.78038983	chr8	78038983	78039103	0.019122	0.123176	0	0	0.000000	0.000000	0.000000	8
bb.chr8.78717443	chr8	78717443	78717563	-0.025858	0.070907	0	0	0.000000	0.000000	0.000000	8
bb.chr8.79566662	chr8	79566662	79566782	-0.011128	0.072996	0	0	0.000000	0.000000	0.000000	8
bb.chr8.80355860	chr8	80355860	80355980	-0.011197	0.081494	0	0	0.000000	0.000000	0.000000	8
bb.chr8.81087996	chr8	81087996	81088116	-0.035230	0.324603	1	0	0.125000	0.000000	0.125000	8
bb.chr8.81975798	chr8	81975798	81975918	0.009412	0.100749	0	0	0.000000	0.000000	0.000000	8
bb.chr8.82699086	chr8	82699086	82699206	-0.080155	0.181598	0	0	0.000000	0.000000	0.000000	8
bb.chr8.83477576	chr8	83477576	83477696	0.009622	0.064045	0	0	0.000000	0.000000	0.000000	8
bb.chr8.84209220	chr8	84209220	84209340	-0.012578	0.030933	0	0	0.000000	0.000000	0.000000	8
bb.chr8.84966746	chr8	84966746	84966866	-0.032574	0.144440	0	0	0.000000	0.000000	0.000000	8
bb.chr8.86176516	chr8	86176516	86176636	-5.170831	10.019571	2	4	0.250000	0.500000	0.750000	8
bb.chr8.87240883	chr8	87240883	87241003	0.048052	0.083066	0	0	0.000000	0.000000	0.000000	8
bb.chr8.88164324	chr8	88164324	88164444	-0.002867	0.079201	0	0	0.000000	0.000000	0.000000	8
bb.chr8.89021041	chr8	89021041	89021161	-0.000703	0.058434	0	0	0.000000	0.000000	0.000000	8
bb.chr8.90008546	chr8	90008546	90008666	0.004380	0.047341	0	0	0.000000	0.000000	0.000000	8
bb.chr8.90692967	chr8	90692967	90693087	-0.122000	0.250838	0	1	0.000000	0.125000	0.125000	8
bb.chr8.91550926	chr8	91550926	91551046	0.029447	0.033513	0	0	0.000000	0.000000	0.000000	8
bb.chr8.92183002	chr8	92183002	92183122			0	0	0.000000	0.000000	0.000000	0
bb.chr8.93634349	chr8	93634349	93634469	0.038029	0.078624	0	0	0.000000	0.000000	0.000000	8
bb.chr8.94401818	chr8	94401818	94401938	0.002018	0.086837	0	0	0.000000	0.000000	0.000000	8
bb.chr8.95458012	chr8	95458012	95458132	0.087726	0.090431	0	0	0.000000	0.000000	0.000000	8
bb.chr8.96309610	chr8	96309610	96309730	-0.037071	0.171890	0	0	0.000000	0.000000	0.000000	8
bb.chr8.97013397	chr8	97013397	97013517	-0.010721	0.111693	0	0	0.000000	0.000000	0.000000	8
bb.chr8.97748357	chr8	97748357	97748477	0.036400	0.041118	0	0	0.000000	0.000000	0.000000	8
bb.chr8.98519438	chr8	98519438	98519558	-0.003469	0.073394	0	0	0.000000	0.000000	0.000000	8
bb.chr8.99179526	chr8	99179526	99179646	-0.029502	0.251876	0	0	0.000000	0.000000	0.000000	8
bb.chr8.100788436	chr8	100788436	100788556	-0.007033	0.199813	0	0	0.000000	0.000000	0.000000	8
bb.chr8.101602698	chr8	101602698	101602818	0.012261	0.121160	0	0	0.000000	0.000000	0.000000	8
bb.chr8.102373451	chr8	102373451	102373571	0.016584	0.106446	0	0	0.000000	0.000000	0.000000	8
bb.chr8.103142425	chr8	103142425	103142545	0.013571	0.065584	0	0	0.000000	0.000000	0.000000	8
bb.chr8.104173333	chr8	104173333	104173453	0.029948	0.044189	0	0	0.000000	0.000000	0.000000	8
bb.chr8.104945732	chr8	104945732	104945852	0.013539	0.074171	0	0	0.000000	0.000000	0.000000	8
bb.chr8.105986482	chr8	105986482	105986602	-0.042225	0.175944	0	0	0.000000	0.000000	0.000000	8
bb.chr8.106770107	chr8	106770107	106770227	0.011879	0.055509	0	0	0.000000	0.000000	0.000000	8
bb.chr8.108081290	chr8	108081290	108081410	0.024007	0.073504	0	0	0.000000	0.000000	0.000000	8
bb.chr8.108713127	chr8	108713127	108713247	-0.019808	0.059143	0	0	0.000000	0.000000	0.000000	8
bb.chr8.109335113	chr8	109335113	109335233	-0.012178	0.181651	0	0	0.000000	0.000000	0.000000	8
bb.chr8.110086790	chr8	110086790	110086910	-0.073975	0.452227	2	1	0.250000	0.125000	0.375000	8
bb.chr8.111886291	chr8	111886291	111886411	-0.061606	0.200431	0	0	0.000000	0.000000	0.000000	8
bb.chr8.112916650	chr8	112916650	112916770	-0.007689	0.071281	0	0	0.000000	0.000000	0.000000	8
bb.chr8.113687197	chr8	113687197	113687317	-0.003817	0.083883	0	0	0.000000	0.000000	0.000000	8
bb.chr8.114348106	chr8	114348106	114348226	-0.098781	0.179502	0	0	0.000000	0.000000	0.000000	8
bb.chr8.115233334	chr8	115233334	115233454	-0.017760	0.140964	0	0	0.000000	0.000000	0.000000	8
bb.chr8.115987505	chr8	115987505	115987625	0.221813	0.472882	2	0	0.250000	0.000000	0.250000	8
bb.chr8.116667404	chr8	116667404	116667524	0.026100	0.057018	0	0	0.000000	0.000000	0.000000	8
RAD21	chr8	116845932	116874775	-0.017688	0.033325	0	0	0.000000	0.000000	0.000000	8
bb.chr8.117802984	chr8	117802984	117803104	-0.016723	0.178393	0	0	0.000000	0.000000	0.000000	8
bb.chr8.118489970	chr8	118489970	118490090	0.005809	0.064055	0	0	0.000000	0.000000	0.000000	8
bb.chr8.119093148	chr8	119093148	119093268	0.014382	0.052136	0	0	0.000000	0.000000	0.000000	8
bb.chr8.119834823	chr8	119834823	119834943	-0.038613	0.192912	0	0	0.000000	0.000000	0.000000	8
bb.chr8.120677172	chr8	120677172	120677292	-0.000809	0.062135	0	0	0.000000	0.000000	0.000000	8
bb.chr8.121950916	chr8	121950916	121951036	-0.008104	0.126939	0	0	0.000000	0.000000	0.000000	8
bb.chr8.122693856	chr8	122693856	122693976	-0.001623	0.090375	0	0	0.000000	0.000000	0.000000	8
bb.chr8.123460938	chr8	123460938	123461058	0.024570	0.075302	0	0	0.000000	0.000000	0.000000	8
bb.chr8.124228030	chr8	124228030	124228150	0.004599	0.055407	0	0	0.000000	0.000000	0.000000	8
bb.chr8.124932640	chr8	124932640	124932760	-0.003097	0.042807	0	0	0.000000	0.000000	0.000000	8
bb.chr8.125971337	chr8	125971337	125971457	0.067660	0.092011	0	0	0.000000	0.000000	0.000000	8
bb.chr8.126754822	chr8	126754822	126754942	-0.032650	0.149836	0	0	0.000000	0.000000	0.000000	8
bb.chr8.127584909	chr8	127584909	127585029	0.000156	0.050847	0	0	0.000000	0.000000	0.000000	8
MYC	chr8	127736229	127742950	-0.002702	0.015813	0	0	0.000000	0.000000	0.000000	8
bb.chr8.128338567	chr8	128338567	128338687	0.009546	0.052112	0	0	0.000000	0.000000	0.000000	8
bb.chr8.129378094	chr8	129378094	129378214	-0.000930	0.117281	0	0	0.000000	0.000000	0.000000	8
bb.chr8.130149265	chr8	130149265	130149385	-0.125397	0.603543	2	3	0.250000	0.375000	0.625000	8
bb.chr8.130909650	chr8	130909650	130909770	-0.025416	0.071462	0	0	0.000000	0.000000	0.000000	8
bb.chr8.131948826	chr8	131948826	131948946	-0.030785	0.144002	0	0	0.000000	0.000000	0.000000	8
bb.chr8.132959101	chr8	132959101	132959221	-0.000068	0.171685	0	0	0.000000	0.000000	0.000000	8
bb.chr8.133773852	chr8	133773852	133773972	0.000408	0.138237	0	0	0.000000	0.000000	0.000000	8
bb.chr8.135203468	chr8	135203468	135203588	0.000326	0.183126	0	0	0.000000	0.000000	0.000000	8
bb.chr8.136328761	chr8	136328761	136328881	0.001385	0.058058	0	0	0.000000	0.000000	0.000000	8
bb.chr8.137044246	chr8	137044246	137044366	-0.011643	0.083139	0	0	0.000000	0.000000	0.000000	8
bb.chr8.138133873	chr8	138133873	138133993	0.005538	0.222878	1	0	0.125000	0.000000	0.125000	8
bb.chr8.138906964	chr8	138906964	138907084	0.052277	0.126540	0	0	0.000000	0.000000	0.000000	8
bb.chr8.139677670	chr8	139677670	139677790	0.089086	0.080671	0	0	0.000000	0.000000	0.000000	8
bb.chr8.140665772	chr8	140665772	140665892	-0.021929	0.051296	0	0	0.000000	0.000000	0.000000	8
bb.chr8.141477696	chr8	141477696	141477816	0.092442	0.074488	0	0	0.000000	0.000000	0.000000	8
bb.chr8.142680952	chr8	142680952	142681072	0.016480	0.179754	0	0	0.000000	0.000000	0.000000	8
bb.chr8.143711579	chr8	143711579	143711699	-0.020042	0.083249	0	0	0.000000	0.000000	0.000000	8
bb.chr8.144281106	chr8	144281106	144281586	-0.065297	0.516828	2	1	0.250000	0.125000	0.375000	8
bb.chr9.675540	chr9	675540	675660	0.014485	0.072256	0	0	0.000000	0.000000	0.000000	8
bb.chr9.1386297	chr9	1386297	1386417	-0.007793	0.054494	0	0	0.000000	0.000000	0.000000	8
bb.chr9.2141132	chr9	2141132	2141252	0.016563	0.060077	0	0	0.000000	0.000000	0.000000	8
bb.chr9.2798052	chr9	2798052	2798172	0.030189	0.085059	0	0	0.000000	0.000000	0.000000	8
bb.chr9.3573876	chr9	3573876	3573996	-0.010385	0.067411	0	0	0.000000	0.000000	0.000000	8
bb.chr9.4191711	chr9	4191711	4191831	-0.011718	0.095770	0	0	0.000000	0.000000	0.000000	8
bb.chr9.4864831	chr9	4864831	4864951	0.006682	0.066098	0	0	0.000000	0.000000	0.000000	8
JAK2	chr9	5066672	5078443	-0.010765	0.032964	0	0	0.000000	0.000000	0.000000	8
bb.chr9.5610398	chr9	5610398	5610518	0.002147	0.061646	0	0	0.000000	0.000000	0.000000	8
bb.chr9.6256232	chr9	6256232	6256352	-0.101080	0.381958	1	1	0.125000	0.125000	0.250000	8
bb.chr9.6993788	chr9	6993788	6993908	0.028420	0.086553	0	0	0.000000	0.000000	0.000000	8
bb.chr9.8029790	chr9	8029790	8029910	0.023947	0.104745	0	0	0.000000	0.000000	0.000000	8
bb.chr9.9089750	chr9	9089750	9089870	-0.030451	0.167150	0	0	0.000000	0.000000	0.000000	8
bb.chr9.9772551	chr9	9772551	9772671	-0.005243	0.078029	0	0	0.000000	0.000000	0.000000	8
bb.chr9.11190813	chr9	11190813	11190933	0.001215	0.125029	0	0	0.000000	0.000000	0.000000	8
bb.chr9.11902036	chr9	11902036	11902156	0.043761	0.037235	0	0	0.000000	0.000000	0.000000	8
bb.chr9.12956702	chr9	12956702	12956822	-0.003563	0.116671	0	0	0.000000	0.000000	0.000000	8
bb.chr9.13649814	chr9	13649814	13649934	-0.045847	0.046065	0	0	0.000000	0.000000	0.000000	8
bb.chr9.14694001	chr9	14694001	14694121	0.007337	0.136259	0	0	0.000000	0.000000	0.000000	8
bb.chr9.15370517	chr9	15370517	15370637	0.034177	0.126243	0	0	0.000000	0.000000	0.000000	8
bb.chr9.16446098	chr9	16446098	16446218	0.005635	0.087185	0	0	0.000000	0.000000	0.000000	8
bb.chr9.17447388	chr9	17447388	17447508	-0.037354	0.048642	0	0	0.000000	0.000000	0.000000	8
bb.chr9.18196006	chr9	18196006	18196126	0.011105	0.062454	0	0	0.000000	0.000000	0.000000	8
bb.chr9.18890217	chr9	18890217	18890337	0.010366	0.049743	0	0	0.000000	0.000000	0.000000	8
bb.chr9.19752331	chr9	19752331	19752451	-0.007896	0.054190	0	0	0.000000	0.000000	0.000000	8
bb.chr9.20631574	chr9	20631574	20631694	0.007420	0.043875	0	0	0.000000	0.000000	0.000000	8
CDKN2A	chr9	21967766	21974856	-0.017673	0.049643	0	0	0.000000	0.000000	0.000000	8
CDKN2B	chr9	22002901	22009304	-0.013393	0.017800	0	0	0.000000	0.000000	0.000000	8
bb.chr9.22072660	chr9	22072660	22072780	0.008007	0.064839	0	0	0.000000	0.000000	0.000000	8
bb.chr9.22740242	chr9	22740242	22740362	-0.023753	0.208862	0	0	0.000000	0.000000	0.000000	8
bb.chr9.23404073	chr9	23404073	23404193	0.011372	0.086180	0	0	0.000000	0.000000	0.000000	8
bb.chr9.24111185	chr9	24111185	24111305	-0.009453	0.105430	0	0	0.000000	0.000000	0.000000	8
bb.chr9.24898868	chr9	24898868	24898988	-0.011767	0.123549	0	0	0.000000	0.000000	0.000000	8
bb.chr9.25889671	chr9	25889671	25889791	0.003262	0.079198	0	0	0.000000	0.000000	0.000000	8
bb.chr9.26565855	chr9	26565855	26565975	0.021251	0.077432	0	0	0.000000	0.000000	0.000000	8
bb.chr9.27282555	chr9	27282555	27282675	0.010568	0.075718	0	0	0.000000	0.000000	0.000000	8
bb.chr9.27985752	chr9	27985752	27985872	0.002523	0.124362	0	0	0.000000	0.000000	0.000000	8
bb.chr9.29399072	chr9	29399072	29399192	0.008524	0.109004	0	0	0.000000	0.000000	0.000000	8
bb.chr9.30085352	chr9	30085352	30085472	-0.097627	0.364859	1	0	0.125000	0.000000	0.125000	8
bb.chr9.31136895	chr9	31136895	31137015	-0.022783	0.150449	0	0	0.000000	0.000000	0.000000	8
bb.chr9.32182127	chr9	32182127	32182247	0.009387	0.055284	0	0	0.000000	0.000000	0.000000	8
bb.chr9.32904862	chr9	32904862	32904982	-0.033871	0.101717	0	0	0.000000	0.000000	0.000000	8
bb.chr9.33775309	chr9	33775309	33775429	-0.008753	0.070956	0	0	0.000000	0.000000	0.000000	8
bb.chr9.34655379	chr9	34655379	34655499	-0.023647	0.063621	0	0	0.000000	0.000000	0.000000	8
bb.chr9.35682239	chr9	35682239	35682359	-0.023264	0.099014	0	0	0.000000	0.000000	0.000000	8
bb.chr9.36374147	chr9	36374147	36374267	0.016059	0.047546	0	0	0.000000	0.000000	0.000000	8
PAX5	chr9	36833267	37034267	0.011333	0.031329	0	0	0.000000	0.000000	0.000000	8
bb.chr9.37081213	chr9	37081213	37081333	-0.013185	0.097196	0	0	0.000000	0.000000	0.000000	8
bb.chr9.37782054	chr9	37782054	37782174	0.018496	0.089131	0	0	0.000000	0.000000	0.000000	8
bb.chr9.38445304	chr9	38445304	38445424	0.004761	0.067194	0	0	0.000000	0.000000	0.000000	8
bb.chr9.39100281	chr9	39100281	39100401	-0.171456	0.470936	0	1	0.000000	0.125000	0.125000	8
bb.chr9.41673242	chr9	41673242	41673362	-0.365956	0.933718	3	2	0.375000	0.250000	0.625000	8
bb.chr9.66902267	chr9	66902267	66902387	-0.093805	0.598209	2	2	0.250000	0.250000	0.500000	8
bb.chr9.68401417	chr9	68401417	68401537	-0.020358	0.091900	0	0	0.000000	0.000000	0.000000	8
bb.chr9.69097248	chr9	69097248	69097368	-0.026130	0.049772	0	0	0.000000	0.000000	0.000000	8
bb.chr9.70011775	chr9	70011775	70011895	0.002834	0.079872	0	0	0.000000	0.000000	0.000000	8
bb.chr9.70831066	chr9	70831066	70831186	-0.003428	0.102242	0	0	0.000000	0.000000	0.000000	8
bb.chr9.72250101	chr9	72250101	72250221	-0.021161	0.061864	0	0	0.000000	0.000000	0.000000	8
bb.chr9.72945898	chr9	72945898	72946018	-0.332660	0.911954	3	2	0.375000	0.250000	0.625000	8
bb.chr9.74671900	chr9	74671900	74672020	0.024541	0.065850	0	0	0.000000	0.000000	0.000000	8
bb.chr9.75387922	chr9	75387922	75388042	0.018263	0.067993	0	0	0.000000	0.000000	0.000000	8
bb.chr9.76091975	chr9	76091975	76092095	-0.027031	0.066222	0	0	0.000000	0.000000	0.000000	8
bb.chr9.76802862	chr9	76802862	76802982	-0.013228	0.120617	0	0	0.000000	0.000000	0.000000	8
bb.chr9.77522458	chr9	77522458	77522578	0.029192	0.075265	0	0	0.000000	0.000000	0.000000	8
bb.chr9.78533362	chr9	78533362	78533482	0.003187	0.081245	0	0	0.000000	0.000000	0.000000	8
bb.chr9.79227007	chr9	79227007	79227127	-0.018056	0.154874	0	0	0.000000	0.000000	0.000000	8
bb.chr9.80315277	chr9	80315277	80315397			0	0	0.000000	0.000000	0.000000	0
bb.chr9.81725875	chr9	81725875	81725995	0.008772	0.046821	0	0	0.000000	0.000000	0.000000	8
bb.chr9.82514856	chr9	82514856	82514976	0.001017	0.054051	0	0	0.000000	0.000000	0.000000	8
bb.chr9.83435277	chr9	83435277	83435397	0.015928	0.052684	0	0	0.000000	0.000000	0.000000	8
HNRNPK	chr9	83968081	83980215	-0.009094	0.026326	0	0	0.000000	0.000000	0.000000	8
bb.chr9.84587568	chr9	84587568	84587688	-0.028781	0.272491	0	0	0.000000	0.000000	0.000000	8
bb.chr9.85237966	chr9	85237966	85238086	-0.015955	0.085446	0	0	0.000000	0.000000	0.000000	8
bb.chr9.86079886	chr9	86079886	86080006	0.010549	0.080627	0	0	0.000000	0.000000	0.000000	8
bb.chr9.87301304	chr9	87301304	87301424	-0.033495	0.153167	0	0	0.000000	0.000000	0.000000	8
bb.chr9.88264932	chr9	88264932	88265052	0.021329	0.052673	0	0	0.000000	0.000000	0.000000	8
bb.chr9.88993074	chr9	88993074	88993194	0.006661	0.119486	0	0	0.000000	0.000000	0.000000	8
bb.chr9.89675899	chr9	89675899	89676019	0.013904	0.029482	0	0	0.000000	0.000000	0.000000	8
bb.chr9.90304802	chr9	90304802	90304922	-0.004255	0.083021	0	0	0.000000	0.000000	0.000000	8
bb.chr9.90974632	chr9	90974632	90974752	0.034337	0.044596	0	0	0.000000	0.000000	0.000000	8
bb.chr9.93059449	chr9	93059449	93059569	-0.009435	0.062332	0	0	0.000000	0.000000	0.000000	8
bb.chr9.93777412	chr9	93777412	93777532	-0.019640	0.187601	0	0	0.000000	0.000000	0.000000	8
bb.chr9.94482953	chr9	94482953	94483073	-0.049153	0.251018	0	0	0.000000	0.000000	0.000000	8
bb.chr9.95189468	chr9	95189468	95189588	0.026307	0.088333	0	0	0.000000	0.000000	0.000000	8
bb.chr9.96228961	chr9	96228961	96229081	0.022791	0.058948	0	0	0.000000	0.000000	0.000000	8
bb.chr9.97649678	chr9	97649678	97649798	0.046591	0.079571	0	0	0.000000	0.000000	0.000000	8
bb.chr9.98335106	chr9	98335106	98335226	0.001337	0.035391	0	0	0.000000	0.000000	0.000000	8
bb.chr9.99061031	chr9	99061031	99061151	-0.035334	0.054417	0	0	0.000000	0.000000	0.000000	8
bb.chr9.99870213	chr9	99870213	99870333	0.003977	0.022581	0	0	0.000000	0.000000	0.000000	8
bb.chr9.100782915	chr9	100782915	100783035	-0.032700	0.087354	0	0	0.000000	0.000000	0.000000	8
bb.chr9.101471476	chr9	101471476	101471596	-0.045588	0.090432	0	0	0.000000	0.000000	0.000000	8
bb.chr9.102403327	chr9	102403327	102403447	-0.356325	0.945576	1	1	0.125000	0.125000	0.250000	8
bb.chr9.103236531	chr9	103236531	103236651	0.007130	0.127404	0	0	0.000000	0.000000	0.000000	8
bb.chr9.104313485	chr9	104313485	104313605	0.008376	0.047981	0	0	0.000000	0.000000	0.000000	8
bb.chr9.104973466	chr9	104973466	104973586	-0.008867	0.050738	0	0	0.000000	0.000000	0.000000	8
bb.chr9.105692002	chr9	105692002	105692122	-0.019720	0.147462	0	0	0.000000	0.000000	0.000000	8
bb.chr9.106415230	chr9	106415230	106415350	-0.010718	0.083278	0	0	0.000000	0.000000	0.000000	8
bb.chr9.107072147	chr9	107072147	107072267	0.022061	0.075463	0	0	0.000000	0.000000	0.000000	8
bb.chr9.107727430	chr9	107727430	107727550	0.052344	0.069376	0	0	0.000000	0.000000	0.000000	8
bb.chr9.108841027	chr9	108841027	108841147	0.009008	0.138587	0	0	0.000000	0.000000	0.000000	8
bb.chr9.109538030	chr9	109538030	109538150	0.001936	0.146670	0	0	0.000000	0.000000	0.000000	8
bb.chr9.110204164	chr9	110204164	110204284	0.036470	0.076502	0	0	0.000000	0.000000	0.000000	8
bb.chr9.110927988	chr9	110927988	110928108	-0.050964	0.231961	0	0	0.000000	0.000000	0.000000	8
bb.chr9.111655149	chr9	111655149	111655269	0.033351	0.041795	0	0	0.000000	0.000000	0.000000	8
bb.chr9.112664974	chr9	112664974	112665094	0.003594	0.079609	0	0	0.000000	0.000000	0.000000	8
bb.chr9.113718507	chr9	113718507	113718627	0.005145	0.039699	0	0	0.000000	0.000000	0.000000	8
bb.chr9.114693470	chr9	114693470	114693590	-0.010150	0.058512	0	0	0.000000	0.000000	0.000000	8
bb.chr9.115394181	chr9	115394181	115394301	0.037112	0.045766	0	0	0.000000	0.000000	0.000000	8
bb.chr9.116170820	chr9	116170820	116170940	-0.016782	0.092830	0	0	0.000000	0.000000	0.000000	8
bb.chr9.117227825	chr9	117227825	117227945	0.000325	0.053628	0	0	0.000000	0.000000	0.000000	8
bb.chr9.117921115	chr9	117921115	117921235	-0.004180	0.046494	0	0	0.000000	0.000000	0.000000	8
bb.chr9.118999273	chr9	118999273	118999393	-0.062751	0.242119	0	0	0.000000	0.000000	0.000000	8
bb.chr9.120096910	chr9	120096910	120097030	0.017492	0.097160	0	0	0.000000	0.000000	0.000000	8
bb.chr9.120876926	chr9	120876926	120877046	0.001413	0.110868	0	0	0.000000	0.000000	0.000000	8
bb.chr9.121786980	chr9	121786980	121787100	0.039717	0.125261	0	0	0.000000	0.000000	0.000000	8
bb.chr9.122615675	chr9	122615675	122615795	-0.018828	0.056536	0	0	0.000000	0.000000	0.000000	8
bb.chr9.123435808	chr9	123435808	123435928	-0.018254	0.060637	0	0	0.000000	0.000000	0.000000	8
bb.chr9.124594089	chr9	124594089	124594209	0.008371	0.116845	0	0	0.000000	0.000000	0.000000	8
bb.chr9.125273110	chr9	125273110	125273230	-0.117207	0.473603	2	2	0.250000	0.250000	0.500000	8
bb.chr9.125967028	chr9	125967028	125967148	-0.001346	0.085690	0	0	0.000000	0.000000	0.000000	8
bb.chr9.127096179	chr9	127096179	127096299	-0.009489	0.074167	0	0	0.000000	0.000000	0.000000	8
bb.chr9.128431326	chr9	128431326	128431446	0.037520	0.100562	0	0	0.000000	0.000000	0.000000	8
bb.chr9.129438714	chr9	129438714	129438834	0.024543	0.040481	0	0	0.000000	0.000000	0.000000	8
bb.chr9.130157269	chr9	130157269	130157389	-0.005996	0.140112	0	0	0.000000	0.000000	0.000000	8
bb.chr9.131082312	chr9	131082312	131082432	0.030712	0.087841	0	0	0.000000	0.000000	0.000000	8
bb.chr9.132162363	chr9	132162363	132162483	0.018616	0.104697	0	0	0.000000	0.000000	0.000000	8
bb.chr9.132888634	chr9	132888634	132888754	0.011708	0.050849	0	0	0.000000	0.000000	0.000000	8
bb.chr9.133538754	chr9	133538754	133538874	0.002534	0.105022	0	0	0.000000	0.000000	0.000000	8
bb.chr9.134936744	chr9	134936744	134936864	-0.013978	0.049099	0	0	0.000000	0.000000	0.000000	8
bb.chr9.135637871	chr9	135637871	135637991	0.027692	0.115404	0	0	0.000000	0.000000	0.000000	8
NOTCH1	chr9	136494431	136546047	-0.005604	0.057145	0	0	0.000000	0.000000	0.000000	8
bb.chr9.136663714	chr9	136663714	136663834	-0.053395	0.093610	0	0	0.000000	0.000000	0.000000	8
bb.chr9.138117259	chr9	138117259	138117379	-0.072110	0.165596	0	0	0.000000	0.000000	0.000000	8
bb.chr10.970601	chr10	970601	970721	0.027192	0.091982	0	0	0.000000	0.000000	0.000000	8
bb.chr10.1704698	chr10	1704698	1704818	-0.003034	0.062791	0	0	0.000000	0.000000	0.000000	8
bb.chr10.2698666	chr10	2698666	2698786			0	0	0.000000	0.000000	0.000000	0
bb.chr10.3980977	chr10	3980977	3981097	-0.013539	0.104123	0	0	0.000000	0.000000	0.000000	8
bb.chr10.4977707	chr10	4977707	4977827	-0.031580	0.149426	0	0	0.000000	0.000000	0.000000	8
bb.chr10.6491855	chr10	6491855	6491975	-0.021553	0.109855	0	0	0.000000	0.000000	0.000000	8
bb.chr10.7157032	chr10	7157032	7157152	0.026106	0.076707	0	0	0.000000	0.000000	0.000000	8
bb.chr10.7984586	chr10	7984586	7984706	-0.046884	0.186392	0	0	0.000000	0.000000	0.000000	8
bb.chr10.8733870	chr10	8733870	8733990	-0.027533	0.163008	0	0	0.000000	0.000000	0.000000	8
bb.chr10.10019760	chr10	10019760	10019880	-0.138298	0.469918	0	2	0.000000	0.250000	0.250000	8
bb.chr10.11111223	chr10	11111223	11111343	-0.202512	0.744256	2	3	0.250000	0.375000	0.625000	8
bb.chr10.11772387	chr10	11772387	11772507	-0.008315	0.079146	0	0	0.000000	0.000000	0.000000	8
bb.chr10.12538530	chr10	12538530	12538650	0.056338	0.074436	0	0	0.000000	0.000000	0.000000	8
bb.chr10.13321576	chr10	13321576	13321696	-0.114924	0.495687	1	1	0.125000	0.125000	0.250000	8
bb.chr10.14547827	chr10	14547827	14547947	0.018103	0.084906	0	0	0.000000	0.000000	0.000000	8
bb.chr10.15236225	chr10	15236225	15236345	0.011522	0.088029	0	0	0.000000	0.000000	0.000000	8
bb.chr10.15946843	chr10	15946843	15946963	0.005361	0.053209	0	0	0.000000	0.000000	0.000000	8
bb.chr10.17099332	chr10	17099332	17099452	-0.034202	0.155326	0	0	0.000000	0.000000	0.000000	8
bb.chr10.17785940	chr10	17785940	17786060	0.007877	0.099616	0	0	0.000000	0.000000	0.000000	8
bb.chr10.18340614	chr10	18340614	18340734	0.096459	0.065647	0	0	0.000000	0.000000	0.000000	8
bb.chr10.19077461	chr10	19077461	19077581	-0.019762	0.161694	0	0	0.000000	0.000000	0.000000	8
bb.chr10.19830680	chr10	19830680	19830800	0.017047	0.078568	0	0	0.000000	0.000000	0.000000	8
bb.chr10.20826343	chr10	20826343	20826463	-0.090428	0.461929	1	2	0.125000	0.250000	0.375000	8
bb.chr10.21681088	chr10	21681088	21681208	0.007774	0.056501	0	0	0.000000	0.000000	0.000000	8
bb.chr10.23110564	chr10	23110564	23110684	0.027627	0.103988	0	0	0.000000	0.000000	0.000000	8
bb.chr10.24149011	chr10	24149011	24149131	-0.022936	0.084810	0	0	0.000000	0.000000	0.000000	8
bb.chr10.24867653	chr10	24867653	24867773	-0.014409	0.122241	0	0	0.000000	0.000000	0.000000	8
bb.chr10.25652702	chr10	25652702	25652822	-0.011245	0.063053	0	0	0.000000	0.000000	0.000000	8
bb.chr10.26359612	chr10	26359612	26359732			0	0	0.000000	0.000000	0.000000	0
ANKRD26	chr10	27004114	27093800	-0.005241	0.037740	0	0	0.000000	0.000000	0.000000	8
bb.chr10.27155339	chr10	27155339	27155459	0.016320	0.094395	0	0	0.000000	0.000000	0.000000	8
bb.chr10.27877508	chr10	27877508	27877628	-0.019623	0.254065	0	0	0.000000	0.000000	0.000000	8
bb.chr10.28904026	chr10	28904026	28904146	-0.096970	0.279791	0	0	0.000000	0.000000	0.000000	8
bb.chr10.29939602	chr10	29939602	29939722	-0.093845	0.267024	0	0	0.000000	0.000000	0.000000	8
bb.chr10.30893919	chr10	30893919	30894039	-0.081572	0.221637	0	0	0.000000	0.000000	0.000000	8
bb.chr10.31686075	chr10	31686075	31686195	-0.017393	0.091318	0	0	0.000000	0.000000	0.000000	8
bb.chr10.32397555	chr10	32397555	32397675	0.029299	0.189371	0	0	0.000000	0.000000	0.000000	8
bb.chr10.33102868	chr10	33102868	33102988	0.024246	0.133102	0	0	0.000000	0.000000	0.000000	8
bb.chr10.34167991	chr10	34167991	34168111	-0.009878	0.183750	0	0	0.000000	0.000000	0.000000	8
bb.chr10.34931605	chr10	34931605	34931725	-0.163493	0.536727	0	1	0.000000	0.125000	0.125000	8
bb.chr10.36425776	chr10	36425776	36425896	-0.002937	0.076876	0	0	0.000000	0.000000	0.000000	8
bb.chr10.37401255	chr10	37401255	37401375	-0.003675	0.074608	0	0	0.000000	0.000000	0.000000	8
bb.chr10.38249783	chr10	38249783	38249903	-0.021007	0.133664	0	0	0.000000	0.000000	0.000000	8
bb.chr10.42337624	chr10	42337624	42337744	-0.084852	0.268686	0	1	0.000000	0.125000	0.125000	8
bb.chr10.43238098	chr10	43238098	43238218	-0.055357	0.267400	0	0	0.000000	0.000000	0.000000	8
bb.chr10.44278448	chr10	44278448	44278568	-0.024983	0.108980	0	0	0.000000	0.000000	0.000000	8
bb.chr10.44988800	chr10	44988800	44988920	-0.009036	0.069569	0	0	0.000000	0.000000	0.000000	8
bb.chr10.45750792	chr10	45750792	45750912	-0.012122	0.052426	0	0	0.000000	0.000000	0.000000	8
bb.chr10.45975053	chr10	45975053	45975173	-0.035617	0.062654	0	0	0.000000	0.000000	0.000000	8
bb.chr10.47158927	chr10	47158927	47159047	-0.013572	0.057166	0	0	0.000000	0.000000	0.000000	8
bb.chr10.48341151	chr10	48341151	48341271	-0.149126	0.689335	2	2	0.250000	0.250000	0.500000	8
bb.chr10.49354683	chr10	49354683	49354803	0.005554	0.062307	0	0	0.000000	0.000000	0.000000	8
bb.chr10.50343887	chr10	50343887	50344007	0.001784	0.073122	0	0	0.000000	0.000000	0.000000	8
bb.chr10.51053718	chr10	51053718	51053838	0.000541	0.133814	0	0	0.000000	0.000000	0.000000	8
bb.chr10.52066862	chr10	52066862	52066982	-0.035279	0.142435	0	0	0.000000	0.000000	0.000000	8
bb.chr10.53095799	chr10	53095799	53095919	0.000660	0.116400	0	0	0.000000	0.000000	0.000000	8
bb.chr10.53717375	chr10	53717375	53717495	0.018129	0.124327	0	0	0.000000	0.000000	0.000000	8
bb.chr10.54464777	chr10	54464777	54464897	-0.079067	0.430194	1	1	0.125000	0.125000	0.250000	8
bb.chr10.55126963	chr10	55126963	55127083	-0.005229	0.121593	0	0	0.000000	0.000000	0.000000	8
bb.chr10.55837802	chr10	55837802	55837922	-0.175461	0.571280	0	2	0.000000	0.250000	0.250000	8
bb.chr10.56806247	chr10	56806247	56806367	0.013651	0.126092	0	0	0.000000	0.000000	0.000000	8
bb.chr10.57607374	chr10	57607374	57607494	-0.012068	0.083628	0	0	0.000000	0.000000	0.000000	8
bb.chr10.58347015	chr10	58347015	58347135	-0.000452	0.071276	0	0	0.000000	0.000000	0.000000	8
bb.chr10.59346984	chr10	59346984	59347104	-0.011021	0.079646	0	0	0.000000	0.000000	0.000000	8
bb.chr10.60131119	chr10	60131119	60131239	-0.038243	0.195768	0	0	0.000000	0.000000	0.000000	8
bb.chr10.60893045	chr10	60893045	60893165	0.019476	0.064064	0	0	0.000000	0.000000	0.000000	8
bb.chr10.61563535	chr10	61563535	61563655	-0.031909	0.169985	0	0	0.000000	0.000000	0.000000	8
bb.chr10.62471920	chr10	62471920	62472040	0.030469	0.112045	0	0	0.000000	0.000000	0.000000	8
bb.chr10.63077758	chr10	63077758	63077878	0.029574	0.066826	0	0	0.000000	0.000000	0.000000	8
bb.chr10.63920664	chr10	63920664	63920784	0.005939	0.069285	0	0	0.000000	0.000000	0.000000	8
bb.chr10.64653102	chr10	64653102	64653222	-0.004216	0.031707	0	0	0.000000	0.000000	0.000000	8
bb.chr10.65896662	chr10	65896662	65896782	-0.012520	0.078684	0	0	0.000000	0.000000	0.000000	8
bb.chr10.67151276	chr10	67151276	67151396	-0.031536	0.151430	0	0	0.000000	0.000000	0.000000	8
bb.chr10.68174441	chr10	68174441	68174561	-0.002926	0.081853	0	0	0.000000	0.000000	0.000000	8
bb.chr10.68994344	chr10	68994344	68994464	-0.013730	0.103066	0	0	0.000000	0.000000	0.000000	8
bb.chr10.70426708	chr10	70426708	70426828	-0.009801	0.058510	0	0	0.000000	0.000000	0.000000	8
bb.chr10.71175445	chr10	71175445	71175565	0.012620	0.069209	0	0	0.000000	0.000000	0.000000	8
bb.chr10.71796109	chr10	71796109	71796229	-0.002501	0.033153	0	0	0.000000	0.000000	0.000000	8
bb.chr10.72495173	chr10	72495173	72495293	-0.032251	0.192274	0	0	0.000000	0.000000	0.000000	8
bb.chr10.74289773	chr10	74289773	74289893	-0.022217	0.137328	0	0	0.000000	0.000000	0.000000	8
bb.chr10.75524556	chr10	75524556	75524676	-0.048044	0.084758	0	0	0.000000	0.000000	0.000000	8
bb.chr10.76238737	chr10	76238737	76238857	-0.029085	0.149243	0	0	0.000000	0.000000	0.000000	8
bb.chr10.77250206	chr10	77250206	77250326	0.007798	0.067816	0	0	0.000000	0.000000	0.000000	8
bb.chr10.78115392	chr10	78115392	78115512	0.007092	0.058131	0	0	0.000000	0.000000	0.000000	8
bb.chr10.78718823	chr10	78718823	78718943	-0.002289	0.076452	0	0	0.000000	0.000000	0.000000	8
bb.chr10.79468140	chr10	79468140	79468260	0.035599	0.075598	0	0	0.000000	0.000000	0.000000	8
bb.chr10.80664311	chr10	80664311	80664431	0.013356	0.134623	0	0	0.000000	0.000000	0.000000	8
bb.chr10.81278449	chr10	81278449	81278569	-0.001903	0.059749	0	0	0.000000	0.000000	0.000000	8
bb.chr10.82122945	chr10	82122945	82123065	-0.011134	0.026798	0	0	0.000000	0.000000	0.000000	8
bb.chr10.82739518	chr10	82739518	82739638	0.021731	0.089934	0	0	0.000000	0.000000	0.000000	8
bb.chr10.83806838	chr10	83806838	83806958	-0.007246	0.083944	0	0	0.000000	0.000000	0.000000	8
bb.chr10.84536805	chr10	84536805	84536925	-0.019461	0.063014	0	0	0.000000	0.000000	0.000000	8
bb.chr10.85529133	chr10	85529133	85529253	0.018375	0.060362	0	0	0.000000	0.000000	0.000000	8
bb.chr10.86199994	chr10	86199994	86200114	-0.009078	0.044161	0	0	0.000000	0.000000	0.000000	8
bb.chr10.87015927	chr10	87015927	87016047	-0.035041	0.147033	0	0	0.000000	0.000000	0.000000	8
PTEN	chr10	87863623	87971929	-0.001491	0.036133	0	0	0.000000	0.000000	0.000000	8
bb.chr10.89024938	chr10	89024938	89025058	-0.007588	0.148182	0	0	0.000000	0.000000	0.000000	8
bb.chr10.90039213	chr10	90039213	90039333	-0.015694	0.091778	0	0	0.000000	0.000000	0.000000	8
bb.chr10.90833983	chr10	90833983	90834103	-0.019867	0.239842	0	0	0.000000	0.000000	0.000000	8
bb.chr10.91731244	chr10	91731244	91731364	0.005499	0.134030	0	0	0.000000	0.000000	0.000000	8
bb.chr10.93456806	chr10	93456806	93456926	-0.023226	0.132449	0	0	0.000000	0.000000	0.000000	8
bb.chr10.94133235	chr10	94133235	94133355	0.029531	0.053196	0	0	0.000000	0.000000	0.000000	8
bb.chr10.94872436	chr10	94872436	94872556	0.031152	0.085750	0	0	0.000000	0.000000	0.000000	8
bb.chr10.95557523	chr10	95557523	95557643	0.017979	0.043534	0	0	0.000000	0.000000	0.000000	8
bb.chr10.96621629	chr10	96621629	96621749	-0.006859	0.071111	0	0	0.000000	0.000000	0.000000	8
bb.chr10.97825603	chr10	97825603	97825723	-0.007863	0.069446	0	0	0.000000	0.000000	0.000000	8
bb.chr10.98592969	chr10	98592969	98593089	0.005303	0.135878	0	0	0.000000	0.000000	0.000000	8
bb.chr10.99930233	chr10	99930233	99930353	0.011031	0.047878	0	0	0.000000	0.000000	0.000000	8
bb.chr10.100608342	chr10	100608342	100608462	-0.001783	0.051921	0	0	0.000000	0.000000	0.000000	8
bb.chr10.101311592	chr10	101311592	101311712	-0.008919	0.094653	0	0	0.000000	0.000000	0.000000	8
bb.chr10.102163079	chr10	102163079	102163199	0.015694	0.113234	0	0	0.000000	0.000000	0.000000	8
bb.chr10.103628873	chr10	103628873	103628993	0.021718	0.059237	0	0	0.000000	0.000000	0.000000	8
bb.chr10.104419245	chr10	104419245	104419365	0.005146	0.091602	0	0	0.000000	0.000000	0.000000	8
bb.chr10.105075560	chr10	105075560	105075680	-0.010750	0.075727	0	0	0.000000	0.000000	0.000000	8
bb.chr10.107141386	chr10	107141386	107141506	0.041251	0.060376	0	0	0.000000	0.000000	0.000000	8
bb.chr10.107839634	chr10	107839634	107839754	-0.031328	0.173454	0	0	0.000000	0.000000	0.000000	8
bb.chr10.108646994	chr10	108646994	108647114	-0.036952	0.155328	0	0	0.000000	0.000000	0.000000	8
bb.chr10.109481362	chr10	109481362	109481482	-0.060489	0.182728	0	0	0.000000	0.000000	0.000000	8
SMC3	chr10	110567693	110606047	0.014380	0.028233	0	0	0.000000	0.000000	0.000000	8
bb.chr10.111203334	chr10	111203334	111203454	0.002857	0.052791	0	0	0.000000	0.000000	0.000000	8
bb.chr10.111926527	chr10	111926527	111926647	0.041454	0.067504	0	0	0.000000	0.000000	0.000000	8
bb.chr10.112952164	chr10	112952164	112952284	0.011274	0.067669	0	0	0.000000	0.000000	0.000000	8
bb.chr10.113663556	chr10	113663556	113663676	-0.087643	0.276044	0	1	0.000000	0.125000	0.125000	8
bb.chr10.114450151	chr10	114450151	114450271	-0.179819	0.328268	0	2	0.000000	0.250000	0.250000	8
bb.chr10.115951552	chr10	115951552	115951672	0.012978	0.097623	0	0	0.000000	0.000000	0.000000	8
bb.chr10.116800906	chr10	116800906	116801026	0.007014	0.112384	0	0	0.000000	0.000000	0.000000	8
bb.chr10.117714005	chr10	117714005	117714125	0.007067	0.074564	0	0	0.000000	0.000000	0.000000	8
bb.chr10.118457358	chr10	118457358	118457478	-0.004095	0.105603	0	0	0.000000	0.000000	0.000000	8
bb.chr10.119218191	chr10	119218191	119218311	-0.021803	0.077492	0	0	0.000000	0.000000	0.000000	8
bb.chr10.119977198	chr10	119977198	119977318	0.007929	0.075055	0	0	0.000000	0.000000	0.000000	8
bb.chr10.120735101	chr10	120735101	120735221	-0.005878	0.073682	0	0	0.000000	0.000000	0.000000	8
bb.chr10.121567072	chr10	121567072	121567192	0.014953	0.057666	0	0	0.000000	0.000000	0.000000	8
bb.chr10.122246801	chr10	122246801	122246921	0.026376	0.059209	0	0	0.000000	0.000000	0.000000	8
bb.chr10.122954971	chr10	122954971	122955091	0.007576	0.090137	0	0	0.000000	0.000000	0.000000	8
bb.chr10.123732889	chr10	123732889	123733009	-0.051909	0.158930	0	0	0.000000	0.000000	0.000000	8
bb.chr10.124574396	chr10	124574396	124574516	0.056654	0.075536	0	0	0.000000	0.000000	0.000000	8
bb.chr10.125425979	chr10	125425979	125426099	-0.028538	0.126884	0	0	0.000000	0.000000	0.000000	8
bb.chr10.126338672	chr10	126338672	126338792	0.018131	0.096760	0	0	0.000000	0.000000	0.000000	8
bb.chr10.126981634	chr10	126981634	126981754	0.034372	0.072767	0	0	0.000000	0.000000	0.000000	8
bb.chr10.127687909	chr10	127687909	127688029	-0.109941	0.458798	1	2	0.125000	0.250000	0.375000	8
bb.chr10.128490322	chr10	128490322	128490442	0.045003	0.079690	0	0	0.000000	0.000000	0.000000	8
bb.chr10.130027782	chr10	130027782	130027902	-0.010585	0.051842	0	0	0.000000	0.000000	0.000000	8
bb.chr10.131493071	chr10	131493071	131493191	0.000067	0.077476	0	0	0.000000	0.000000	0.000000	8
bb.chr10.132512514	chr10	132512514	132512634	0.017517	0.080659	0	0	0.000000	0.000000	0.000000	8
bb.chr10.133226719	chr10	133226719	133226839	0.002478	0.086579	0	0	0.000000	0.000000	0.000000	8
bb.chr11.493025	chr11	493025	493145	0.042242	0.103214	0	0	0.000000	0.000000	0.000000	8
HRAS	chr11	532240	535591	-0.039918	0.067792	0	0	0.000000	0.000000	0.000000	8
bb.chr11.1642660	chr11	1642660	1642780	-0.018228	0.126806	0	0	0.000000	0.000000	0.000000	8
bb.chr11.2474225	chr11	2474225	2474345	-0.011796	0.095861	0	0	0.000000	0.000000	0.000000	8
bb.chr11.3641911	chr11	3641911	3642031	-0.002474	0.122974	0	0	0.000000	0.000000	0.000000	8
bb.chr11.4409882	chr11	4409882	4410002	-0.001795	0.153014	0	0	0.000000	0.000000	0.000000	8
bb.chr11.5248293	chr11	5248293	5248413	-0.008438	0.070138	0	0	0.000000	0.000000	0.000000	8
bb.chr11.6631941	chr11	6631941	6632061	-0.042933	0.137165	0	0	0.000000	0.000000	0.000000	8
bb.chr11.7507039	chr11	7507039	7507159	0.008970	0.080429	0	0	0.000000	0.000000	0.000000	8
bb.chr11.8617718	chr11	8617718	8617838	-0.009150	0.081959	0	0	0.000000	0.000000	0.000000	8
bb.chr11.9287798	chr11	9287798	9287918	0.000466	0.078562	0	0	0.000000	0.000000	0.000000	8
bb.chr11.9995215	chr11	9995215	9995335	0.017306	0.060982	0	0	0.000000	0.000000	0.000000	8
bb.chr11.11108494	chr11	11108494	11108614	0.011666	0.080120	0	0	0.000000	0.000000	0.000000	8
bb.chr11.11710397	chr11	11710397	11710517	-0.003953	0.085410	0	0	0.000000	0.000000	0.000000	8
bb.chr11.12516303	chr11	12516303	12516423	0.069264	0.144466	0	0	0.000000	0.000000	0.000000	8
bb.chr11.13346143	chr11	13346143	13346263	0.016032	0.056320	0	0	0.000000	0.000000	0.000000	8
bb.chr11.14191623	chr11	14191623	14191743	-0.034146	0.295584	0	0	0.000000	0.000000	0.000000	8
RRAS2	chr11	14277920	14359182	-0.005346	0.024867	0	0	0.000000	0.000000	0.000000	8
bb.chr11.14953898	chr11	14953898	14954018	0.000316	0.034311	0	0	0.000000	0.000000	0.000000	8
bb.chr11.16413087	chr11	16413087	16413207	0.016987	0.078763	0	0	0.000000	0.000000	0.000000	8
bb.chr11.17369248	chr11	17369248	17369368	0.036400	0.043744	0	0	0.000000	0.000000	0.000000	8
bb.chr11.18607697	chr11	18607697	18607817	-0.026653	0.204434	0	0	0.000000	0.000000	0.000000	8
bb.chr11.19228557	chr11	19228557	19228677	0.005328	0.097057	0	0	0.000000	0.000000	0.000000	8
bb.chr11.20041098	chr11	20041098	20041218	-0.035124	0.103021	0	0	0.000000	0.000000	0.000000	8
bb.chr11.21714817	chr11	21714817	21714937	0.020608	0.076512	0	0	0.000000	0.000000	0.000000	8
bb.chr11.22541367	chr11	22541367	22541487	-0.001522	0.149218	0	0	0.000000	0.000000	0.000000	8
bb.chr11.23405429	chr11	23405429	23405549	-0.021596	0.079455	0	0	0.000000	0.000000	0.000000	8
bb.chr11.24152204	chr11	24152204	24152324	0.007168	0.098671	0	0	0.000000	0.000000	0.000000	8
bb.chr11.26197662	chr11	26197662	26197782	-0.005595	0.090934	0	0	0.000000	0.000000	0.000000	8
bb.chr11.27613712	chr11	27613712	27613832	0.012890	0.071224	0	0	0.000000	0.000000	0.000000	8
bb.chr11.28676648	chr11	28676648	28676768	-0.011130	0.106755	0	0	0.000000	0.000000	0.000000	8
bb.chr11.30025905	chr11	30025905	30026025	-0.044994	0.085126	0	0	0.000000	0.000000	0.000000	8
bb.chr11.31110650	chr11	31110650	31110770	0.006695	0.073575	0	0	0.000000	0.000000	0.000000	8
bb.chr11.32356700	chr11	32356700	32356820	0.004149	0.059918	0	0	0.000000	0.000000	0.000000	8
WT1	chr11	32387773	32435538	0.005456	0.031670	0	0	0.000000	0.000000	0.000000	8
bb.chr11.33448274	chr11	33448274	33448394	-0.009914	0.090468	0	0	0.000000	0.000000	0.000000	8
bb.chr11.34494643	chr11	34494643	34494763	0.031268	0.056427	0	0	0.000000	0.000000	0.000000	8
bb.chr11.35378368	chr11	35378368	35378488	0.022048	0.112659	0	0	0.000000	0.000000	0.000000	8
bb.chr11.36451442	chr11	36451442	36451562	-0.017739	0.075428	0	0	0.000000	0.000000	0.000000	8
bb.chr11.37095205	chr11	37095205	37095325	-0.029133	0.140538	0	0	0.000000	0.000000	0.000000	8
bb.chr11.37711698	chr11	37711698	37711818	0.071374	0.088065	0	0	0.000000	0.000000	0.000000	8
bb.chr11.38486250	chr11	38486250	38486370	-0.034412	0.147863	0	0	0.000000	0.000000	0.000000	8
bb.chr11.39589790	chr11	39589790	39589910	-0.017560	0.113040	0	0	0.000000	0.000000	0.000000	8
bb.chr11.40389310	chr11	40389310	40389430	-0.019624	0.052893	0	0	0.000000	0.000000	0.000000	8
bb.chr11.41143170	chr11	41143170	41143290	-0.004321	0.074400	0	0	0.000000	0.000000	0.000000	8
bb.chr11.42348030	chr11	42348030	42348150	0.008556	0.087017	0	0	0.000000	0.000000	0.000000	8
bb.chr11.43686535	chr11	43686535	43686655	-0.001225	0.077222	0	0	0.000000	0.000000	0.000000	8
bb.chr11.44332986	chr11	44332986	44333106	0.028103	0.089884	0	0	0.000000	0.000000	0.000000	8
bb.chr11.45225258	chr11	45225258	45225378	0.028531	0.051392	0	0	0.000000	0.000000	0.000000	8
bb.chr11.47867933	chr11	47867933	47868053	0.012567	0.055529	0	0	0.000000	0.000000	0.000000	8
bb.chr11.48489042	chr11	48489042	48489162	-0.033727	0.073355	0	0	0.000000	0.000000	0.000000	8
bb.chr11.49304360	chr11	49304360	49304480	-0.023856	0.070244	0	0	0.000000	0.000000	0.000000	8
bb.chr11.50181206	chr11	50181206	50181326	-0.003955	0.094386	0	0	0.000000	0.000000	0.000000	8
bb.chr11.55402806	chr11	55402806	55402926	-0.000435	0.091995	0	0	0.000000	0.000000	0.000000	8
bb.chr11.56270809	chr11	56270809	56270929	-0.001952	0.081296	0	0	0.000000	0.000000	0.000000	8
bb.chr11.57038736	chr11	57038736	57038856	-0.068595	0.334022	1	0	0.125000	0.000000	0.125000	8
bb.chr11.58239208	chr11	58239208	58239328	0.000456	0.055304	0	0	0.000000	0.000000	0.000000	8
bb.chr11.59716160	chr11	59716160	59716280	-0.025739	0.055358	0	0	0.000000	0.000000	0.000000	8
bb.chr11.60770045	chr11	60770045	60770165	0.018059	0.091379	0	0	0.000000	0.000000	0.000000	8
bb.chr11.61669556	chr11	61669556	61669676	0.006943	0.049268	0	0	0.000000	0.000000	0.000000	8
bb.chr11.62411839	chr11	62411839	62411959	-0.007361	0.108519	0	0	0.000000	0.000000	0.000000	8
bb.chr11.63220106	chr11	63220106	63220226	-0.041314	0.099674	0	0	0.000000	0.000000	0.000000	8
bb.chr11.64376993	chr11	64376993	64377113	0.000769	0.048861	0	0	0.000000	0.000000	0.000000	8
SF1	chr11	64764604	64778541	0.003306	0.026048	0	0	0.000000	0.000000	0.000000	8
bb.chr11.65183896	chr11	65183896	65184016	-0.009138	0.051126	0	0	0.000000	0.000000	0.000000	8
bb.chr11.65986531	chr11	65986531	65986651	-0.029263	0.129816	0	0	0.000000	0.000000	0.000000	8
bb.chr11.66908459	chr11	66908459	66908579	0.017588	0.052449	0	0	0.000000	0.000000	0.000000	8
bb.chr11.67715231	chr11	67715231	67715351	-0.047674	0.126531	0	0	0.000000	0.000000	0.000000	8
bb.chr11.68528373	chr11	68528373	68528493	-0.036383	0.505237	1	2	0.125000	0.250000	0.375000	8
bb.chr11.69861558	chr11	69861558	69861678	-0.024085	0.093438	0	0	0.000000	0.000000	0.000000	8
bb.chr11.70673459	chr11	70673459	70673579	-0.028194	0.211264	0	0	0.000000	0.000000	0.000000	8
bb.chr11.72474158	chr11	72474158	72474278	-0.013611	0.076448	0	0	0.000000	0.000000	0.000000	8
bb.chr11.73234915	chr11	73234915	73235035	0.021643	0.097615	0	0	0.000000	0.000000	0.000000	8
bb.chr11.74074221	chr11	74074221	74074341	0.050982	0.059215	0	0	0.000000	0.000000	0.000000	8
bb.chr11.74680670	chr11	74680670	74680790	0.020290	0.086411	0	0	0.000000	0.000000	0.000000	8
bb.chr11.75282973	chr11	75282973	75283093	0.019409	0.097052	0	0	0.000000	0.000000	0.000000	8
bb.chr11.76647808	chr11	76647808	76647928	-0.011887	0.078309	0	0	0.000000	0.000000	0.000000	8
bb.chr11.77927361	chr11	77927361	77927481	0.011845	0.116167	0	0	0.000000	0.000000	0.000000	8
bb.chr11.78649064	chr11	78649064	78649184	0.039023	0.105557	0	0	0.000000	0.000000	0.000000	8
bb.chr11.79716328	chr11	79716328	79716448	0.020211	0.049287	0	0	0.000000	0.000000	0.000000	8
bb.chr11.80556186	chr11	80556186	80556306	-0.010574	0.118827	0	0	0.000000	0.000000	0.000000	8
bb.chr11.81389097	chr11	81389097	81389217	0.021237	0.071394	0	0	0.000000	0.000000	0.000000	8
bb.chr11.82229639	chr11	82229639	82229759	-0.027728	0.127377	0	0	0.000000	0.000000	0.000000	8
bb.chr11.82846493	chr11	82846493	82846613	-0.032041	0.178354	0	0	0.000000	0.000000	0.000000	8
bb.chr11.84268978	chr11	84268978	84269098	-3.500885	0.553065	0	2	0.000000	0.250000	0.250000	2
bb.chr11.85114463	chr11	85114463	85114583	-0.054544	0.160871	0	0	0.000000	0.000000	0.000000	8
EED	chr11	86244751	86278809	0.018670	0.027915	0	0	0.000000	0.000000	0.000000	8
bb.chr11.87258288	chr11	87258288	87258408	0.059578	0.087439	0	0	0.000000	0.000000	0.000000	8
bb.chr11.88550662	chr11	88550662	88550782	-0.051780	0.320304	0	0	0.000000	0.000000	0.000000	8
bb.chr11.89470218	chr11	89470218	89470338	-0.008305	0.039849	0	0	0.000000	0.000000	0.000000	8
bb.chr11.90886838	chr11	90886838	90886958	-0.030743	0.175965	0	0	0.000000	0.000000	0.000000	8
bb.chr11.91707429	chr11	91707429	91707549	0.008692	0.062371	0	0	0.000000	0.000000	0.000000	8
bb.chr11.92835326	chr11	92835326	92835446	-0.018625	0.065970	0	0	0.000000	0.000000	0.000000	8
bb.chr11.93630024	chr11	93630024	93630144	0.018291	0.095622	0	0	0.000000	0.000000	0.000000	8
bb.chr11.94456455	chr11	94456455	94456575	-0.010778	0.192804	0	0	0.000000	0.000000	0.000000	8
bb.chr11.95583057	chr11	95583057	95583177	0.060017	0.106679	0	0	0.000000	0.000000	0.000000	8
bb.chr11.96539394	chr11	96539394	96539514	0.035691	0.067408	0	0	0.000000	0.000000	0.000000	8
bb.chr11.97622716	chr11	97622716	97622836	-0.143079	0.285043	0	1	0.000000	0.125000	0.125000	8
bb.chr11.98475317	chr11	98475317	98475437	0.095847	0.109184	0	0	0.000000	0.000000	0.000000	8
bb.chr11.99344368	chr11	99344368	99344488	-0.025239	0.095648	0	0	0.000000	0.000000	0.000000	8
bb.chr11.100558152	chr11	100558152	100558272	0.007462	0.062759	0	0	0.000000	0.000000	0.000000	8
BIRC3	chr11	102317451	102339402	0.008928	0.024800	0	0	0.000000	0.000000	0.000000	8
bb.chr11.102499363	chr11	102499363	102499483	-0.000816	0.104411	0	0	0.000000	0.000000	0.000000	8
bb.chr11.103248632	chr11	103248632	103248752	0.002087	0.156176	0	0	0.000000	0.000000	0.000000	8
bb.chr11.104082199	chr11	104082199	104082319	-0.001781	0.091291	0	0	0.000000	0.000000	0.000000	8
bb.chr11.104824213	chr11	104824213	104824333	-0.038806	0.229352	0	0	0.000000	0.000000	0.000000	8
bb.chr11.105478520	chr11	105478520	105478640	0.011959	0.057433	0	0	0.000000	0.000000	0.000000	8
bb.chr11.106447867	chr11	106447867	106447987	0.030612	0.082608	0	0	0.000000	0.000000	0.000000	8
bb.chr11.107719433	chr11	107719433	107719553	0.036532	0.051755	0	0	0.000000	0.000000	0.000000	8
ATM	chr11	108223065	108369101	-0.003427	0.036390	0	0	0.000000	0.000000	0.000000	8
bb.chr11.108474728	chr11	108474728	108474848	0.032654	0.073560	0	0	0.000000	0.000000	0.000000	8
bb.chr11.109076326	chr11	109076326	109076446	0.016111	0.061952	0	0	0.000000	0.000000	0.000000	8
bb.chr11.109938629	chr11	109938629	109938749	-0.009826	0.089598	0	0	0.000000	0.000000	0.000000	8
bb.chr11.110773749	chr11	110773749	110773869	0.002511	0.067908	0	0	0.000000	0.000000	0.000000	8
bb.chr11.111470504	chr11	111470504	111470624	0.052027	0.107314	0	0	0.000000	0.000000	0.000000	8
bb.chr11.112167303	chr11	112167303	112167423	-0.022970	0.085808	0	0	0.000000	0.000000	0.000000	8
bb.chr11.112965014	chr11	112965014	112965134	-0.002825	0.194567	0	0	0.000000	0.000000	0.000000	8
bb.chr11.113836417	chr11	113836417	113836537	0.038445	0.076208	0	0	0.000000	0.000000	0.000000	8
bb.chr11.114716372	chr11	114716372	114716492	0.008627	0.098669	0	0	0.000000	0.000000	0.000000	8
bb.chr11.116067374	chr11	116067374	116067494	-0.001724	0.088100	0	0	0.000000	0.000000	0.000000	8
bb.chr11.116941348	chr11	116941348	116941468	-0.024764	0.081960	0	0	0.000000	0.000000	0.000000	8
bb.chr11.118277371	chr11	118277371	118277491	0.053116	0.114864	0	0	0.000000	0.000000	0.000000	8
KMT2A	chr11	118436490	118526831	-0.006863	0.018379	0	0	0.000000	0.000000	0.000000	8
bb.chr11.118884969	chr11	118884969	118885089	0.106307	0.081233	0	0	0.000000	0.000000	0.000000	8
CBL	chr11	119206337	119308148	0.001441	0.014206	0	0	0.000000	0.000000	0.000000	8
bb.chr11.119689679	chr11	119689679	119689799	0.024514	0.065264	0	0	0.000000	0.000000	0.000000	8
bb.chr11.120537302	chr11	120537302	120537422	-0.002507	0.103019	0	0	0.000000	0.000000	0.000000	8
bb.chr11.121361044	chr11	121361044	121361164	-0.034908	0.138567	0	0	0.000000	0.000000	0.000000	8
bb.chr11.122035835	chr11	122035835	122035955	-0.019860	0.080033	0	0	0.000000	0.000000	0.000000	8
bb.chr11.122755666	chr11	122755666	122755786	0.017127	0.066047	0	0	0.000000	0.000000	0.000000	8
bb.chr11.123584341	chr11	123584341	123584461	-0.023681	0.229201	0	0	0.000000	0.000000	0.000000	8
bb.chr11.124443122	chr11	124443122	124443242	-0.008736	0.065450	0	0	0.000000	0.000000	0.000000	8
bb.chr11.125097531	chr11	125097531	125097651	-0.013664	0.074037	0	0	0.000000	0.000000	0.000000	8
bb.chr11.126387128	chr11	126387128	126387248	0.031302	0.067786	0	0	0.000000	0.000000	0.000000	8
bb.chr11.127300005	chr11	127300005	127300125	-0.001009	0.050669	0	0	0.000000	0.000000	0.000000	8
bb.chr11.128039441	chr11	128039441	128039561	0.027233	0.093573	0	0	0.000000	0.000000	0.000000	8
bb.chr11.128889213	chr11	128889213	128889333	-0.030424	0.080295	0	0	0.000000	0.000000	0.000000	8
bb.chr11.129722525	chr11	129722525	129722645	0.012199	0.070812	0	0	0.000000	0.000000	0.000000	8
bb.chr11.130401723	chr11	130401723	130401843	0.002893	0.082569	0	0	0.000000	0.000000	0.000000	8
bb.chr11.131376607	chr11	131376607	131376727	0.012761	0.062225	0	0	0.000000	0.000000	0.000000	8
bb.chr11.132176308	chr11	132176308	132176428	0.022768	0.087695	0	0	0.000000	0.000000	0.000000	8
bb.chr11.132812262	chr11	132812262	132812382	-0.011333	0.104100	0	0	0.000000	0.000000	0.000000	8
bb.chr11.133618960	chr11	133618960	133619080	0.019732	0.068773	0	0	0.000000	0.000000	0.000000	8
bb.chr11.134466933	chr11	134466933	134467053	-0.018329	0.053091	0	0	0.000000	0.000000	0.000000	8
bb.chr12.189274	chr12	189274	189394	-0.022689	0.102792	0	0	0.000000	0.000000	0.000000	8
bb.chr12.865129	chr12	865129	865249	0.012914	0.094945	0	0	0.000000	0.000000	0.000000	8
bb.chr12.1498268	chr12	1498268	1498388	0.018924	0.055116	0	0	0.000000	0.000000	0.000000	8
bb.chr12.2448703	chr12	2448703	2448823	-0.004590	0.047641	0	0	0.000000	0.000000	0.000000	8
bb.chr12.3460219	chr12	3460219	3460339	-0.004581	0.041714	0	0	0.000000	0.000000	0.000000	8
bb.chr12.5247785	chr12	5247785	5247905	-0.021693	0.058295	0	0	0.000000	0.000000	0.000000	8
bb.chr12.5874671	chr12	5874671	5874791	0.012906	0.067267	0	0	0.000000	0.000000	0.000000	8
bb.chr12.6789295	chr12	6789295	6789415	-0.007128	0.083031	0	0	0.000000	0.000000	0.000000	8
bb.chr12.7653910	chr12	7653910	7654030	-0.006756	0.166491	0	0	0.000000	0.000000	0.000000	8
bb.chr12.8842555	chr12	8842555	8842675	-0.016884	0.127592	0	0	0.000000	0.000000	0.000000	8
bb.chr12.9681553	chr12	9681553	9681673	-0.016569	0.074408	0	0	0.000000	0.000000	0.000000	8
bb.chr12.10306910	chr12	10306910	10307030	-2.417949	1.357002	0	3	0.000000	0.375000	0.375000	3
bb.chr12.11519492	chr12	11519492	11519612	-0.003421	0.099163	0	0	0.000000	0.000000	0.000000	8
ETV6	chr12	11649672	11895376	-0.010202	0.027998	0	0	0.000000	0.000000	0.000000	8
bb.chr12.12683094	chr12	12683094	12683214	-0.180422	0.403746	0	1	0.000000	0.125000	0.125000	8
CDKN1B	chr12	12717366	12722368	-0.023579	0.035521	0	0	0.000000	0.000000	0.000000	8
bb.chr12.13527628	chr12	13527628	13527748	0.035716	0.062737	0	0	0.000000	0.000000	0.000000	8
bb.chr12.14478117	chr12	14478117	14478237	-0.076180	0.222684	0	0	0.000000	0.000000	0.000000	8
bb.chr12.15459846	chr12	15459846	15459966	0.008865	0.072243	0	0	0.000000	0.000000	0.000000	8
bb.chr12.16079088	chr12	16079088	16079208	-0.020361	0.119822	0	0	0.000000	0.000000	0.000000	8
bb.chr12.16848823	chr12	16848823	16848943	-0.008221	0.115965	0	0	0.000000	0.000000	0.000000	8
bb.chr12.17462053	chr12	17462053	17462173	-0.089407	0.342341	0	1	0.000000	0.125000	0.125000	8
bb.chr12.18404033	chr12	18404033	18404153	-0.011447	0.168943	0	0	0.000000	0.000000	0.000000	8
bb.chr12.19553670	chr12	19553670	19553790	0.018004	0.043302	0	0	0.000000	0.000000	0.000000	8
bb.chr12.20449854	chr12	20449854	20449974	-0.022409	0.097964	0	0	0.000000	0.000000	0.000000	8
bb.chr12.21638417	chr12	21638417	21638537	-0.008630	0.069535	0	0	0.000000	0.000000	0.000000	8
bb.chr12.22242850	chr12	22242850	22242970	-0.016422	0.107622	0	0	0.000000	0.000000	0.000000	8
ETNK1	chr12	22625169	22690664	-0.006254	0.027216	0	0	0.000000	0.000000	0.000000	8
bb.chr12.23057287	chr12	23057287	23057407	-0.063868	0.242404	0	0	0.000000	0.000000	0.000000	8
bb.chr12.23738348	chr12	23738348	23738468	0.031644	0.085407	0	0	0.000000	0.000000	0.000000	8
KRAS	chr12	25205244	25250928	-0.038087	0.050715	0	0	0.000000	0.000000	0.000000	8
bb.chr12.25264300	chr12	25264300	25264420	0.005022	0.101162	0	0	0.000000	0.000000	0.000000	8
bb.chr12.26439295	chr12	26439295	26439415	0.023230	0.104848	0	0	0.000000	0.000000	0.000000	8
bb.chr12.27621681	chr12	27621681	27621801	-0.000505	0.313535	1	0	0.125000	0.000000	0.125000	8
bb.chr12.28556707	chr12	28556707	28556827	0.007171	0.084713	0	0	0.000000	0.000000	0.000000	8
bb.chr12.29415012	chr12	29415012	29415132	-0.092094	0.326934	0	1	0.000000	0.125000	0.125000	8
bb.chr12.30346302	chr12	30346302	30346422	0.007851	0.034799	0	0	0.000000	0.000000	0.000000	8
bb.chr12.31195933	chr12	31195933	31196053	-0.074237	0.303920	1	0	0.125000	0.000000	0.125000	8
bb.chr12.32079228	chr12	32079228	32079348	-0.021096	0.058253	0	0	0.000000	0.000000	0.000000	8
bb.chr12.32882447	chr12	32882447	32882567	0.009535	0.072383	0	0	0.000000	0.000000	0.000000	8
bb.chr12.33581788	chr12	33581788	33581908	0.002338	0.060103	0	0	0.000000	0.000000	0.000000	8
bb.chr12.38329419	chr12	38329419	38329539	-0.056858	0.132192	0	0	0.000000	0.000000	0.000000	8
bb.chr12.39181132	chr12	39181132	39181252	-0.012529	0.160092	0	0	0.000000	0.000000	0.000000	8
bb.chr12.39796444	chr12	39796444	39796564	0.019265	0.082211	0	0	0.000000	0.000000	0.000000	8
bb.chr12.40509238	chr12	40509238	40509358	-0.002741	0.037385	0	0	0.000000	0.000000	0.000000	8
bb.chr12.41711547	chr12	41711547	41711667	-0.110791	0.387957	1	1	0.125000	0.125000	0.250000	8
bb.chr12.42904048	chr12	42904048	42904168	-0.016202	0.090931	0	0	0.000000	0.000000	0.000000	8
bb.chr12.43547481	chr12	43547481	43547601	-0.001969	0.050023	0	0	0.000000	0.000000	0.000000	8
bb.chr12.44616378	chr12	44616378	44616498	-0.064427	0.181492	0	0	0.000000	0.000000	0.000000	8
bb.chr12.45329156	chr12	45329156	45329276	-0.077165	0.276105	0	0	0.000000	0.000000	0.000000	8
bb.chr12.46207213	chr12	46207213	46207333	0.042800	0.088981	0	0	0.000000	0.000000	0.000000	8
bb.chr12.47088823	chr12	47088823	47088943	-0.003846	0.046395	0	0	0.000000	0.000000	0.000000	8
bb.chr12.48151710	chr12	48151710	48151830	-0.086669	0.223950	0	1	0.000000	0.125000	0.125000	8
bb.chr12.48883488	chr12	48883488	48883608	-0.005695	0.210644	0	0	0.000000	0.000000	0.000000	8
PRPF40B	chr12	49623516	49644664	-0.002380	0.026134	0	0	0.000000	0.000000	0.000000	8
bb.chr12.49967257	chr12	49967257	49967377	0.034467	0.070466	0	0	0.000000	0.000000	0.000000	8
bb.chr12.50956442	chr12	50956442	50956562	0.016506	0.250703	0	0	0.000000	0.000000	0.000000	8
bb.chr12.52451039	chr12	52451039	52451159	-0.222923	0.487965	0	2	0.000000	0.250000	0.250000	8
bb.chr12.53289142	chr12	53289142	53289262	0.032801	0.060407	0	0	0.000000	0.000000	0.000000	8
bb.chr12.54217186	chr12	54217186	54217306	0.011829	0.056672	0	0	0.000000	0.000000	0.000000	8
NFE2	chr12	54292109	54301014	-0.010178	0.025023	0	0	0.000000	0.000000	0.000000	8
bb.chr12.55368675	chr12	55368675	55368795	-0.000488	0.155798	0	0	0.000000	0.000000	0.000000	8
bb.chr12.57268720	chr12	57268720	57268840	-0.054202	0.225320	0	0	0.000000	0.000000	0.000000	8
bb.chr12.58410346	chr12	58410346	58410466	0.004384	0.065800	0	0	0.000000	0.000000	0.000000	8
bb.chr12.59314986	chr12	59314986	59315106	-0.019858	0.164045	0	0	0.000000	0.000000	0.000000	8
bb.chr12.60187131	chr12	60187131	60187251	-0.041276	0.183005	0	0	0.000000	0.000000	0.000000	8
bb.chr12.60877726	chr12	60877726	60877846	-0.071506	0.200263	0	0	0.000000	0.000000	0.000000	8
bb.chr12.61987572	chr12	61987572	61987692	-0.049894	0.165278	0	0	0.000000	0.000000	0.000000	8
bb.chr12.62610162	chr12	62610162	62610282	-0.020892	0.085194	0	0	0.000000	0.000000	0.000000	8
bb.chr12.63439631	chr12	63439631	63439751	-0.015976	0.094899	0	0	0.000000	0.000000	0.000000	8
bb.chr12.64109188	chr12	64109188	64109308	-0.006666	0.120891	0	0	0.000000	0.000000	0.000000	8
bb.chr12.64992579	chr12	64992579	64992699	0.044224	0.085077	0	0	0.000000	0.000000	0.000000	8
bb.chr12.65838333	chr12	65838333	65838453	-0.019490	0.080493	0	0	0.000000	0.000000	0.000000	8
bb.chr12.66795297	chr12	66795297	66795417	-0.002396	0.047987	0	0	0.000000	0.000000	0.000000	8
bb.chr12.67885439	chr12	67885439	67885559	-0.013670	0.037882	0	0	0.000000	0.000000	0.000000	8
bb.chr12.68488200	chr12	68488200	68488320	-0.020060	0.080924	0	0	0.000000	0.000000	0.000000	8
bb.chr12.69179703	chr12	69179703	69179823	-0.027802	0.171712	0	0	0.000000	0.000000	0.000000	8
bb.chr12.69816252	chr12	69816252	69816372	-0.179327	0.881879	2	3	0.250000	0.375000	0.625000	8
bb.chr12.70622801	chr12	70622801	70622921	-0.011437	0.146691	0	0	0.000000	0.000000	0.000000	8
bb.chr12.71351261	chr12	71351261	71351381	-0.049861	0.090046	0	0	0.000000	0.000000	0.000000	8
bb.chr12.71952960	chr12	71952960	71953080	-0.074448	0.322136	0	2	0.000000	0.250000	0.250000	8
bb.chr12.73135849	chr12	73135849	73135969	-0.013218	0.157121	0	0	0.000000	0.000000	0.000000	8
bb.chr12.73780334	chr12	73780334	73780454	-0.023529	0.160995	0	0	0.000000	0.000000	0.000000	8
bb.chr12.74477813	chr12	74477813	74477933	-0.245114	0.556546	1	2	0.125000	0.250000	0.375000	8
bb.chr12.75448976	chr12	75448976	75449096	-0.003123	0.132263	0	0	0.000000	0.000000	0.000000	8
bb.chr12.76882403	chr12	76882403	76882523	-0.009609	0.120403	0	0	0.000000	0.000000	0.000000	8
bb.chr12.77858869	chr12	77858869	77858989	-0.000672	0.093628	0	0	0.000000	0.000000	0.000000	8
bb.chr12.78633580	chr12	78633580	78633700	-0.059212	0.283971	1	0	0.125000	0.000000	0.125000	8
bb.chr12.79303447	chr12	79303447	79303567	-0.066973	0.251982	0	1	0.000000	0.125000	0.125000	8
bb.chr12.80744082	chr12	80744082	80744202	0.005255	0.084258	0	0	0.000000	0.000000	0.000000	8
bb.chr12.81486700	chr12	81486700	81486820	-0.032461	0.157574	0	0	0.000000	0.000000	0.000000	8
bb.chr12.82276671	chr12	82276671	82276791	0.020811	0.089095	0	0	0.000000	0.000000	0.000000	8
bb.chr12.82880402	chr12	82880402	82880522	-0.025578	0.067873	0	0	0.000000	0.000000	0.000000	8
bb.chr12.84833803	chr12	84833803	84833923	-0.056300	0.169962	0	0	0.000000	0.000000	0.000000	8
bb.chr12.85600570	chr12	85600570	85600690	-0.247631	0.593627	0	1	0.000000	0.125000	0.125000	8
bb.chr12.86259790	chr12	86259790	86259910	-0.017944	0.052212	0	0	0.000000	0.000000	0.000000	8
bb.chr12.87329510	chr12	87329510	87329630	0.025390	0.050734	0	0	0.000000	0.000000	0.000000	8
bb.chr12.87953320	chr12	87953320	87953440	-0.080522	0.429707	1	2	0.125000	0.250000	0.375000	8
bb.chr12.89729052	chr12	89729052	89729172	-1.534129	2.513139	1	2	0.125000	0.250000	0.375000	8
bb.chr12.90355495	chr12	90355495	90355615	-0.066546	0.336049	1	1	0.125000	0.125000	0.250000	8
bb.chr12.91289802	chr12	91289802	91289922	-0.148777	0.444589	1	3	0.125000	0.375000	0.500000	8
bb.chr12.91934947	chr12	91934947	91935067			0	0	0.000000	0.000000	0.000000	0
BTG1	chr12	92140276	92145845	-0.020199	0.072963	0	0	0.000000	0.000000	0.000000	8
bb.chr12.92607742	chr12	92607742	92607862			0	0	0.000000	0.000000	0.000000	0
bb.chr12.93362322	chr12	93362322	93362442	-0.019888	0.110530	0	0	0.000000	0.000000	0.000000	8
bb.chr12.94259391	chr12	94259391	94259511	-0.045532	0.216478	0	0	0.000000	0.000000	0.000000	8
bb.chr12.96334188	chr12	96334188	96334308	-0.005066	0.233822	1	0	0.125000	0.000000	0.125000	8
bb.chr12.96947644	chr12	96947644	96947764	-0.027945	0.068183	0	0	0.000000	0.000000	0.000000	8
bb.chr12.97829102	chr12	97829102	97829222	-0.070278	0.310364	0	0	0.000000	0.000000	0.000000	8
bb.chr12.99420363	chr12	99420363	99420483	-0.060024	0.168198	0	0	0.000000	0.000000	0.000000	8
bb.chr12.100833610	chr12	100833610	100833730	0.015333	0.091752	0	0	0.000000	0.000000	0.000000	8
bb.chr12.101749472	chr12	101749472	101749592	0.055957	0.124520	0	0	0.000000	0.000000	0.000000	8
bb.chr12.103218467	chr12	103218467	103218587	-0.007729	0.084028	0	0	0.000000	0.000000	0.000000	8
bb.chr12.103818793	chr12	103818793	103818913	0.010758	0.111548	0	0	0.000000	0.000000	0.000000	8
bb.chr12.104425269	chr12	104425269	104425389	-0.011355	0.065225	0	0	0.000000	0.000000	0.000000	8
bb.chr12.105048348	chr12	105048348	105048468	0.002865	0.076165	0	0	0.000000	0.000000	0.000000	8
bb.chr12.105939002	chr12	105939002	105939122	-0.031312	0.240272	0	0	0.000000	0.000000	0.000000	8
bb.chr12.106897545	chr12	106897545	106897665	0.009882	0.060729	0	0	0.000000	0.000000	0.000000	8
bb.chr12.107713078	chr12	107713078	107713198	-0.001622	0.140294	0	0	0.000000	0.000000	0.000000	8
bb.chr12.108900215	chr12	108900215	108900335	0.027016	0.084958	0	0	0.000000	0.000000	0.000000	8
bb.chr12.109737525	chr12	109737525	109737645	0.004679	0.035267	0	0	0.000000	0.000000	0.000000	8
bb.chr12.110820314	chr12	110820314	110820434	0.030348	0.084377	0	0	0.000000	0.000000	0.000000	8
SH2B3	chr12	111405921	111451622	-0.006837	0.026730	0	0	0.000000	0.000000	0.000000	8
PTPN11	chr12	112418945	112509917	-0.006343	0.016670	0	0	0.000000	0.000000	0.000000	8
bb.chr12.113035850	chr12	113035850	113035970	0.017705	0.078625	0	0	0.000000	0.000000	0.000000	8
bb.chr12.113924941	chr12	113924941	113925061	0.056151	0.053049	0	0	0.000000	0.000000	0.000000	8
bb.chr12.114539149	chr12	114539149	114539269	0.087822	0.122285	0	0	0.000000	0.000000	0.000000	8
bb.chr12.115145935	chr12	115145935	115146055	0.040627	0.071162	0	0	0.000000	0.000000	0.000000	8
bb.chr12.115986800	chr12	115986800	115986920	0.016425	0.064844	0	0	0.000000	0.000000	0.000000	8
bb.chr12.116904368	chr12	116904368	116904488	-0.011267	0.155031	0	0	0.000000	0.000000	0.000000	8
bb.chr12.117518167	chr12	117518167	117518287	0.001686	0.044665	0	0	0.000000	0.000000	0.000000	8
bb.chr12.118137231	chr12	118137231	118137351	0.025043	0.081002	0	0	0.000000	0.000000	0.000000	8
bb.chr12.118938750	chr12	118938750	118938870	-0.001614	0.081635	0	0	0.000000	0.000000	0.000000	8
bb.chr12.119789556	chr12	119789556	119789676	-0.211198	0.678710	2	2	0.250000	0.250000	0.500000	8
bb.chr12.120764801	chr12	120764801	120764921	0.014376	0.072090	0	0	0.000000	0.000000	0.000000	8
bb.chr12.121392080	chr12	121392080	121392200	0.005194	0.123179	0	0	0.000000	0.000000	0.000000	8
SETD1B	chr12	121803993	121832655	-0.007668	0.052725	0	0	0.000000	0.000000	0.000000	8
bb.chr12.122023600	chr12	122023600	122023720	0.010395	0.073470	0	0	0.000000	0.000000	0.000000	8
bb.chr12.122717441	chr12	122717441	122717561	-0.070928	0.215308	0	0	0.000000	0.000000	0.000000	8
bb.chr12.124632207	chr12	124632207	124632327	-0.013284	0.089422	0	0	0.000000	0.000000	0.000000	8
bb.chr12.125506969	chr12	125506969	125507089	0.052313	0.063978	0	0	0.000000	0.000000	0.000000	8
bb.chr12.126352561	chr12	126352561	126352681	-0.337994	0.675302	0	2	0.000000	0.250000	0.250000	8
bb.chr12.127025552	chr12	127025552	127025672	-0.002341	0.094697	0	0	0.000000	0.000000	0.000000	8
bb.chr12.128197763	chr12	128197763	128197883	-0.000554	0.107590	0	0	0.000000	0.000000	0.000000	8
bb.chr12.129387899	chr12	129387899	129388019	-0.070931	0.412237	1	0	0.125000	0.000000	0.125000	8
bb.chr12.130003521	chr12	130003521	130003641	0.010603	0.049489	0	0	0.000000	0.000000	0.000000	8
bb.chr12.130618738	chr12	130618738	130618858	0.002152	0.034436	0	0	0.000000	0.000000	0.000000	8
bb.chr12.131492451	chr12	131492451	131492571	0.001637	0.045660	0	0	0.000000	0.000000	0.000000	8
bb.chr12.132174562	chr12	132174562	132174682	0.012725	0.068395	0	0	0.000000	0.000000	0.000000	8
bb.chr12.133241707	chr12	133241707	133241827	0.010583	0.075237	0	0	0.000000	0.000000	0.000000	8
bb.chr13.19124907	chr13	19124907	19125027	-0.008574	0.160218	0	0	0.000000	0.000000	0.000000	8
bb.chr13.20492015	chr13	20492015	20492135	-0.009246	0.057438	0	0	0.000000	0.000000	0.000000	8
bb.chr13.21203344	chr13	21203344	21203464	-0.000046	0.074767	0	0	0.000000	0.000000	0.000000	8
bb.chr13.21893790	chr13	21893790	21893910	-0.021513	0.127694	0	0	0.000000	0.000000	0.000000	8
bb.chr13.22703819	chr13	22703819	22703939	-0.007035	0.147508	0	0	0.000000	0.000000	0.000000	8
bb.chr13.23493339	chr13	23493339	23493459	-0.015324	0.093491	0	0	0.000000	0.000000	0.000000	8
bb.chr13.24196054	chr13	24196054	24196174	-0.051329	0.168044	0	0	0.000000	0.000000	0.000000	8
bb.chr13.24878895	chr13	24878895	24879015	0.045929	0.043476	0	0	0.000000	0.000000	0.000000	8
bb.chr13.25690116	chr13	25690116	25690236	-0.020700	0.128643	0	0	0.000000	0.000000	0.000000	8
bb.chr13.26973902	chr13	26973902	26974022	-0.001470	0.054839	0	0	0.000000	0.000000	0.000000	8
bb.chr13.27663872	chr13	27663872	27663992	-0.005381	0.044716	0	0	0.000000	0.000000	0.000000	8
FLT3	chr13	28003272	28100580	0.008011	0.019834	0	0	0.000000	0.000000	0.000000	8
bb.chr13.28375326	chr13	28375326	28375446	0.042237	0.062200	0	0	0.000000	0.000000	0.000000	8
bb.chr13.29315617	chr13	29315617	29315737	0.005172	0.067063	0	0	0.000000	0.000000	0.000000	8
bb.chr13.29974466	chr13	29974466	29974586	-0.000790	0.056942	0	0	0.000000	0.000000	0.000000	8
bb.chr13.30744111	chr13	30744111	30744231	0.050148	0.115767	0	0	0.000000	0.000000	0.000000	8
bb.chr13.31369579	chr13	31369579	31369699	-0.015732	0.187085	0	0	0.000000	0.000000	0.000000	8
bb.chr13.32054364	chr13	32054364	32054484	-0.001116	0.069279	0	0	0.000000	0.000000	0.000000	8
bb.chr13.32979173	chr13	32979173	32979293	-0.015142	0.068214	0	0	0.000000	0.000000	0.000000	8
bb.chr13.33688045	chr13	33688045	33688165	-0.059929	0.233250	0	0	0.000000	0.000000	0.000000	8
bb.chr13.34373051	chr13	34373051	34373171	-0.003365	0.081275	0	0	0.000000	0.000000	0.000000	8
bb.chr13.35090567	chr13	35090567	35090687	-0.020532	0.141373	0	0	0.000000	0.000000	0.000000	8
bb.chr13.36251115	chr13	36251115	36251235	0.030065	0.070384	0	0	0.000000	0.000000	0.000000	8
bb.chr13.36907962	chr13	36907962	36908082	-0.017956	0.050002	0	0	0.000000	0.000000	0.000000	8
bb.chr13.37638167	chr13	37638167	37638287	0.022112	0.156738	0	0	0.000000	0.000000	0.000000	8
bb.chr13.38338950	chr13	38338950	38339070	-0.015865	0.098678	0	0	0.000000	0.000000	0.000000	8
bb.chr13.39471448	chr13	39471448	39471568	0.021504	0.099751	0	0	0.000000	0.000000	0.000000	8
bb.chr13.40169902	chr13	40169902	40170022	-0.007683	0.161350	0	0	0.000000	0.000000	0.000000	8
bb.chr13.40809319	chr13	40809319	40809439	-0.016761	0.066958	0	0	0.000000	0.000000	0.000000	8
bb.chr13.41740707	chr13	41740707	41740827	0.019558	0.107558	0	0	0.000000	0.000000	0.000000	8
bb.chr13.42729844	chr13	42729844	42729964	-0.012874	0.091265	0	0	0.000000	0.000000	0.000000	8
bb.chr13.43370563	chr13	43370563	43370683	0.015013	0.067045	0	0	0.000000	0.000000	0.000000	8
bb.chr13.44066119	chr13	44066119	44066239	-0.053955	0.260838	0	0	0.000000	0.000000	0.000000	8
bb.chr13.44900678	chr13	44900678	44900798	0.021429	0.088907	0	0	0.000000	0.000000	0.000000	8
bb.chr13.45523997	chr13	45523997	45524117	-0.012871	0.053416	0	0	0.000000	0.000000	0.000000	8
bb.chr13.46183870	chr13	46183870	46183990	-0.017043	0.062345	0	0	0.000000	0.000000	0.000000	8
bb.chr13.46881668	chr13	46881668	46881788	0.000981	0.044438	0	0	0.000000	0.000000	0.000000	8
bb.chr13.47557650	chr13	47557650	47557770	-0.029253	0.144052	0	0	0.000000	0.000000	0.000000	8
bb.chr13.49187838	chr13	49187838	49187958	0.026127	0.094199	0	0	0.000000	0.000000	0.000000	8
bb.chr13.50354231	chr13	50354231	50354351	-0.025758	0.106043	0	0	0.000000	0.000000	0.000000	8
bb.chr13.51040351	chr13	51040351	51040471	0.001332	0.036272	0	0	0.000000	0.000000	0.000000	8
bb.chr13.51972351	chr13	51972351	51972471	-0.019542	0.091727	0	0	0.000000	0.000000	0.000000	8
bb.chr13.52949908	chr13	52949908	52950028	-0.016947	0.079263	0	0	0.000000	0.000000	0.000000	8
bb.chr13.53870661	chr13	53870661	53870781	-0.029155	0.074491	0	0	0.000000	0.000000	0.000000	8
bb.chr13.54493138	chr13	54493138	54493258	0.025157	0.109355	0	0	0.000000	0.000000	0.000000	8
bb.chr13.55220229	chr13	55220229	55220349	-0.128455	0.421094	0	1	0.000000	0.125000	0.125000	8
bb.chr13.55846990	chr13	55846990	55847110	-0.081929	0.179451	0	0	0.000000	0.000000	0.000000	8
bb.chr13.56853170	chr13	56853170	56853290	-0.026123	0.106336	0	0	0.000000	0.000000	0.000000	8
bb.chr13.57876236	chr13	57876236	57876356	0.023110	0.059992	0	0	0.000000	0.000000	0.000000	8
bb.chr13.58640110	chr13	58640110	58640230	-0.013544	0.201307	0	0	0.000000	0.000000	0.000000	8
bb.chr13.59322340	chr13	59322340	59322460	-0.009495	0.080374	0	0	0.000000	0.000000	0.000000	8
bb.chr13.60724115	chr13	60724115	60724235	0.023823	0.148737	0	0	0.000000	0.000000	0.000000	8
bb.chr13.61483420	chr13	61483420	61483540	-0.003766	0.138396	0	0	0.000000	0.000000	0.000000	8
bb.chr13.62159471	chr13	62159471	62159591	0.012205	0.087133	0	0	0.000000	0.000000	0.000000	8
bb.chr13.63035442	chr13	63035442	63035562	-0.011507	0.099915	0	0	0.000000	0.000000	0.000000	8
bb.chr13.63914374	chr13	63914374	63914494	-0.005048	0.080611	0	0	0.000000	0.000000	0.000000	8
bb.chr13.64701345	chr13	64701345	64701465	0.013145	0.072465	0	0	0.000000	0.000000	0.000000	8
bb.chr13.65509344	chr13	65509344	65509464	-0.027001	0.144600	0	0	0.000000	0.000000	0.000000	8
bb.chr13.66359220	chr13	66359220	66359340	-0.050067	0.110408	0	0	0.000000	0.000000	0.000000	8
bb.chr13.66992842	chr13	66992842	66992962	-0.023391	0.047932	0	0	0.000000	0.000000	0.000000	8
bb.chr13.67944639	chr13	67944639	67944759	-0.016549	0.094239	0	0	0.000000	0.000000	0.000000	8
bb.chr13.68659881	chr13	68659881	68660001	-0.021060	0.116274	0	0	0.000000	0.000000	0.000000	8
bb.chr13.69334352	chr13	69334352	69334472	-0.050058	0.128446	0	0	0.000000	0.000000	0.000000	8
bb.chr13.70247192	chr13	70247192	70247312	-0.102098	0.463428	3	1	0.375000	0.125000	0.500000	8
bb.chr13.70959789	chr13	70959789	70959909	-0.072994	0.225353	0	0	0.000000	0.000000	0.000000	8
bb.chr13.71758558	chr13	71758558	71758678	-0.030662	0.186142	0	0	0.000000	0.000000	0.000000	8
bb.chr13.73075135	chr13	73075135	73075255	-0.000290	0.082164	0	0	0.000000	0.000000	0.000000	8
bb.chr13.73772362	chr13	73772362	73772482	-0.012561	0.127379	0	0	0.000000	0.000000	0.000000	8
bb.chr13.74573006	chr13	74573006	74573126	-0.025600	0.072488	0	0	0.000000	0.000000	0.000000	8
bb.chr13.75353263	chr13	75353263	75353383	0.028293	0.050537	0	0	0.000000	0.000000	0.000000	8
bb.chr13.76281807	chr13	76281807	76281927	-0.061234	0.564023	2	3	0.250000	0.375000	0.625000	8
bb.chr13.77373012	chr13	77373012	77373132	0.038210	0.109461	0	0	0.000000	0.000000	0.000000	8
bb.chr13.78135420	chr13	78135420	78135540	-0.036509	0.131406	0	0	0.000000	0.000000	0.000000	8
bb.chr13.79056384	chr13	79056384	79056504	-0.167638	0.635270	2	1	0.250000	0.125000	0.375000	8
bb.chr13.79744440	chr13	79744440	79744560	-0.005973	0.062283	0	0	0.000000	0.000000	0.000000	8
bb.chr13.80448672	chr13	80448672	80448792	-0.015761	0.064581	0	0	0.000000	0.000000	0.000000	8
bb.chr13.81115124	chr13	81115124	81115244	-0.019521	0.095482	0	0	0.000000	0.000000	0.000000	8
bb.chr13.81836802	chr13	81836802	81836922	-0.034054	0.156070	0	0	0.000000	0.000000	0.000000	8
bb.chr13.83236841	chr13	83236841	83236961	-0.038297	0.195493	0	0	0.000000	0.000000	0.000000	8
bb.chr13.84408482	chr13	84408482	84408602	-0.019171	0.041313	0	0	0.000000	0.000000	0.000000	8
bb.chr13.85445333	chr13	85445333	85445453	-0.028639	0.163265	0	0	0.000000	0.000000	0.000000	8
bb.chr13.86172122	chr13	86172122	86172242	0.012713	0.088080	0	0	0.000000	0.000000	0.000000	8
bb.chr13.87319021	chr13	87319021	87319141	0.036690	0.143589	0	0	0.000000	0.000000	0.000000	8
bb.chr13.88251739	chr13	88251739	88251859	-0.016334	0.091811	0	0	0.000000	0.000000	0.000000	8
bb.chr13.89273044	chr13	89273044	89273164	-0.000428	0.068225	0	0	0.000000	0.000000	0.000000	8
bb.chr13.90055364	chr13	90055364	90055484	0.024642	0.085014	0	0	0.000000	0.000000	0.000000	8
bb.chr13.90791555	chr13	90791555	90791675	-0.055315	0.287638	0	1	0.000000	0.125000	0.125000	8
bb.chr13.91488184	chr13	91488184	91488304	-0.032706	0.167596	0	0	0.000000	0.000000	0.000000	8
bb.chr13.92627250	chr13	92627250	92627370	-0.006675	0.118223	0	0	0.000000	0.000000	0.000000	8
bb.chr13.93320891	chr13	93320891	93321011	-0.007264	0.106285	0	0	0.000000	0.000000	0.000000	8
bb.chr13.94496518	chr13	94496518	94496638	0.031720	0.063989	0	0	0.000000	0.000000	0.000000	8
bb.chr13.95190836	chr13	95190836	95190956	-0.027951	0.055711	0	0	0.000000	0.000000	0.000000	8
bb.chr13.95791897	chr13	95791897	95792017	0.073591	0.073160	0	0	0.000000	0.000000	0.000000	8
bb.chr13.96987100	chr13	96987100	96987220	0.019048	0.072663	0	0	0.000000	0.000000	0.000000	8
bb.chr13.98239941	chr13	98239941	98240061	0.026333	0.105636	0	0	0.000000	0.000000	0.000000	8
bb.chr13.98893476	chr13	98893476	98893596	0.004789	0.089760	0	0	0.000000	0.000000	0.000000	8
bb.chr13.99582973	chr13	99582973	99583093	0.002656	0.081305	0	0	0.000000	0.000000	0.000000	8
bb.chr13.100279184	chr13	100279184	100279304	-0.051422	0.197195	0	0	0.000000	0.000000	0.000000	8
bb.chr13.101210414	chr13	101210414	101210534	-0.063884	0.188239	0	0	0.000000	0.000000	0.000000	8
bb.chr13.102085253	chr13	102085253	102085373	-0.000381	0.055451	0	0	0.000000	0.000000	0.000000	8
bb.chr13.102827215	chr13	102827215	102827335	-0.003311	0.098491	0	0	0.000000	0.000000	0.000000	8
bb.chr13.103701601	chr13	103701601	103701721	-0.001208	0.127135	0	0	0.000000	0.000000	0.000000	8
bb.chr13.104525858	chr13	104525858	104525978	-0.022057	0.108093	0	0	0.000000	0.000000	0.000000	8
bb.chr13.105155436	chr13	105155436	105155556	0.017531	0.115875	0	0	0.000000	0.000000	0.000000	8
bb.chr13.105910223	chr13	105910223	105910343	-0.003949	0.119410	0	0	0.000000	0.000000	0.000000	8
bb.chr13.106543765	chr13	106543765	106543885	-0.018518	0.069998	0	0	0.000000	0.000000	0.000000	8
bb.chr13.107227291	chr13	107227291	107227411	0.031523	0.074097	0	0	0.000000	0.000000	0.000000	8
bb.chr13.107962346	chr13	107962346	107962466	-0.041989	0.174500	0	0	0.000000	0.000000	0.000000	8
LIG4	chr13	108207440	108215560	0.004698	0.015261	0	0	0.000000	0.000000	0.000000	8
bb.chr13.108612116	chr13	108612116	108612236	-0.018839	0.075967	0	0	0.000000	0.000000	0.000000	8
bb.chr13.109310171	chr13	109310171	109310291	-0.006014	0.071251	0	0	0.000000	0.000000	0.000000	8
bb.chr13.109999535	chr13	109999535	109999655	0.055277	0.091923	0	0	0.000000	0.000000	0.000000	8
bb.chr13.110988939	chr13	110988939	110989059	0.035367	0.083979	0	0	0.000000	0.000000	0.000000	8
bb.chr13.111624241	chr13	111624241	111624361	-0.002245	0.042274	0	0	0.000000	0.000000	0.000000	8
bb.chr13.113146248	chr13	113146248	113146368	0.005175	0.078815	0	0	0.000000	0.000000	0.000000	8
bb.chr14.18618070	chr14	18618070	18618190	-0.722716	1.771829	2	2	0.250000	0.250000	0.500000	8
bb.chr14.20592429	chr14	20592429	20592549	-0.006229	0.094821	0	0	0.000000	0.000000	0.000000	8
bb.chr14.21735003	chr14	21735003	21735123	-0.013265	0.111362	0	0	0.000000	0.000000	0.000000	8
bb.chr14.22560552	chr14	22560552	22560672	-0.005089	0.049444	0	0	0.000000	0.000000	0.000000	8
bb.chr14.23776830	chr14	23776830	23776950	-0.040174	0.266507	0	0	0.000000	0.000000	0.000000	8
bb.chr14.24518413	chr14	24518413	24518533	0.026075	0.131786	0	0	0.000000	0.000000	0.000000	8
bb.chr14.25388303	chr14	25388303	25388423	0.041114	0.120106	0	0	0.000000	0.000000	0.000000	8
bb.chr14.26371035	chr14	26371035	26371155	0.013247	0.043725	0	0	0.000000	0.000000	0.000000	8
bb.chr14.27057877	chr14	27057877	27057997	-0.020777	0.112788	0	0	0.000000	0.000000	0.000000	8
bb.chr14.27870152	chr14	27870152	27870272	-0.037133	0.241320	0	0	0.000000	0.000000	0.000000	8
bb.chr14.28488661	chr14	28488661	28488781	-0.046649	0.245391	1	0	0.125000	0.000000	0.125000	8
bb.chr14.29890288	chr14	29890288	29890408	-0.005058	0.070261	0	0	0.000000	0.000000	0.000000	8
bb.chr14.31413207	chr14	31413207	31413327	0.020752	0.175547	0	0	0.000000	0.000000	0.000000	8
bb.chr14.32695515	chr14	32695515	32695635	-0.031607	0.169414	0	0	0.000000	0.000000	0.000000	8
bb.chr14.33542671	chr14	33542671	33542791	0.078987	0.054597	0	0	0.000000	0.000000	0.000000	8
bb.chr14.34379422	chr14	34379422	34379542	0.018401	0.097832	0	0	0.000000	0.000000	0.000000	8
bb.chr14.35471674	chr14	35471674	35471794	-0.081892	0.516824	2	3	0.250000	0.375000	0.625000	8
bb.chr14.36626224	chr14	36626224	36626344	0.020497	0.081552	0	0	0.000000	0.000000	0.000000	8
bb.chr14.37520005	chr14	37520005	37520125	0.073832	0.147330	0	0	0.000000	0.000000	0.000000	8
bb.chr14.39221492	chr14	39221492	39221612	-0.013852	0.070003	0	0	0.000000	0.000000	0.000000	8
bb.chr14.40262817	chr14	40262817	40262937	-0.032864	0.112233	0	0	0.000000	0.000000	0.000000	8
bb.chr14.41149680	chr14	41149680	41149800	-0.010371	0.160390	0	0	0.000000	0.000000	0.000000	8
bb.chr14.41845476	chr14	41845476	41845596	-0.057357	0.288426	1	0	0.125000	0.000000	0.125000	8
bb.chr14.42513438	chr14	42513438	42513558	0.000405	0.053752	0	0	0.000000	0.000000	0.000000	8
bb.chr14.43387306	chr14	43387306	43387426	-0.027050	0.142023	0	0	0.000000	0.000000	0.000000	8
bb.chr14.44498164	chr14	44498164	44498284	0.064097	0.164481	1	0	0.125000	0.000000	0.125000	8
bb.chr14.45929475	chr14	45929475	45929595	0.010388	0.076091	0	0	0.000000	0.000000	0.000000	8
bb.chr14.46806013	chr14	46806013	46806133	-0.051613	0.361446	2	0	0.250000	0.000000	0.250000	8
bb.chr14.47852673	chr14	47852673	47852793	-0.012805	0.116192	0	0	0.000000	0.000000	0.000000	8
bb.chr14.48724314	chr14	48724314	48724434	-0.024696	0.094124	0	0	0.000000	0.000000	0.000000	8
bb.chr14.50104634	chr14	50104634	50104754	0.008579	0.071127	0	0	0.000000	0.000000	0.000000	8
bb.chr14.51242239	chr14	51242239	51242359	-0.053393	0.185950	0	0	0.000000	0.000000	0.000000	8
bb.chr14.52329275	chr14	52329275	52329395	-0.008177	0.074830	0	0	0.000000	0.000000	0.000000	8
bb.chr14.52977949	chr14	52977949	52978069	0.083387	0.066631	0	0	0.000000	0.000000	0.000000	8
bb.chr14.53814315	chr14	53814315	53814435	-0.008897	0.092939	0	0	0.000000	0.000000	0.000000	8
bb.chr14.54617411	chr14	54617411	54617531	0.010661	0.059816	0	0	0.000000	0.000000	0.000000	8
bb.chr14.56005937	chr14	56005937	56006057	-0.002443	0.087550	0	0	0.000000	0.000000	0.000000	8
bb.chr14.56862711	chr14	56862711	56862831	0.003780	0.139588	0	0	0.000000	0.000000	0.000000	8
bb.chr14.57996170	chr14	57996170	57996290	0.012089	0.075935	0	0	0.000000	0.000000	0.000000	8
bb.chr14.58803718	chr14	58803718	58803838	0.045474	0.117792	0	0	0.000000	0.000000	0.000000	8
bb.chr14.59673207	chr14	59673207	59673327	0.006855	0.068167	0	0	0.000000	0.000000	0.000000	8
bb.chr14.61168702	chr14	61168702	61168822	0.025970	0.067903	0	0	0.000000	0.000000	0.000000	8
bb.chr14.61897307	chr14	61897307	61897427	0.037917	0.063875	0	0	0.000000	0.000000	0.000000	8
bb.chr14.62518188	chr14	62518188	62518308	-0.052828	0.372529	2	0	0.250000	0.000000	0.250000	8
bb.chr14.63181032	chr14	63181032	63181152	-0.367658	1.142454	2	1	0.250000	0.125000	0.375000	8
bb.chr14.63850525	chr14	63850525	63850645	-0.031139	0.130317	0	0	0.000000	0.000000	0.000000	8
bb.chr14.64503684	chr14	64503684	64503804	-0.000673	0.192488	1	0	0.125000	0.000000	0.125000	8
bb.chr14.65865229	chr14	65865229	65865349	-0.033204	0.137599	0	0	0.000000	0.000000	0.000000	8
bb.chr14.67499845	chr14	67499845	67499965	0.024213	0.064939	0	0	0.000000	0.000000	0.000000	8
bb.chr14.68298130	chr14	68298130	68298250	0.018919	0.057464	0	0	0.000000	0.000000	0.000000	8
bb.chr14.69483131	chr14	69483131	69483251	-0.033480	0.063990	0	0	0.000000	0.000000	0.000000	8
bb.chr14.70361721	chr14	70361721	70361841	0.015972	0.069030	0	0	0.000000	0.000000	0.000000	8
bb.chr14.71765103	chr14	71765103	71765223	0.053591	0.039194	0	0	0.000000	0.000000	0.000000	8
bb.chr14.72655886	chr14	72655886	72656006	0.009892	0.081512	0	0	0.000000	0.000000	0.000000	8
bb.chr14.73467209	chr14	73467209	73467330	0.039959	0.060187	0	0	0.000000	0.000000	0.000000	8
bb.chr14.74244323	chr14	74244323	74244443	0.000562	0.054362	0	0	0.000000	0.000000	0.000000	8
bb.chr14.74874055	chr14	74874055	74874175	-0.023057	0.113108	0	0	0.000000	0.000000	0.000000	8
bb.chr14.76253217	chr14	76253217	76253337	0.014121	0.045755	0	0	0.000000	0.000000	0.000000	8
bb.chr14.77296469	chr14	77296469	77296589	-0.004984	0.107614	0	0	0.000000	0.000000	0.000000	8
bb.chr14.78220717	chr14	78220717	78220837	0.000570	0.090255	0	0	0.000000	0.000000	0.000000	8
bb.chr14.79610133	chr14	79610133	79610253	-0.048882	0.117611	0	0	0.000000	0.000000	0.000000	8
bb.chr14.80457065	chr14	80457065	80457185	0.004532	0.108555	0	0	0.000000	0.000000	0.000000	8
bb.chr14.81274984	chr14	81274984	81275104	-0.005525	0.044776	0	0	0.000000	0.000000	0.000000	8
bb.chr14.82156866	chr14	82156866	82156986	-0.017851	0.098859	0	0	0.000000	0.000000	0.000000	8
bb.chr14.83576737	chr14	83576737	83576857	-0.007825	0.137436	0	0	0.000000	0.000000	0.000000	8
bb.chr14.84405553	chr14	84405553	84405673	-0.003130	0.137643	0	0	0.000000	0.000000	0.000000	8
bb.chr14.85535294	chr14	85535294	85535414	-0.044036	0.253953	0	0	0.000000	0.000000	0.000000	8
bb.chr14.86700511	chr14	86700511	86700631	0.009846	0.056627	0	0	0.000000	0.000000	0.000000	8
bb.chr14.87402494	chr14	87402494	87402614	0.005754	0.073646	0	0	0.000000	0.000000	0.000000	8
bb.chr14.88049545	chr14	88049545	88049665	0.062289	0.098811	0	0	0.000000	0.000000	0.000000	8
bb.chr14.89176878	chr14	89176878	89176998	0.025609	0.074528	0	0	0.000000	0.000000	0.000000	8
bb.chr14.90071511	chr14	90071511	90071631	-0.007011	0.068197	0	0	0.000000	0.000000	0.000000	8
bb.chr14.90847408	chr14	90847408	90847528	-0.020476	0.074783	0	0	0.000000	0.000000	0.000000	8
bb.chr14.91454114	chr14	91454114	91454234	0.036919	0.104801	0	0	0.000000	0.000000	0.000000	8
bb.chr14.92292969	chr14	92292969	92293089	-0.031085	0.070390	0	0	0.000000	0.000000	0.000000	8
bb.chr14.93150720	chr14	93150720	93150840	0.008836	0.058434	0	0	0.000000	0.000000	0.000000	8
bb.chr14.93925293	chr14	93925293	93925413	0.012585	0.040233	0	0	0.000000	0.000000	0.000000	8
bb.chr14.94525718	chr14	94525718	94525838	0.005490	0.084205	0	0	0.000000	0.000000	0.000000	8
bb.chr14.95380121	chr14	95380121	95380241			0	0	0.000000	0.000000	0.000000	0
bb.chr14.96466986	chr14	96466986	96467106	-0.035719	0.196083	0	0	0.000000	0.000000	0.000000	8
bb.chr14.97201190	chr14	97201190	97201310	0.007149	0.047182	0	0	0.000000	0.000000	0.000000	8
bb.chr14.97900505	chr14	97900505	97900625	-0.013067	0.053648	0	0	0.000000	0.000000	0.000000	8
bb.chr14.98503767	chr14	98503767	98503887	-0.003845	0.068779	0	0	0.000000	0.000000	0.000000	8
BCL11B	chr14	99169285	99272196	0.008446	0.033500	0	0	0.000000	0.000000	0.000000	8
bb.chr14.99317858	chr14	99317858	99317978	-0.017275	0.055285	0	0	0.000000	0.000000	0.000000	8
bb.chr14.100715384	chr14	100715384	100715504	0.003965	0.073157	0	0	0.000000	0.000000	0.000000	8
bb.chr14.101558761	chr14	101558761	101558881	0.035178	0.048437	0	0	0.000000	0.000000	0.000000	8
bb.chr14.103243577	chr14	103243577	103243697	-0.011649	0.090088	0	0	0.000000	0.000000	0.000000	8
bb.chr14.104074458	chr14	104074458	104074578	0.013142	0.119034	0	0	0.000000	0.000000	0.000000	8
AKT1	chr14	104769347	104793303	-0.003872	0.051650	0	0	0.000000	0.000000	0.000000	8
bb.chr14.105181165	chr14	105181165	105181285	-0.006678	0.238671	0	0	0.000000	0.000000	0.000000	8
bb.chr14.106627568	chr14	106627568	106627688	-0.019317	0.346308	1	1	0.125000	0.125000	0.250000	8
bb.chr15.20672361	chr15	20672361	20672481	-0.061505	0.498845	3	1	0.375000	0.125000	0.500000	8
bb.chr15.22014053	chr15	22014053	22014173			0	0	0.000000	0.000000	0.000000	0
bb.chr15.22753985	chr15	22753985	22754105	-0.284026	1.042717	4	3	0.500000	0.375000	0.875000	8
bb.chr15.23477854	chr15	23477854	23477974	0.020592	0.106129	0	0	0.000000	0.000000	0.000000	8
bb.chr15.24280298	chr15	24280298	24280418	0.000074	0.109087	0	0	0.000000	0.000000	0.000000	8
bb.chr15.25119588	chr15	25119588	25119708	-0.029282	0.067404	0	0	0.000000	0.000000	0.000000	8
bb.chr15.25970753	chr15	25970753	25970873	-0.033657	0.212748	0	0	0.000000	0.000000	0.000000	8
bb.chr15.26753138	chr15	26753138	26753258	0.003020	0.109541	0	0	0.000000	0.000000	0.000000	8
bb.chr15.27647363	chr15	27647363	27647483	-0.016757	0.093343	0	0	0.000000	0.000000	0.000000	8
bb.chr15.28794538	chr15	28794538	28794658	-0.113531	0.362181	0	2	0.000000	0.250000	0.250000	8
bb.chr15.29555574	chr15	29555574	29555694	0.026560	0.077873	0	0	0.000000	0.000000	0.000000	8
bb.chr15.30371134	chr15	30371134	30371254	-0.042215	0.196417	0	0	0.000000	0.000000	0.000000	8
bb.chr15.31206545	chr15	31206545	31206665	-0.019972	0.050814	0	0	0.000000	0.000000	0.000000	8
bb.chr15.32007690	chr15	32007690	32007810	-0.007781	0.065352	0	0	0.000000	0.000000	0.000000	8
bb.chr15.33144723	chr15	33144723	33144843	0.020473	0.119617	0	0	0.000000	0.000000	0.000000	8
bb.chr15.34254705	chr15	34254705	34254825	-0.017974	0.087728	0	0	0.000000	0.000000	0.000000	8
bb.chr15.35113205	chr15	35113205	35113325	0.025683	0.070637	0	0	0.000000	0.000000	0.000000	8
bb.chr15.35739967	chr15	35739967	35740087	-0.000568	0.067883	0	0	0.000000	0.000000	0.000000	8
bb.chr15.36367386	chr15	36367386	36367506	-0.008038	0.053395	0	0	0.000000	0.000000	0.000000	8
bb.chr15.37610672	chr15	37610672	37610792	-0.078209	0.306685	0	1	0.000000	0.125000	0.125000	8
bb.chr15.38488333	chr15	38488333	38488453	0.031414	0.050709	0	0	0.000000	0.000000	0.000000	8
bb.chr15.39296883	chr15	39296883	39297003	0.003445	0.161934	0	0	0.000000	0.000000	0.000000	8
bb.chr15.40097021	chr15	40097021	40097141	0.051853	0.072975	0	0	0.000000	0.000000	0.000000	8
RAD51	chr15	40695172	40732339	0.002351	0.020852	0	0	0.000000	0.000000	0.000000	8
bb.chr15.40734557	chr15	40734557	40734677	0.029225	0.074333	0	0	0.000000	0.000000	0.000000	8
bb.chr15.41792759	chr15	41792759	41792879	0.003591	0.074734	0	0	0.000000	0.000000	0.000000	8
bb.chr15.42408945	chr15	42408945	42409065	-0.031639	0.164284	0	0	0.000000	0.000000	0.000000	8
bb.chr15.43924301	chr15	43924301	43924421	0.014065	0.079587	0	0	0.000000	0.000000	0.000000	8
bb.chr15.44802938	chr15	44802938	44803058	-0.025927	0.040170	0	0	0.000000	0.000000	0.000000	8
bb.chr15.45712824	chr15	45712824	45712944	0.006886	0.061493	0	0	0.000000	0.000000	0.000000	8
bb.chr15.46556775	chr15	46556775	46556895	-0.015511	0.044370	0	0	0.000000	0.000000	0.000000	8
bb.chr15.47394405	chr15	47394405	47394525	0.010822	0.052646	0	0	0.000000	0.000000	0.000000	8
bb.chr15.48036651	chr15	48036651	48036771	-0.023255	0.034726	0	0	0.000000	0.000000	0.000000	8
bb.chr15.49104607	chr15	49104607	49104727	-0.004593	0.053755	0	0	0.000000	0.000000	0.000000	8
bb.chr15.49900720	chr15	49900720	49900840	-0.011938	0.173586	0	0	0.000000	0.000000	0.000000	8
bb.chr15.51004150	chr15	51004150	51004270	-0.029253	0.082179	0	0	0.000000	0.000000	0.000000	8
bb.chr15.51842198	chr15	51842198	51842318	-0.006761	0.064123	0	0	0.000000	0.000000	0.000000	8
bb.chr15.52713890	chr15	52713890	52714010	0.004629	0.060322	0	0	0.000000	0.000000	0.000000	8
bb.chr15.53518738	chr15	53518738	53518858	0.010240	0.072716	0	0	0.000000	0.000000	0.000000	8
bb.chr15.54418610	chr15	54418610	54418730	-0.059717	0.142095	0	0	0.000000	0.000000	0.000000	8
bb.chr15.55060858	chr15	55060858	55060978	-0.011777	0.078153	0	0	0.000000	0.000000	0.000000	8
bb.chr15.56028578	chr15	56028578	56028698	-0.026957	0.111231	0	0	0.000000	0.000000	0.000000	8
bb.chr15.56747969	chr15	56747969	56748089	-0.001798	0.051287	0	0	0.000000	0.000000	0.000000	8
bb.chr15.57422801	chr15	57422801	57422921	0.028220	0.034568	0	0	0.000000	0.000000	0.000000	8
bb.chr15.58519940	chr15	58519940	58520060	-0.007814	0.152720	0	0	0.000000	0.000000	0.000000	8
bb.chr15.59402987	chr15	59402987	59403107	-0.031899	0.123666	0	0	0.000000	0.000000	0.000000	8
bb.chr15.60509733	chr15	60509733	60509853	-0.002809	0.066230	0	0	0.000000	0.000000	0.000000	8
bb.chr15.61619498	chr15	61619498	61619618	0.018697	0.068030	0	0	0.000000	0.000000	0.000000	8
bb.chr15.62737376	chr15	62737376	62737496	0.016386	0.034300	0	0	0.000000	0.000000	0.000000	8
bb.chr15.63368891	chr15	63368891	63369011	0.000427	0.085708	0	0	0.000000	0.000000	0.000000	8
bb.chr15.64204352	chr15	64204352	64204472	-0.038945	0.072026	0	0	0.000000	0.000000	0.000000	8
bb.chr15.65396426	chr15	65396426	65396546	-0.023880	0.228788	0	0	0.000000	0.000000	0.000000	8
bb.chr15.66001382	chr15	66001382	66001502	0.024938	0.056879	0	0	0.000000	0.000000	0.000000	8
MAP2K1	chr15	66386910	66491543	-0.005347	0.014978	0	0	0.000000	0.000000	0.000000	8
bb.chr15.66632162	chr15	66632162	66632282	0.017687	0.058267	0	0	0.000000	0.000000	0.000000	8
bb.chr15.67925164	chr15	67925164	67925284	0.003283	0.063280	0	0	0.000000	0.000000	0.000000	8
bb.chr15.68946046	chr15	68946046	68946166	-0.007205	0.103574	0	0	0.000000	0.000000	0.000000	8
bb.chr15.69971762	chr15	69971762	69971882	0.065119	0.064160	0	0	0.000000	0.000000	0.000000	8
bb.chr15.71067849	chr15	71067849	71067969	0.018987	0.029198	0	0	0.000000	0.000000	0.000000	8
bb.chr15.71684457	chr15	71684457	71684577	-0.010386	0.107007	0	0	0.000000	0.000000	0.000000	8
bb.chr15.73309418	chr15	73309418	73309538	0.012903	0.040222	0	0	0.000000	0.000000	0.000000	8
bb.chr15.74196752	chr15	74196752	74196872	0.008829	0.120890	0	0	0.000000	0.000000	0.000000	8
bb.chr15.75622736	chr15	75622736	75622856	0.051001	0.066248	0	0	0.000000	0.000000	0.000000	8
bb.chr15.76669325	chr15	76669325	76669445	-0.042140	0.221277	0	0	0.000000	0.000000	0.000000	8
bb.chr15.77489524	chr15	77489524	77489644	-0.008827	0.088231	0	0	0.000000	0.000000	0.000000	8
bb.chr15.78571518	chr15	78571518	78571638	-0.005180	0.108896	0	0	0.000000	0.000000	0.000000	8
bb.chr15.79734721	chr15	79734721	79734841	0.041380	0.087518	0	0	0.000000	0.000000	0.000000	8
bb.chr15.81065455	chr15	81065455	81065575	-0.005209	0.059604	0	0	0.000000	0.000000	0.000000	8
bb.chr15.81674601	chr15	81674601	81674721	-0.014105	0.074365	0	0	0.000000	0.000000	0.000000	8
bb.chr15.82891818	chr15	82891818	82891938	-0.020098	0.092426	0	0	0.000000	0.000000	0.000000	8
bb.chr15.83784145	chr15	83784145	83784265	0.016739	0.064428	0	0	0.000000	0.000000	0.000000	8
bb.chr15.84761979	chr15	84761979	84762099	-0.002242	0.087903	0	0	0.000000	0.000000	0.000000	8
bb.chr15.85890288	chr15	85890288	85890408	-0.014776	0.066375	0	0	0.000000	0.000000	0.000000	8
bb.chr15.86713604	chr15	86713604	86713724	-0.015465	0.094059	0	0	0.000000	0.000000	0.000000	8
bb.chr15.87314543	chr15	87314543	87314663	0.004496	0.094697	0	0	0.000000	0.000000	0.000000	8
bb.chr15.88144806	chr15	88144806	88144926	0.029353	0.083369	0	0	0.000000	0.000000	0.000000	8
bb.chr15.89243130	chr15	89243130	89243250	0.012305	0.036337	0	0	0.000000	0.000000	0.000000	8
bb.chr15.90268332	chr15	90268332	90268452	-0.043516	0.159633	0	0	0.000000	0.000000	0.000000	8
bb.chr15.91058673	chr15	91058673	91058793	0.041206	0.071417	0	0	0.000000	0.000000	0.000000	8
bb.chr15.91663824	chr15	91663824	91663944	-0.015588	0.040616	0	0	0.000000	0.000000	0.000000	8
bb.chr15.92302584	chr15	92302584	92302704	0.015615	0.075313	0	0	0.000000	0.000000	0.000000	8
bb.chr15.93682204	chr15	93682204	93682324	0.035019	0.069308	0	0	0.000000	0.000000	0.000000	8
bb.chr15.94519827	chr15	94519827	94519947	-0.062944	0.144558	0	0	0.000000	0.000000	0.000000	8
bb.chr15.95136850	chr15	95136850	95136970	0.010041	0.069983	0	0	0.000000	0.000000	0.000000	8
bb.chr15.95894038	chr15	95894038	95894158	0.021022	0.089160	0	0	0.000000	0.000000	0.000000	8
bb.chr15.96764731	chr15	96764731	96764851	0.032696	0.059992	0	0	0.000000	0.000000	0.000000	8
bb.chr15.97619089	chr15	97619089	97619209	-0.017585	0.126626	0	0	0.000000	0.000000	0.000000	8
bb.chr15.98715421	chr15	98715421	98715541	0.013228	0.044986	0	0	0.000000	0.000000	0.000000	8
bb.chr15.99551178	chr15	99551178	99551298	-0.007887	0.099009	0	0	0.000000	0.000000	0.000000	8
bb.chr15.100664570	chr15	100664570	100664690	0.001898	0.101533	0	0	0.000000	0.000000	0.000000	8
bb.chr15.101502377	chr15	101502377	101502497	-0.012712	0.028143	0	0	0.000000	0.000000	0.000000	8
bb.chr16.282957	chr16	282957	283077	0.004657	0.065972	0	0	0.000000	0.000000	0.000000	8
bb.chr16.899706	chr16	899706	899826	0.119256	0.139084	0	0	0.000000	0.000000	0.000000	8
bb.chr16.1833218	chr16	1833218	1833338	0.007333	0.032803	0	0	0.000000	0.000000	0.000000	8
bb.chr16.2449725	chr16	2449725	2449845	-0.007904	0.186274	0	0	0.000000	0.000000	0.000000	8
bb.chr16.3100835	chr16	3100835	3100955	0.000089	0.144828	0	0	0.000000	0.000000	0.000000	8
bb.chr16.4075784	chr16	4075784	4075904	0.041792	0.100483	0	0	0.000000	0.000000	0.000000	8
bb.chr16.5011426	chr16	5011426	5011546	0.026711	0.068035	0	0	0.000000	0.000000	0.000000	8
bb.chr16.5631722	chr16	5631722	5631842	0.013208	0.085008	0	0	0.000000	0.000000	0.000000	8
bb.chr16.6581050	chr16	6581050	6581170	0.064064	0.098969	0	0	0.000000	0.000000	0.000000	8
bb.chr16.7211793	chr16	7211793	7211913	-0.028506	0.081592	0	0	0.000000	0.000000	0.000000	8
bb.chr16.8465843	chr16	8465843	8465963	0.004286	0.093480	0	0	0.000000	0.000000	0.000000	8
bb.chr16.9383514	chr16	9383514	9383634	-0.002887	0.066749	0	0	0.000000	0.000000	0.000000	8
bb.chr16.9987855	chr16	9987855	9987975	-0.017171	0.065718	0	0	0.000000	0.000000	0.000000	8
bb.chr16.11275288	chr16	11275288	11275408	0.013401	0.057643	0	0	0.000000	0.000000	0.000000	8
bb.chr16.12214081	chr16	12214081	12214201	0.019437	0.074666	0	0	0.000000	0.000000	0.000000	8
bb.chr16.13148148	chr16	13148148	13148268	-0.004268	0.067664	0	0	0.000000	0.000000	0.000000	8
bb.chr16.14029820	chr16	14029820	14029940	0.026611	0.080042	0	0	0.000000	0.000000	0.000000	8
PARN	chr16	14435699	14630259	-0.001325	0.027266	0	0	0.000000	0.000000	0.000000	8
bb.chr16.15035542	chr16	15035542	15035662	0.030692	0.094022	0	0	0.000000	0.000000	0.000000	8
bb.chr16.15704293	chr16	15704293	15704413	0.015256	0.031298	0	0	0.000000	0.000000	0.000000	8
bb.chr16.16891748	chr16	16891748	16891868	0.015424	0.073728	0	0	0.000000	0.000000	0.000000	8
bb.chr16.17577024	chr16	17577024	17577144	0.047532	0.112971	0	0	0.000000	0.000000	0.000000	8
bb.chr16.19589945	chr16	19589945	19590065	-0.015063	0.071794	0	0	0.000000	0.000000	0.000000	8
bb.chr16.20225583	chr16	20225583	20225703	0.007691	0.073544	0	0	0.000000	0.000000	0.000000	8
bb.chr16.20971509	chr16	20971509	20971629	0.014032	0.084535	0	0	0.000000	0.000000	0.000000	8
bb.chr16.21597091	chr16	21597091	21597211	0.018915	0.056180	0	0	0.000000	0.000000	0.000000	8
bb.chr16.22719602	chr16	22719602	22719722	0.013214	0.056404	0	0	0.000000	0.000000	0.000000	8
bb.chr16.24273827	chr16	24273827	24273947	-0.005136	0.055468	0	0	0.000000	0.000000	0.000000	8
bb.chr16.25228424	chr16	25228424	25228544	0.027422	0.077665	0	0	0.000000	0.000000	0.000000	8
bb.chr16.25841746	chr16	25841746	25841866	-0.007227	0.061305	0	0	0.000000	0.000000	0.000000	8
bb.chr16.26494276	chr16	26494276	26494396	0.020682	0.109506	0	0	0.000000	0.000000	0.000000	8
bb.chr16.27124292	chr16	27124292	27124412	0.011341	0.069186	0	0	0.000000	0.000000	0.000000	8
bb.chr16.27805894	chr16	27805894	27806014	0.022271	0.077732	0	0	0.000000	0.000000	0.000000	8
bb.chr16.28497066	chr16	28497066	28497186	0.019408	0.046987	0	0	0.000000	0.000000	0.000000	8
bb.chr16.29317049	chr16	29317049	29317169	0.003915	0.084037	0	0	0.000000	0.000000	0.000000	8
bb.chr16.29971580	chr16	29971580	29971700	-0.030310	0.136062	0	0	0.000000	0.000000	0.000000	8
bb.chr16.31816481	chr16	31816481	31816601	-0.034686	0.157558	0	0	0.000000	0.000000	0.000000	8
bb.chr16.46800116	chr16	46800116	46800236	0.035960	0.059916	0	0	0.000000	0.000000	0.000000	8
bb.chr16.49206901	chr16	49206901	49207021	0.002615	0.079535	0	0	0.000000	0.000000	0.000000	8
bb.chr16.50369556	chr16	50369556	50369676	0.025794	0.121365	0	0	0.000000	0.000000	0.000000	8
bb.chr16.51353077	chr16	51353077	51353197	-0.006343	0.037920	0	0	0.000000	0.000000	0.000000	8
bb.chr16.51983658	chr16	51983658	51983778	-0.047054	0.251068	0	0	0.000000	0.000000	0.000000	8
bb.chr16.52903643	chr16	52903643	52903763	0.026113	0.125715	0	0	0.000000	0.000000	0.000000	8
bb.chr16.53845261	chr16	53845261	53845381	0.012101	0.101021	0	0	0.000000	0.000000	0.000000	8
bb.chr16.54544901	chr16	54544901	54545021	0.018595	0.067566	0	0	0.000000	0.000000	0.000000	8
bb.chr16.55165172	chr16	55165172	55165292	-0.009314	0.090985	0	0	0.000000	0.000000	0.000000	8
bb.chr16.55820480	chr16	55820480	55820600	0.006276	0.342112	0	0	0.000000	0.000000	0.000000	8
bb.chr16.57034714	chr16	57034714	57034834	-0.018743	0.080906	0	0	0.000000	0.000000	0.000000	8
bb.chr16.57669924	chr16	57669924	57670044	-0.006595	0.094039	0	0	0.000000	0.000000	0.000000	8
bb.chr16.58293233	chr16	58293233	58293353	-0.003962	0.216568	0	0	0.000000	0.000000	0.000000	8
bb.chr16.58974153	chr16	58974153	58974273	0.007030	0.071174	0	0	0.000000	0.000000	0.000000	8
bb.chr16.59574519	chr16	59574519	59574639	-0.049500	0.230293	0	0	0.000000	0.000000	0.000000	8
bb.chr16.60207060	chr16	60207060	60207180	0.031142	0.107674	0	0	0.000000	0.000000	0.000000	8
bb.chr16.61089163	chr16	61089163	61089283	0.010059	0.158663	0	0	0.000000	0.000000	0.000000	8
bb.chr16.61800763	chr16	61800763	61800883	-0.304220	0.582710	0	2	0.000000	0.250000	0.250000	8
bb.chr16.62738933	chr16	62738933	62739053	-0.026624	0.059221	0	0	0.000000	0.000000	0.000000	8
bb.chr16.63363840	chr16	63363840	63363960	-0.024474	0.169425	0	0	0.000000	0.000000	0.000000	8
bb.chr16.64380186	chr16	64380186	64380306	-0.006336	0.061527	0	0	0.000000	0.000000	0.000000	8
bb.chr16.65221188	chr16	65221188	65221308	-0.034926	0.079032	0	0	0.000000	0.000000	0.000000	8
bb.chr16.65905211	chr16	65905211	65905331	0.016945	0.076690	0	0	0.000000	0.000000	0.000000	8
bb.chr16.66855707	chr16	66855707	66855827	0.069056	0.087933	0	0	0.000000	0.000000	0.000000	8
CTCF	chr16	67562524	67639176	-0.009263	0.021441	0	0	0.000000	0.000000	0.000000	8
bb.chr16.68682216	chr16	68682216	68682336	0.005163	0.094601	0	0	0.000000	0.000000	0.000000	8
bb.chr16.69697879	chr16	69697879	69697999	-0.007778	0.101335	0	0	0.000000	0.000000	0.000000	8
bb.chr16.70950015	chr16	70950015	70950135	-0.309045	0.786011	3	1	0.375000	0.125000	0.500000	8
bb.chr16.71973440	chr16	71973440	71973560	-0.039489	0.082916	0	0	0.000000	0.000000	0.000000	8
bb.chr16.72853224	chr16	72853224	72853344	-0.008368	0.136105	0	0	0.000000	0.000000	0.000000	8
bb.chr16.74048115	chr16	74048115	74048235	-0.018379	0.118961	0	0	0.000000	0.000000	0.000000	8
bb.chr16.74721553	chr16	74721553	74721673	-0.022914	0.063561	0	0	0.000000	0.000000	0.000000	8
bb.chr16.75482781	chr16	75482781	75482901	-0.026123	0.122319	0	0	0.000000	0.000000	0.000000	8
bb.chr16.77532102	chr16	77532102	77532222	-0.019773	0.060133	0	0	0.000000	0.000000	0.000000	8
bb.chr16.78175112	chr16	78175112	78175232	0.037667	0.078778	0	0	0.000000	0.000000	0.000000	8
bb.chr16.78823089	chr16	78823089	78823209	0.017411	0.085661	0	0	0.000000	0.000000	0.000000	8
bb.chr16.79457329	chr16	79457329	79457449	-0.022282	0.091962	0	0	0.000000	0.000000	0.000000	8
bb.chr16.80124167	chr16	80124167	80124287	0.004305	0.175008	0	0	0.000000	0.000000	0.000000	8
bb.chr16.81404293	chr16	81404293	81404413	0.010654	0.097086	0	0	0.000000	0.000000	0.000000	8
PLCG2	chr16	81779289	81962684	-0.005313	0.016625	0	0	0.000000	0.000000	0.000000	8
bb.chr16.82932348	chr16	82932348	82932468	0.013650	0.115971	0	0	0.000000	0.000000	0.000000	8
bb.chr16.83562563	chr16	83562563	83562683	-0.017367	0.082163	0	0	0.000000	0.000000	0.000000	8
bb.chr16.85447216	chr16	85447216	85447336	-0.000950	0.047357	0	0	0.000000	0.000000	0.000000	8
bb.chr16.86417341	chr16	86417341	86417461	0.052091	0.124098	0	0	0.000000	0.000000	0.000000	8
bb.chr16.87039010	chr16	87039010	87039130	-0.001316	0.049476	0	0	0.000000	0.000000	0.000000	8
bb.chr16.87974511	chr16	87974511	87974631	0.051827	0.089307	0	0	0.000000	0.000000	0.000000	8
bb.chr16.88571502	chr16	88571502	88571622	0.001481	0.053890	0	0	0.000000	0.000000	0.000000	8
bb.chr16.89768853	chr16	89768853	89768973	0.034405	0.092007	0	0	0.000000	0.000000	0.000000	8
PRPF8	chr17	1650627	1684897	-0.007143	0.016175	0	0	0.000000	0.000000	0.000000	8
TP53	chr17	7668419	7687492	0.004701	0.024843	0	0	0.000000	0.000000	0.000000	8
KDM6B	chr17	7834215	7854795	0.005178	0.054509	0	0	0.000000	0.000000	0.000000	8
bb.chr17.27768644	chr17	27768644	27768764	-0.022049	0.062885	0	0	0.000000	0.000000	0.000000	8
bb.chr17.28489287	chr17	28489287	28489407	-0.006738	0.102681	0	0	0.000000	0.000000	0.000000	8
bb.chr17.29273570	chr17	29273570	29273690	0.014146	0.090820	0	0	0.000000	0.000000	0.000000	8
bb.chr17.30646712	chr17	30646712	30646832	-0.058757	0.132526	0	0	0.000000	0.000000	0.000000	8
NF1	chr17	31094975	31377674	-0.003163	0.020227	0	0	0.000000	0.000000	0.000000	8
SUZ12	chr17	31936991	32001037	-0.001582	0.024980	0	0	0.000000	0.000000	0.000000	8
bb.chr17.32285441	chr17	32285441	32285561	-0.000216	0.112308	0	0	0.000000	0.000000	0.000000	8
bb.chr17.32984586	chr17	32984586	32984706	0.023870	0.072105	0	0	0.000000	0.000000	0.000000	8
bb.chr17.33591030	chr17	33591030	33591150	0.025394	0.052714	0	0	0.000000	0.000000	0.000000	8
bb.chr17.34236752	chr17	34236752	34236872	0.001566	0.067490	0	0	0.000000	0.000000	0.000000	8
bb.chr17.35170252	chr17	35170252	35170372	-0.001264	0.076191	0	0	0.000000	0.000000	0.000000	8
bb.chr17.36077894	chr17	36077894	36078014	0.012204	0.033123	0	0	0.000000	0.000000	0.000000	8
bb.chr17.36887679	chr17	36887679	36887799	0.020220	0.066609	0	0	0.000000	0.000000	0.000000	8
bb.chr17.37542063	chr17	37542063	37542183	-0.000411	0.063828	0	0	0.000000	0.000000	0.000000	8
bb.chr17.39101589	chr17	39101589	39101709	-0.004663	0.062469	0	0	0.000000	0.000000	0.000000	8
bb.chr17.39773503	chr17	39773503	39773623	-0.076732	0.318056	1	0	0.125000	0.000000	0.125000	8
bb.chr17.40436678	chr17	40436678	40436798	-0.018265	0.059504	0	0	0.000000	0.000000	0.000000	8
STAT5B	chr17	42199175	42276390	-0.000018	0.036928	0	0	0.000000	0.000000	0.000000	8
STAT3	chr17	42313322	42388441	-0.000870	0.014377	0	0	0.000000	0.000000	0.000000	8
bb.chr17.42550205	chr17	42550205	42550325	0.045005	0.225192	1	0	0.125000	0.000000	0.125000	8
bb.chr17.43573582	chr17	43573582	43573702	0.003990	0.091286	0	0	0.000000	0.000000	0.000000	8
UBTF	chr17	44205038	44219674	-0.004902	0.037933	0	0	0.000000	0.000000	0.000000	8
bb.chr17.44584532	chr17	44584532	44584652	-0.016657	0.086113	0	0	0.000000	0.000000	0.000000	8
bb.chr17.45284064	chr17	45284064	45284184	0.004194	0.065982	0	0	0.000000	0.000000	0.000000	8
bb.chr17.45993157	chr17	45993157	45993277	0.011469	0.094529	0	0	0.000000	0.000000	0.000000	8
bb.chr17.47995239	chr17	47995239	47995359	-0.024570	0.077076	0	0	0.000000	0.000000	0.000000	8
bb.chr17.48747136	chr17	48747136	48747256	-0.017879	0.066992	0	0	0.000000	0.000000	0.000000	8
bb.chr17.50109518	chr17	50109518	50109638	0.011563	0.073081	0	0	0.000000	0.000000	0.000000	8
bb.chr17.50743786	chr17	50743786	50743906	-0.064739	0.137144	0	0	0.000000	0.000000	0.000000	8
bb.chr17.51632383	chr17	51632383	51632503	-0.009165	0.066740	0	0	0.000000	0.000000	0.000000	8
bb.chr17.52509779	chr17	52509779	52509899	-1.309920	0.000000	0	1	0.000000	0.125000	0.125000	1
bb.chr17.53134191	chr17	53134191	53134311	-0.007096	0.066016	0	0	0.000000	0.000000	0.000000	8
bb.chr17.53996212	chr17	53996212	53996332	-0.036111	0.079810	0	0	0.000000	0.000000	0.000000	8
bb.chr17.54627611	chr17	54627611	54627731	0.024621	0.063051	0	0	0.000000	0.000000	0.000000	8
bb.chr17.55509772	chr17	55509772	55509892	-0.004700	0.060665	0	0	0.000000	0.000000	0.000000	8
bb.chr17.56351015	chr17	56351015	56351135	-0.040480	0.191802	0	0	0.000000	0.000000	0.000000	8
bb.chr17.57054127	chr17	57054127	57054247	0.082967	0.089296	0	0	0.000000	0.000000	0.000000	8
bb.chr17.58410215	chr17	58410215	58410335	-0.041610	0.072683	0	0	0.000000	0.000000	0.000000	8
RAD51C	chr17	58692600	58735622	-0.008062	0.029336	0	0	0.000000	0.000000	0.000000	8
bb.chr17.59130119	chr17	59130119	59130239	-0.351010	0.780340	2	3	0.250000	0.375000	0.625000	8
bb.chr17.59853225	chr17	59853225	59853345	0.015838	0.071055	0	0	0.000000	0.000000	0.000000	8
PPM1D	chr17	60600191	60666279	-0.004448	0.021382	0	0	0.000000	0.000000	0.000000	8
bb.chr17.61510431	chr17	61510431	61510551	0.003752	0.078548	0	0	0.000000	0.000000	0.000000	8
bb.chr17.62804676	chr17	62804676	62804796	0.052632	0.058240	0	0	0.000000	0.000000	0.000000	8
bb.chr17.63484888	chr17	63484888	63485008	0.000163	0.080273	0	0	0.000000	0.000000	0.000000	8
bb.chr17.64322452	chr17	64322452	64322572	-0.002024	0.063188	0	0	0.000000	0.000000	0.000000	8
bb.chr17.65717692	chr17	65717692	65717812	-0.024008	0.136423	0	0	0.000000	0.000000	0.000000	8
bb.chr17.66448798	chr17	66448798	66448918	-0.002654	0.090923	0	0	0.000000	0.000000	0.000000	8
bb.chr17.67340351	chr17	67340351	67340471	-0.024559	0.296521	1	0	0.125000	0.000000	0.125000	8
bb.chr17.68290856	chr17	68290856	68290976	0.017366	0.092032	0	0	0.000000	0.000000	0.000000	8
bb.chr17.70050057	chr17	70050057	70050177	-0.027633	0.101254	0	0	0.000000	0.000000	0.000000	8
bb.chr17.70941966	chr17	70941966	70942086	0.017740	0.072924	0	0	0.000000	0.000000	0.000000	8
bb.chr17.71563362	chr17	71563362	71563482	0.002342	0.055975	0	0	0.000000	0.000000	0.000000	8
bb.chr17.72180072	chr17	72180072	72180192	-0.013082	0.061282	0	0	0.000000	0.000000	0.000000	8
bb.chr17.73135120	chr17	73135120	73135240	-0.070433	0.309845	1	0	0.125000	0.000000	0.125000	8
bb.chr17.73971658	chr17	73971658	73971778	0.013941	0.084761	0	0	0.000000	0.000000	0.000000	8
bb.chr17.75514932	chr17	75514932	75515052	0.042472	0.095654	0	0	0.000000	0.000000	0.000000	8
bb.chr17.76698304	chr17	76698304	76698424	-0.026243	0.201589	0	0	0.000000	0.000000	0.000000	8
SRSF2	chr17	76734113	76737330	-0.038673	0.040664	0	0	0.000000	0.000000	0.000000	8
bb.chr17.77576592	chr17	77576592	77576712	-0.008849	0.094915	0	0	0.000000	0.000000	0.000000	8
bb.chr17.78488153	chr17	78488153	78488273	0.000041	0.114387	0	0	0.000000	0.000000	0.000000	8
bb.chr17.79725211	chr17	79725211	79725331	0.035648	0.124154	0	0	0.000000	0.000000	0.000000	8
bb.chr17.80605353	chr17	80605353	80605473	0.046378	0.079117	0	0	0.000000	0.000000	0.000000	8
bb.chr17.81538103	chr17	81538103	81538223	-0.020369	0.088417	0	0	0.000000	0.000000	0.000000	8
bb.chr17.82386290	chr17	82386290	82386410	0.032960	0.242595	0	0	0.000000	0.000000	0.000000	8
bb.chr18.293961	chr18	293961	294081	0.023491	0.066733	0	0	0.000000	0.000000	0.000000	8
bb.chr18.1983921	chr18	1983921	1984041	-0.035437	0.144621	0	0	0.000000	0.000000	0.000000	8
bb.chr18.2653832	chr18	2653832	2653952			0	0	0.000000	0.000000	0.000000	0
bb.chr18.3510727	chr18	3510727	3510847	-0.006427	0.105339	0	0	0.000000	0.000000	0.000000	8
bb.chr18.4454090	chr18	4454090	4454210	0.031997	0.101710	0	0	0.000000	0.000000	0.000000	8
bb.chr18.5196922	chr18	5196922	5197042	-0.001119	0.049159	0	0	0.000000	0.000000	0.000000	8
bb.chr18.6681251	chr18	6681251	6681371	0.018135	0.084974	0	0	0.000000	0.000000	0.000000	8
bb.chr18.7389170	chr18	7389170	7389290	0.010951	0.056029	0	0	0.000000	0.000000	0.000000	8
bb.chr18.8257129	chr18	8257129	8257249	0.010474	0.054675	0	0	0.000000	0.000000	0.000000	8
bb.chr18.8912626	chr18	8912626	8912746	0.010777	0.081051	0	0	0.000000	0.000000	0.000000	8
bb.chr18.9869989	chr18	9869989	9870109	-0.001563	0.082328	0	0	0.000000	0.000000	0.000000	8
bb.chr18.11156517	chr18	11156517	11156637	0.021031	0.065624	0	0	0.000000	0.000000	0.000000	8
bb.chr18.11938745	chr18	11938745	11938865	0.019541	0.066773	0	0	0.000000	0.000000	0.000000	8
bb.chr18.13101843	chr18	13101843	13101963	0.014053	0.052380	0	0	0.000000	0.000000	0.000000	8
bb.chr18.13993717	chr18	13993717	13993837	-0.001006	0.105340	0	0	0.000000	0.000000	0.000000	8
bb.chr18.14598534	chr18	14598534	14598654	-0.025129	0.093094	0	0	0.000000	0.000000	0.000000	8
bb.chr18.21329909	chr18	21329909	21330029	0.012809	0.041409	0	0	0.000000	0.000000	0.000000	8
bb.chr18.22246719	chr18	22246719	22246839	-0.012103	0.062740	0	0	0.000000	0.000000	0.000000	8
bb.chr18.23079035	chr18	23079035	23079155	0.021219	0.069176	0	0	0.000000	0.000000	0.000000	8
bb.chr18.24056222	chr18	24056222	24056342	-0.014400	0.082951	0	0	0.000000	0.000000	0.000000	8
bb.chr18.25016017	chr18	25016017	25016137	-0.020626	0.143524	0	0	0.000000	0.000000	0.000000	8
bb.chr18.25711048	chr18	25711048	25711168	-0.012714	0.075646	0	0	0.000000	0.000000	0.000000	8
bb.chr18.26493275	chr18	26493275	26493395	-0.056391	0.132813	0	0	0.000000	0.000000	0.000000	8
bb.chr18.27191914	chr18	27191914	27192034	-0.032263	0.261443	1	1	0.125000	0.125000	0.250000	8
bb.chr18.27921977	chr18	27921977	27922097	0.025308	0.078055	0	0	0.000000	0.000000	0.000000	8
bb.chr18.28586551	chr18	28586551	28586671	-0.118194	0.460104	1	2	0.125000	0.250000	0.375000	8
bb.chr18.29838574	chr18	29838574	29838694	-0.014019	0.034179	0	0	0.000000	0.000000	0.000000	8
bb.chr18.30458256	chr18	30458256	30458376	-0.029458	0.277910	0	0	0.000000	0.000000	0.000000	8
bb.chr18.31161885	chr18	31161885	31162005	0.017236	0.085070	0	0	0.000000	0.000000	0.000000	8
bb.chr18.32473127	chr18	32473127	32473247	-0.001518	0.191632	0	0	0.000000	0.000000	0.000000	8
bb.chr18.33748495	chr18	33748495	33748615	0.026714	0.089004	0	0	0.000000	0.000000	0.000000	8
bb.chr18.34414865	chr18	34414865	34414985	-0.066773	0.165871	0	0	0.000000	0.000000	0.000000	8
bb.chr18.35553835	chr18	35553835	35553955	0.026281	0.120321	0	0	0.000000	0.000000	0.000000	8
bb.chr18.36373353	chr18	36373353	36373473	-0.010103	0.094668	0	0	0.000000	0.000000	0.000000	8
bb.chr18.37295334	chr18	37295334	37295454	0.025247	0.089090	0	0	0.000000	0.000000	0.000000	8
bb.chr18.38132991	chr18	38132991	38133111	0.076300	0.129830	0	0	0.000000	0.000000	0.000000	8
bb.chr18.38851939	chr18	38851939	38852059	0.002302	0.091913	0	0	0.000000	0.000000	0.000000	8
bb.chr18.39614266	chr18	39614266	39614386	0.028146	0.122406	0	0	0.000000	0.000000	0.000000	8
bb.chr18.40380680	chr18	40380680	40380800	0.002122	0.059371	0	0	0.000000	0.000000	0.000000	8
bb.chr18.41554696	chr18	41554696	41554816	-0.128217	0.603987	1	3	0.125000	0.375000	0.500000	8
bb.chr18.42323905	chr18	42323905	42324025	0.002259	0.066878	0	0	0.000000	0.000000	0.000000	8
bb.chr18.43760911	chr18	43760911	43761031	-0.000052	0.058745	0	0	0.000000	0.000000	0.000000	8
bb.chr18.44551917	chr18	44551917	44552037	-0.004581	0.158179	0	0	0.000000	0.000000	0.000000	8
SETBP1	chr18	44680886	45068509	-0.006993	0.006326	0	0	0.000000	0.000000	0.000000	8
bb.chr18.45558590	chr18	45558590	45558710	-0.016316	0.058536	0	0	0.000000	0.000000	0.000000	8
bb.chr18.46351554	chr18	46351554	46351674	0.013921	0.048340	0	0	0.000000	0.000000	0.000000	8
bb.chr18.47084095	chr18	47084095	47084215	-0.012910	0.073870	0	0	0.000000	0.000000	0.000000	8
bb.chr18.47853682	chr18	47853682	47853802	-0.031994	0.148520	0	0	0.000000	0.000000	0.000000	8
bb.chr18.48774906	chr18	48774906	48775026	0.002516	0.075074	0	0	0.000000	0.000000	0.000000	8
bb.chr18.49569057	chr18	49569057	49569177	0.013609	0.086516	0	0	0.000000	0.000000	0.000000	8
bb.chr18.50377564	chr18	50377564	50377684	-0.058801	0.152709	0	0	0.000000	0.000000	0.000000	8
bb.chr18.51275766	chr18	51275766	51275886	0.047494	0.076432	0	0	0.000000	0.000000	0.000000	8
bb.chr18.51932836	chr18	51932836	51932956	0.038668	0.094880	0	0	0.000000	0.000000	0.000000	8
bb.chr18.52551370	chr18	52551370	52551490	0.010380	0.138247	0	0	0.000000	0.000000	0.000000	8
bb.chr18.53250322	chr18	53250322	53250442	0.066988	0.173098	1	0	0.125000	0.000000	0.125000	8
bb.chr18.53940685	chr18	53940685	53940805	-0.006940	0.071528	0	0	0.000000	0.000000	0.000000	8
bb.chr18.54623424	chr18	54623424	54623544	-0.042911	0.126426	0	0	0.000000	0.000000	0.000000	8
bb.chr18.55379286	chr18	55379286	55379406	0.011846	0.054084	0	0	0.000000	0.000000	0.000000	8
bb.chr18.56144405	chr18	56144405	56144525	0.028005	0.048330	0	0	0.000000	0.000000	0.000000	8
bb.chr18.57096537	chr18	57096537	57096657	0.037571	0.103938	0	0	0.000000	0.000000	0.000000	8
bb.chr18.57799304	chr18	57799304	57799424	-0.038134	0.218918	0	0	0.000000	0.000000	0.000000	8
bb.chr18.58580308	chr18	58580308	58580428	0.011864	0.044612	0	0	0.000000	0.000000	0.000000	8
bb.chr18.59298890	chr18	59298890	59299010	-0.017377	0.098188	0	0	0.000000	0.000000	0.000000	8
bb.chr18.60014957	chr18	60014957	60015077	0.093777	0.088619	0	0	0.000000	0.000000	0.000000	8
bb.chr18.61067914	chr18	61067914	61068034	-0.010015	0.054102	0	0	0.000000	0.000000	0.000000	8
bb.chr18.61791534	chr18	61791534	61791654	-0.011801	0.123802	0	0	0.000000	0.000000	0.000000	8
bb.chr18.62576784	chr18	62576784	62576904	0.009303	0.137452	0	0	0.000000	0.000000	0.000000	8
BCL2	chr18	63123344	63319768	0.003101	0.016677	0	0	0.000000	0.000000	0.000000	8
bb.chr18.63302743	chr18	63302743	63302863	-0.036041	0.121520	0	0	0.000000	0.000000	0.000000	8
bb.chr18.64048485	chr18	64048485	64048605	-0.056255	0.120669	0	0	0.000000	0.000000	0.000000	8
bb.chr18.65311935	chr18	65311935	65312055	-0.053435	0.098295	0	0	0.000000	0.000000	0.000000	8
bb.chr18.66288936	chr18	66288936	66289056	-0.034095	0.148267	0	0	0.000000	0.000000	0.000000	8
bb.chr18.67015882	chr18	67015882	67016002	-0.032988	0.116168	0	0	0.000000	0.000000	0.000000	8
bb.chr18.67772764	chr18	67772764	67772884	0.021047	0.164471	0	0	0.000000	0.000000	0.000000	8
bb.chr18.68508886	chr18	68508886	68509006	-0.022853	0.069453	0	0	0.000000	0.000000	0.000000	8
bb.chr18.69233439	chr18	69233439	69233559	0.006990	0.283470	2	0	0.250000	0.000000	0.250000	8
bb.chr18.69898283	chr18	69898283	69898403	-0.002095	0.095899	0	0	0.000000	0.000000	0.000000	8
bb.chr18.70752662	chr18	70752662	70752782	0.011685	0.098696	0	0	0.000000	0.000000	0.000000	8
bb.chr18.71480974	chr18	71480974	71481094	-0.020503	0.190376	0	0	0.000000	0.000000	0.000000	8
bb.chr18.72210444	chr18	72210444	72210564	0.063442	0.176444	1	0	0.125000	0.000000	0.125000	8
bb.chr18.73308338	chr18	73308338	73308458	0.085025	0.272168	2	0	0.250000	0.000000	0.250000	8
bb.chr18.74886958	chr18	74886958	74887078	-0.005460	0.052600	0	0	0.000000	0.000000	0.000000	8
bb.chr18.75649480	chr18	75649480	75649600	-0.048701	0.085261	0	0	0.000000	0.000000	0.000000	8
bb.chr18.76389037	chr18	76389037	76389157	0.014789	0.068512	0	0	0.000000	0.000000	0.000000	8
bb.chr18.77139795	chr18	77139795	77139915	0.020063	0.053505	0	0	0.000000	0.000000	0.000000	8
bb.chr18.77879067	chr18	77879067	77879187	0.061372	0.175518	0	0	0.000000	0.000000	0.000000	8
bb.chr18.78564444	chr18	78564444	78564564	0.018082	0.100348	0	0	0.000000	0.000000	0.000000	8
bb.chr18.79553526	chr18	79553526	79553646	-0.061911	0.124039	0	0	0.000000	0.000000	0.000000	8
bb.chr19.680785	chr19	680785	680905	0.010119	0.102954	0	0	0.000000	0.000000	0.000000	8
ELANE	chr19	852296	856242	-0.008941	0.058335	0	0	0.000000	0.000000	0.000000	8
bb.chr19.1673450	chr19	1673450	1673570	0.010917	0.127443	0	0	0.000000	0.000000	0.000000	8
bb.chr19.2325301	chr19	2325301	2325421	-0.022816	0.089434	0	0	0.000000	0.000000	0.000000	8
bb.chr19.3338834	chr19	3338834	3338954	0.018425	0.083695	0	0	0.000000	0.000000	0.000000	8
bb.chr19.4025609	chr19	4025609	4025729	0.038103	0.106892	0	0	0.000000	0.000000	0.000000	8
ZBTB7A	chr19	4043287	4066898	0.013433	0.066715	0	0	0.000000	0.000000	0.000000	8
bb.chr19.4636874	chr19	4636874	4636994	0.013341	0.121002	0	0	0.000000	0.000000	0.000000	8
bb.chr19.5352453	chr19	5352453	5352573	0.003101	0.167216	0	0	0.000000	0.000000	0.000000	8
bb.chr19.6654328	chr19	6654328	6654448	0.027267	0.072883	0	0	0.000000	0.000000	0.000000	8
bb.chr19.7905690	chr19	7905690	7905810	-0.003820	0.124023	0	0	0.000000	0.000000	0.000000	8
bb.chr19.8608654	chr19	8608654	8608774	0.009739	0.108295	0	0	0.000000	0.000000	0.000000	8
bb.chr19.9289260	chr19	9289260	9289380	-0.005244	0.140414	0	0	0.000000	0.000000	0.000000	8
DNMT1	chr19	10133344	10194952	0.003150	0.023992	0	0	0.000000	0.000000	0.000000	8
bb.chr19.10468738	chr19	10468738	10468858	-0.038015	0.112076	0	0	0.000000	0.000000	0.000000	8
EPOR	chr19	11377205	11384313	0.005105	0.057333	0	0	0.000000	0.000000	0.000000	8
bb.chr19.11736740	chr19	11736740	11736860	0.033419	0.100729	0	0	0.000000	0.000000	0.000000	8
CALR	chr19	12943711	12944488	-0.037342	0.030789	0	0	0.000000	0.000000	0.000000	8
bb.chr19.13207106	chr19	13207106	13207226	0.001939	0.111453	0	0	0.000000	0.000000	0.000000	8
bb.chr19.13864503	chr19	13864503	13864623	0.044315	0.134301	0	0	0.000000	0.000000	0.000000	8
bb.chr19.14861226	chr19	14861226	14861346	-0.099869	0.351473	0	1	0.000000	0.125000	0.125000	8
NOTCH3	chr19	15159036	15200994	0.002885	0.059058	0	0	0.000000	0.000000	0.000000	8
bb.chr19.16129857	chr19	16129857	16129977	0.025854	0.080625	0	0	0.000000	0.000000	0.000000	8
bb.chr19.17158626	chr19	17158626	17158746	-0.005746	0.146974	0	0	0.000000	0.000000	0.000000	8
bb.chr19.18149839	chr19	18149839	18149959	0.104935	0.085325	0	0	0.000000	0.000000	0.000000	8
bb.chr19.18848340	chr19	18848340	18848460	0.011898	0.052784	0	0	0.000000	0.000000	0.000000	8
bb.chr19.19508673	chr19	19508673	19508793	0.021361	0.107929	0	0	0.000000	0.000000	0.000000	8
bb.chr19.21423567	chr19	21423567	21423687	-0.068921	0.284129	1	0	0.125000	0.000000	0.125000	8
bb.chr19.22427878	chr19	22427878	22427998	0.005449	0.100275	0	0	0.000000	0.000000	0.000000	8
bb.chr19.23250245	chr19	23250245	23250365	-0.051226	0.146490	0	0	0.000000	0.000000	0.000000	8
ZNF91	chr19	23357694	23395470	-0.000128	0.043901	0	0	0.000000	0.000000	0.000000	8
bb.chr19.23995323	chr19	23995323	23995443	0.039196	0.074674	0	0	0.000000	0.000000	0.000000	8
bb.chr19.27756582	chr19	27756582	27756702	-0.017155	0.058850	0	0	0.000000	0.000000	0.000000	8
bb.chr19.28423497	chr19	28423497	28423617	0.018033	0.083318	0	0	0.000000	0.000000	0.000000	8
bb.chr19.29112142	chr19	29112142	29112262	-0.002091	0.059817	0	0	0.000000	0.000000	0.000000	8
bb.chr19.30077454	chr19	30077454	30077574	0.024085	0.096435	0	0	0.000000	0.000000	0.000000	8
bb.chr19.30793839	chr19	30793839	30793959	-0.025496	0.088652	0	0	0.000000	0.000000	0.000000	8
bb.chr19.31433683	chr19	31433683	31433803	-0.009543	0.034103	0	0	0.000000	0.000000	0.000000	8
bb.chr19.32103903	chr19	32103903	32104023	-0.008799	0.141053	0	0	0.000000	0.000000	0.000000	8
bb.chr19.32749604	chr19	32749604	32749724	0.050331	0.080948	0	0	0.000000	0.000000	0.000000	8
CEBPA	chr19	33299932	33302533	-0.027737	0.099007	0	0	0.000000	0.000000	0.000000	8
bb.chr19.33430297	chr19	33430297	33430417	0.033233	0.058482	0	0	0.000000	0.000000	0.000000	8
bb.chr19.34065639	chr19	34065639	34065759	0.010970	0.115315	0	0	0.000000	0.000000	0.000000	8
bb.chr19.34740507	chr19	34740507	34740627	-0.042105	0.254779	0	0	0.000000	0.000000	0.000000	8
bb.chr19.35432416	chr19	35432416	35432536	0.003080	0.079263	0	0	0.000000	0.000000	0.000000	8
bb.chr19.37403506	chr19	37403506	37403626	0.025813	0.101865	0	0	0.000000	0.000000	0.000000	8
bb.chr19.38422064	chr19	38422064	38422184	-0.009655	0.091427	0	0	0.000000	0.000000	0.000000	8
bb.chr19.39737163	chr19	39737163	39737283	-0.028392	0.065370	0	0	0.000000	0.000000	0.000000	8
bb.chr19.40739777	chr19	40739777	40739897	0.058084	0.082878	0	0	0.000000	0.000000	0.000000	8
bb.chr19.41758287	chr19	41758287	41758407	0.000321	0.018128	0	0	0.000000	0.000000	0.000000	8
bb.chr19.42973931	chr19	42973931	42974051	-0.078272	0.274611	0	1	0.000000	0.125000	0.125000	8
bb.chr19.43694314	chr19	43694314	43694434	0.046711	0.142002	0	0	0.000000	0.000000	0.000000	8
bb.chr19.45053344	chr19	45053344	45053464	-0.038670	0.069331	0	0	0.000000	0.000000	0.000000	8
bb.chr19.45707047	chr19	45707047	45707167	0.013456	0.084139	0	0	0.000000	0.000000	0.000000	8
bb.chr19.46417425	chr19	46417425	46417545	-0.001816	0.128032	0	0	0.000000	0.000000	0.000000	8
bb.chr19.47027643	chr19	47027643	47027763	-0.003000	0.222604	0	0	0.000000	0.000000	0.000000	8
bb.chr19.47974727	chr19	47974727	47974847	-0.043238	0.279939	0	0	0.000000	0.000000	0.000000	8
bb.chr19.48749944	chr19	48749944	48750064	-0.002113	0.090813	0	0	0.000000	0.000000	0.000000	8
bb.chr19.49388205	chr19	49388205	49388325	0.023713	0.130423	0	0	0.000000	0.000000	0.000000	8
RRAS	chr19	49635290	49640142	0.004849	0.048994	0	0	0.000000	0.000000	0.000000	8
bb.chr19.50076602	chr19	50076602	50076722	-0.007830	0.079291	0	0	0.000000	0.000000	0.000000	8
bb.chr19.50713592	chr19	50713592	50713712	0.011013	0.033201	0	0	0.000000	0.000000	0.000000	8
bb.chr19.51346111	chr19	51346111	51346231	-0.010579	0.120430	0	0	0.000000	0.000000	0.000000	8
bb.chr19.52032804	chr19	52032804	52032924	-0.029333	0.076727	0	0	0.000000	0.000000	0.000000	8
bb.chr19.53048885	chr19	53048885	53049005	-0.019080	0.087164	0	0	0.000000	0.000000	0.000000	8
bb.chr19.53702647	chr19	53702647	53702767	0.005407	0.080365	0	0	0.000000	0.000000	0.000000	8
bb.chr19.54683328	chr19	54683328	54683448	0.003089	0.101519	0	0	0.000000	0.000000	0.000000	8
bb.chr19.55372451	chr19	55372451	55372571	0.029617	0.099097	0	0	0.000000	0.000000	0.000000	8
U2AF2	chr19	55655032	55674715	0.012491	0.057586	0	0	0.000000	0.000000	0.000000	8
bb.chr19.56377844	chr19	56377844	56377964	0.008473	0.053179	0	0	0.000000	0.000000	0.000000	8
bb.chr19.57018326	chr19	57018326	57018446	-0.109146	0.389661	1	1	0.125000	0.125000	0.250000	8
bb.chr19.57682960	chr19	57682960	57683080	0.016781	0.126957	0	0	0.000000	0.000000	0.000000	8
bb.chr19.58367057	chr19	58367057	58367177	0.045034	0.082746	0	0	0.000000	0.000000	0.000000	8
bb.chr20.310463	chr20	310463	310583	0.007393	0.068377	0	0	0.000000	0.000000	0.000000	8
bb.chr20.914715	chr20	914715	914835	0.016514	0.065206	0	0	0.000000	0.000000	0.000000	8
bb.chr20.2750164	chr20	2750164	2750284	0.019812	0.062888	0	0	0.000000	0.000000	0.000000	8
bb.chr20.3654806	chr20	3654806	3654926	0.028772	0.097178	0	0	0.000000	0.000000	0.000000	8
bb.chr20.4587109	chr20	4587109	4587229	0.012615	0.093613	0	0	0.000000	0.000000	0.000000	8
bb.chr20.5274788	chr20	5274788	5274908	0.025659	0.058181	0	0	0.000000	0.000000	0.000000	8
bb.chr20.6439906	chr20	6439906	6440026	-0.018823	0.075553	0	0	0.000000	0.000000	0.000000	8
bb.chr20.8048150	chr20	8048150	8048270	-0.000364	0.089980	0	0	0.000000	0.000000	0.000000	8
bb.chr20.8779034	chr20	8779034	8779154	0.005514	0.056035	0	0	0.000000	0.000000	0.000000	8
bb.chr20.9995246	chr20	9995246	9995366	-0.075022	0.211622	0	1	0.000000	0.125000	0.125000	8
bb.chr20.10610845	chr20	10610845	10610965	-0.017658	0.065774	0	0	0.000000	0.000000	0.000000	8
bb.chr20.11219245	chr20	11219245	11219365	0.031697	0.140597	0	0	0.000000	0.000000	0.000000	8
bb.chr20.12349588	chr20	12349588	12349708	-0.047467	0.165239	0	0	0.000000	0.000000	0.000000	8
bb.chr20.13939428	chr20	13939428	13939548	0.020073	0.054488	0	0	0.000000	0.000000	0.000000	8
bb.chr20.14541624	chr20	14541624	14541744	0.039483	0.048565	0	0	0.000000	0.000000	0.000000	8
bb.chr20.15767836	chr20	15767836	15767956	0.070190	0.059426	0	0	0.000000	0.000000	0.000000	8
bb.chr20.16997819	chr20	16997819	16997939	-0.042337	0.210612	0	0	0.000000	0.000000	0.000000	8
bb.chr20.18144103	chr20	18144103	18144223	-0.063948	0.136816	0	0	0.000000	0.000000	0.000000	8
bb.chr20.19044048	chr20	19044048	19044168	0.008551	0.054033	0	0	0.000000	0.000000	0.000000	8
bb.chr20.19656325	chr20	19656325	19656445	0.013657	0.098199	0	0	0.000000	0.000000	0.000000	8
bb.chr20.20297440	chr20	20297440	20297560	0.017702	0.107742	0	0	0.000000	0.000000	0.000000	8
bb.chr20.21504549	chr20	21504549	21504669	-0.047183	0.086730	0	0	0.000000	0.000000	0.000000	8
bb.chr20.22106972	chr20	22106972	22107092	-0.034827	0.081186	0	0	0.000000	0.000000	0.000000	8
bb.chr20.23019312	chr20	23019312	23019432	0.002487	0.085800	0	0	0.000000	0.000000	0.000000	8
bb.chr20.23883098	chr20	23883098	23883218	0.069255	0.071503	0	0	0.000000	0.000000	0.000000	8
bb.chr20.24630889	chr20	24630889	24631009	0.022846	0.049281	0	0	0.000000	0.000000	0.000000	8
bb.chr20.25997153	chr20	25997153	25997273	0.159870	0.439371	1	0	0.125000	0.000000	0.125000	8
ASXL1	chr20	32358329	32439318	0.006032	0.022467	0	0	0.000000	0.000000	0.000000	8
bb.chr20.32620649	chr20	32620649	32620769	0.024391	0.071444	0	0	0.000000	0.000000	0.000000	8
bb.chr20.33393566	chr20	33393566	33393686	-0.011216	0.052587	0	0	0.000000	0.000000	0.000000	8
bb.chr20.34402184	chr20	34402184	34402304	-0.001328	0.043794	0	0	0.000000	0.000000	0.000000	8
bb.chr20.36332782	chr20	36332782	36332902	-0.014781	0.091189	0	0	0.000000	0.000000	0.000000	8
bb.chr20.36991303	chr20	36991303	36991423	0.010599	0.084668	0	0	0.000000	0.000000	0.000000	8
bb.chr20.37641434	chr20	37641434	37641554	0.020905	0.074066	0	0	0.000000	0.000000	0.000000	8
bb.chr20.38293395	chr20	38293395	38293515	0.023538	0.076663	0	0	0.000000	0.000000	0.000000	8
bb.chr20.38894176	chr20	38894176	38894296	-0.004113	0.072268	0	0	0.000000	0.000000	0.000000	8
bb.chr20.40241940	chr20	40241940	40242060	0.038954	0.101138	0	0	0.000000	0.000000	0.000000	8
bb.chr20.40888069	chr20	40888069	40888189	-0.018525	0.119078	0	0	0.000000	0.000000	0.000000	8
bb.chr20.41935341	chr20	41935341	41935461	0.013594	0.146806	0	0	0.000000	0.000000	0.000000	8
bb.chr20.42541238	chr20	42541238	42541358	-0.034504	0.086897	0	0	0.000000	0.000000	0.000000	8
bb.chr20.43662867	chr20	43662867	43662987	-0.003665	0.105212	0	0	0.000000	0.000000	0.000000	8
bb.chr20.44342400	chr20	44342400	44342520	0.031395	0.085639	0	0	0.000000	0.000000	0.000000	8
bb.chr20.45282469	chr20	45282469	45282589	-0.013110	0.079791	0	0	0.000000	0.000000	0.000000	8
bb.chr20.46179287	chr20	46179287	46179407	0.023190	0.059899	0	0	0.000000	0.000000	0.000000	8
bb.chr20.47294579	chr20	47294579	47294699	-0.010540	0.077981	0	0	0.000000	0.000000	0.000000	8
bb.chr20.47910429	chr20	47910429	47910549	-0.015579	0.103339	0	0	0.000000	0.000000	0.000000	8
bb.chr20.48998477	chr20	48998477	48998597	0.011628	0.142078	0	0	0.000000	0.000000	0.000000	8
bb.chr20.50176395	chr20	50176395	50176515	-0.008901	0.094977	0	0	0.000000	0.000000	0.000000	8
bb.chr20.51603013	chr20	51603013	51603133	0.060232	0.075257	0	0	0.000000	0.000000	0.000000	8
bb.chr20.52230245	chr20	52230245	52230365	0.001955	0.069593	0	0	0.000000	0.000000	0.000000	8
bb.chr20.53109746	chr20	53109746	53109866	0.030299	0.059892	0	0	0.000000	0.000000	0.000000	8
bb.chr20.53718491	chr20	53718491	53718611	0.028063	0.057324	0	0	0.000000	0.000000	0.000000	8
bb.chr20.54350574	chr20	54350574	54350694	0.007058	0.077811	0	0	0.000000	0.000000	0.000000	8
bb.chr20.55237475	chr20	55237475	55237595	0.039056	0.105860	0	0	0.000000	0.000000	0.000000	8
bb.chr20.56177361	chr20	56177361	56177481	0.010331	0.064503	0	0	0.000000	0.000000	0.000000	8
bb.chr20.56803335	chr20	56803335	56803455	-0.020402	0.081147	0	0	0.000000	0.000000	0.000000	8
bb.chr20.57716722	chr20	57716722	57716842	-0.022619	0.093259	0	0	0.000000	0.000000	0.000000	8
bb.chr20.58627864	chr20	58627864	58627984	0.035552	0.088681	0	0	0.000000	0.000000	0.000000	8
GNAS	chr20	58891420	58911080	0.010284	0.031877	0	0	0.000000	0.000000	0.000000	8
bb.chr20.59234599	chr20	59234599	59234719	-0.003414	0.048556	0	0	0.000000	0.000000	0.000000	8
bb.chr20.60136628	chr20	60136628	60136748	0.015884	0.042483	0	0	0.000000	0.000000	0.000000	8
bb.chr20.61341112	chr20	61341112	61341232	0.013371	0.091224	0	0	0.000000	0.000000	0.000000	8
bb.chr20.61948662	chr20	61948662	61948782	0.077655	0.341538	1	0	0.125000	0.000000	0.125000	8
bb.chr20.62806747	chr20	62806747	62806867	-0.040923	0.140969	0	0	0.000000	0.000000	0.000000	8
bb.chr20.64064611	chr20	64064611	64064731	0.003582	0.065241	0	0	0.000000	0.000000	0.000000	8
bb.chr21.9163912	chr21	9163912	9164032	-0.084102	0.569788	2	1	0.250000	0.125000	0.375000	8
bb.chr21.14317704	chr21	14317704	14317824	0.011547	0.062453	0	0	0.000000	0.000000	0.000000	8
bb.chr21.15380402	chr21	15380402	15380522	-0.004617	0.182065	0	0	0.000000	0.000000	0.000000	8
bb.chr21.17060910	chr21	17060910	17061030	-0.011654	0.101229	0	0	0.000000	0.000000	0.000000	8
bb.chr21.18033592	chr21	18033592	18033712	0.007857	0.136722	0	0	0.000000	0.000000	0.000000	8
bb.chr21.18719866	chr21	18719866	18719986	-0.059733	0.454545	2	2	0.250000	0.250000	0.500000	8
bb.chr21.19362238	chr21	19362238	19362358	-0.006011	0.085147	0	0	0.000000	0.000000	0.000000	8
bb.chr21.19966205	chr21	19966205	19966325	-0.056201	0.203689	0	0	0.000000	0.000000	0.000000	8
bb.chr21.20810212	chr21	20810212	20810332	-0.005866	0.121930	0	0	0.000000	0.000000	0.000000	8
bb.chr21.22065545	chr21	22065545	22065665	0.033958	0.063388	0	0	0.000000	0.000000	0.000000	8
bb.chr21.23102546	chr21	23102546	23102666	0.004284	0.081057	0	0	0.000000	0.000000	0.000000	8
bb.chr21.24146104	chr21	24146104	24146224	-0.092657	0.258983	0	1	0.000000	0.125000	0.125000	8
bb.chr21.25199609	chr21	25199609	25199729	-0.025121	0.132258	0	0	0.000000	0.000000	0.000000	8
bb.chr21.26070220	chr21	26070220	26070340	0.011858	0.064415	0	0	0.000000	0.000000	0.000000	8
bb.chr21.26672295	chr21	26672295	26672415	-0.123592	0.402180	0	1	0.000000	0.125000	0.125000	8
bb.chr21.27514978	chr21	27514978	27515098	0.001134	0.044420	0	0	0.000000	0.000000	0.000000	8
bb.chr21.28136836	chr21	28136836	28136956	-0.033946	0.160994	0	0	0.000000	0.000000	0.000000	8
bb.chr21.28764486	chr21	28764486	28764606	-0.043924	0.237798	0	0	0.000000	0.000000	0.000000	8
bb.chr21.30482922	chr21	30482922	30483042	0.009186	0.161865	0	0	0.000000	0.000000	0.000000	8
bb.chr21.31230030	chr21	31230030	31230150	0.006582	0.070908	0	0	0.000000	0.000000	0.000000	8
bb.chr21.31959781	chr21	31959781	31959901	0.023173	0.072020	0	0	0.000000	0.000000	0.000000	8
bb.chr21.32951910	chr21	32951910	32952030	-0.016448	0.084126	0	0	0.000000	0.000000	0.000000	8
bb.chr21.33834516	chr21	33834516	33834636	0.000538	0.087433	0	0	0.000000	0.000000	0.000000	8
bb.chr21.34620661	chr21	34620661	34620781	0.006580	0.067049	0	0	0.000000	0.000000	0.000000	8
RUNX1	chr21	34787799	35049301	-0.048854	0.017044	0	0	0.000000	0.000000	0.000000	8
bb.chr21.35273922	chr21	35273922	35274042	-0.048772	0.121861	0	0	0.000000	0.000000	0.000000	8
bb.chr21.35940363	chr21	35940363	35940483	0.012696	0.048819	0	0	0.000000	0.000000	0.000000	8
bb.chr21.36716189	chr21	36716189	36716309	-0.022481	0.215222	0	0	0.000000	0.000000	0.000000	8
bb.chr21.37338818	chr21	37338818	37338938	-0.119276	0.275267	0	1	0.000000	0.125000	0.125000	8
bb.chr21.37966449	chr21	37966449	37966569	0.022078	0.088142	0	0	0.000000	0.000000	0.000000	8
ERG	chr21	38380034	38498478	-0.006498	0.012026	0	0	0.000000	0.000000	0.000000	8
bb.chr21.38599360	chr21	38599360	38599480	0.004377	0.047454	0	0	0.000000	0.000000	0.000000	8
bb.chr21.39445085	chr21	39445085	39445205	0.029479	0.139820	0	0	0.000000	0.000000	0.000000	8
bb.chr21.40061948	chr21	40061948	40062068	0.001896	0.086202	0	0	0.000000	0.000000	0.000000	8
bb.chr21.40689491	chr21	40689491	40689611	-0.005823	0.068958	0	0	0.000000	0.000000	0.000000	8
bb.chr21.41317296	chr21	41317296	41317416	-0.007522	0.099876	0	0	0.000000	0.000000	0.000000	8
bb.chr21.41898687	chr21	41898687	41898807	-0.002637	0.091388	0	0	0.000000	0.000000	0.000000	8
bb.chr21.42942734	chr21	42942734	42942854	0.019210	0.078771	0	0	0.000000	0.000000	0.000000	8
U2AF1	chr21	43092954	43107569	0.014674	0.024700	0	0	0.000000	0.000000	0.000000	8
bb.chr21.44204193	chr21	44204193	44204313	-0.022643	0.172183	0	0	0.000000	0.000000	0.000000	8
bb.chr21.44844400	chr21	44844400	44844520	0.000316	0.082065	0	0	0.000000	0.000000	0.000000	8
bb.chr21.46295132	chr21	46295132	46295252	0.009373	0.092502	0	0	0.000000	0.000000	0.000000	8
bb.chr22.15923208	chr22	15923208	15923328	0.194368	0.552723	3	0	0.375000	0.000000	0.375000	8
bb.chr22.16397011	chr22	16397011	16397131	0.029144	0.117956	0	0	0.000000	0.000000	0.000000	8
bb.chr22.17190183	chr22	17190183	17190303	0.011860	0.077804	0	0	0.000000	0.000000	0.000000	8
bb.chr22.17946868	chr22	17946868	17946988	0.010554	0.058236	0	0	0.000000	0.000000	0.000000	8
bb.chr22.19479303	chr22	19479303	19479423	-0.050307	0.153537	0	0	0.000000	0.000000	0.000000	8
bb.chr22.20252648	chr22	20252648	20252768	0.022679	0.083828	0	0	0.000000	0.000000	0.000000	8
bb.chr22.20962812	chr22	20962812	20962932	0.012147	0.082779	0	0	0.000000	0.000000	0.000000	8
bb.chr22.21739243	chr22	21739243	21739363	0.001044	0.073140	0	0	0.000000	0.000000	0.000000	8
bb.chr22.23112634	chr22	23112634	23112754	0.031738	0.093317	0	0	0.000000	0.000000	0.000000	8
bb.chr22.23746077	chr22	23746077	23746197	0.024439	0.119053	0	0	0.000000	0.000000	0.000000	8
bb.chr22.24786597	chr22	24786597	24786717	-0.032108	0.054686	0	0	0.000000	0.000000	0.000000	8
bb.chr22.25548451	chr22	25548451	25548571	0.011256	0.060481	0	0	0.000000	0.000000	0.000000	8
bb.chr22.26341985	chr22	26341985	26342105	0.018684	0.066505	0	0	0.000000	0.000000	0.000000	8
bb.chr22.27111109	chr22	27111109	27111229	0.015935	0.097089	0	0	0.000000	0.000000	0.000000	8
MN1	chr22	27748275	27801755	-0.007170	0.070544	0	0	0.000000	0.000000	0.000000	8
bb.chr22.27905695	chr22	27905695	27905815	-0.028096	0.080142	0	0	0.000000	0.000000	0.000000	8
bb.chr22.29331817	chr22	29331817	29331937	-0.040329	0.132881	0	0	0.000000	0.000000	0.000000	8
bb.chr22.29994332	chr22	29994332	29994452	0.026716	0.035765	0	0	0.000000	0.000000	0.000000	8
SF3A1	chr22	30331986	30356893	-0.007527	0.026164	0	0	0.000000	0.000000	0.000000	8
bb.chr22.30974287	chr22	30974287	30974407	0.044015	0.038867	0	0	0.000000	0.000000	0.000000	8
bb.chr22.32177396	chr22	32177396	32177516	-0.026928	0.079145	0	0	0.000000	0.000000	0.000000	8
bb.chr22.33061838	chr22	33061838	33061958	-0.002730	0.050554	0	0	0.000000	0.000000	0.000000	8
bb.chr22.34179967	chr22	34179967	34180087	0.014718	0.087288	0	0	0.000000	0.000000	0.000000	8
bb.chr22.34881696	chr22	34881696	34881816	0.023147	0.063685	0	0	0.000000	0.000000	0.000000	8
bb.chr22.35640971	chr22	35640971	35641091	0.003556	0.055620	0	0	0.000000	0.000000	0.000000	8
bb.chr22.36575850	chr22	36575850	36575970	0.013253	0.095053	0	0	0.000000	0.000000	0.000000	8
bb.chr22.37245310	chr22	37245310	37245430	-0.009175	0.055597	0	0	0.000000	0.000000	0.000000	8
bb.chr22.38266218	chr22	38266218	38266338	-0.004389	0.045297	0	0	0.000000	0.000000	0.000000	8
bb.chr22.39099605	chr22	39099605	39099725	-0.007725	0.071682	0	0	0.000000	0.000000	0.000000	8
bb.chr22.40196564	chr22	40196564	40196684	-0.000188	0.448764	3	0	0.375000	0.000000	0.375000	8
bb.chr22.41003327	chr22	41003327	41003447	0.021367	0.061286	0	0	0.000000	0.000000	0.000000	8
bb.chr22.42698274	chr22	42698274	42698394	0.025259	0.058249	0	0	0.000000	0.000000	0.000000	8
bb.chr22.43476846	chr22	43476846	43476966	-0.027106	0.062511	0	0	0.000000	0.000000	0.000000	8
bb.chr22.44518771	chr22	44518771	44518891	-0.005133	0.077394	0	0	0.000000	0.000000	0.000000	8
bb.chr22.45839165	chr22	45839165	45839285	0.011044	0.071245	0	0	0.000000	0.000000	0.000000	8
bb.chr22.46463046	chr22	46463046	46463166	0.020375	0.053289	0	0	0.000000	0.000000	0.000000	8
bb.chr22.47112617	chr22	47112617	47112737	0.073813	0.086443	0	0	0.000000	0.000000	0.000000	8
bb.chr22.47883588	chr22	47883588	47883708	0.034292	0.060958	0	0	0.000000	0.000000	0.000000	8
bb.chr22.48920168	chr22	48920168	48920288	0.010474	0.064344	0	0	0.000000	0.000000	0.000000	8
bb.chr22.49533188	chr22	49533188	49533308	0.016142	0.132748	0	0	0.000000	0.000000	0.000000	8
bb.chr22.50183725	chr22	50183725	50183845	0.033207	0.097179	0	0	0.000000	0.000000	0.000000	8
bb.chrX.2842683	chrX	2842683	2842803	-0.011755	0.092537	0	0	0.000000	0.000000	0.000000	8
bb.chrX.4684609	chrX	4684609	4684729	-0.001867	0.078012	0	0	0.000000	0.000000	0.000000	8
bb.chrX.7465247	chrX	7465247	7465367	-0.003062	0.076867	0	0	0.000000	0.000000	0.000000	8
bb.chrX.9277648	chrX	9277648	9277768	0.012511	0.057536	0	0	0.000000	0.000000	0.000000	8
bb.chrX.10097248	chrX	10097248	10097368	0.018340	0.127873	0	0	0.000000	0.000000	0.000000	8
bb.chrX.11899323	chrX	11899323	11899443	0.022064	0.099360	0	0	0.000000	0.000000	0.000000	8
bb.chrX.12820755	chrX	12820755	12820875	-0.009847	0.074762	0	0	0.000000	0.000000	0.000000	8
bb.chrX.13757573	chrX	13757573	13757693	-0.004825	0.068594	0	0	0.000000	0.000000	0.000000	8
bb.chrX.15150284	chrX	15150284	15150404	-0.041056	0.133623	0	0	0.000000	0.000000	0.000000	8
PIGA	chrX	15319454	15335583	-0.003867	0.032354	0	0	0.000000	0.000000	0.000000	8
ZRSR2	chrX	15790439	15823259	0.002367	0.022132	0	0	0.000000	0.000000	0.000000	8
bb.chrX.16467117	chrX	16467117	16467237	0.009710	0.071455	0	0	0.000000	0.000000	0.000000	8
bb.chrX.17593496	chrX	17593496	17593616	-0.005359	0.086584	0	0	0.000000	0.000000	0.000000	8
bb.chrX.18304486	chrX	18304486	18304606	-0.185466	0.649391	1	3	0.125000	0.375000	0.500000	8
bb.chrX.21816606	chrX	21816606	21816726	-0.053564	0.162033	0	0	0.000000	0.000000	0.000000	8
bb.chrX.23686998	chrX	23686998	23687118	-0.027731	0.084959	0	0	0.000000	0.000000	0.000000	8
bb.chrX.24863198	chrX	24863198	24863318	0.011978	0.078060	0	0	0.000000	0.000000	0.000000	8
bb.chrX.25715129	chrX	25715129	25715249	0.013607	0.093912	0	0	0.000000	0.000000	0.000000	8
bb.chrX.26675328	chrX	26675328	26675448	-0.042359	0.251270	0	0	0.000000	0.000000	0.000000	8
bb.chrX.27432545	chrX	27432545	27432665	0.011779	0.078749	0	0	0.000000	0.000000	0.000000	8
bb.chrX.28482997	chrX	28482997	28483117	-0.001243	0.064506	0	0	0.000000	0.000000	0.000000	8
bb.chrX.30293262	chrX	30293262	30293382	-0.019142	0.068246	0	0	0.000000	0.000000	0.000000	8
bb.chrX.31217820	chrX	31217820	31217940	-0.332935	0.974915	2	2	0.250000	0.250000	0.500000	8
bb.chrX.32154407	chrX	32154407	32154527	-0.099514	0.330590	0	1	0.000000	0.125000	0.125000	8
bb.chrX.33030852	chrX	33030852	33030972	0.011796	0.053896	0	0	0.000000	0.000000	0.000000	8
bb.chrX.33967456	chrX	33967456	33967576	-0.004448	0.046565	0	0	0.000000	0.000000	0.000000	8
bb.chrX.34883580	chrX	34883580	34883700	0.017293	0.072042	0	0	0.000000	0.000000	0.000000	8
bb.chrX.38652717	chrX	38652717	38652837	0.002743	0.060811	0	0	0.000000	0.000000	0.000000	8
bb.chrX.39390630	chrX	39390630	39390750	-0.024408	0.083938	0	0	0.000000	0.000000	0.000000	8
BCOR	chrX	40051249	40097957	-0.000466	0.018452	0	0	0.000000	0.000000	0.000000	8
bb.chrX.40777952	chrX	40777952	40778072	0.037065	0.091915	0	0	0.000000	0.000000	0.000000	8
DDX3X	chrX	41334160	41350273	-0.000484	0.034595	0	0	0.000000	0.000000	0.000000	8
bb.chrX.41419232	chrX	41419232	41419352	0.003052	0.072125	0	0	0.000000	0.000000	0.000000	8
bb.chrX.42150098	chrX	42150098	42150218	0.030355	0.081771	0	0	0.000000	0.000000	0.000000	8
bb.chrX.44194184	chrX	44194184	44194304	-0.032939	0.138467	0	0	0.000000	0.000000	0.000000	8
KDM6A	chrX	44873186	45112778	-0.004545	0.018128	0	0	0.000000	0.000000	0.000000	8
UBA1	chrX	47193827	47215127	0.007046	0.023332	0	0	0.000000	0.000000	0.000000	8
bb.chrX.47840298	chrX	47840298	47840418	-0.001271	0.100822	0	0	0.000000	0.000000	0.000000	8
GATA1	chrX	48786589	48794310	-0.009406	0.051873	0	0	0.000000	0.000000	0.000000	8
bb.chrX.49627824	chrX	49627824	49627944	0.100046	0.088593	0	0	0.000000	0.000000	0.000000	8
SMC1A	chrX	53374147	53422653	0.006785	0.022568	0	0	0.000000	0.000000	0.000000	8
bb.chrX.53863231	chrX	53863231	53863351	0.012797	0.089602	0	0	0.000000	0.000000	0.000000	8
ALAS2	chrX	55009053	55031022	-0.021066	0.017573	0	0	0.000000	0.000000	0.000000	8
bb.chrX.55113356	chrX	55113356	55113476	0.008808	0.067471	0	0	0.000000	0.000000	0.000000	8
bb.chrX.56621913	chrX	56621913	56622033	-0.018724	0.072911	0	0	0.000000	0.000000	0.000000	8
bb.chrX.57448760	chrX	57448760	57448880	-0.000609	0.052773	0	0	0.000000	0.000000	0.000000	8
bb.chrX.70082856	chrX	70082856	70082976	0.014304	0.056483	0	0	0.000000	0.000000	0.000000	8
bb.chrX.72085404	chrX	72085404	72085524	-0.023863	0.078076	0	0	0.000000	0.000000	0.000000	8
bb.chrX.75678470	chrX	75678470	75678590	-0.018683	0.064700	0	0	0.000000	0.000000	0.000000	8
bb.chrX.77925858	chrX	77925858	77925978	-0.007950	0.086827	0	0	0.000000	0.000000	0.000000	8
bb.chrX.79182101	chrX	79182101	79182221	0.061318	0.094225	0	0	0.000000	0.000000	0.000000	8
bb.chrX.80333590	chrX	80333590	80333710	0.051420	0.079279	0	0	0.000000	0.000000	0.000000	8
bb.chrX.82534753	chrX	82534753	82534873	0.041455	0.183153	0	0	0.000000	0.000000	0.000000	8
bb.chrX.83463949	chrX	83463949	83464069	-0.036699	0.124374	0	0	0.000000	0.000000	0.000000	8
bb.chrX.84270551	chrX	84270551	84270671	0.028569	0.055175	0	0	0.000000	0.000000	0.000000	8
bb.chrX.85120899	chrX	85120899	85121019	0.006696	0.095365	0	0	0.000000	0.000000	0.000000	8
bb.chrX.87044365	chrX	87044365	87044485	0.025280	0.130181	0	0	0.000000	0.000000	0.000000	8
bb.chrX.89856594	chrX	89856594	89856714	-0.048000	0.260838	0	0	0.000000	0.000000	0.000000	8
bb.chrX.93554363	chrX	93554363	93554483	-0.012849	0.179416	0	0	0.000000	0.000000	0.000000	8
bb.chrX.95784751	chrX	95784751	95784871	0.030185	0.114308	0	0	0.000000	0.000000	0.000000	8
bb.chrX.97215305	chrX	97215305	97215425	0.007629	0.222091	0	0	0.000000	0.000000	0.000000	8
bb.chrX.100404092	chrX	100404092	100404212	0.041568	0.067412	0	0	0.000000	0.000000	0.000000	8
BTK	chrX	101349448	101386185	-0.006815	0.014589	0	0	0.000000	0.000000	0.000000	8
bb.chrX.101445341	chrX	101445341	101445461	0.035827	0.109338	0	0	0.000000	0.000000	0.000000	8
bb.chrX.103172130	chrX	103172130	103172250	-0.004314	0.078840	0	0	0.000000	0.000000	0.000000	8
bb.chrX.104524377	chrX	104524377	104524497	0.008723	0.030842	0	0	0.000000	0.000000	0.000000	8
bb.chrX.112437162	chrX	112437162	112437282	0.113619	0.090205	0	0	0.000000	0.000000	0.000000	8
bb.chrX.115554182	chrX	115554182	115554302	-0.063300	0.203383	0	0	0.000000	0.000000	0.000000	8
bb.chrX.116622344	chrX	116622344	116622464	0.002054	0.149675	0	0	0.000000	0.000000	0.000000	8
bb.chrX.118499811	chrX	118499811	118499931	-0.009178	0.052628	0	0	0.000000	0.000000	0.000000	8
bb.chrX.120331241	chrX	120331241	120331361	-0.001771	0.035226	0	0	0.000000	0.000000	0.000000	8
bb.chrX.121339405	chrX	121339405	121339525	-0.050965	0.160549	0	0	0.000000	0.000000	0.000000	8
bb.chrX.122090104	chrX	122090104	122090224	0.000482	0.073602	0	0	0.000000	0.000000	0.000000	8
bb.chrX.123202536	chrX	123202536	123202656	0.006457	0.046615	0	0	0.000000	0.000000	0.000000	8
bb.chrX.123900317	chrX	123900317	123900437	0.031198	0.085110	0	0	0.000000	0.000000	0.000000	8
STAG2	chrX	123961720	124102655	-0.000273	0.023961	0	0	0.000000	0.000000	0.000000	8
bb.chrX.125146800	chrX	125146800	125146920	0.072109	0.067163	0	0	0.000000	0.000000	0.000000	8
bb.chrX.126405702	chrX	126405702	126405822	-0.004112	0.071704	0	0	0.000000	0.000000	0.000000	8
bb.chrX.129361654	chrX	129361654	129361774	0.021561	0.058905	0	0	0.000000	0.000000	0.000000	8
BCORL1	chrX	129982637	130058070	0.004623	0.031921	0	0	0.000000	0.000000	0.000000	8
bb.chrX.131281784	chrX	131281784	131281904	0.006813	0.061630	0	0	0.000000	0.000000	0.000000	8
bb.chrX.132020051	chrX	132020051	132020171	-0.002683	0.053312	0	0	0.000000	0.000000	0.000000	8
bb.chrX.132874855	chrX	132874855	132874975	-0.008749	0.063612	0	0	0.000000	0.000000	0.000000	8
bb.chrX.134108581	chrX	134108581	134108701	0.016591	0.096264	0	0	0.000000	0.000000	0.000000	8
PHF6	chrX	134373310	134428789	-0.019994	0.022919	0	0	0.000000	0.000000	0.000000	8
bb.chrX.134954135	chrX	134954135	134954255	0.024025	0.104593	0	0	0.000000	0.000000	0.000000	8
bb.chrX.137206375	chrX	137206375	137206495	-0.003316	0.123218	0	0	0.000000	0.000000	0.000000	8
bb.chrX.137811554	chrX	137811554	137811674	-0.007612	0.045054	0	0	0.000000	0.000000	0.000000	8
bb.chrX.139605096	chrX	139605096	139605216	0.003404	0.045320	0	0	0.000000	0.000000	0.000000	8
bb.chrX.140709389	chrX	140709389	140709509	-0.017081	0.056995	0	0	0.000000	0.000000	0.000000	8
bb.chrX.141456032	chrX	141456032	141456152	0.032809	0.106435	0	0	0.000000	0.000000	0.000000	8
bb.chrX.142378710	chrX	142378710	142378830	-0.052669	0.380722	0	2	0.000000	0.250000	0.250000	8
bb.chrX.143348164	chrX	143348164	143348284	0.009253	0.092037	0	0	0.000000	0.000000	0.000000	8
bb.chrX.146082806	chrX	146082806	146082926	0.019183	0.083522	0	0	0.000000	0.000000	0.000000	8
bb.chrX.146971667	chrX	146971667	146971787	-0.044600	0.305349	2	0	0.250000	0.000000	0.250000	8
bb.chrX.147957349	chrX	147957349	147957469	-0.006881	0.089463	0	0	0.000000	0.000000	0.000000	8
bb.chrX.149486681	chrX	149486681	149486801	0.002474	0.063913	0	0	0.000000	0.000000	0.000000	8
bb.chrX.150558578	chrX	150558578	150558698	0.009684	0.067945	0	0	0.000000	0.000000	0.000000	8
bb.chrX.151706100	chrX	151706100	151706220	-0.015383	0.058408	0	0	0.000000	0.000000	0.000000	8
bb.chrX.152449471	chrX	152449471	152449591	-0.003734	0.044220	0	0	0.000000	0.000000	0.000000	8
bb.chrX.153337199	chrX	153337199	153337319	-0.013029	0.072970	0	0	0.000000	0.000000	0.000000	8
bb.chrY.2787275	chrY	2787275	2787395			0	0	0.000000	0.000000	0.000000	0
bb.chrY.2787395	chrY	2787395	2787515			0	0	0.000000	0.000000	0.000000	0
bb.chrY.6802359	chrY	6802359	6802479			0	0	0.000000	0.000000	0.000000	0
bb.chrY.19568310	chrY	19568310	19568430			0	0	0.000000	0.000000	0.000000	0
