chrom	start	end	name	gene	n_probes	span_bp	covered_bp	span_ratio
chr1	1785284	1787052	GNB1_exon_12	GNB1	15	1768	1800	0.98
chr1	1787318	1787438	GNB1_exon_11	GNB1	1	120	120	1.0
chr1	1789051	1789268	GNB1_exon_10	GNB1	2	217	240	0.9
chr1	1790393	1790595	GNB1_exon_9	GNB1	2	202	240	0.84
chr1	1793231	1793351	GNB1_exon_8	GNB1	1	120	120	1.0
chr1	1804417	1804580	GNB1_exon_7	GNB1	2	163	240	0.68
chr1	1806442	1806562	GNB1_exon_6	GNB1	1	120	120	1.0
chr1	1815747	1815867	GNB1_exon_5	GNB1	1	120	120	1.0
chr1	1817803	1817923	GNB1_exon_4	GNB1	1	120	120	1.0
chr1	1825388	1825508	GNB1_exon_3	GNB1	1	120	120	1.0
chr1	1839159	1839279	GNB1_exon_2	GNB1	1	120	120	1.0
chr1	1890818	1891086	GNB1_exon_1	GNB1	3	268	360	0.74
chr1	26696025	26697539	ARID1A_exon_1	ARID1A	13	1514	1560	0.97
chr1	26729649	26729862	ARID1A_exon_2	ARID1A	2	213	240	0.89
chr1	26731150	26731603	ARID1A_exon_3	ARID1A	4	453	480	0.94
chr1	26732672	26732792	ARID1A_exon_4	ARID1A	1	120	120	1.0
chr1	26760854	26761095	ARID1A_exon_5	ARID1A	2	241	240	1.0
chr1	26761353	26761473	ARID1A_exon_6	ARID1A	1	120	120	1.0
chr1	26762150	26762318	ARID1A_exon_7	ARID1A	2	168	240	0.7
chr1	26762971	26763284	ARID1A_exon_8	ARID1A	3	313	360	0.87
chr1	26766219	26766365	ARID1A_exon_9	ARID1A	2	146	240	0.61
chr1	26766450	26766570	ARID1A_exon_10	ARID1A	1	120	120	1.0
chr1	26767788	26767998	ARID1A_exon_11	ARID1A	2	210	240	0.88
chr1	26771117	26771325	ARID1A_exon_12	ARID1A	2	208	240	0.87
chr1	26772498	26772631	ARID1A_exon_13	ARID1A	2	133	240	0.55
chr1	26772810	26772986	ARID1A_exon_14	ARID1A	2	176	240	0.73
chr1	26773344	26773495	ARID1A_exon_15	ARID1A	2	151	240	0.63
chr1	26773578	26773716	ARID1A_exon_16	ARID1A	2	138	240	0.57
chr1	26773783	26773903	ARID1A_exon_17	ARID1A	1	120	120	1.0
chr1	26774327	26775219	ARID1A_exon_18	ARID1A	8	892	960	0.93
chr1	26775580	26775700	ARID1A_exon_19	ARID1A	1	120	120	1.0
chr1	26779021	26782103	ARID1A_exon_20	ARID1A	26	3082	3120	0.99
chr1	36466041	36466826	CSF3R_exon_17	CSF3R	7	785	840	0.93
chr1	36467200	36467320	CSF3R_exon_16	CSF3R	1	120	120	1.0
chr1	36467531	36467651	CSF3R_exon_15	CSF3R	1	120	120	1.0
chr1	36467820	36467961	CSF3R_exon_14	CSF3R	2	141	240	0.59
chr1	36468073	36468220	CSF3R_exon_13	CSF3R	2	147	240	0.61
chr1	36469145	36469265	CSF3R_exon_12	CSF3R	1	120	120	1.0
chr1	36469650	36469839	CSF3R_exon_11	CSF3R	2	189	240	0.79
chr1	36471431	36471645	CSF3R_exon_10	CSF3R	2	214	240	0.89
chr1	36472040	36472160	CSF3R_exon_9	CSF3R	1	120	120	1.0
chr1	36472236	36472390	CSF3R_exon_8	CSF3R	2	154	240	0.64
chr1	36472515	36472685	CSF3R_exon_7	CSF3R	2	170	240	0.71
chr1	36473433	36473621	CSF3R_exon_6	CSF3R	2	188	240	0.78
chr1	36473764	36473884	CSF3R_exon_5	CSF3R	1	120	120	1.0
chr1	36475375	36475672	CSF3R_exon_4	CSF3R	3	297	360	0.82
chr1	36479424	36479544	CSF3R_exon_3	CSF3R	1	120	120	1.0
chr1	36481417	36481537	CSF3R_exon_2	CSF3R	1	120	120	1.0
chr1	36482802	36482922	CSF3R_exon_1	CSF3R	1	120	120	1.0
chr1	43337811	43337931	MPL_exon_1	MPL	1	120	120	1.0
chr1	43338097	43338230	MPL_exon_2	MPL	2	133	240	0.55
chr1	43338540	43338719	MPL_exon_3	MPL	2	179	240	0.75
chr1	43339269	43339568	MPL_exon_4	MPL	3	299	360	0.83
chr1	43339962	43340125	MPL_exon_5	MPL	2	163	240	0.68
chr1	43340388	43340508	MPL_exon_6	MPL	1	120	120	1.0
chr1	43346443	43346628	MPL_exon_7	MPL	2	185	240	0.77
chr1	43346790	43346933	MPL_exon_8	MPL	2	143	240	0.6
chr1	43348841	43349001	MPL_exon_9	MPL	2	160	240	0.67
chr1	43349242	43349362	MPL_exon_10	MPL	1	120	120	1.0
chr1	43352195	43352315	MPL_exon_11	MPL	1	120	120	1.0
chr1	43352516	43354465	MPL_exon_12	MPL	12	1949	1440	1.35
chr1	92473041	92476206	GFI1_exon_7	GFI1	27	3165	3240	0.98
chr1	92478586	92478752	GFI1_exon_6	GFI1	2	166	240	0.69
chr1	92480346	92480484	GFI1_exon_5	GFI1	2	138	240	0.57
chr1	92480599	92481087	GFI1_exon_4	GFI1	4	488	480	1.02
chr1	92482862	92483045	GFI1_exon_3	GFI1	2	183	240	0.76
chr1	92483371	92483585	GFI1_exon_2	GFI1	2	214	240	0.89
chr1	92486724	92486924	GFI1_exon_1	GFI1	2	200	240	0.83
chr1	114704467	114708049	NRAS_exon_7	NRAS	29	3582	3480	1.03
chr1	114708152	114708272	NRAS_exon_6	NRAS	1	120	120	1.0
chr1	114708531	114708651	NRAS_exon_5	NRAS	1	120	120	1.0
chr1	114709567	114709727	NRAS_exon_4	NRAS	2	160	240	0.67
chr1	114713798	114713977	NRAS_exon_3	NRAS	2	179	240	0.75
chr1	114716052	114716172	NRAS_exon_2	NRAS	1	120	120	1.0
chr1	114716653	114716773	NRAS_exon_1	NRAS	1	120	120	1.0
chr1	155897806	155900617	RIT1_exon_6	RIT1	23	2811	2760	1.02
chr1	155904309	155904501	RIT1_exon_5	RIT1	2	192	240	0.8
chr1	155904728	155904848	RIT1_exon_4	RIT1	1	120	120	1.0
chr1	155910432	155910552	RIT1_exon_3	RIT1	1	120	120	1.0
chr1	155910654	155910803	RIT1_exon_2	RIT1	2	149	240	0.62
chr1	155911234	155911354	RIT1_exon_1	RIT1	1	120	120	1.0
chr1	190097656	190099133	BRINP3_exon_8	BRINP3	13	1477	1560	0.95
chr1	190160666	190160889	BRINP3_exon_7	BRINP3	2	223	240	0.93
chr1	190226080	190226317	BRINP3_exon_6	BRINP3	2	237	240	0.99
chr1	190234363	190234483	BRINP3_exon_5	BRINP3	1	120	120	1.0
chr1	190264863	190265054	BRINP3_exon_4	BRINP3	2	191	240	0.8
chr1	190281558	190281749	BRINP3_exon_3	BRINP3	2	191	240	0.8
chr1	190454653	190454939	BRINP3_exon_2	BRINP3	3	286	360	0.79
chr1	190477446	190477863	BRINP3_exon_1	BRINP3	4	417	480	0.87
chr1	202331655	202331959	UBE2T_exon_7	UBE2T	3	304	360	0.84
chr1	202332986	202333106	UBE2T_exon_6	UBE2T	1	120	120	1.0
chr1	202333217	202333337	UBE2T_exon_5	UBE2T	1	120	120	1.0
chr1	202333441	202333561	UBE2T_exon_4	UBE2T	1	120	120	1.0
chr1	202334948	202335068	UBE2T_exon_3	UBE2T	1	120	120	1.0
chr1	202335644	202335817	UBE2T_exon_2	UBE2T	2	173	240	0.72
chr1	202341827	202341947	UBE2T_exon_1	UBE2T	1	120	120	1.0
chr1	231363754	231366474	EGLN1_exon_5	EGLN1	21	2720	2520	1.08
chr1	231367517	231367637	EGLN1_exon_4	EGLN1	1	120	120	1.0
chr1	231370560	231370697	EGLN1_exon_3	EGLN1	2	137	240	0.57
chr1	231373978	231374098	EGLN1_exon_2	EGLN1	1	120	120	1.0
chr1	231420996	231422286	EGLN1_exon_1	EGLN1	11	1290	1320	0.98
chr2	15940548	15940742	MYCN_exon_1	MYCN	2	194	240	0.81
chr2	15941946	15942853	MYCN_exon_2	MYCN	8	907	960	0.94
chr2	15945491	15947003	MYCN_exon_3	MYCN	13	1512	1560	0.97
chr2	25227872	25234419	DNMT3A_exon_23	DNMT3A	54	6547	6480	1.01
chr2	25235704	25235824	DNMT3A_exon_22	DNMT3A	1	120	120	1.0
chr2	25236928	25237048	DNMT3A_exon_21	DNMT3A	1	120	120	1.0
chr2	25239119	25239239	DNMT3A_exon_20	DNMT3A	1	120	120	1.0
chr2	25240300	25240449	DNMT3A_exon_19	DNMT3A	2	149	240	0.62
chr2	25240623	25240743	DNMT3A_exon_18	DNMT3A	1	120	120	1.0
chr2	25241560	25241706	DNMT3A_exon_17	DNMT3A	2	146	240	0.61
chr2	25243892	25244012	DNMT3A_exon_16	DNMT3A	1	120	120	1.0
chr2	25244153	25244337	DNMT3A_exon_15	DNMT3A	2	184	240	0.77
chr2	25244534	25244654	DNMT3A_exon_14	DNMT3A	1	120	120	1.0
chr2	25245228	25245348	DNMT3A_exon_13	DNMT3A	1	120	120	1.0
chr2	25245944	25246064	DNMT3A_exon_12	DNMT3A	1	120	120	1.0
chr2	25246158	25246308	DNMT3A_exon_11	DNMT3A	2	150	240	0.62
chr2	25246618	25246775	DNMT3A_exon_10	DNMT3A	2	157	240	0.65
chr2	25247043	25247163	DNMT3A_exon_9	DNMT3A	1	120	120	1.0
chr2	25247589	25247748	DNMT3A_exon_8	DNMT3A	2	159	240	0.66
chr2	25248035	25248251	DNMT3A_exon_7	DNMT3A	2	216	240	0.9
chr2	25274939	25275086	DNMT3A_exon_6	DNMT3A	2	147	240	0.61
chr2	25275454	25275574	DNMT3A_exon_5	DNMT3A	1	120	120	1.0
chr2	25282439	25282710	DNMT3A_exon_4	DNMT3A	3	271	360	0.75
chr2	25300129	25300249	DNMT3A_exon_3	DNMT3A	1	120	120	1.0
chr2	25313911	25314160	DNMT3A_exon_2	DNMT3A	2	249	240	1.04
chr2	25341805	25341925	DNMT3A_exon_1	DNMT3A	1	120	120	1.0
chr2	25733751	25744475	ASXL2_exon_13	ASXL2	89	10724	10680	1.0
chr2	25749694	25750412	ASXL2_exon_12	ASXL2	6	718	720	1.0
chr2	25753525	25753645	ASXL2_exon_11	ASXL2	1	120	120	1.0
chr2	25756005	25756125	ASXL2_exon_10	ASXL2	1	120	120	1.0
chr2	25759480	25759644	ASXL2_exon_9	ASXL2	2	164	240	0.68
chr2	25767581	25767725	ASXL2_exon_8	ASXL2	2	144	240	0.6
chr2	25768743	25768863	ASXL2_exon_7	ASXL2	1	120	120	1.0
chr2	25771434	25771554	ASXL2_exon_6	ASXL2	1	120	120	1.0
chr2	25799383	25799534	ASXL2_exon_5	ASXL2	2	151	240	0.63
chr2	25806221	25806341	ASXL2_exon_4	ASXL2	1	120	120	1.0
chr2	25835531	25835651	ASXL2_exon_3	ASXL2	1	120	120	1.0
chr2	25845457	25845577	ASXL2_exon_2	ASXL2	1	120	120	1.0
chr2	25878164	25878486	ASXL2_exon_1	ASXL2	3	322	360	0.89
chr2	46297405	46297936	EPAS1_exon_1	EPAS1	5	531	600	0.89
chr2	46346871	46347062	EPAS1_exon_2	EPAS1	2	191	240	0.8
chr2	46356149	46356301	EPAS1_exon_3	EPAS1	2	152	240	0.63
chr2	46356722	46356842	EPAS1_exon_4	EPAS1	1	120	120	1.0
chr2	46360635	46360755	EPAS1_exon_5	EPAS1	1	120	120	1.0
chr2	46360883	46361089	EPAS1_exon_6	EPAS1	2	206	240	0.86
chr2	46369818	46369938	EPAS1_exon_7	EPAS1	1	120	120	1.0
chr2	46375688	46375836	EPAS1_exon_8	EPAS1	2	148	240	0.62
chr2	46376537	46376752	EPAS1_exon_9	EPAS1	2	215	240	0.9
chr2	46377892	46378086	EPAS1_exon_10	EPAS1	2	194	240	0.81
chr2	46378650	46378770	EPAS1_exon_11	EPAS1	1	120	120	1.0
chr2	46380225	46380716	EPAS1_exon_12	EPAS1	4	491	480	1.02
chr2	46381597	46381717	EPAS1_exon_13	EPAS1	1	120	120	1.0
chr2	46381970	46382090	EPAS1_exon_14	EPAS1	1	120	120	1.0
chr2	46382423	46382597	EPAS1_exon_15	EPAS1	2	174	240	0.72
chr2	46384507	46386696	EPAS1_exon_16	EPAS1	19	2189	2280	0.96
chr2	197389782	197392460	SF3B1_exon_25	SF3B1	21	2678	2520	1.06
chr2	197392970	197393187	SF3B1_exon_24	SF3B1	2	217	240	0.9
chr2	197396054	197396327	SF3B1_exon_23	SF3B1	3	273	360	0.76
chr2	197397983	197398115	SF3B1_exon_22	SF3B1	2	132	240	0.55
chr2	197398459	197398579	SF3B1_exon_21	SF3B1	1	120	120	1.0
chr2	197400049	197400169	SF3B1_exon_20	SF3B1	1	120	120	1.0
chr2	197400250	197400433	SF3B1_exon_19	SF3B1	2	183	240	0.76
chr2	197400713	197400935	SF3B1_exon_18	SF3B1	2	222	240	0.93
chr2	197401401	197401521	SF3B1_exon_17	SF3B1	1	120	120	1.0
chr2	197401740	197401887	SF3B1_exon_16	SF3B1	2	147	240	0.61
chr2	197401983	197402129	SF3B1_exon_15	SF3B1	2	146	240	0.61
chr2	197402554	197402825	SF3B1_exon_14	SF3B1	3	271	360	0.75
chr2	197402945	197403065	SF3B1_exon_13	SF3B1	1	120	120	1.0
chr2	197403583	197403763	SF3B1_exon_12	SF3B1	2	180	240	0.75
chr2	197405064	197405184	SF3B1_exon_11	SF3B1	1	120	120	1.0
chr2	197405273	197405471	SF3B1_exon_10	SF3B1	2	198	240	0.82
chr2	197407997	197408117	SF3B1_exon_9	SF3B1	1	120	120	1.0
chr2	197408367	197408580	SF3B1_exon_8	SF3B1	2	213	240	0.89
chr2	197409768	197410006	SF3B1_exon_7	SF3B1	2	238	240	0.99
chr2	197416739	197416910	SF3B1_exon_6	SF3B1	2	171	240	0.71
chr2	197418488	197418608	SF3B1_exon_5	SF3B1	1	120	120	1.0
chr2	197420423	197420543	SF3B1_exon_4	SF3B1	1	120	120	1.0
chr2	197421019	197421139	SF3B1_exon_3	SF3B1	1	120	120	1.0
chr2	197423806	197423973	SF3B1_exon_2	SF3B1	2	167	240	0.7
chr2	197434922	197435042	SF3B1_exon_1	SF3B1	1	120	120	1.0
chr2	208248367	208248659	IDH1_exon_4	IDH1	3	292	360	0.81
chr3	36993328	36993568	MLH1_5UTR	MLH1	2	240	240	1.0
chr3	38138659	38139027	MYD88_exon_1	MYD88	3	368	360	1.02
chr3	38139862	38139997	MYD88_exon_2	MYD88	2	135	240	0.56
chr3	38140386	38140567	MYD88_exon_3	MYD88	2	181	240	0.75
chr3	38140752	38140872	MYD88_exon_4	MYD88	1	120	120	1.0
chr3	38141130	38143021	MYD88_exon_5	MYD88	16	1891	1920	0.98
chr3	41199503	41199669	CTNNB1_exon_1	CTNNB1	2	166	240	0.69
chr3	41224019	41224139	CTNNB1_exon_2	CTNNB1	1	120	120	1.0
chr3	41224524	41224752	CTNNB1_exon_3	CTNNB1	2	228	240	0.95
chr3	41224952	41225206	CTNNB1_exon_4	CTNNB1	3	254	360	0.71
chr3	41225332	41225571	CTNNB1_exon_5	CTNNB1	2	239	240	1.0
chr3	41225658	41225860	CTNNB1_exon_6	CTNNB1	2	202	240	0.84
chr3	41227206	41227351	CTNNB1_exon_7	CTNNB1	2	145	240	0.6
chr3	41233336	41233456	CTNNB1_exon_8	CTNNB1	1	120	120	1.0
chr3	41233527	41233866	CTNNB1_exon_9	CTNNB1	3	339	360	0.94
chr3	41234137	41234296	CTNNB1_exon_10	CTNNB1	2	159	240	0.66
chr3	41235722	41235842	CTNNB1_exon_11	CTNNB1	1	120	120	1.0
chr3	41236347	41236498	CTNNB1_exon_12	CTNNB1	2	151	240	0.63
chr3	41236587	41236707	CTNNB1_exon_13	CTNNB1	1	120	120	1.0
chr3	41237986	41238106	CTNNB1_exon_14	CTNNB1	1	120	120	1.0
chr3	41239132	41240442	CTNNB1_exon_15	CTNNB1	11	1310	1320	0.99
chr3	47016434	47017253	SETD2_exon_21	SETD2	7	819	840	0.97
chr3	47017626	47017746	SETD2_exon_20	SETD2	1	120	120	1.0
chr3	47019721	47019841	SETD2_exon_19	SETD2	1	120	120	1.0
chr3	47037660	47037780	SETD2_exon_18	SETD2	1	120	120	1.0
chr3	47042559	47042699	SETD2_exon_17	SETD2	2	140	240	0.58
chr3	47046485	47046620	SETD2_exon_16	SETD2	2	135	240	0.56
chr3	47056819	47057489	SETD2_exon_15	SETD2	6	670	720	0.93
chr3	47062161	47062345	SETD2_exon_14	SETD2	2	184	240	0.77
chr3	47067037	47067157	SETD2_exon_13	SETD2	1	120	120	1.0
chr3	47083718	47084381	SETD2_exon_12	SETD2	6	663	720	0.92
chr3	47086193	47086313	SETD2_exon_11	SETD2	1	120	120	1.0
chr3	47088111	47088246	SETD2_exon_10	SETD2	2	135	240	0.56
chr3	47097956	47098076	SETD2_exon_9	SETD2	1	120	120	1.0
chr3	47101446	47101566	SETD2_exon_8	SETD2	1	120	120	1.0
chr3	47103316	47103436	SETD2_exon_7	SETD2	1	120	120	1.0
chr3	47105997	47106117	SETD2_exon_6	SETD2	1	120	120	1.0
chr3	47113878	47113998	SETD2_exon_5	SETD2	1	120	120	1.0
chr3	47116621	47116753	SETD2_exon_4	SETD2	2	132	240	0.55
chr3	47120180	47124547	SETD2_exon_3	SETD2	37	4367	4440	0.98
chr3	47126572	47126692	SETD2_exon_2	SETD2	1	120	120	1.0
chr3	47163852	47164128	SETD2_exon_1	SETD2	3	276	360	0.77
chr3	49171580	49171700	KLHDC8B_5UTR	KLHDC8B	1	120	120	1.0
chr3	105655459	105659228	CBLB_exon_19	CBLB	32	3769	3840	0.98
chr3	105670231	105670351	CBLB_exon_18	CBLB	1	120	120	1.0
chr3	105678429	105678570	CBLB_exon_17	CBLB	2	141	240	0.59
chr3	105681477	105681609	CBLB_exon_16	CBLB	2	132	240	0.55
chr3	105681716	105681836	CBLB_exon_15	CBLB	1	120	120	1.0
chr3	105685318	105685465	CBLB_exon_14	CBLB	2	147	240	0.61
chr3	105693471	105693591	CBLB_exon_13	CBLB	1	120	120	1.0
chr3	105702092	105702458	CBLB_exon_12	CBLB	3	366	360	1.02
chr3	105703986	105704172	CBLB_exon_11	CBLB	2	186	240	0.78
chr3	105720045	105720249	CBLB_exon_10	CBLB	2	204	240	0.85
chr3	105734007	105734139	CBLB_exon_9	CBLB	2	132	240	0.55
chr3	105737153	105737273	CBLB_exon_8	CBLB	1	120	120	1.0
chr3	105740492	105740630	CBLB_exon_7	CBLB	2	138	240	0.57
chr3	105745916	105746036	CBLB_exon_6	CBLB	1	120	120	1.0
chr3	105751460	105751617	CBLB_exon_5	CBLB	2	157	240	0.65
chr3	105776394	105776541	CBLB_exon_4	CBLB	2	147	240	0.61
chr3	105853412	105853663	CBLB_exon_3	CBLB	2	251	240	1.05
chr3	105867408	105867590	CBLB_exon_2	CBLB	2	182	240	0.76
chr3	105868734	105869011	CBLB_exon_1	CBLB	3	277	360	0.77
chr3	128479425	128481317	GATA2_exon_6	GATA2	16	1892	1920	0.99
chr3	128481820	128481940	GATA2_exon_5	GATA2	1	120	120	1.0
chr3	128482979	128483579	GATA2_intron4	GATA2	5	600	600	1.0
chr3	128483858	128484004	GATA2_exon_4	GATA2	2	146	240	0.61
chr3	128485725	128486367	GATA2_exon_3	GATA2	6	642	720	0.89
chr3	128486801	128487075	GATA2_exon_2	GATA2	3	274	360	0.76
chr3	128492897	128493200	GATA2_exon_1	GATA2	3	303	360	0.84
chr3	169764399	169765734	TERC	TERC	12	1335	1440	0.93
chr4	24527473	24528040	DHX15_exon_14	DHX15	5	567	600	0.94
chr4	24529599	24529769	DHX15_exon_13	DHX15	2	170	240	0.71
chr4	24532862	24533053	DHX15_exon_12	DHX15	2	191	240	0.8
chr4	24537050	24537170	DHX15_exon_11	DHX15	1	120	120	1.0
chr4	24540106	24540298	DHX15_exon_10	DHX15	2	192	240	0.8
chr4	24540832	24540952	DHX15_exon_9	DHX15	1	120	120	1.0
chr4	24541871	24542021	DHX15_exon_8	DHX15	2	150	240	0.62
chr4	24542922	24543042	DHX15_exon_7	DHX15	1	120	120	1.0
chr4	24548853	24549021	DHX15_exon_6	DHX15	2	168	240	0.7
chr4	24554723	24554942	DHX15_exon_5	DHX15	2	219	240	0.91
chr4	24556249	24556409	DHX15_exon_4	DHX15	2	160	240	0.67
chr4	24570652	24570846	DHX15_exon_3	DHX15	2	194	240	0.81
chr4	24576241	24576677	DHX15_exon_2	DHX15	4	436	480	0.91
chr4	24584321	24584553	DHX15_exon_1	DHX15	2	232	240	0.97
chr4	54657957	54658077	KIT_exon_1	KIT	1	120	120	1.0
chr4	54695510	54695780	KIT_exon_2	KIT	3	270	360	0.75
chr4	54698282	54698564	KIT_exon_3	KIT	3	282	360	0.78
chr4	54699628	54699765	KIT_exon_4	KIT	2	137	240	0.57
chr4	54703722	54703891	KIT_exon_5	KIT	2	169	240	0.7
chr4	54707096	54707286	KIT_exon_6	KIT	2	190	240	0.79
chr4	54709420	54709540	KIT_exon_7	KIT	1	120	120	1.0
chr4	54723579	54723699	KIT_exon_8	KIT	1	120	120	1.0
chr4	54725855	54726049	KIT_exon_9	KIT	2	194	240	0.81
chr4	54727209	54727329	KIT_exon_10	KIT	1	120	120	1.0
chr4	54727417	54727537	KIT_exon_11	KIT	1	120	120	1.0
chr4	54727813	54727933	KIT_exon_12	KIT	1	120	120	1.0
chr4	54728004	54728124	KIT_exon_13	KIT	1	120	120	1.0
chr4	54729333	54729484	KIT_exon_14	KIT	2	151	240	0.63
chr4	54731320	54731440	KIT_exon_15	KIT	1	120	120	1.0
chr4	54731873	54731993	KIT_exon_16	KIT	1	120	120	1.0
chr4	54733069	54733189	KIT_exon_17	KIT	1	120	120	1.0
chr4	54736492	54736612	KIT_exon_18	KIT	1	120	120	1.0
chr4	54736706	54736826	KIT_exon_19	KIT	1	120	120	1.0
chr4	54737166	54737286	KIT_exon_20	KIT	1	120	120	1.0
chr4	54738427	54740714	KIT_exon_21	KIT	19	2287	2280	1.0
chr4	105146863	105146983	TET2_exon_1	TET2	1	120	120	1.0
chr4	105190358	105190504	TET2_exon_2	TET2	2	146	240	0.61
chr4	105233895	105237350	TET2_exon_3	TET2	29	3455	3480	0.99
chr4	105241335	105241455	TET2_exon_4	TET2	1	120	120	1.0
chr4	105242818	105242938	TET2_exon_5	TET2	1	120	120	1.0
chr4	105243568	105243777	TET2_exon_6	TET2	2	209	240	0.87
chr4	105259617	105259768	TET2_exon_7	TET2	2	151	240	0.63
chr4	105261753	105261873	TET2_exon_8	TET2	1	120	120	1.0
chr4	105269608	105269746	TET2_exon_9	TET2	2	138	240	0.57
chr4	105272562	105272917	TET2_exon_10	TET2	3	355	360	0.99
chr4	105275046	105279802	TET2_exon_11	TET2	39	4756	4680	1.02
chr4	163128667	163129347	NAF1_exon_8	NAF1	6	680	720	0.94
chr4	163133145	163133265	NAF1_exon_7	NAF1	1	120	120	1.0
chr4	163137154	163137274	NAF1_exon_6	NAF1	1	120	120	1.0
chr4	163140221	163140382	NAF1_exon_5	NAF1	2	161	240	0.67
chr4	163145747	163145867	NAF1_exon_4	NAF1	1	120	120	1.0
chr4	163148325	163148445	NAF1_exon_3	NAF1	1	120	120	1.0
chr4	163164215	163164390	NAF1_exon_2	NAF1	2	175	240	0.73
chr4	163166361	163166889	NAF1_exon_1	NAF1	5	528	600	0.88
chr5	35856889	35857058	IL7R_exon_1	IL7R	2	169	240	0.7
chr5	35860850	35860989	IL7R_exon_2	IL7R	2	139	240	0.58
chr5	35867304	35867462	IL7R_exon_3	IL7R	2	158	240	0.66
chr5	35871054	35871212	IL7R_exon_4	IL7R	2	158	240	0.66
chr5	35873478	35873647	IL7R_exon_5	IL7R	2	169	240	0.7
chr5	35874434	35874554	IL7R_exon_6	IL7R	1	120	120	1.0
chr5	35875468	35875588	IL7R_exon_7	IL7R	1	120	120	1.0
chr5	35875981	35879602	IL7R_exon_8	IL7R	31	3621	3720	0.97
chr5	132481607	132484074	IRF1_exon_10	IRF1	14	2467	1680	1.47
chr5	132484360	132484496	IRF1_exon_9	IRF1	2	136	240	0.57
chr5	132485624	132485744	IRF1_exon_8	IRF1	1	120	120	1.0
chr5	132486250	132486370	IRF1_exon_7	IRF1	1	120	120	1.0
chr5	132486560	132486680	IRF1_exon_6	IRF1	1	120	120	1.0
chr5	132486728	132486848	IRF1_exon_5	IRF1	1	120	120	1.0
chr5	132486952	132487129	IRF1_exon_4	IRF1	2	177	240	0.74
chr5	132487923	132488043	IRF1_exon_3	IRF1	1	120	120	1.0
chr5	132489384	132489504	IRF1_exon_2	IRF1	1	120	120	1.0
chr5	132490543	132490772	IRF1_exon_1	IRF1	2	229	240	0.95
chr5	149492966	149496859	CSNK1A1_exon_10	CSNK1A1	31	3893	3720	1.05
chr5	149505445	149505594	CSNK1A1_exon_9	CSNK1A1	2	149	240	0.62
chr5	149507018	149507138	CSNK1A1_exon_8	CSNK1A1	1	120	120	1.0
chr5	149509877	149509997	CSNK1A1_exon_7	CSNK1A1	1	120	120	1.0
chr5	149511770	149511890	CSNK1A1_exon_6	CSNK1A1	1	120	120	1.0
chr5	149513068	149513208	CSNK1A1_exon_5	CSNK1A1	2	140	240	0.58
chr5	149520274	149520394	CSNK1A1_exon_4	CSNK1A1	1	120	120	1.0
chr5	149525046	149525166	CSNK1A1_exon_3	CSNK1A1	1	120	120	1.0
chr5	149550066	149550186	CSNK1A1_exon_2	CSNK1A1	1	120	120	1.0
chr5	149550840	149551438	CSNK1A1_exon_1	CSNK1A1	5	598	600	1.0
chr5	150053293	150054223	CSF1R_exon_21	CSF1R	8	930	960	0.97
chr5	150054314	150054434	CSF1R_exon_20	CSF1R	1	120	120	1.0
chr5	150055225	150055345	CSF1R_exon_19	CSF1R	1	120	120	1.0
chr5	150056020	150056140	CSF1R_exon_18	CSF1R	1	120	120	1.0
chr5	150056218	150056338	CSF1R_exon_17	CSF1R	1	120	120	1.0
chr5	150057275	150057395	CSF1R_exon_16	CSF1R	1	120	120	1.0
chr5	150057491	150057611	CSF1R_exon_15	CSF1R	1	120	120	1.0
chr5	150059698	150059861	CSF1R_exon_14	CSF1R	2	163	240	0.68
chr5	150060855	150060975	CSF1R_exon_13	CSF1R	1	120	120	1.0
chr5	150061481	150061601	CSF1R_exon_12	CSF1R	1	120	120	1.0
chr5	150061724	150061844	CSF1R_exon_11	CSF1R	1	120	120	1.0
chr5	150068211	150068331	CSF1R_exon_10	CSF1R	1	120	120	1.0
chr5	150069871	150070062	CSF1R_exon_9	CSF1R	2	191	240	0.8
chr5	150070180	150070300	CSF1R_exon_8	CSF1R	1	120	120	1.0
chr5	150070452	150070572	CSF1R_exon_7	CSF1R	1	120	120	1.0
chr5	150073299	150073492	CSF1R_exon_6	CSF1R	2	193	240	0.8
chr5	150077274	150077434	CSF1R_exon_5	CSF1R	2	160	240	0.67
chr5	150078110	150078247	CSF1R_exon_4	CSF1R	2	137	240	0.57
chr5	150080050	150080335	CSF1R_exon_3	CSF1R	3	285	360	0.79
chr5	150080765	150081023	CSF1R_exon_2	CSF1R	3	258	360	0.72
chr5	150086377	150086553	CSF1R_exon_1	CSF1R	2	176	240	0.73
chr5	171387847	171388005	NPM1_exon_1	NPM1	2	158	240	0.66
chr5	171390015	171390135	NPM1_exon_2	NPM1	1	120	120	1.0
chr5	171391303	171391423	NPM1_exon_3	NPM1	1	120	120	1.0
chr5	171391680	171391800	NPM1_exon_4	NPM1	1	120	120	1.0
chr5	171392701	171392821	NPM1_exon_5	NPM1	1	120	120	1.0
chr5	171392864	171392984	NPM1_exon_6	NPM1	1	120	120	1.0
chr5	171400118	171400238	NPM1_exon_7	NPM1	1	120	120	1.0
chr5	171400834	171400954	NPM1_exon_8	NPM1	1	120	120	1.0
chr5	171405298	171405418	NPM1_exon_9	NPM1	1	120	120	1.0
chr5	171407675	171407795	NPM1_exon_10	NPM1	1	120	120	1.0
chr5	171410511	171410899	NPM1_exon_11	NPM1	3	388	360	1.08
chr5	177511575	177511926	DDX41_exon_17	DDX41	3	351	360	0.97
chr5	177512089	177512209	DDX41_exon_16	DDX41	1	120	120	1.0
chr5	177512296	177512416	DDX41_exon_15	DDX41	1	120	120	1.0
chr5	177512494	177512644	DDX41_exon_14	DDX41	2	150	240	0.62
chr5	177512775	177512895	DDX41_exon_13	DDX41	1	120	120	1.0
chr5	177513001	177513121	DDX41_exon_12	DDX41	1	120	120	1.0
chr5	177513351	177513483	DDX41_exon_11	DDX41	2	132	240	0.55
chr5	177513683	177513846	DDX41_exon_10	DDX41	2	163	240	0.68
chr5	177514699	177514836	DDX41_exon_9	DDX41	2	137	240	0.57
chr5	177514914	177515068	DDX41_exon_8	DDX41	2	154	240	0.64
chr5	177515183	177515303	DDX41_exon_7	DDX41	1	120	120	1.0
chr5	177515683	177515820	DDX41_exon_6	DDX41	2	137	240	0.57
chr5	177515898	177516018	DDX41_exon_5	DDX41	1	120	120	1.0
chr5	177516106	177516226	DDX41_exon_4	DDX41	1	120	120	1.0
chr5	177516286	177516446	DDX41_exon_3	DDX41	2	160	240	0.67
chr5	177516718	177516838	DDX41_exon_2	DDX41	1	120	120	1.0
chr5	177516907	177517027	DDX41_exon_1	DDX41	1	120	120	1.0
chr6	41934950	41936106	CCND3_exon_5	CCND3	10	1156	1200	0.96
chr6	41936557	41936694	CCND3_exon_4	CCND3	2	137	240	0.57
chr6	41937233	41937393	CCND3_exon_3	CCND3	2	160	240	0.67
chr6	41940368	41940584	CCND3_exon_2	CCND3	2	216	240	0.9
chr6	41941450	41941807	CCND3_exon_1	CCND3	3	357	360	0.99
chr6	99542385	99543608	CCNC_exon_12	CCNC	11	1223	1320	0.93
chr6	99545109	99545229	CCNC_exon_11	CCNC	1	120	120	1.0
chr6	99546382	99546502	CCNC_exon_10	CCNC	1	120	120	1.0
chr6	99549479	99549599	CCNC_exon_9	CCNC	1	120	120	1.0
chr6	99550201	99550321	CCNC_exon_8	CCNC	1	120	120	1.0
chr6	99550974	99551094	CCNC_exon_7	CCNC	1	120	120	1.0
chr6	99551785	99551905	CCNC_exon_6	CCNC	1	120	120	1.0
chr6	99558485	99558605	CCNC_exon_5	CCNC	1	120	120	1.0
chr6	99561317	99561437	CCNC_exon_4	CCNC	1	120	120	1.0
chr6	99561578	99561698	CCNC_exon_3	CCNC	1	120	120	1.0
chr6	99562833	99562953	CCNC_exon_2	CCNC	1	120	120	1.0
chr6	99568494	99568659	CCNC_exon_1	CCNC	2	165	240	0.69
chr6	135181306	135181535	MYB_exon_1	MYB	2	229	240	0.95
chr6	135185900	135186020	MYB_exon_2	MYB	1	120	120	1.0
chr6	135187828	135187948	MYB_exon_3	MYB	1	120	120	1.0
chr6	135189765	135189885	MYB_exon_4	MYB	1	120	120	1.0
chr6	135190125	135190346	MYB_exon_5	MYB	2	221	240	0.92
chr6	135192322	135192557	MYB_exon_6	MYB	2	235	240	0.98
chr6	135193799	135193919	MYB_exon_7	MYB	1	120	120	1.0
chr6	135194346	135194466	MYB_exon_8	MYB	1	120	120	1.0
chr6	135195746	135196001	MYB_exon_9	MYB	3	255	360	0.71
chr6	135196959	135197322	MYB_exon_10	MYB	3	363	360	1.01
chr6	135198906	135199049	MYB_exon_11	MYB	2	143	240	0.6
chr6	135200080	135200200	MYB_exon_12	MYB	1	120	120	1.0
chr6	135200291	135200411	MYB_exon_13	MYB	1	120	120	1.0
chr6	135201632	135201752	MYB_exon_14	MYB	1	120	120	1.0
chr6	135203209	135203329	MYB_exon_15	MYB	1	120	120	1.0
chr6	135217862	135219171	MYB_exon_16	MYB	11	1309	1320	0.99
chr7	50304714	50304921	IKZF1_exon_1	IKZF1	2	207	240	0.86
chr7	50319040	50319160	IKZF1_exon_2	IKZF1	1	120	120	1.0
chr7	50327636	50327756	IKZF1_exon_3	IKZF1	1	120	120	1.0
chr7	50376531	50376792	IKZF1_exon_4	IKZF1	3	261	360	0.72
chr7	50382538	50382706	IKZF1_exon_5	IKZF1	2	168	240	0.7
chr7	50387346	50387466	IKZF1_exon_6	IKZF1	1	120	120	1.0
chr7	50391727	50391862	IKZF1_exon_7	IKZF1	2	135	240	0.56
chr7	50399916	50405100	IKZF1_exon_8	IKZF1	44	5184	5280	0.98
chr7	93099532	93106104	SAMD9_exon_3	SAMD9	55	6572	6600	1.0
chr7	93114787	93114907	SAMD9_exon_2	SAMD9	1	120	120	1.0
chr7	93117859	93117979	SAMD9_exon_1	SAMD9	1	120	120	1.0
chr7	93130054	93135990	SAMD9L_exon_5	SAMD9L	50	5936	6000	0.99
chr7	93144731	93144851	SAMD9L_exon_4	SAMD9L	1	120	120	1.0
chr7	93145383	93146039	SAMD9L_exon_3	SAMD9L	6	656	720	0.91
chr7	93146881	93147145	SAMD9L_exon_2	SAMD9L	3	264	360	0.73
chr7	93148192	93148384	SAMD9L_exon_1	SAMD9L	2	192	240	0.8
chr7	101817608	101817728	CUX1_exon_1	CUX1	1	120	120	1.0
chr7	101916108	101916228	CUX1_exon_2	CUX1	1	120	120	1.0
chr7	102028050	102028170	CUX1_exon_3	CUX1	1	120	120	1.0
chr7	102070334	102070454	CUX1_exon_4	CUX1	1	120	120	1.0
chr7	102097362	102097500	CUX1_exon_5	CUX1	2	138	240	0.57
chr7	102104336	102104456	CUX1_exon_6	CUX1	1	120	120	1.0
chr7	102111675	102111795	CUX1_exon_7	CUX1	1	120	120	1.0
chr7	102115196	102115316	CUX1_exon_8	CUX1	1	120	120	1.0
chr7	102158527	102158647	CUX1_exon_9	CUX1	1	120	120	1.0
chr7	102170436	102170556	CUX1_exon_10	CUX1	1	120	120	1.0
chr7	102178467	102178656	CUX1_exon_11	CUX1	2	189	240	0.79
chr7	102189791	102189911	CUX1_exon_12	CUX1	1	120	120	1.0
chr7	102193806	102193926	CUX1_exon_13	CUX1	1	120	120	1.0
chr7	102195492	102195612	CUX1_exon_14	CUX1	1	120	120	1.0
chr7	102196632	102197304	CUX1_exon_15	CUX1	6	672	720	0.93
chr7	102198798	102198918	CUX1_exon_16	CUX1	1	120	120	1.0
chr7	102200070	102200190	CUX1_exon_17	CUX1	1	120	120	1.0
chr7	102201358	102202203	CUX1_exon_18	CUX1	7	845	840	1.01
chr7	102204389	102204555	CUX1_exon_19	CUX1	2	166	240	0.69
chr7	102205075	102205195	CUX1_exon_20	CUX1	1	120	120	1.0
chr7	102227365	102227668	CUX1_exon_21	CUX1	3	303	360	0.84
chr7	102234050	102234239	CUX1_exon_22	CUX1	2	189	240	0.79
chr7	102239318	102239583	CUX1_exon_23	CUX1	3	265	360	0.74
chr7	102248410	102258232	CUX1_exon_24	CUX1	82	9822	9840	1.0
chr7	134646849	134646969	BPGM_exon_1	BPGM	1	120	120	1.0
chr7	134661445	134662107	BPGM_exon_2	BPGM	6	662	720	0.92
chr7	134678851	134679815	BPGM_exon_3	BPGM	8	964	960	1.0
chr7	139359892	139360321	LUC7L2_exon_1	LUC7L2	4	429	480	0.89
chr7	139376045	139376165	LUC7L2_exon_2	LUC7L2	1	120	120	1.0
chr7	139398587	139398707	LUC7L2_exon_3	LUC7L2	1	120	120	1.0
chr7	139402130	139402250	LUC7L2_exon_4	LUC7L2	1	120	120	1.0
chr7	139405642	139405786	LUC7L2_exon_5	LUC7L2	2	144	240	0.6
chr7	139407172	139407349	LUC7L2_exon_6	LUC7L2	2	177	240	0.74
chr7	139409551	139409671	LUC7L2_exon_7	LUC7L2	1	120	120	1.0
chr7	139412513	139412633	LUC7L2_exon_8	LUC7L2	1	120	120	1.0
chr7	139417536	139417728	LUC7L2_exon_9	LUC7L2	2	192	240	0.8
chr7	139422161	139423453	LUC7L2_exon_10	LUC7L2	11	1292	1320	0.98
chr7	140753272	140753392	BRAF_exon_15	BRAF	1	120	120	1.0
chr7	148807381	148807705	EZH2_exon_20	EZH2	3	324	360	0.9
chr7	148809065	148809185	EZH2_exon_19	EZH2	1	120	120	1.0
chr7	148809271	148809391	EZH2_exon_18	EZH2	1	120	120	1.0
chr7	148810296	148810416	EZH2_exon_17	EZH2	1	120	120	1.0
chr7	148811607	148811727	EZH2_exon_16	EZH2	1	120	120	1.0
chr7	148813957	148814136	EZH2_exon_15	EZH2	2	179	240	0.75
chr7	148814915	148815035	EZH2_exon_14	EZH2	1	120	120	1.0
chr7	148815491	148815611	EZH2_exon_13	EZH2	1	120	120	1.0
chr7	148816672	148816792	EZH2_exon_12	EZH2	1	120	120	1.0
chr7	148817220	148817390	EZH2_exon_11	EZH2	2	170	240	0.71
chr7	148817875	148818116	EZH2_exon_10	EZH2	2	241	240	1.0
chr7	148819571	148819691	EZH2_exon_9	EZH2	1	120	120	1.0
chr7	148826452	148826631	EZH2_exon_8	EZH2	2	179	240	0.75
chr7	148827157	148827277	EZH2_exon_7	EZH2	1	120	120	1.0
chr7	148828738	148828879	EZH2_exon_6	EZH2	2	141	240	0.59
chr7	148829726	148829846	EZH2_exon_5	EZH2	1	120	120	1.0
chr7	148832630	148832750	EZH2_exon_4	EZH2	1	120	120	1.0
chr7	148846472	148846592	EZH2_exon_3	EZH2	1	120	120	1.0
chr7	148847182	148847302	EZH2_exon_2	EZH2	1	120	120	1.0
chr7	148884166	148884286	EZH2_exon_1	EZH2	1	120	120	1.0
chr7	152644878	152649362	XRCC2_exon_3	XRCC2	19	4484	2280	1.97
chr7	152660683	152660803	XRCC2_exon_2	XRCC2	1	120	120	1.0
chr7	152676033	152676153	XRCC2_exon_1	XRCC2	1	120	120	1.0
chr8	2935359	2938743	CSMD1_exon_70	CSMD1	29	3384	3480	0.97
chr8	2942470	2942603	CSMD1_exon_69	CSMD1	2	133	240	0.55
chr8	2949282	2949402	CSMD1_exon_68	CSMD1	1	120	120	1.0
chr8	2950225	2950345	CSMD1_exon_67	CSMD1	1	120	120	1.0
chr8	2951112	2951274	CSMD1_exon_66	CSMD1	2	162	240	0.68
chr8	2954156	2954276	CSMD1_exon_65	CSMD1	1	120	120	1.0
chr8	2955587	2955767	CSMD1_exon_64	CSMD1	2	180	240	0.75
chr8	2957690	2957810	CSMD1_exon_63	CSMD1	1	120	120	1.0
chr8	2961131	2961251	CSMD1_exon_62	CSMD1	1	120	120	1.0
chr8	2962464	2962638	CSMD1_exon_61	CSMD1	2	174	240	0.72
chr8	2963220	2963394	CSMD1_exon_60	CSMD1	2	174	240	0.72
chr8	2965773	2965953	CSMD1_exon_59	CSMD1	2	180	240	0.75
chr8	2966568	2966745	CSMD1_exon_58	CSMD1	2	177	240	0.74
chr8	2973115	2973298	CSMD1_exon_57	CSMD1	2	183	240	0.76
chr8	2974449	2974623	CSMD1_exon_56	CSMD1	2	174	240	0.72
chr8	2978610	2978799	CSMD1_exon_55	CSMD1	2	189	240	0.79
chr8	2998009	2998183	CSMD1_exon_54	CSMD1	2	174	240	0.72
chr8	2999956	3000130	CSMD1_exon_53	CSMD1	2	174	240	0.72
chr8	3018475	3018649	CSMD1_exon_52	CSMD1	2	174	240	0.72
chr8	3029317	3029512	CSMD1_exon_51	CSMD1	2	195	240	0.81
chr8	3052460	3052646	CSMD1_exon_50	CSMD1	2	186	240	0.78
chr8	3087095	3087284	CSMD1_exon_49	CSMD1	2	189	240	0.79
chr8	3091514	3091661	CSMD1_exon_48	CSMD1	2	147	240	0.61
chr8	3096847	3097036	CSMD1_exon_47	CSMD1	2	189	240	0.79
chr8	3106523	3106643	CSMD1_exon_46	CSMD1	1	120	120	1.0
chr8	3107679	3107799	CSMD1_exon_45	CSMD1	1	120	120	1.0
chr8	3108601	3108747	CSMD1_exon_44	CSMD1	2	146	240	0.61
chr8	3110156	3110334	CSMD1_exon_43	CSMD1	2	178	240	0.74
chr8	3118397	3118586	CSMD1_exon_42	CSMD1	2	189	240	0.79
chr8	3142463	3142673	CSMD1_exon_41	CSMD1	2	210	240	0.88
chr8	3151393	3151513	CSMD1_exon_40	CSMD1	1	120	120	1.0
chr8	3157867	3157987	CSMD1_exon_39	CSMD1	1	120	120	1.0
chr8	3162156	3162276	CSMD1_exon_38	CSMD1	1	120	120	1.0
chr8	3181100	3181220	CSMD1_exon_37	CSMD1	1	120	120	1.0
chr8	3187864	3187984	CSMD1_exon_36	CSMD1	1	120	120	1.0
chr8	3188887	3189007	CSMD1_exon_35	CSMD1	1	120	120	1.0
chr8	3189910	3190114	CSMD1_exon_34	CSMD1	2	204	240	0.85
chr8	3199708	3199828	CSMD1_exon_33	CSMD1	1	120	120	1.0
chr8	3201607	3201727	CSMD1_exon_32	CSMD1	1	120	120	1.0
chr8	3205500	3205620	CSMD1_exon_31	CSMD1	1	120	120	1.0
chr8	3214495	3214690	CSMD1_exon_30	CSMD1	2	195	240	0.81
chr8	3219253	3219441	CSMD1_exon_29	CSMD1	2	188	240	0.78
chr8	3223727	3223866	CSMD1_exon_28	CSMD1	2	139	240	0.58
chr8	3230038	3230230	CSMD1_exon_27	CSMD1	2	192	240	0.8
chr8	3284142	3284345	CSMD1_exon_26	CSMD1	2	203	240	0.85
chr8	3307696	3307816	CSMD1_exon_25	CSMD1	1	120	120	1.0
chr8	3308310	3308502	CSMD1_exon_24	CSMD1	2	192	240	0.8
chr8	3343292	3343449	CSMD1_exon_23	CSMD1	2	157	240	0.65
chr8	3347990	3348160	CSMD1_exon_22	CSMD1	2	170	240	0.71
chr8	3359150	3359339	CSMD1_exon_21	CSMD1	2	189	240	0.79
chr8	3367030	3367246	CSMD1_exon_20	CSMD1	2	216	240	0.9
chr8	3369250	3369370	CSMD1_exon_19	CSMD1	1	120	120	1.0
chr8	3387492	3387681	CSMD1_exon_18	CSMD1	2	189	240	0.79
chr8	3396192	3396380	CSMD1_exon_17	CSMD1	2	188	240	0.78
chr8	3399389	3399528	CSMD1_exon_16	CSMD1	2	139	240	0.58
chr8	3406025	3406220	CSMD1_exon_15	CSMD1	2	195	240	0.81
chr8	3407897	3408224	CSMD1_exon_14	CSMD1	3	327	360	0.91
chr8	3409421	3409604	CSMD1_exon_13	CSMD1	2	183	240	0.76
chr8	3468706	3468826	CSMD1_exon_12	CSMD1	1	120	120	1.0
chr8	3493613	3493733	CSMD1_exon_11	CSMD1	1	120	120	1.0
chr8	3574944	3575064	CSMD1_exon_10	CSMD1	1	120	120	1.0
chr8	3586136	3586256	CSMD1_exon_9	CSMD1	1	120	120	1.0
chr8	3616690	3616810	CSMD1_exon_8	CSMD1	1	120	120	1.0
chr8	3708375	3708495	CSMD1_exon_7	CSMD1	1	120	120	1.0
chr8	3753924	3754044	CSMD1_exon_6	CSMD1	1	120	120	1.0
chr8	3997901	3998109	CSMD1_exon_5	CSMD1	2	208	240	0.87
chr8	4031903	4032098	CSMD1_exon_4	CSMD1	2	195	240	0.81
chr8	4419947	4420067	CSMD1_exon_3	CSMD1	1	120	120	1.0
chr8	4637340	4637557	CSMD1_exon_2	CSMD1	2	217	240	0.9
chr8	4994330	4994913	CSMD1_exon_1	CSMD1	5	583	600	0.97
chr8	76681245	76681619	ZFHX4_exon_1	ZFHX4	4	374	480	0.78
chr8	76704041	76706677	ZFHX4_exon_2	ZFHX4	22	2636	2640	1.0
chr8	76707544	76708047	ZFHX4_exon_3	ZFHX4	5	503	600	0.84
chr8	76778206	76778438	ZFHX4_exon_4	ZFHX4	2	232	240	0.97
chr8	76833288	76833408	ZFHX4_exon_5	ZFHX4	1	120	120	1.0
chr8	76842651	76842771	ZFHX4_exon_6	ZFHX4	1	120	120	1.0
chr8	76848993	76849127	ZFHX4_exon_7	ZFHX4	2	134	240	0.56
chr8	76849510	76849711	ZFHX4_exon_8	ZFHX4	2	201	240	0.84
chr8	76850242	76850362	ZFHX4_exon_9	ZFHX4	1	120	120	1.0
chr8	76850884	76856299	ZFHX4_exon_10	ZFHX4	46	5415	5520	0.98
chr8	76863092	76867280	ZFHX4_exon_11	ZFHX4	35	4188	4200	1.0
chr8	116845932	116847690	RAD21_exon_14	RAD21	15	1758	1800	0.98
chr8	116848928	116849048	RAD21_exon_13	RAD21	1	120	120	1.0
chr8	116850616	116850766	RAD21_exon_12	RAD21	2	150	240	0.62
chr8	116851946	116852095	RAD21_exon_11	RAD21	2	149	240	0.62
chr8	116852547	116852707	RAD21_exon_10	RAD21	2	160	240	0.67
chr8	116854243	116854467	RAD21_exon_9	RAD21	2	224	240	0.93
chr8	116856165	116856285	RAD21_exon_8	RAD21	1	120	120	1.0
chr8	116856647	116856767	RAD21_exon_7	RAD21	1	120	120	1.0
chr8	116857265	116857472	RAD21_exon_6	RAD21	2	207	240	0.86
chr8	116858343	116858463	RAD21_exon_5	RAD21	1	120	120	1.0
chr8	116861829	116861949	RAD21_exon_4	RAD21	1	120	120	1.0
chr8	116863133	116863253	RAD21_exon_3	RAD21	1	120	120	1.0
chr8	116866584	116866760	RAD21_exon_2	RAD21	2	176	240	0.73
chr8	116874609	116874775	RAD21_exon_1	RAD21	2	166	240	0.69
chr8	127736229	127736622	MYC_exon_1	MYC	4	393	480	0.82
chr8	127738246	127739018	MYC_exon_2	MYC	7	772	840	0.92
chr8	127740394	127742950	MYC_exon_3	MYC	22	2556	2640	0.97
chr9	5066672	5066792	JAK2_exon_10	JAK2	1	120	120	1.0
chr9	5069020	5069207	JAK2_exon_11	JAK2	2	187	240	0.78
chr9	5069927	5070047	JAK2_exon_12	JAK2	1	120	120	1.0
chr9	5072490	5072625	JAK2_exon_13	JAK2	2	135	240	0.56
chr9	5073694	5073814	JAK2_exon_14	JAK2	1	120	120	1.0
chr9	5077455	5077575	JAK2_exon_15	JAK2	1	120	120	1.0
chr9	5078304	5078443	JAK2_exon_16	JAK2	2	139	240	0.58
chr9	21967766	21968241	CDKN2A_exon_3	CDKN2A	4	475	480	0.99
chr9	21970900	21971207	CDKN2A_exon_2	CDKN2A	3	307	360	0.85
chr9	21974676	21974856	CDKN2A_exon_1	CDKN2A	2	180	240	0.75
chr9	22002901	22006246	CDKN2B_exon_2	CDKN2B	28	3345	3360	1.0
chr9	22008796	22009304	CDKN2B_exon_1	CDKN2B	5	508	600	0.85
chr9	36833267	36840635	PAX5_exon_10	PAX5	62	7368	7440	0.99
chr9	36846835	36846955	PAX5_exon_9	PAX5	1	120	120	1.0
chr9	36881994	36882114	PAX5_exon_8	PAX5	1	120	120	1.0
chr9	36923358	36923478	PAX5_exon_7	PAX5	1	120	120	1.0
chr9	36966547	36966723	PAX5_exon_6	PAX5	2	176	240	0.73
chr9	37002650	37002770	PAX5_exon_5	PAX5	1	120	120	1.0
chr9	37006464	37006584	PAX5_exon_4	PAX5	1	120	120	1.0
chr9	37014995	37015193	PAX5_exon_3	PAX5	2	198	240	0.82
chr9	37020634	37020800	PAX5_exon_2	PAX5	2	166	240	0.69
chr9	37033984	37034267	PAX5_exon_1	PAX5	3	283	360	0.79
chr9	83968081	83969439	HNRNPK_exon_17	HNRNPK	12	1358	1440	0.94
chr9	83970160	83970330	HNRNPK_exon_16	HNRNPK	2	170	240	0.71
chr9	83970709	83970829	HNRNPK_exon_15	HNRNPK	1	120	120	1.0
chr9	83970793	83970913	HNRNPK_exon_14	HNRNPK	1	120	120	1.0
chr9	83971247	83971367	HNRNPK_exon_13	HNRNPK	1	120	120	1.0
chr9	83971621	83971741	HNRNPK_exon_12	HNRNPK	1	120	120	1.0
chr9	83971880	83972188	HNRNPK_exon_11	HNRNPK	3	308	360	0.86
chr9	83972846	83972966	HNRNPK_exon_10	HNRNPK	1	120	120	1.0
chr9	83973281	83973401	HNRNPK_exon_9	HNRNPK	1	120	120	1.0
chr9	83973865	83973985	HNRNPK_exon_8	HNRNPK	1	120	120	1.0
chr9	83974510	83974630	HNRNPK_exon_7	HNRNPK	1	120	120	1.0
chr9	83975412	83975532	HNRNPK_exon_6	HNRNPK	1	120	120	1.0
chr9	83976953	83977073	HNRNPK_exon_5	HNRNPK	1	120	120	1.0
chr9	83977685	83977805	HNRNPK_exon_4	HNRNPK	1	120	120	1.0
chr9	83978185	83978305	HNRNPK_exon_3	HNRNPK	1	120	120	1.0
chr9	83978351	83978471	HNRNPK_exon_2	HNRNPK	1	120	120	1.0
chr9	83980095	83980215	HNRNPK_exon_1	HNRNPK	1	120	120	1.0
chr9	136494431	136497557	NOTCH1_exon_34	NOTCH1	26	3126	3120	1.0
chr9	136498894	136499014	NOTCH1_exon_33	NOTCH1	1	120	120	1.0
chr9	136499110	136499258	NOTCH1_exon_32	NOTCH1	2	148	240	0.62
chr9	136500550	136500846	NOTCH1_exon_31	NOTCH1	3	296	360	0.82
chr9	136501746	136501912	NOTCH1_exon_30	NOTCH1	2	166	240	0.69
chr9	136501994	136502114	NOTCH1_exon_29	NOTCH1	1	120	120	1.0
chr9	136502270	136502487	NOTCH1_exon_28	NOTCH1	2	217	240	0.9
chr9	136503180	136503329	NOTCH1_exon_27	NOTCH1	2	149	240	0.62
chr9	136504671	136505103	NOTCH1_exon_26	NOTCH1	4	432	480	0.9
chr9	136505308	136505880	NOTCH1_exon_25	NOTCH1	5	572	600	0.95
chr9	136506521	136506641	NOTCH1_exon_24	NOTCH1	1	120	120	1.0
chr9	136506714	136506972	NOTCH1_exon_23	NOTCH1	3	258	360	0.72
chr9	136507303	136507436	NOTCH1_exon_22	NOTCH1	2	133	240	0.55
chr9	136507953	136508138	NOTCH1_exon_21	NOTCH1	2	185	240	0.77
chr9	136508230	136508384	NOTCH1_exon_20	NOTCH1	2	154	240	0.64
chr9	136508868	136509070	NOTCH1_exon_19	NOTCH1	2	202	240	0.84
chr9	136509731	136509960	NOTCH1_exon_18	NOTCH1	2	229	240	0.95
chr9	136510651	136510804	NOTCH1_exon_17	NOTCH1	2	153	240	0.64
chr9	136511150	136511270	NOTCH1_exon_16	NOTCH1	1	120	120	1.0
chr9	136513016	136513136	NOTCH1_exon_15	NOTCH1	1	120	120	1.0
chr9	136513390	136513536	NOTCH1_exon_14	NOTCH1	2	146	240	0.61
chr9	136514508	136514701	NOTCH1_exon_13	NOTCH1	2	193	240	0.8
chr9	136515283	136515403	NOTCH1_exon_12	NOTCH1	1	120	120	1.0
chr9	136515481	136515715	NOTCH1_exon_11	NOTCH1	2	234	240	0.97
chr9	136515976	136516096	NOTCH1_exon_10	NOTCH1	1	120	120	1.0
chr9	136517267	136517387	NOTCH1_exon_9	NOTCH1	1	120	120	1.0
chr9	136517750	136517936	NOTCH1_exon_8	NOTCH1	2	186	240	0.78
chr9	136518135	136518291	NOTCH1_exon_7	NOTCH1	2	156	240	0.65
chr9	136518589	136518823	NOTCH1_exon_6	NOTCH1	2	234	240	0.97
chr9	136519442	136519562	NOTCH1_exon_5	NOTCH1	1	120	120	1.0
chr9	136522848	136523187	NOTCH1_exon_4	NOTCH1	3	339	360	0.94
chr9	136523715	136523978	NOTCH1_exon_3	NOTCH1	3	263	360	0.73
chr9	136544016	136544136	NOTCH1_exon_2	NOTCH1	1	120	120	1.0
chr9	136545724	136546047	NOTCH1_exon_1	NOTCH1	3	323	360	0.9
chr10	8062184	8062304	GATA3_intronic	GATA3	1	120	120	1.0
chr10	27004114	27005722	ANKRD26_exon_34	ANKRD26	14	1608	1680	0.96
chr10	27006896	27007016	ANKRD26_exon_33	ANKRD26	1	120	120	1.0
chr10	27012880	27013109	ANKRD26_exon_32	ANKRD26	2	229	240	0.95
chr10	27014492	27014710	ANKRD26_exon_31	ANKRD26	2	218	240	0.91
chr10	27017500	27017791	ANKRD26_exon_30	ANKRD26	3	291	360	0.81
chr10	27022561	27022681	ANKRD26_exon_29	ANKRD26	1	120	120	1.0
chr10	27024441	27024561	ANKRD26_exon_28	ANKRD26	1	120	120	1.0
chr10	27028828	27028948	ANKRD26_exon_27	ANKRD26	1	120	120	1.0
chr10	27029261	27029381	ANKRD26_exon_26	ANKRD26	1	120	120	1.0
chr10	27033223	27033376	ANKRD26_exon_25	ANKRD26	2	153	240	0.64
chr10	27034794	27035751	ANKRD26_exon_24	ANKRD26	8	957	960	1.0
chr10	27037184	27037322	ANKRD26_exon_23	ANKRD26	2	138	240	0.57
chr10	27037869	27038053	ANKRD26_exon_22	ANKRD26	2	184	240	0.77
chr10	27039963	27040177	ANKRD26_exon_21	ANKRD26	2	214	240	0.89
chr10	27043424	27043566	ANKRD26_exon_20	ANKRD26	2	142	240	0.59
chr10	27044134	27044254	ANKRD26_exon_19	ANKRD26	1	120	120	1.0
chr10	27046351	27046522	ANKRD26_exon_18	ANKRD26	2	171	240	0.71
chr10	27048799	27048978	ANKRD26_exon_17	ANKRD26	2	179	240	0.75
chr10	27053318	27053438	ANKRD26_exon_16	ANKRD26	1	120	120	1.0
chr10	27060307	27060427	ANKRD26_exon_15	ANKRD26	1	120	120	1.0
chr10	27060508	27060628	ANKRD26_exon_14	ANKRD26	1	120	120	1.0
chr10	27061125	27061245	ANKRD26_exon_13	ANKRD26	1	120	120	1.0
chr10	27063978	27064098	ANKRD26_exon_12	ANKRD26	1	120	120	1.0
chr10	27066464	27066584	ANKRD26_exon_11	ANKRD26	1	120	120	1.0
chr10	27067160	27067280	ANKRD26_exon_10	ANKRD26	1	120	120	1.0
chr10	27077336	27077539	ANKRD26_exon_9	ANKRD26	2	203	240	0.85
chr10	27077591	27077711	ANKRD26_exon_8	ANKRD26	1	120	120	1.0
chr10	27079050	27079170	ANKRD26_exon_7	ANKRD26	1	120	120	1.0
chr10	27082718	27082838	ANKRD26_exon_6	ANKRD26	1	120	120	1.0
chr10	27086494	27086614	ANKRD26_exon_5	ANKRD26	1	120	120	1.0
chr10	27092397	27092517	ANKRD26_exon_4	ANKRD26	1	120	120	1.0
chr10	27093347	27093521	ANKRD26_exon_3	ANKRD26	2	174	240	0.72
chr10	27093680	27093800	ANKRD26_exon_2	ANKRD26	1	120	120	1.0
chr10	27100326	27100510	ANKRD26_5UTR	ANKRD26	2	184	240	0.77
chr10	87863623	87864547	PTEN_exon_1	PTEN	8	924	960	0.96
chr10	87894005	87894125	PTEN_exon_2	PTEN	1	120	120	1.0
chr10	87925474	87925594	PTEN_exon_3	PTEN	1	120	120	1.0
chr10	87931032	87931152	PTEN_exon_4	PTEN	1	120	120	1.0
chr10	87933011	87933250	PTEN_exon_5	PTEN	2	239	240	1.0
chr10	87952116	87952258	PTEN_exon_6	PTEN	2	142	240	0.59
chr10	87957851	87958018	PTEN_exon_7	PTEN	2	167	240	0.7
chr10	87960893	87961117	PTEN_exon_8	PTEN	2	224	240	0.93
chr10	87965285	87971929	PTEN_exon_9	PTEN	55	6644	6600	1.01
chr10	110567693	110567830	SMC3_exon_1	SMC3	2	137	240	0.57
chr10	110568900	110569020	SMC3_exon_2	SMC3	1	120	120	1.0
chr10	110573680	110573800	SMC3_exon_3	SMC3	1	120	120	1.0
chr10	110575303	110575423	SMC3_exon_4	SMC3	1	120	120	1.0
chr10	110577381	110577501	SMC3_exon_5	SMC3	1	120	120	1.0
chr10	110577808	110577928	SMC3_exon_6	SMC3	1	120	120	1.0
chr10	110578598	110578718	SMC3_exon_7	SMC3	1	120	120	1.0
chr10	110580901	110581021	SMC3_exon_8	SMC3	1	120	120	1.0
chr10	110581921	110582097	SMC3_exon_9	SMC3	2	176	240	0.73
chr10	110582543	110582663	SMC3_exon_10	SMC3	1	120	120	1.0
chr10	110583382	110583547	SMC3_exon_11	SMC3	2	165	240	0.69
chr10	110583840	110583960	SMC3_exon_12	SMC3	1	120	120	1.0
chr10	110584181	110584395	SMC3_exon_13	SMC3	2	214	240	0.89
chr10	110589598	110589718	SMC3_exon_14	SMC3	1	120	120	1.0
chr10	110589888	110590008	SMC3_exon_15	SMC3	1	120	120	1.0
chr10	110590410	110590571	SMC3_exon_16	SMC3	2	161	240	0.67
chr10	110590989	110591131	SMC3_exon_17	SMC3	2	142	240	0.59
chr10	110593071	110593222	SMC3_exon_18	SMC3	2	151	240	0.63
chr10	110596396	110596549	SMC3_exon_19	SMC3	2	153	240	0.64
chr10	110598137	110598289	SMC3_exon_20	SMC3	2	152	240	0.63
chr10	110599652	110599811	SMC3_exon_21	SMC3	2	159	240	0.66
chr10	110600431	110600551	SMC3_exon_22	SMC3	1	120	120	1.0
chr10	110601014	110601134	SMC3_exon_23	SMC3	1	120	120	1.0
chr10	110601635	110601883	SMC3_exon_24	SMC3	2	248	240	1.03
chr10	110601964	110602177	SMC3_exon_25	SMC3	2	213	240	0.89
chr10	110602472	110602664	SMC3_exon_26	SMC3	2	192	240	0.8
chr10	110602823	110603001	SMC3_exon_27	SMC3	2	178	240	0.74
chr10	110603175	110603295	SMC3_exon_28	SMC3	1	120	120	1.0
chr10	110604229	110606047	SMC3_exon_29	SMC3	14	1818	1680	1.08
chr11	532240	532521	HRAS_exon_6	HRAS	3	281	360	0.78
chr11	532631	532751	HRAS_exon_5	HRAS	1	120	120	1.0
chr11	533451	533611	HRAS_exon_4	HRAS	2	160	240	0.67
chr11	533764	533943	HRAS_exon_3	HRAS	2	179	240	0.75
chr11	534210	534374	HRAS_exon_2	HRAS	2	164	240	0.68
chr11	535414	535591	HRAS_exon_1	HRAS	2	177	240	0.74
chr11	14277920	14279423	RRAS2_exon_6	RRAS2	13	1503	1560	0.96
chr11	14281599	14281719	RRAS2_exon_5	RRAS2	1	120	120	1.0
chr11	14294463	14294583	RRAS2_exon_4	RRAS2	1	120	120	1.0
chr11	14294750	14294870	RRAS2_exon_3	RRAS2	1	120	120	1.0
chr11	14295749	14295869	RRAS2_exon_2	RRAS2	1	120	120	1.0
chr11	14358761	14359182	RRAS2_exon_1	RRAS2	4	421	480	0.88
chr11	32387773	32389178	WT1_exon_10	WT1	12	1405	1440	0.98
chr11	32391964	32392084	WT1_exon_9	WT1	1	120	120	1.0
chr11	32392649	32392769	WT1_exon_8	WT1	1	120	120	1.0
chr11	32396255	32396406	WT1_exon_7	WT1	2	151	240	0.63
chr11	32399947	32400067	WT1_exon_6	WT1	1	120	120	1.0
chr11	32416456	32416576	WT1_exon_5	WT1	1	120	120	1.0
chr11	32417542	32417662	WT1_exon_4	WT1	1	120	120	1.0
chr11	32427947	32428067	WT1_exon_3	WT1	1	120	120	1.0
chr11	32428496	32428616	WT1_exon_2	WT1	1	120	120	1.0
chr11	32434698	32435538	WT1_exon_1	WT1	7	840	840	1.0
chr11	64764604	64766154	SF1_exon_13	SF1	13	1550	1560	0.99
chr11	64766898	64767078	SF1_exon_12	SF1	2	180	240	0.75
chr11	64767175	64767295	SF1_exon_11	SF1	1	120	120	1.0
chr11	64767569	64767843	SF1_exon_10	SF1	3	274	360	0.76
chr11	64768104	64768285	SF1_exon_9	SF1	2	181	240	0.75
chr11	64769014	64769134	SF1_exon_8	SF1	1	120	120	1.0
chr11	64769219	64769339	SF1_exon_7	SF1	1	120	120	1.0
chr11	64769424	64769608	SF1_exon_6	SF1	2	184	240	0.77
chr11	64769960	64770080	SF1_exon_5	SF1	1	120	120	1.0
chr11	64770254	64770407	SF1_exon_4	SF1	2	153	240	0.64
chr11	64773411	64773531	SF1_exon_3	SF1	1	120	120	1.0
chr11	64776500	64776620	SF1_exon_2	SF1	1	120	120	1.0
chr11	64778360	64778541	SF1_exon_1	SF1	2	181	240	0.75
chr11	86244751	86245342	EED_exon_1	EED	5	591	600	0.98
chr11	86250294	86250447	EED_exon_2	EED	2	153	240	0.64
chr11	86252144	86252264	EED_exon_3	EED	1	120	120	1.0
chr11	86255184	86255304	EED_exon_4	EED	1	120	120	1.0
chr11	86256388	86256508	EED_exon_5	EED	1	120	120	1.0
chr11	86257508	86257628	EED_exon_6	EED	1	120	120	1.0
chr11	86264170	86264290	EED_exon_7	EED	1	120	120	1.0
chr11	86266081	86266215	EED_exon_8	EED	2	134	240	0.56
chr11	86268447	86268567	EED_exon_9	EED	1	120	120	1.0
chr11	86276978	86277137	EED_exon_10	EED	2	159	240	0.66
chr11	86277916	86278036	EED_exon_11	EED	1	120	120	1.0
chr11	86278397	86278809	EED_exon_12	EED	4	412	480	0.86
chr11	102317451	102317571	BIRC3_exon_1	BIRC3	1	120	120	1.0
chr11	102321835	102325361	BIRC3_exon_2	BIRC3	30	3526	3600	0.98
chr11	102325446	102325566	BIRC3_exon_3	BIRC3	1	120	120	1.0
chr11	102328049	102328169	BIRC3_exon_4	BIRC3	1	120	120	1.0
chr11	102328890	102329010	BIRC3_exon_5	BIRC3	1	120	120	1.0
chr11	102330997	102331240	BIRC3_exon_6	BIRC3	2	243	240	1.01
chr11	102335964	102336219	BIRC3_exon_7	BIRC3	3	255	360	0.71
chr11	102336697	102336817	BIRC3_exon_8	BIRC3	1	120	120	1.0
chr11	102336907	102339402	BIRC3_exon_9	BIRC3	20	2495	2400	1.04
chr11	108223065	108223185	ATM_exon_1	ATM	1	120	120	1.0
chr11	108227588	108227708	ATM_exon_2	ATM	1	120	120	1.0
chr11	108227770	108227890	ATM_exon_3	ATM	1	120	120	1.0
chr11	108229176	108229322	ATM_exon_4	ATM	2	146	240	0.61
chr11	108235668	108235833	ATM_exon_5	ATM	2	165	240	0.69
chr11	108243951	108244117	ATM_exon_6	ATM	2	166	240	0.69
chr11	108244786	108245025	ATM_exon_7	ATM	2	239	240	1.0
chr11	108246962	108247126	ATM_exon_8	ATM	2	164	240	0.68
chr11	108248931	108249101	ATM_exon_9	ATM	2	170	240	0.71
chr11	108250699	108251071	ATM_exon_10	ATM	4	372	480	0.78
chr11	108251835	108252030	ATM_exon_11	ATM	2	195	240	0.81
chr11	108252802	108252922	ATM_exon_12	ATM	1	120	120	1.0
chr11	108253812	108254038	ATM_exon_13	ATM	2	226	240	0.94
chr11	108256216	108256336	ATM_exon_14	ATM	1	120	120	1.0
chr11	108257482	108257602	ATM_exon_15	ATM	1	120	120	1.0
chr11	108258981	108259101	ATM_exon_16	ATM	1	120	120	1.0
chr11	108267169	108267341	ATM_exon_17	ATM	2	172	240	0.72
chr11	108268408	108268608	ATM_exon_18	ATM	2	200	240	0.83
chr11	108271027	108271147	ATM_exon_19	ATM	1	120	120	1.0
chr11	108271249	108271405	ATM_exon_20	ATM	2	156	240	0.65
chr11	108272519	108272639	ATM_exon_21	ATM	1	120	120	1.0
chr11	108272725	108272845	ATM_exon_22	ATM	1	120	120	1.0
chr11	108279488	108279608	ATM_exon_23	ATM	1	120	120	1.0
chr11	108280993	108281167	ATM_exon_24	ATM	2	174	240	0.72
chr11	108282708	108282878	ATM_exon_25	ATM	2	170	240	0.71
chr11	108284225	108284472	ATM_exon_26	ATM	2	247	240	1.03
chr11	108287596	108287716	ATM_exon_27	ATM	1	120	120	1.0
chr11	108288978	108289098	ATM_exon_28	ATM	1	120	120	1.0
chr11	108289600	108289800	ATM_exon_29	ATM	2	200	240	0.83
chr11	108292617	108292792	ATM_exon_30	ATM	2	175	240	0.73
chr11	108293311	108293476	ATM_exon_31	ATM	2	165	240	0.69
chr11	108294925	108295058	ATM_exon_32	ATM	2	133	240	0.55
chr11	108297285	108297405	ATM_exon_33	ATM	1	120	120	1.0
chr11	108299712	108299884	ATM_exon_34	ATM	2	172	240	0.72
chr11	108301646	108301788	ATM_exon_35	ATM	2	142	240	0.59
chr11	108302851	108303028	ATM_exon_36	ATM	2	177	240	0.74
chr11	108304673	108304851	ATM_exon_37	ATM	2	178	240	0.74
chr11	108307865	108307985	ATM_exon_38	ATM	1	120	120	1.0
chr11	108310158	108310314	ATM_exon_39	ATM	2	156	240	0.65
chr11	108312393	108312513	ATM_exon_40	ATM	1	120	120	1.0
chr11	108315803	108315923	ATM_exon_41	ATM	1	120	120	1.0
chr11	108316009	108316129	ATM_exon_42	ATM	1	120	120	1.0
chr11	108317371	108317520	ATM_exon_43	ATM	2	149	240	0.62
chr11	108319944	108320064	ATM_exon_44	ATM	1	120	120	1.0
chr11	108321299	108321419	ATM_exon_45	ATM	1	120	120	1.0
chr11	108325308	108325543	ATM_exon_46	ATM	2	235	240	0.98
chr11	108326056	108326224	ATM_exon_47	ATM	2	168	240	0.7
chr11	108327640	108327760	ATM_exon_48	ATM	1	120	120	1.0
chr11	108329019	108329237	ATM_exon_49	ATM	2	218	240	0.91
chr11	108330212	108330420	ATM_exon_50	ATM	2	208	240	0.87
chr11	108331439	108331559	ATM_exon_51	ATM	1	120	120	1.0
chr11	108331877	108332036	ATM_exon_52	ATM	2	159	240	0.66
chr11	108332760	108332899	ATM_exon_53	ATM	2	139	240	0.58
chr11	108333850	108333970	ATM_exon_54	ATM	1	120	120	1.0
chr11	108334967	108335108	ATM_exon_55	ATM	2	141	240	0.59
chr11	108335841	108335961	ATM_exon_56	ATM	1	120	120	1.0
chr11	108343220	108343370	ATM_exon_57	ATM	2	150	240	0.62
chr11	108345741	108345907	ATM_exon_58	ATM	2	166	240	0.69
chr11	108347251	108347371	ATM_exon_59	ATM	1	120	120	1.0
chr11	108353761	108353881	ATM_exon_60	ATM	1	120	120	1.0
chr11	108354755	108354875	ATM_exon_61	ATM	1	120	120	1.0
chr11	108365080	108365217	ATM_exon_62	ATM	2	137	240	0.57
chr11	108365323	108369101	ATM_exon_63	ATM	27	3778	3240	1.17
chr11	118436490	118436943	KMT2A_exon_1	KMT2A	4	453	480	0.94
chr11	118468762	118468882	KMT2A_exon_2	KMT2A	1	120	120	1.0
chr11	118471660	118474314	KMT2A_exon_3	KMT2A	23	2654	2760	0.96
chr11	118476803	118476981	KMT2A_exon_4	KMT2A	2	178	240	0.74
chr11	118477965	118478200	KMT2A_exon_5	KMT2A	2	235	240	0.98
chr11	118480158	118480278	KMT2A_exon_6	KMT2A	1	120	120	1.0
chr11	118481713	118482091	KMT2A_exon_7	KMT2A	4	378	480	0.79
chr11	118482419	118482539	KMT2A_exon_8	KMT2A	1	120	120	1.0
chr11	118484181	118484313	KMT2A_exon_9	KMT2A	2	132	240	0.55
chr11	118484857	118484977	KMT2A_exon_10	KMT2A	1	120	120	1.0
chr11	118488612	118488759	KMT2A_exon_11	KMT2A	2	147	240	0.61
chr11	118489787	118489907	KMT2A_exon_12	KMT2A	1	120	120	1.0
chr11	118490127	118490247	KMT2A_exon_13	KMT2A	1	120	120	1.0
chr11	118491195	118491315	KMT2A_exon_14	KMT2A	1	120	120	1.0
chr11	118491742	118491927	KMT2A_exon_15	KMT2A	2	185	240	0.77
chr11	118493055	118493229	KMT2A_exon_16	KMT2A	2	174	240	0.72
chr11	118494281	118494401	KMT2A_exon_17	KMT2A	1	120	120	1.0
chr11	118494690	118494810	KMT2A_exon_18	KMT2A	1	120	120	1.0
chr11	118495698	118495892	KMT2A_exon_19	KMT2A	2	194	240	0.81
chr11	118496252	118496372	KMT2A_exon_20	KMT2A	1	120	120	1.0
chr11	118497934	118498072	KMT2A_exon_21	KMT2A	2	138	240	0.57
chr11	118498368	118498527	KMT2A_exon_22	KMT2A	2	159	240	0.66
chr11	118499300	118499420	KMT2A_exon_23	KMT2A	1	120	120	1.0
chr11	118499827	118499947	KMT2A_exon_24	KMT2A	1	120	120	1.0
chr11	118500985	118501146	KMT2A_exon_25	KMT2A	2	161	240	0.67
chr11	118501670	118501856	KMT2A_exon_26	KMT2A	2	186	240	0.78
chr11	118502396	118506645	KMT2A_exon_27	KMT2A	36	4249	4320	0.98
chr11	118507520	118507640	KMT2A_exon_28	KMT2A	1	120	120	1.0
chr11	118509130	118509250	KMT2A_exon_29	KMT2A	1	120	120	1.0
chr11	118509946	118510117	KMT2A_exon_30	KMT2A	2	171	240	0.71
chr11	118511941	118512061	KMT2A_exon_31	KMT2A	1	120	120	1.0
chr11	118519616	118519791	KMT2A_exon_32	KMT2A	2	175	240	0.73
chr11	118519949	118520069	KMT2A_exon_33	KMT2A	1	120	120	1.0
chr11	118520783	118520903	KMT2A_exon_34	KMT2A	1	120	120	1.0
chr11	118521291	118521411	KMT2A_exon_35	KMT2A	1	120	120	1.0
chr11	118521895	118526831	KMT2A_exon_36	KMT2A	42	4936	5040	0.98
chr11	119206337	119206611	CBL_exon_1	CBL	3	274	360	0.76
chr11	119232446	119232694	CBL_exon_2	CBL	2	248	240	1.03
chr11	119271733	119271880	CBL_exon_3	CBL	2	147	240	0.61
chr11	119273866	119274023	CBL_exon_4	CBL	2	157	240	0.65
chr11	119274831	119274951	CBL_exon_5	CBL	1	120	120	1.0
chr11	119275995	119276133	CBL_exon_6	CBL	2	138	240	0.57
chr11	119277732	119277852	CBL_exon_7	CBL	1	120	120	1.0
chr11	119278164	119278296	CBL_exon_8	CBL	2	132	240	0.55
chr11	119278508	119278712	CBL_exon_9	CBL	2	204	240	0.85
chr11	119284967	119285099	CBL_exon_10	CBL	2	132	240	0.55
chr11	119285187	119285565	CBL_exon_11	CBL	4	378	480	0.79
chr11	119287842	119287962	CBL_exon_12	CBL	1	120	120	1.0
chr11	119296914	119297034	CBL_exon_13	CBL	1	120	120	1.0
chr11	119297362	119297482	CBL_exon_14	CBL	1	120	120	1.0
chr11	119298356	119298539	CBL_exon_15	CBL	2	183	240	0.76
chr11	119299493	119308148	CBL_exon_16	CBL	70	8655	8400	1.03
chr12	11649672	11650159	ETV6_exon_1	ETV6	4	487	480	1.01
chr12	11752453	11752573	ETV6_exon_2	ETV6	1	120	120	1.0
chr12	11839138	11839303	ETV6_exon_3	ETV6	2	165	240	0.69
chr12	11853425	11853560	ETV6_exon_4	ETV6	2	135	240	0.56
chr12	11869422	11869968	ETV6_exon_5	ETV6	5	546	600	0.91
chr12	11884443	11884586	ETV6_exon_6	ETV6	2	143	240	0.6
chr12	11885917	11886037	ETV6_exon_7	ETV6	1	120	120	1.0
chr12	11890939	11895376	ETV6_exon_8	ETV6	35	4437	4200	1.06
chr12	12717366	12718313	CDKN1B_exon_1	CDKN1B	8	947	960	0.99
chr12	12718828	12718948	CDKN1B_exon_2	CDKN1B	1	120	120	1.0
chr12	12721034	12722368	CDKN1B_exon_3	CDKN1B	12	1334	1440	0.93
chr12	22625169	22625585	ETNK1_exon_1	ETNK1	4	416	480	0.87
chr12	22643761	22644021	ETNK1_exon_2	ETNK1	3	260	360	0.72
chr12	22659012	22659153	ETNK1_exon_3	ETNK1	2	141	240	0.59
chr12	22661061	22661204	ETNK1_exon_4	ETNK1	2	143	240	0.6
chr12	22671252	22671372	ETNK1_exon_5	ETNK1	1	120	120	1.0
chr12	22673498	22673659	ETNK1_exon_6	ETNK1	2	161	240	0.67
chr12	22684480	22684600	ETNK1_exon_7	ETNK1	1	120	120	1.0
chr12	22684880	22690664	ETNK1_exon_8	ETNK1	48	5784	5760	1.0
chr12	25205244	25209910	KRAS_exon_5	KRAS	37	4666	4440	1.05
chr12	25225612	25225772	KRAS_exon_4	KRAS	2	160	240	0.67
chr12	25227232	25227411	KRAS_exon_3	KRAS	2	179	240	0.75
chr12	25245273	25245393	KRAS_exon_2	KRAS	1	120	120	1.0
chr12	25250749	25250928	KRAS_exon_1	KRAS	2	179	240	0.75
chr12	49623516	49623636	PRPF40B_exon_1	PRPF40B	1	120	120	1.0
chr12	49630522	49630642	PRPF40B_exon_2	PRPF40B	1	120	120	1.0
chr12	49631399	49631543	PRPF40B_exon_3	PRPF40B	2	144	240	0.6
chr12	49631819	49631939	PRPF40B_exon_4	PRPF40B	1	120	120	1.0
chr12	49632514	49632634	PRPF40B_exon_5	PRPF40B	1	120	120	1.0
chr12	49632825	49632945	PRPF40B_exon_6	PRPF40B	1	120	120	1.0
chr12	49633007	49633127	PRPF40B_exon_7	PRPF40B	1	120	120	1.0
chr12	49633425	49633545	PRPF40B_exon_8	PRPF40B	1	120	120	1.0
chr12	49633588	49633708	PRPF40B_exon_9	PRPF40B	1	120	120	1.0
chr12	49633884	49634091	PRPF40B_exon_10	PRPF40B	2	207	240	0.86
chr12	49634332	49634452	PRPF40B_exon_11	PRPF40B	1	120	120	1.0
chr12	49634521	49634641	PRPF40B_exon_12	PRPF40B	1	120	120	1.0
chr12	49635097	49635262	PRPF40B_exon_13	PRPF40B	2	165	240	0.69
chr12	49635357	49635477	PRPF40B_exon_14	PRPF40B	1	120	120	1.0
chr12	49635841	49635992	PRPF40B_exon_15	PRPF40B	2	151	240	0.63
chr12	49636714	49636848	PRPF40B_exon_16	PRPF40B	2	134	240	0.56
chr12	49637465	49637585	PRPF40B_exon_17	PRPF40B	1	120	120	1.0
chr12	49637707	49637827	PRPF40B_exon_18	PRPF40B	1	120	120	1.0
chr12	49641904	49642024	PRPF40B_exon_19	PRPF40B	1	120	120	1.0
chr12	49642233	49642371	PRPF40B_exon_20	PRPF40B	2	138	240	0.57
chr12	49642570	49642690	PRPF40B_exon_21	PRPF40B	1	120	120	1.0
chr12	49642921	49643041	PRPF40B_exon_22	PRPF40B	1	120	120	1.0
chr12	49643221	49643396	PRPF40B_exon_23	PRPF40B	2	175	240	0.73
chr12	49643689	49643809	PRPF40B_exon_24	PRPF40B	1	120	120	1.0
chr12	49643859	49644003	PRPF40B_exon_25	PRPF40B	2	144	240	0.6
chr12	49644098	49644664	PRPF40B_exon_26	PRPF40B	5	566	600	0.94
chr12	54292109	54293380	NFE2_exon_3	NFE2	11	1271	1320	0.96
chr12	54295133	54295303	NFE2_exon_2	NFE2	2	170	240	0.71
chr12	54300799	54301014	NFE2_exon_1	NFE2	2	215	240	0.9
chr12	92140276	92144446	BTG1_exon_2	BTG1	35	4170	4200	0.99
chr12	92145386	92145845	BTG1_exon_1	BTG1	4	459	480	0.96
chr12	111405921	111406276	SH2B3_exon_1	SH2B3	3	355	360	0.99
chr12	111418117	111418876	SH2B3_exon_2	SH2B3	7	759	840	0.9
chr12	111446752	111446872	SH2B3_exon_3	SH2B3	1	120	120	1.0
chr12	111446920	111447040	SH2B3_exon_4	SH2B3	1	120	120	1.0
chr12	111447113	111447233	SH2B3_exon_5	SH2B3	1	120	120	1.0
chr12	111447328	111447543	SH2B3_exon_6	SH2B3	2	215	240	0.9
chr12	111447654	111447826	SH2B3_exon_7	SH2B3	2	172	240	0.72
chr12	111447981	111451622	SH2B3_exon_8	SH2B3	29	3641	3480	1.05
chr12	112418945	112419124	PTPN11_exon_1	PTPN11	2	179	240	0.75
chr12	112446275	112446395	PTPN11_exon_2	PTPN11	1	120	120	1.0
chr12	112450316	112450511	PTPN11_exon_3	PTPN11	2	195	240	0.81
chr12	112453193	112453386	PTPN11_exon_4	PTPN11	2	193	240	0.8
chr12	112454560	112454680	PTPN11_exon_5	PTPN11	1	120	120	1.0
chr12	112455945	112456065	PTPN11_exon_6	PTPN11	1	120	120	1.0
chr12	112472939	112473059	PTPN11_exon_7	PTPN11	1	120	120	1.0
chr12	112477611	112477731	PTPN11_exon_8	PTPN11	1	120	120	1.0
chr12	112477855	112478014	PTPN11_exon_9	PTPN11	2	159	240	0.66
chr12	112482072	112482204	PTPN11_exon_10	PTPN11	2	132	240	0.55
chr12	112486473	112486628	PTPN11_exon_11	PTPN11	2	155	240	0.65
chr12	112488415	112488535	PTPN11_exon_12	PTPN11	1	120	120	1.0
chr12	112489022	112489174	PTPN11_exon_13	PTPN11	2	152	240	0.63
chr12	112502138	112502258	PTPN11_exon_14	PTPN11	1	120	120	1.0
chr12	112504681	112504801	PTPN11_exon_15	PTPN11	1	120	120	1.0
chr12	112505823	112509917	PTPN11_exon_16	PTPN11	35	4094	4200	0.97
chr12	121803993	121804248	SETD1B_exon_1	SETD1B	2	255	240	1.06
chr12	121804722	121804910	SETD1B_exon_2	SETD1B	2	188	240	0.78
chr12	121805102	121805222	SETD1B_exon_3	SETD1B	1	120	120	1.0
chr12	121805833	121806104	SETD1B_exon_4	SETD1B	3	271	360	0.75
chr12	121808202	121808322	SETD1B_exon_5	SETD1B	1	120	120	1.0
chr12	121809601	121810834	SETD1B_exon_6	SETD1B	11	1233	1320	0.93
chr12	121814104	121814929	SETD1B_exon_7	SETD1B	7	825	840	0.98
chr12	121817031	121817293	SETD1B_exon_8	SETD1B	3	262	360	0.73
chr12	121817368	121817703	SETD1B_exon_9	SETD1B	3	335	360	0.93
chr12	121817790	121817910	SETD1B_exon_10	SETD1B	1	120	120	1.0
chr12	121819402	121819894	SETD1B_exon_11	SETD1B	5	492	600	0.82
chr12	121822488	121823748	SETD1B_exon_12	SETD1B	11	1260	1320	0.95
chr12	121825198	121825365	SETD1B_exon_13	SETD1B	2	167	240	0.7
chr12	121827517	121827649	SETD1B_exon_14	SETD1B	2	132	240	0.55
chr12	121827733	121827853	SETD1B_exon_15	SETD1B	1	120	120	1.0
chr12	121827931	121828069	SETD1B_exon_16	SETD1B	2	138	240	0.57
chr12	121830064	121832655	SETD1B_exon_17	SETD1B	21	2591	2520	1.03
chr13	28003272	28004173	FLT3_exon_24	FLT3	8	901	960	0.94
chr13	28014443	28014563	FLT3_exon_23	FLT3	1	120	120	1.0
chr13	28015143	28015263	FLT3_exon_22	FLT3	1	120	120	1.0
chr13	28015584	28015704	FLT3_exon_21	FLT3	1	120	120	1.0
chr13	28018466	28018586	FLT3_exon_20	FLT3	1	120	120	1.0
chr13	28023352	28023472	FLT3_exon_19	FLT3	1	120	120	1.0
chr13	28024824	28024944	FLT3_exon_18	FLT3	1	120	120	1.0
chr13	28027086	28027240	FLT3_exon_17	FLT3	2	154	240	0.64
chr13	28028171	28028291	FLT3_exon_16	FLT3	1	120	120	1.0
chr13	28033877	28033997	FLT3_exon_15	FLT3	1	120	120	1.0
chr13	28034080	28034213	FLT3_exon_14	FLT3	2	133	240	0.55
chr13	28034292	28034412	FLT3_exon_13	FLT3	1	120	120	1.0
chr13	28035493	28035672	FLT3_exon_12	FLT3	2	179	240	0.75
chr13	28035927	28036047	FLT3_exon_11	FLT3	1	120	120	1.0
chr13	28037169	28037289	FLT3_exon_10	FLT3	1	120	120	1.0
chr13	28048273	28048442	FLT3_exon_9	FLT3	2	169	240	0.7
chr13	28049382	28049536	FLT3_exon_8	FLT3	2	154	240	0.64
chr13	28049633	28049773	FLT3_exon_7	FLT3	2	140	240	0.58
chr13	28050097	28050217	FLT3_exon_6	FLT3	1	120	120	1.0
chr13	28052548	28052668	FLT3_exon_5	FLT3	1	120	120	1.0
chr13	28057343	28057463	FLT3_exon_4	FLT3	1	120	120	1.0
chr13	28061865	28062068	FLT3_exon_3	FLT3	2	203	240	0.85
chr13	28070490	28070610	FLT3_exon_2	FLT3	1	120	120	1.0
chr13	28100460	28100580	FLT3_exon_1	FLT3	1	120	120	1.0
chr13	108207440	108211295	LIG4_exon_3	LIG4	33	3855	3960	0.97
chr13	108214515	108214635	LIG4_exon_2	LIG4	1	120	120	1.0
chr13	108215440	108215560	LIG4_exon_1	LIG4	1	120	120	1.0
chr14	99169285	99176194	BCL11B_exon_4	BCL11B	58	6909	6960	0.99
chr14	99231343	99231556	BCL11B_exon_3	BCL11B	2	213	240	0.89
chr14	99257469	99257838	BCL11B_exon_2	BCL11B	3	369	360	1.02
chr14	99271159	99272196	BCL11B_exon_1	BCL11B	7	1037	840	1.23
chr14	104769347	104770419	AKT1_exon_15	AKT1	9	1072	1080	0.99
chr14	104770737	104770857	AKT1_exon_14	AKT1	1	120	120	1.0
chr14	104772360	104772480	AKT1_exon_13	AKT1	1	120	120	1.0
chr14	104772876	104773091	AKT1_exon_12	AKT1	2	215	240	0.9
chr14	104773253	104773373	AKT1_exon_11	AKT1	1	120	120	1.0
chr14	104773456	104773576	AKT1_exon_10	AKT1	1	120	120	1.0
chr14	104773884	104774004	AKT1_exon_9	AKT1	1	120	120	1.0
chr14	104774909	104775029	AKT1_exon_8	AKT1	1	120	120	1.0
chr14	104775074	104775206	AKT1_exon_7	AKT1	2	132	240	0.55
chr14	104775650	104775798	AKT1_exon_6	AKT1	2	148	240	0.62
chr14	104776653	104776773	AKT1_exon_5	AKT1	1	120	120	1.0
chr14	104780090	104780210	AKT1_exon_4	AKT1	1	120	120	1.0
chr14	104792598	104792718	AKT1_exon_3	AKT1	1	120	120	1.0
chr14	104793125	104793303	AKT1_exon_2	AKT1	2	178	240	0.74
chr14	104795482	104795747	AKT1_exon_1	AKT1	3	265	360	0.74
chr15	40695172	40695424	RAD51_exon_1	RAD51	3	252	360	0.7
chr15	40698750	40698870	RAD51_exon_2	RAD51	1	120	120	1.0
chr15	40701062	40701200	RAD51_exon_3	RAD51	2	138	240	0.57
chr15	40706174	40706294	RAD51_exon_4	RAD51	1	120	120	1.0
chr15	40709011	40709131	RAD51_exon_5	RAD51	1	120	120	1.0
chr15	40718789	40718909	RAD51_exon_6	RAD51	1	120	120	1.0
chr15	40728706	40728826	RAD51_exon_7	RAD51	1	120	120	1.0
chr15	40729508	40729628	RAD51_exon_8	RAD51	1	120	120	1.0
chr15	40729852	40729972	RAD51_exon_9	RAD51	1	120	120	1.0
chr15	40731053	40732339	RAD51_exon_10	RAD51	9	1286	1080	1.19
chr15	66386910	66387426	MAP2K1_exon_1	MAP2K1	5	516	600	0.86
chr15	66435025	66435236	MAP2K1_exon_2	MAP2K1	2	211	240	0.88
chr15	66436744	66436891	MAP2K1_exon_3	MAP2K1	2	147	240	0.61
chr15	66443247	66443367	MAP2K1_exon_4	MAP2K1	1	120	120	1.0
chr15	66444615	66444735	MAP2K1_exon_5	MAP2K1	1	120	120	1.0
chr15	66481755	66481875	MAP2K1_exon_6	MAP2K1	1	120	120	1.0
chr15	66484988	66485190	MAP2K1_exon_7	MAP2K1	2	202	240	0.84
chr15	66487223	66487343	MAP2K1_exon_8	MAP2K1	1	120	120	1.0
chr15	66489210	66489330	MAP2K1_exon_9	MAP2K1	1	120	120	1.0
chr15	66489666	66489786	MAP2K1_exon_10	MAP2K1	1	120	120	1.0
chr15	66490500	66491543	MAP2K1_exon_11	MAP2K1	9	1043	1080	0.97
chr15	89305910	89306030	FANCI_intron31	FANCI	1	120	120	1.0
chr15	90088585	90088746	IDH2_exon_4	IDH2	2	161	240	0.67
chr16	14435699	14436771	PARN_exon_24	PARN	9	1072	1080	0.99
chr16	14446886	14447080	PARN_exon_23	PARN	2	194	240	0.81
chr16	14482636	14482826	PARN_exon_22	PARN	2	190	240	0.79
chr16	14552019	14552139	PARN_exon_21	PARN	1	120	120	1.0
chr16	14554041	14554161	PARN_exon_20	PARN	1	120	120	1.0
chr16	14555594	14555714	PARN_exon_19	PARN	1	120	120	1.0
chr16	14580824	14580944	PARN_exon_18	PARN	1	120	120	1.0
chr16	14582174	14582294	PARN_exon_17	PARN	1	120	120	1.0
chr16	14584319	14584439	PARN_exon_16	PARN	1	120	120	1.0
chr16	14584673	14584793	PARN_exon_15	PARN	1	120	120	1.0
chr16	14586288	14586408	PARN_exon_14	PARN	1	120	120	1.0
chr16	14593278	14593398	PARN_exon_13	PARN	1	120	120	1.0
chr16	14599845	14599965	PARN_exon_12	PARN	1	120	120	1.0
chr16	14604107	14604227	PARN_exon_11	PARN	1	120	120	1.0
chr16	14606459	14606579	PARN_exon_10	PARN	1	120	120	1.0
chr16	14608236	14608356	PARN_exon_9	PARN	1	120	120	1.0
chr16	14609010	14609130	PARN_exon_8	PARN	1	120	120	1.0
chr16	14610642	14610808	PARN_exon_7	PARN	2	166	240	0.69
chr16	14617575	14617695	PARN_exon_6	PARN	1	120	120	1.0
chr16	14627096	14627216	PARN_exon_5	PARN	1	120	120	1.0
chr16	14627227	14627347	PARN_exon_4	PARN	1	120	120	1.0
chr16	14628136	14628256	PARN_exon_3	PARN	1	120	120	1.0
chr16	14629577	14629697	PARN_exon_2	PARN	1	120	120	1.0
chr16	14630105	14630259	PARN_exon_1	PARN	2	154	240	0.64
chr16	67562524	67562723	CTCF_exon_1	CTCF	2	199	240	0.83
chr16	67571144	67571264	CTCF_exon_2	CTCF	1	120	120	1.0
chr16	67610822	67611612	CTCF_exon_3	CTCF	7	790	840	0.94
chr16	67611949	67612120	CTCF_exon_4	CTCF	2	171	240	0.71
chr16	67616743	67616877	CTCF_exon_5	CTCF	2	134	240	0.56
chr16	67620695	67620815	CTCF_exon_6	CTCF	1	120	120	1.0
chr16	67621440	67621590	CTCF_exon_7	CTCF	2	150	240	0.62
chr16	67626553	67626714	CTCF_exon_8	CTCF	2	161	240	0.67
chr16	67628368	67628551	CTCF_exon_9	CTCF	2	183	240	0.76
chr16	67629396	67629532	CTCF_exon_10	CTCF	2	136	240	0.57
chr16	67636688	67636850	CTCF_exon_11	CTCF	2	162	240	0.68
chr16	67637686	67639176	CTCF_exon_12	CTCF	13	1490	1560	0.96
chr16	81779289	81779423	PLCG2_exon_1	PLCG2	2	134	240	0.56
chr16	81785941	81786181	PLCG2_exon_2	PLCG2	2	240	240	1.0
chr16	81854442	81854586	PLCG2_exon_3	PLCG2	2	144	240	0.6
chr16	81858246	81858366	PLCG2_exon_4	PLCG2	1	120	120	1.0
chr16	81859110	81859230	PLCG2_exon_5	PLCG2	1	120	120	1.0
chr16	81869179	81869299	PLCG2_exon_6	PLCG2	1	120	120	1.0
chr16	81870846	81870966	PLCG2_exon_7	PLCG2	1	120	120	1.0
chr16	81880876	81880996	PLCG2_exon_8	PLCG2	1	120	120	1.0
chr16	81883223	81883343	PLCG2_exon_9	PLCG2	1	120	120	1.0
chr16	81889168	81889288	PLCG2_exon_10	PLCG2	1	120	120	1.0
chr16	81891469	81891589	PLCG2_exon_11	PLCG2	1	120	120	1.0
chr16	81893691	81893811	PLCG2_exon_12	PLCG2	1	120	120	1.0
chr16	81895805	81895925	PLCG2_exon_13	PLCG2	1	120	120	1.0
chr16	81900610	81900779	PLCG2_exon_14	PLCG2	2	169	240	0.7
chr16	81905393	81905513	PLCG2_exon_15	PLCG2	1	120	120	1.0
chr16	81907660	81907780	PLCG2_exon_16	PLCG2	1	120	120	1.0
chr16	81908414	81908590	PLCG2_exon_17	PLCG2	2	176	240	0.73
chr16	81910518	81910719	PLCG2_exon_18	PLCG2	2	201	240	0.84
chr16	81912595	81912715	PLCG2_exon_19	PLCG2	1	120	120	1.0
chr16	81919482	81919663	PLCG2_exon_20	PLCG2	2	181	240	0.75
chr16	81921193	81921313	PLCG2_exon_21	PLCG2	1	120	120	1.0
chr16	81923478	81923598	PLCG2_exon_22	PLCG2	1	120	120	1.0
chr16	81927066	81927186	PLCG2_exon_23	PLCG2	1	120	120	1.0
chr16	81928556	81928676	PLCG2_exon_24	PLCG2	1	120	120	1.0
chr16	81931495	81931653	PLCG2_exon_25	PLCG2	2	158	240	0.66
chr16	81934413	81934533	PLCG2_exon_26	PLCG2	1	120	120	1.0
chr16	81936167	81936377	PLCG2_exon_27	PLCG2	2	210	240	0.88
chr16	81937756	81937902	PLCG2_exon_28	PLCG2	2	146	240	0.61
chr16	81938796	81938916	PLCG2_exon_29	PLCG2	1	120	120	1.0
chr16	81939890	81940058	PLCG2_exon_30	PLCG2	2	168	240	0.7
chr16	81946145	81946265	PLCG2_exon_31	PLCG2	1	120	120	1.0
chr16	81956693	81956878	PLCG2_exon_32	PLCG2	2	185	240	0.77
chr16	81957954	81962684	PLCG2_exon_33	PLCG2	40	4730	4800	0.99
chr17	1650627	1650955	PRPF8_exon_43	PRPF8	3	328	360	0.91
chr17	1651106	1651309	PRPF8_exon_42	PRPF8	2	203	240	0.85
chr17	1651412	1651552	PRPF8_exon_41	PRPF8	2	140	240	0.58
chr17	1651646	1651787	PRPF8_exon_40	PRPF8	2	141	240	0.59
chr17	1653540	1653682	PRPF8_exon_39	PRPF8	2	142	240	0.59
chr17	1653775	1654015	PRPF8_exon_38	PRPF8	2	240	240	1.0
chr17	1655348	1655542	PRPF8_exon_37	PRPF8	2	194	240	0.81
chr17	1656390	1656564	PRPF8_exon_36	PRPF8	2	174	240	0.72
chr17	1656643	1656763	PRPF8_exon_35	PRPF8	1	120	120	1.0
chr17	1658255	1658375	PRPF8_exon_34	PRPF8	1	120	120	1.0
chr17	1658524	1658762	PRPF8_exon_33	PRPF8	2	238	240	0.99
chr17	1659355	1659547	PRPF8_exon_32	PRPF8	2	192	240	0.8
chr17	1659839	1660000	PRPF8_exon_31	PRPF8	2	161	240	0.67
chr17	1660430	1660577	PRPF8_exon_30	PRPF8	2	147	240	0.61
chr17	1660701	1660821	PRPF8_exon_29	PRPF8	1	120	120	1.0
chr17	1660991	1661161	PRPF8_exon_28	PRPF8	2	170	240	0.71
chr17	1661269	1661405	PRPF8_exon_27	PRPF8	2	136	240	0.57
chr17	1661609	1661789	PRPF8_exon_26	PRPF8	2	180	240	0.75
chr17	1661904	1662152	PRPF8_exon_25	PRPF8	2	248	240	1.03
chr17	1673077	1673197	PRPF8_exon_24	PRPF8	1	120	120	1.0
chr17	1673355	1673566	PRPF8_exon_23	PRPF8	2	211	240	0.88
chr17	1673744	1673891	PRPF8_exon_22	PRPF8	2	147	240	0.61
chr17	1674440	1674679	PRPF8_exon_21	PRPF8	2	239	240	1.0
chr17	1675150	1675338	PRPF8_exon_20	PRPF8	2	188	240	0.78
chr17	1675618	1675811	PRPF8_exon_19	PRPF8	2	193	240	0.8
chr17	1675929	1676049	PRPF8_exon_18	PRPF8	1	120	120	1.0
chr17	1676205	1676369	PRPF8_exon_17	PRPF8	2	164	240	0.68
chr17	1676503	1676710	PRPF8_exon_16	PRPF8	2	207	240	0.86
chr17	1676974	1677171	PRPF8_exon_15	PRPF8	2	197	240	0.82
chr17	1677568	1677688	PRPF8_exon_14	PRPF8	1	120	120	1.0
chr17	1678516	1678651	PRPF8_exon_13	PRPF8	2	135	240	0.56
chr17	1678760	1678880	PRPF8_exon_12	PRPF8	1	120	120	1.0
chr17	1679015	1679205	PRPF8_exon_11	PRPF8	2	190	240	0.79
chr17	1679289	1679409	PRPF8_exon_10	PRPF8	1	120	120	1.0
chr17	1679607	1679798	PRPF8_exon_9	PRPF8	2	191	240	0.8
chr17	1680717	1680837	PRPF8_exon_8	PRPF8	1	120	120	1.0
chr17	1680930	1681050	PRPF8_exon_7	PRPF8	1	120	120	1.0
chr17	1681476	1681689	PRPF8_exon_6	PRPF8	2	213	240	0.89
chr17	1681818	1682037	PRPF8_exon_5	PRPF8	2	219	240	0.91
chr17	1682127	1682292	PRPF8_exon_4	PRPF8	2	165	240	0.69
chr17	1683531	1683700	PRPF8_exon_3	PRPF8	2	169	240	0.7
chr17	1684465	1684585	PRPF8_exon_2	PRPF8	1	120	120	1.0
chr17	1684777	1684897	PRPF8_exon_1	PRPF8	1	120	120	1.0
chr17	7668419	7669689	TP53_exon_11	TP53	9	1270	1080	1.18
chr17	7670600	7670720	TP53_exon_10	TP53	1	120	120	1.0
chr17	7673512	7673632	TP53_exon_9	TP53	1	120	120	1.0
chr17	7673699	7673836	TP53_exon_8	TP53	2	137	240	0.57
chr17	7674174	7674294	TP53_exon_7	TP53	1	120	120	1.0
chr17	7674853	7674973	TP53_exon_6	TP53	1	120	120	1.0
chr17	7675051	7675235	TP53_exon_5	TP53	2	184	240	0.77
chr17	7675992	7676271	TP53_exon_4	TP53	3	279	360	0.78
chr17	7676344	7676464	TP53_exon_3	TP53	1	120	120	1.0
chr17	7676516	7676636	TP53_exon_2	TP53	1	120	120	1.0
chr17	7687372	7687492	TP53_exon_1	TP53	1	120	120	1.0
chr17	7834215	7834349	KDM6B_exon_1	KDM6B	2	134	240	0.56
chr17	7839903	7840023	KDM6B_exon_2	KDM6B	1	120	120	1.0
chr17	7844899	7845019	KDM6B_exon_3	KDM6B	1	120	120	1.0
chr17	7845312	7845455	KDM6B_exon_4	KDM6B	2	143	240	0.6
chr17	7845548	7845690	KDM6B_exon_5	KDM6B	2	142	240	0.59
chr17	7845871	7845991	KDM6B_exon_6	KDM6B	1	120	120	1.0
chr17	7846076	7846296	KDM6B_exon_7	KDM6B	2	220	240	0.92
chr17	7846396	7846516	KDM6B_exon_8	KDM6B	1	120	120	1.0
chr17	7846577	7846739	KDM6B_exon_9	KDM6B	2	162	240	0.68
chr17	7846817	7847015	KDM6B_exon_10	KDM6B	2	198	240	0.82
chr17	7847103	7847451	KDM6B_exon_11	KDM6B	3	348	360	0.97
chr17	7847544	7849727	KDM6B_exon_12	KDM6B	19	2183	2280	0.96
chr17	7849822	7849942	KDM6B_exon_13	KDM6B	1	120	120	1.0
chr17	7850063	7850183	KDM6B_exon_14	KDM6B	1	120	120	1.0
chr17	7851019	7851225	KDM6B_exon_15	KDM6B	2	206	240	0.86
chr17	7851311	7851431	KDM6B_exon_16	KDM6B	1	120	120	1.0
chr17	7851436	7851556	KDM6B_exon_17	KDM6B	1	120	120	1.0
chr17	7851646	7851795	KDM6B_exon_18	KDM6B	2	149	240	0.62
chr17	7851946	7852066	KDM6B_exon_19	KDM6B	1	120	120	1.0
chr17	7852147	7852335	KDM6B_exon_20	KDM6B	2	188	240	0.78
chr17	7852493	7852635	KDM6B_exon_21	KDM6B	2	142	240	0.59
chr17	7853001	7853121	KDM6B_exon_22	KDM6B	1	120	120	1.0
chr17	7853208	7853379	KDM6B_exon_23	KDM6B	2	171	240	0.71
chr17	7853496	7854795	KDM6B_exon_24	KDM6B	11	1299	1320	0.98
chr17	31094975	31095368	NF1_exon_1	NF1	4	393	480	0.82
chr17	31155981	31156125	NF1_exon_2	NF1	2	144	240	0.6
chr17	31159002	31159122	NF1_exon_3	NF1	1	120	120	1.0
chr17	31163184	31163375	NF1_exon_4	NF1	2	191	240	0.8
chr17	31169882	31170002	NF1_exon_5	NF1	1	120	120	1.0
chr17	31181389	31181509	NF1_exon_6	NF1	1	120	120	1.0
chr17	31181677	31181797	NF1_exon_7	NF1	1	120	120	1.0
chr17	31182506	31182664	NF1_exon_8	NF1	2	158	240	0.66
chr17	31200420	31200594	NF1_exon_9	NF1	2	174	240	0.72
chr17	31201036	31201156	NF1_exon_10	NF1	1	120	120	1.0
chr17	31201386	31201506	NF1_exon_11	NF1	1	120	120	1.0
chr17	31206238	31206370	NF1_exon_12	NF1	2	132	240	0.55
chr17	31214449	31214584	NF1_exon_13	NF1	2	135	240	0.56
chr17	31219000	31219120	NF1_exon_14	NF1	1	120	120	1.0
chr17	31221849	31221969	NF1_exon_15	NF1	1	120	120	1.0
chr17	31223444	31223564	NF1_exon_16	NF1	1	120	120	1.0
chr17	31225093	31225249	NF1_exon_17	NF1	2	156	240	0.65
chr17	31226433	31226683	NF1_exon_18	NF1	2	250	240	1.04
chr17	31227198	31227318	NF1_exon_19	NF1	1	120	120	1.0
chr17	31227521	31227641	NF1_exon_20	NF1	1	120	120	1.0
chr17	31229023	31229464	NF1_exon_21	NF1	4	441	480	0.92
chr17	31229833	31229973	NF1_exon_22	NF1	2	140	240	0.58
chr17	31230259	31230379	NF1_exon_23	NF1	1	120	120	1.0
chr17	31230807	31230927	NF1_exon_24	NF1	1	120	120	1.0
chr17	31232070	31232190	NF1_exon_25	NF1	1	120	120	1.0
chr17	31232698	31232880	NF1_exon_26	NF1	2	182	240	0.76
chr17	31233000	31233212	NF1_exon_27	NF1	2	212	240	0.88
chr17	31235609	31235771	NF1_exon_28	NF1	2	162	240	0.68
chr17	31235902	31236022	NF1_exon_29	NF1	1	120	120	1.0
chr17	31248982	31249118	NF1_exon_30	NF1	2	136	240	0.57
chr17	31252896	31253016	NF1_exon_31	NF1	1	120	120	1.0
chr17	31258342	31258501	NF1_exon_32	NF1	2	159	240	0.66
chr17	31259025	31259145	NF1_exon_33	NF1	1	120	120	1.0
chr17	31260367	31260514	NF1_exon_34	NF1	2	147	240	0.61
chr17	31261709	31261856	NF1_exon_35	NF1	2	147	240	0.61
chr17	31265222	31265342	NF1_exon_36	NF1	1	120	120	1.0
chr17	31325818	31326251	NF1_exon_37	NF1	4	433	480	0.9
chr17	31327497	31327838	NF1_exon_38	NF1	3	341	360	0.95
chr17	31330294	31330497	NF1_exon_39	NF1	2	203	240	0.85
chr17	31334836	31335030	NF1_exon_40	NF1	2	194	240	0.81
chr17	31336331	31336472	NF1_exon_41	NF1	2	141	240	0.59
chr17	31336633	31336913	NF1_exon_42	NF1	3	280	360	0.78
chr17	31337366	31337581	NF1_exon_43	NF1	2	215	240	0.9
chr17	31337770	31337890	NF1_exon_44	NF1	1	120	120	1.0
chr17	31338020	31338140	NF1_exon_45	NF1	1	120	120	1.0
chr17	31338695	31338815	NF1_exon_46	NF1	1	120	120	1.0
chr17	31340503	31340644	NF1_exon_47	NF1	2	141	240	0.59
chr17	31343010	31343130	NF1_exon_48	NF1	1	120	120	1.0
chr17	31349118	31349250	NF1_exon_49	NF1	2	132	240	0.55
chr17	31350181	31350317	NF1_exon_50	NF1	2	136	240	0.57
chr17	31352255	31352413	NF1_exon_51	NF1	2	158	240	0.66
chr17	31356459	31356579	NF1_exon_52	NF1	1	120	120	1.0
chr17	31356963	31357083	NF1_exon_53	NF1	1	120	120	1.0
chr17	31357256	31357376	NF1_exon_54	NF1	1	120	120	1.0
chr17	31358478	31358621	NF1_exon_55	NF1	2	143	240	0.6
chr17	31358961	31359081	NF1_exon_56	NF1	1	120	120	1.0
chr17	31360485	31360702	NF1_exon_57	NF1	2	217	240	0.9
chr17	31374011	31377674	NF1_exon_58	NF1	31	3663	3720	0.98
chr17	31936991	31937519	SUZ12_exon_1	SUZ12	5	528	600	0.88
chr17	31940217	31940337	SUZ12_exon_2	SUZ12	1	120	120	1.0
chr17	31940406	31940526	SUZ12_exon_3	SUZ12	1	120	120	1.0
chr17	31947574	31947694	SUZ12_exon_4	SUZ12	1	120	120	1.0
chr17	31966145	31966265	SUZ12_exon_5	SUZ12	1	120	120	1.0
chr17	31973128	31973248	SUZ12_exon_6	SUZ12	1	120	120	1.0
chr17	31975480	31975712	SUZ12_exon_7	SUZ12	2	232	240	0.97
chr17	31976518	31976638	SUZ12_exon_8	SUZ12	1	120	120	1.0
chr17	31982990	31983110	SUZ12_exon_9	SUZ12	1	120	120	1.0
chr17	31988318	31988496	SUZ12_exon_10	SUZ12	2	178	240	0.74
chr17	31993233	31993353	SUZ12_exon_11	SUZ12	1	120	120	1.0
chr17	31993863	31994007	SUZ12_exon_12	SUZ12	2	144	240	0.6
chr17	31994562	31994720	SUZ12_exon_13	SUZ12	2	158	240	0.66
chr17	31995562	31995761	SUZ12_exon_14	SUZ12	2	199	240	0.83
chr17	31996763	31996883	SUZ12_exon_15	SUZ12	1	120	120	1.0
chr17	31998656	32001037	SUZ12_exon_16	SUZ12	20	2381	2400	0.99
chr17	42199175	42201863	STAT5B_exon_19	STAT5B	23	2688	2760	0.97
chr17	42202332	42202452	STAT5B_exon_18	STAT5B	1	120	120	1.0
chr17	42202714	42202834	STAT5B_exon_17	STAT5B	1	120	120	1.0
chr17	42207556	42207727	STAT5B_exon_16	STAT5B	2	171	240	0.71
chr17	42210174	42210294	STAT5B_exon_15	STAT5B	1	120	120	1.0
chr17	42210396	42210516	STAT5B_exon_14	STAT5B	1	120	120	1.0
chr17	42211982	42212189	STAT5B_exon_13	STAT5B	2	207	240	0.86
chr17	42216002	42216122	STAT5B_exon_12	STAT5B	1	120	120	1.0
chr17	42217159	42217279	STAT5B_exon_11	STAT5B	1	120	120	1.0
chr17	42217352	42217472	STAT5B_exon_10	STAT5B	1	120	120	1.0
chr17	42218149	42218329	STAT5B_exon_9	STAT5B	2	180	240	0.75
chr17	42218721	42218877	STAT5B_exon_8	STAT5B	2	156	240	0.65
chr17	42219310	42219462	STAT5B_exon_7	STAT5B	2	152	240	0.63
chr17	42219715	42219835	STAT5B_exon_6	STAT5B	1	120	120	1.0
chr17	42223380	42223555	STAT5B_exon_5	STAT5B	2	175	240	0.73
chr17	42224764	42224884	STAT5B_exon_4	STAT5B	1	120	120	1.0
chr17	42227527	42227684	STAT5B_exon_3	STAT5B	2	157	240	0.65
chr17	42231998	42232136	STAT5B_exon_2	STAT5B	2	138	240	0.57
chr17	42276246	42276390	STAT5B_exon_1	STAT5B	2	144	240	0.6
chr17	42313322	42315799	STAT3_exon_24	STAT3	19	2477	2280	1.09
chr17	42316783	42316903	STAT3_exon_23	STAT3	1	120	120	1.0
chr17	42317112	42317232	STAT3_exon_22	STAT3	1	120	120	1.0
chr17	42322280	42322493	STAT3_exon_21	STAT3	2	213	240	0.89
chr17	42323002	42323142	STAT3_exon_20	STAT3	2	140	240	0.58
chr17	42323242	42323362	STAT3_exon_19	STAT3	1	120	120	1.0
chr17	42323508	42323628	STAT3_exon_18	STAT3	1	120	120	1.0
chr17	42324709	42324845	STAT3_exon_17	STAT3	2	136	240	0.57
chr17	42324943	42325063	STAT3_exon_16	STAT3	1	120	120	1.0
chr17	42326096	42326216	STAT3_exon_15	STAT3	1	120	120	1.0
chr17	42329372	42329492	STAT3_exon_14	STAT3	1	120	120	1.0
chr17	42329530	42329650	STAT3_exon_13	STAT3	1	120	120	1.0
chr17	42329677	42329797	STAT3_exon_12	STAT3	1	120	120	1.0
chr17	42331412	42331532	STAT3_exon_11	STAT3	1	120	120	1.0
chr17	42333662	42333782	STAT3_exon_10	STAT3	1	120	120	1.0
chr17	42333889	42334048	STAT3_exon_9	STAT3	2	159	240	0.66
chr17	42337433	42337585	STAT3_exon_8	STAT3	2	152	240	0.63
chr17	42337755	42337875	STAT3_exon_7	STAT3	1	120	120	1.0
chr17	42338697	42338817	STAT3_exon_6	STAT3	1	120	120	1.0
chr17	42339300	42339420	STAT3_exon_5	STAT3	1	120	120	1.0
chr17	42345554	42345674	STAT3_exon_4	STAT3	1	120	120	1.0
chr17	42346567	42346712	STAT3_exon_3	STAT3	2	145	240	0.6
chr17	42348387	42348538	STAT3_exon_2	STAT3	2	151	240	0.63
chr17	42388277	42388441	STAT3_exon_1	STAT3	2	164	240	0.68
chr17	44205038	44207366	UBTF_exon_21	UBTF	20	2328	2400	0.97
chr17	44207452	44207596	UBTF_exon_20	UBTF	2	144	240	0.6
chr17	44207690	44207810	UBTF_exon_19	UBTF	1	120	120	1.0
chr17	44207843	44207963	UBTF_exon_18	UBTF	1	120	120	1.0
chr17	44209350	44209540	UBTF_exon_17	UBTF	2	190	240	0.79
chr17	44209629	44209749	UBTF_exon_16	UBTF	1	120	120	1.0
chr17	44210117	44210237	UBTF_exon_15	UBTF	1	120	120	1.0
chr17	44210316	44210472	UBTF_exon_14	UBTF	2	156	240	0.65
chr17	44210790	44210946	UBTF_exon_13	UBTF	2	156	240	0.65
chr17	44211034	44211154	UBTF_exon_12	UBTF	1	120	120	1.0
chr17	44211272	44211392	UBTF_exon_11	UBTF	1	120	120	1.0
chr17	44211604	44211746	UBTF_exon_10	UBTF	2	142	240	0.59
chr17	44211871	44212005	UBTF_exon_9	UBTF	2	134	240	0.56
chr17	44212337	44212457	UBTF_exon_8	UBTF	1	120	120	1.0
chr17	44212817	44212937	UBTF_exon_7	UBTF	1	120	120	1.0
chr17	44213207	44213327	UBTF_exon_6	UBTF	1	120	120	1.0
chr17	44215652	44215808	UBTF_exon_5	UBTF	2	156	240	0.65
chr17	44215900	44216020	UBTF_exon_4	UBTF	1	120	120	1.0
chr17	44216527	44216703	UBTF_exon_3	UBTF	2	176	240	0.73
chr17	44218172	44218292	UBTF_exon_2	UBTF	1	120	120	1.0
chr17	44219443	44219674	UBTF_exon_1	UBTF	2	231	240	0.96
chr17	58692600	58692787	RAD51C_exon_1	RAD51C	2	187	240	0.78
chr17	58694929	58695188	RAD51C_exon_2	RAD51C	3	259	360	0.72
chr17	58696691	58696858	RAD51C_exon_3	RAD51C	2	167	240	0.7
chr17	58703194	58703328	RAD51C_exon_4	RAD51C	2	134	240	0.56
chr17	58709857	58709989	RAD51C_exon_5	RAD51C	2	132	240	0.55
chr17	58720708	58720828	RAD51C_exon_6	RAD51C	1	120	120	1.0
chr17	58723997	58724117	RAD51C_exon_7	RAD51C	1	120	120	1.0
chr17	58732469	58732589	RAD51C_exon_8	RAD51C	1	120	120	1.0
chr17	58734116	58735622	RAD51C_exon_9	RAD51C	8	1506	960	1.57
chr17	60600191	60600885	PPM1D_exon_1	PPM1D	6	694	720	0.96
chr17	60623519	60623748	PPM1D_exon_2	PPM1D	2	229	240	0.95
chr17	60633853	60633973	PPM1D_exon_3	PPM1D	1	120	120	1.0
chr17	60647890	60648081	PPM1D_exon_4	PPM1D	2	191	240	0.8
chr17	60656597	60656840	PPM1D_exon_5	PPM1D	2	243	240	1.01
chr17	60662993	60666279	PPM1D_exon_6	PPM1D	20	3286	2400	1.37
chr17	76734113	76735157	SRSF2_exon_3	SRSF2	9	1044	1080	0.97
chr17	76736152	76736463	SRSF2_exon_2	SRSF2	3	311	360	0.86
chr17	76736797	76737330	SRSF2_exon_1	SRSF2	5	533	600	0.89
chr18	44680886	44681020	SETBP1_exon_1	SETBP1	2	134	240	0.56
chr18	44701173	44701831	SETBP1_exon_2	SETBP1	6	658	720	0.91
chr18	44869225	44869345	SETBP1_exon_3	SETBP1	1	120	120	1.0
chr18	44949879	44953339	SETBP1_exon_4	SETBP1	29	3460	3480	0.99
chr18	45038483	45038654	SETBP1_exon_5	SETBP1	2	171	240	0.71
chr18	45063077	45068509	SETBP1_exon_6	SETBP1	46	5432	5520	0.98
chr18	63123344	63128758	BCL2_exon_3	BCL2	46	5414	5520	0.98
chr18	63318080	63318951	BCL2_exon_2	BCL2	8	871	960	0.91
chr18	63319172	63319768	BCL2_exon_1	BCL2	5	596	600	0.99
chr19	852296	852416	ELANE_exon_1	ELANE	1	120	120	1.0
chr19	852874	853031	ELANE_exon_2	ELANE	2	157	240	0.65
chr19	853260	853402	ELANE_exon_3	ELANE	2	142	240	0.59
chr19	855562	855793	ELANE_exon_4	ELANE	2	231	240	0.96
chr19	855956	856242	ELANE_exon_5	ELANE	3	286	360	0.79
chr19	4043287	4048243	ZBTB7A_exon_3	ZBTB7A	39	4956	4680	1.06
chr19	4053969	4055246	ZBTB7A_exon_2	ZBTB7A	11	1277	1320	0.97
chr19	4066680	4066898	ZBTB7A_exon_1	ZBTB7A	2	218	240	0.91
chr19	10133344	10133700	DNMT1_exon_41	DNMT1	3	356	360	0.99
chr19	10134209	10134329	DNMT1_exon_40	DNMT1	1	120	120	1.0
chr19	10135732	10135852	DNMT1_exon_39	DNMT1	1	120	120	1.0
chr19	10136119	10136286	DNMT1_exon_38	DNMT1	2	167	240	0.7
chr19	10137083	10137279	DNMT1_exon_37	DNMT1	2	196	240	0.82
chr19	10137830	10138008	DNMT1_exon_36	DNMT1	2	178	240	0.74
chr19	10138437	10138604	DNMT1_exon_35	DNMT1	2	167	240	0.7
chr19	10139674	10139816	DNMT1_exon_34	DNMT1	2	142	240	0.59
chr19	10140044	10140327	DNMT1_exon_33	DNMT1	3	283	360	0.79
chr19	10140783	10140903	DNMT1_exon_32	DNMT1	1	120	120	1.0
chr19	10141099	10141219	DNMT1_exon_31	DNMT1	1	120	120	1.0
chr19	10142026	10142219	DNMT1_exon_30	DNMT1	2	193	240	0.8
chr19	10143764	10143986	DNMT1_exon_29	DNMT1	2	222	240	0.93
chr19	10146349	10146523	DNMT1_exon_28	DNMT1	2	174	240	0.72
chr19	10148882	10149016	DNMT1_exon_27	DNMT1	2	134	240	0.56
chr19	10149451	10149656	DNMT1_exon_26	DNMT1	2	205	240	0.85
chr19	10149849	10149969	DNMT1_exon_25	DNMT1	1	120	120	1.0
chr19	10151396	10151544	DNMT1_exon_24	DNMT1	2	148	240	0.62
chr19	10151743	10151863	DNMT1_exon_23	DNMT1	1	120	120	1.0
chr19	10154291	10154478	DNMT1_exon_22	DNMT1	2	187	240	0.78
chr19	10154584	10154772	DNMT1_exon_21	DNMT1	2	188	240	0.78
chr19	10154903	10155055	DNMT1_exon_20	DNMT1	2	152	240	0.63
chr19	10155834	10155954	DNMT1_exon_19	DNMT1	1	120	120	1.0
chr19	10156388	10156508	DNMT1_exon_18	DNMT1	1	120	120	1.0
chr19	10159651	10159771	DNMT1_exon_17	DNMT1	1	120	120	1.0
chr19	10159824	10159944	DNMT1_exon_16	DNMT1	1	120	120	1.0
chr19	10159972	10160092	DNMT1_exon_15	DNMT1	1	120	120	1.0
chr19	10160378	10160498	DNMT1_exon_14	DNMT1	1	120	120	1.0
chr19	10162652	10162772	DNMT1_exon_13	DNMT1	1	120	120	1.0
chr19	10163271	10163391	DNMT1_exon_12	DNMT1	1	120	120	1.0
chr19	10166576	10166696	DNMT1_exon_11	DNMT1	1	120	120	1.0
chr19	10168264	10168384	DNMT1_exon_10	DNMT1	1	120	120	1.0
chr19	10173080	10173200	DNMT1_exon_9	DNMT1	1	120	120	1.0
chr19	10173859	10173979	DNMT1_exon_8	DNMT1	1	120	120	1.0
chr19	10175515	10175635	DNMT1_exon_7	DNMT1	1	120	120	1.0
chr19	10177248	10177368	DNMT1_exon_6	DNMT1	1	120	120	1.0
chr19	10180348	10180568	DNMT1_exon_4	DNMT1	2	220	240	0.92
chr19	10180770	10180890	DNMT1_exon_3	DNMT1	1	120	120	1.0
chr19	10181981	10182101	DNMT1_exon_2	DNMT1	1	120	120	1.0
chr19	10194818	10194952	DNMT1_exon_1	DNMT1	2	134	240	0.56
chr19	11377205	11378594	EPOR_exon_8	EPOR	12	1389	1440	0.96
chr19	11378687	11378807	EPOR_exon_7	EPOR	1	120	120	1.0
chr19	11380868	11380988	EPOR_exon_6	EPOR	1	120	120	1.0
chr19	11381054	11381208	EPOR_exon_5	EPOR	2	154	240	0.64
chr19	11381690	11381848	EPOR_exon_4	EPOR	2	158	240	0.66
chr19	11381928	11382104	EPOR_exon_3	EPOR	2	176	240	0.73
chr19	11383095	11383231	EPOR_exon_2	EPOR	2	136	240	0.57
chr19	11384091	11384313	EPOR_exon_1	EPOR	2	222	240	0.93
chr19	12943711	12944488	CALR_exon_9	CALR	7	777	840	0.93
chr19	15159036	15161713	NOTCH3_exon_33	NOTCH3	23	2677	2760	0.97
chr19	15162454	15162574	NOTCH3_exon_32	NOTCH3	1	120	120	1.0
chr19	15165366	15165514	NOTCH3_exon_31	NOTCH3	2	148	240	0.62
chr19	15165785	15166090	NOTCH3_exon_30	NOTCH3	3	305	360	0.85
chr19	15167247	15167410	NOTCH3_exon_29	NOTCH3	2	163	240	0.68
chr19	15170079	15170199	NOTCH3_exon_28	NOTCH3	1	120	120	1.0
chr19	15170329	15170552	NOTCH3_exon_27	NOTCH3	2	223	240	0.93
chr19	15170669	15170824	NOTCH3_exon_26	NOTCH3	2	155	240	0.65
chr19	15174066	15174399	NOTCH3_exon_25	NOTCH3	3	333	360	0.93
chr19	15177523	15178089	NOTCH3_exon_24	NOTCH3	5	566	600	0.94
chr19	15178820	15178940	NOTCH3_exon_23	NOTCH3	1	120	120	1.0
chr19	15179023	15179281	NOTCH3_exon_22	NOTCH3	3	258	360	0.72
chr19	15179362	15179495	NOTCH3_exon_21	NOTCH3	2	133	240	0.55
chr19	15180070	15180255	NOTCH3_exon_20	NOTCH3	2	185	240	0.77
chr19	15180679	15180827	NOTCH3_exon_19	NOTCH3	2	148	240	0.62
chr19	15180959	15181161	NOTCH3_exon_18	NOTCH3	2	202	240	0.84
chr19	15181574	15181800	NOTCH3_exon_17	NOTCH3	2	226	240	0.94
chr19	15184293	15184449	NOTCH3_exon_16	NOTCH3	2	156	240	0.65
chr19	15184901	15185021	NOTCH3_exon_15	NOTCH3	1	120	120	1.0
chr19	15185255	15185407	NOTCH3_exon_14	NOTCH3	2	152	240	0.63
chr19	15185485	15185678	NOTCH3_exon_13	NOTCH3	2	193	240	0.8
chr19	15186871	15186991	NOTCH3_exon_12	NOTCH3	1	120	120	1.0
chr19	15187103	15187337	NOTCH3_exon_11	NOTCH3	2	234	240	0.97
chr19	15187876	15187996	NOTCH3_exon_10	NOTCH3	1	120	120	1.0
chr19	15188230	15188350	NOTCH3_exon_9	NOTCH3	1	120	120	1.0
chr19	15188987	15189173	NOTCH3_exon_8	NOTCH3	2	186	240	0.78
chr19	15189271	15189427	NOTCH3_exon_7	NOTCH3	2	156	240	0.65
chr19	15191422	15191656	NOTCH3_exon_6	NOTCH3	2	234	240	0.97
chr19	15191744	15191864	NOTCH3_exon_5	NOTCH3	1	120	120	1.0
chr19	15191958	15192297	NOTCH3_exon_4	NOTCH3	3	339	360	0.94
chr19	15192375	15192518	NOTCH3_exon_3	NOTCH3	2	143	240	0.6
chr19	15197489	15197609	NOTCH3_exon_2	NOTCH3	1	120	120	1.0
chr19	15200786	15200994	NOTCH3_exon_1	NOTCH3	2	208	240	0.87
chr19	23357694	23362724	ZNF91_exon_4	ZNF91	22	5030	2640	1.91
chr19	23373720	23373840	ZNF91_exon_3	ZNF91	1	120	120	1.0
chr19	23395323	23395470	ZNF91_exon_1	ZNF91	2	147	240	0.61
chr19	33299932	33302533	CEBPA_exon_1	CEBPA	22	2601	2640	0.99
chr19	49635290	49635659	RRAS_exon_6	RRAS	3	369	360	1.02
chr19	49635731	49635851	RRAS_exon_5	RRAS	1	120	120	1.0
chr19	49636611	49636731	RRAS_exon_4	RRAS	1	120	120	1.0
chr19	49636817	49636937	RRAS_exon_3	RRAS	1	120	120	1.0
chr19	49637014	49637134	RRAS_exon_2	RRAS	1	120	120	1.0
chr19	49639944	49640142	RRAS_exon_1	RRAS	2	198	240	0.82
chr19	55655032	55655152	U2AF2_exon_1	U2AF2	1	120	120	1.0
chr19	55659208	55659344	U2AF2_exon_2	U2AF2	2	136	240	0.57
chr19	55660152	55660272	U2AF2_exon_3	U2AF2	1	120	120	1.0
chr19	55660504	55660624	U2AF2_exon_4	U2AF2	1	120	120	1.0
chr19	55661036	55661188	U2AF2_exon_5	U2AF2	2	152	240	0.63
chr19	55662498	55662618	U2AF2_exon_6	U2AF2	1	120	120	1.0
chr19	55663604	55663743	U2AF2_exon_7	U2AF2	2	139	240	0.58
chr19	55668473	55668593	U2AF2_exon_8	U2AF2	1	120	120	1.0
chr19	55668669	55668789	U2AF2_exon_9	U2AF2	1	120	120	1.0
chr19	55669073	55669193	U2AF2_exon_10	U2AF2	1	120	120	1.0
chr19	55669442	55669691	U2AF2_exon_11	U2AF2	2	249	240	1.04
chr19	55673932	55674715	U2AF2_exon_12	U2AF2	6	783	720	1.09
chr20	32358329	32358831	ASXL1_exon_1	ASXL1	5	502	600	0.84
chr20	32366377	32366497	ASXL1_exon_2	ASXL1	1	120	120	1.0
chr20	32367668	32367788	ASXL1_exon_3	ASXL1	1	120	120	1.0
chr20	32369007	32369127	ASXL1_exon_4	ASXL1	1	120	120	1.0
chr20	32428126	32428246	ASXL1_exon_5	ASXL1	1	120	120	1.0
chr20	32428320	32428440	ASXL1_exon_6	ASXL1	1	120	120	1.0
chr20	32429324	32429444	ASXL1_exon_7	ASXL1	1	120	120	1.0
chr20	32429899	32430052	ASXL1_exon_8	ASXL1	2	153	240	0.64
chr20	32431319	32431483	ASXL1_exon_9	ASXL1	2	164	240	0.68
chr20	32431570	32431690	ASXL1_exon_10	ASXL1	1	120	120	1.0
chr20	32432871	32432991	ASXL1_exon_11	ASXL1	1	120	120	1.0
chr20	32433282	32433916	ASXL1_exon_12	ASXL1	6	634	720	0.88
chr20	32434430	32439318	ASXL1_exon_13	ASXL1	41	4888	4920	0.99
chr20	58891420	58891864	GNAS_exon_1	GNAS	4	444	480	0.93
chr20	58895607	58895727	GNAS_exon_2	GNAS	1	120	120	1.0
chr20	58898896	58899016	GNAS_exon_3	GNAS	1	120	120	1.0
chr20	58903509	58903629	GNAS_exon_4	GNAS	1	120	120	1.0
chr20	58903670	58903790	GNAS_exon_5	GNAS	1	120	120	1.0
chr20	58905369	58905489	GNAS_exon_6	GNAS	1	120	120	1.0
chr20	58909100	58909220	GNAS_exon_7	GNAS	1	120	120	1.0
chr20	58909311	58909431	GNAS_exon_8	GNAS	1	120	120	1.0
chr20	58909514	58909634	GNAS_exon_9	GNAS	1	120	120	1.0
chr20	58909682	58909802	GNAS_exon_10	GNAS	1	120	120	1.0
chr20	58909954	58910074	GNAS_exon_11	GNAS	1	120	120	1.0
chr20	58910309	58910429	GNAS_exon_12	GNAS	1	120	120	1.0
chr20	58910681	58911080	GNAS_exon_13	GNAS	4	399	480	0.83
chr21	34787799	34792609	RUNX1_exon_9	RUNX1	40	4810	4800	1.0
chr21	34799299	34799461	RUNX1_exon_8	RUNX1	2	162	240	0.68
chr21	34834408	34834600	RUNX1_exon_7	RUNX1	2	192	240	0.8
chr21	34859464	34859584	RUNX1_exon_6	RUNX1	1	120	120	1.0
chr21	34880555	34880712	RUNX1_exon_5	RUNX1	2	157	240	0.65
chr21	34886841	34887095	RUNX1_exon_4	RUNX1	3	254	360	0.71
chr21	34892906	34893026	RUNX1_exon_3	RUNX1	1	120	120	1.0
chr21	35048838	35048958	RUNX1_exon_2	RUNX1	1	120	120	1.0
chr21	35049166	35049301	RUNX1_exon_1	RUNX1	2	135	240	0.56
chr21	38380034	38383922	ERG_exon_10	ERG	33	3888	3960	0.98
chr21	38390980	38391100	ERG_exon_9	ERG	1	120	120	1.0
chr21	38391607	38391727	ERG_exon_8	ERG	1	120	120	1.0
chr21	38392360	38392480	ERG_exon_7	ERG	1	120	120	1.0
chr21	38400529	38400649	ERG_exon_6	ERG	1	120	120	1.0
chr21	38402519	38402639	ERG_exon_5	ERG	1	120	120	1.0
chr21	38403504	38403708	ERG_exon_4	ERG	2	204	240	0.85
chr21	38423408	38423560	ERG_exon_3	ERG	2	152	240	0.63
chr21	38445402	38445620	ERG_exon_2	ERG	2	218	240	0.91
chr21	38498358	38498478	ERG_exon_1	ERG	1	120	120	1.0
chr21	43092954	43093248	U2AF1_exon_8	U2AF1	3	294	360	0.82
chr21	43094445	43094565	U2AF1_exon_7	U2AF1	1	120	120	1.0
chr21	43094653	43094787	U2AF1_exon_6	U2AF1	2	134	240	0.56
chr21	43095434	43095554	U2AF1_exon_5	U2AF1	1	120	120	1.0
chr21	43095648	43095768	U2AF1_exon_4	U2AF1	1	120	120	1.0
chr21	43100408	43100528	U2AF1_exon_3	U2AF1	1	120	120	1.0
chr21	43104302	43104422	U2AF1_exon_2	U2AF1	1	120	120	1.0
chr21	43107449	43107569	U2AF1_exon_1	U2AF1	1	120	120	1.0
chr22	27748275	27751095	MN1_exon_2	MN1	24	2820	2880	0.98
chr22	27796761	27801755	MN1_exon_1	MN1	42	4994	5040	0.99
chr22	30331986	30334694	SF3A1_exon_16	SF3A1	23	2708	2760	0.98
chr22	30335441	30335561	SF3A1_exon_15	SF3A1	1	120	120	1.0
chr22	30335641	30335761	SF3A1_exon_14	SF3A1	1	120	120	1.0
chr22	30337024	30337179	SF3A1_exon_13	SF3A1	2	155	240	0.65
chr22	30337688	30337896	SF3A1_exon_12	SF3A1	2	208	240	0.87
chr22	30338787	30339033	SF3A1_exon_11	SF3A1	2	246	240	1.02
chr22	30339129	30339249	SF3A1_exon_10	SF3A1	1	120	120	1.0
chr22	30340194	30340380	SF3A1_exon_9	SF3A1	2	186	240	0.78
chr22	30340692	30340812	SF3A1_exon_8	SF3A1	1	120	120	1.0
chr22	30341690	30341884	SF3A1_exon_7	SF3A1	2	194	240	0.81
chr22	30342198	30342349	SF3A1_exon_6	SF3A1	2	151	240	0.63
chr22	30342762	30342882	SF3A1_exon_5	SF3A1	1	120	120	1.0
chr22	30344931	30345189	SF3A1_exon_4	SF3A1	3	258	360	0.72
chr22	30346310	30346518	SF3A1_exon_3	SF3A1	2	208	240	0.87
chr22	30352950	30353070	SF3A1_exon_2	SF3A1	1	120	120	1.0
chr22	30356728	30356893	SF3A1_exon_1	SF3A1	2	165	240	0.69
chrX	15319454	15321771	PIGA_exon_6	PIGA	20	2317	2400	0.97
chrX	15324663	15324870	PIGA_exon_5	PIGA	2	207	240	0.86
chrX	15325018	15325151	PIGA_exon_4	PIGA	2	133	240	0.55
chrX	15325912	15326045	PIGA_exon_3	PIGA	2	133	240	0.55
chrX	15331214	15331991	PIGA_exon_2	PIGA	7	777	840	0.93
chrX	15335463	15335583	PIGA_exon_1	PIGA	1	120	120	1.0
chrX	15790439	15790559	ZRSR2_exon_1	ZRSR2	1	120	120	1.0
chrX	15790900	15791020	ZRSR2_exon_2	ZRSR2	1	120	120	1.0
chrX	15799865	15799985	ZRSR2_exon_3	ZRSR2	1	120	120	1.0
chrX	15803680	15803800	ZRSR2_exon_4	ZRSR2	1	120	120	1.0
chrX	15804109	15804229	ZRSR2_exon_5	ZRSR2	1	120	120	1.0
chrX	15808153	15808273	ZRSR2_exon_6	ZRSR2	1	120	120	1.0
chrX	15809197	15809317	ZRSR2_exon_7	ZRSR2	1	120	120	1.0
chrX	15815675	15815889	ZRSR2_exon_8	ZRSR2	2	214	240	0.89
chrX	15818561	15818681	ZRSR2_exon_9	ZRSR2	1	120	120	1.0
chrX	15820200	15820320	ZRSR2_exon_10	ZRSR2	1	120	120	1.0
chrX	15822729	15823259	ZRSR2_exon_11	ZRSR2	5	530	600	0.88
chrX	40051249	40052399	BCOR_exon_15	BCOR	10	1150	1200	0.96
chrX	40053884	40054041	BCOR_exon_14	BCOR	2	157	240	0.65
chrX	40054223	40054343	BCOR_exon_13	BCOR	1	120	120	1.0
chrX	40055366	40055512	BCOR_exon_12	BCOR	2	146	240	0.61
chrX	40057153	40057320	BCOR_exon_11	BCOR	2	167	240	0.7
chrX	40062137	40062392	BCOR_exon_10	BCOR	3	255	360	0.71
chrX	40062744	40063070	BCOR_exon_9	BCOR	3	326	360	0.91
chrX	40063606	40063951	BCOR_exon_8	BCOR	3	345	360	0.96
chrX	40064334	40064598	BCOR_exon_7	BCOR	3	264	360	0.73
chrX	40070971	40071158	BCOR_exon_6	BCOR	2	187	240	0.78
chrX	40071619	40071739	BCOR_exon_5	BCOR	1	120	120	1.0
chrX	40072347	40075179	BCOR_exon_4	BCOR	24	2832	2880	0.98
chrX	40076416	40076536	BCOR_exon_3	BCOR	1	120	120	1.0
chrX	40077845	40077965	BCOR_exon_2	BCOR	1	120	120	1.0
chrX	40097213	40097957	BCOR_exon_1	BCOR	7	744	840	0.89
chrX	41334160	41334296	DDX3X_exon_1	DDX3X	2	136	240	0.57
chrX	41337370	41337490	DDX3X_exon_2	DDX3X	1	120	120	1.0
chrX	41339030	41339150	DDX3X_exon_3	DDX3X	1	120	120	1.0
chrX	41341482	41341615	DDX3X_exon_4	DDX3X	2	133	240	0.55
chrX	41342493	41342652	DDX3X_exon_5	DDX3X	2	159	240	0.66
chrX	41342733	41342853	DDX3X_exon_6	DDX3X	1	120	120	1.0
chrX	41343214	41343350	DDX3X_exon_7	DDX3X	2	136	240	0.57
chrX	41343707	41343827	DDX3X_exon_8	DDX3X	1	120	120	1.0
chrX	41344027	41344147	DDX3X_exon_9	DDX3X	1	120	120	1.0
chrX	41344237	41344398	DDX3X_exon_10	DDX3X	2	161	240	0.67
chrX	41345178	41345323	DDX3X_exon_11	DDX3X	2	145	240	0.6
chrX	41345402	41345547	DDX3X_exon_12	DDX3X	2	145	240	0.6
chrX	41346227	41346409	DDX3X_exon_13	DDX3X	2	182	240	0.76
chrX	41346502	41346622	DDX3X_exon_14	DDX3X	1	120	120	1.0
chrX	41346857	41347011	DDX3X_exon_15	DDX3X	2	154	240	0.64
chrX	41347310	41347450	DDX3X_exon_16	DDX3X	2	140	240	0.58
chrX	41347638	41350273	DDX3X_exon_17	DDX3X	22	2635	2640	1.0
chrX	44873186	44873711	KDM6A_exon_1	KDM6A	5	525	600	0.88
chrX	44873882	44874002	KDM6A_exon_2	KDM6A	1	120	120	1.0
chrX	44961276	44961396	KDM6A_exon_3	KDM6A	1	120	120	1.0
chrX	44974641	44974761	KDM6A_exon_4	KDM6A	1	120	120	1.0
chrX	45010945	45011065	KDM6A_exon_5	KDM6A	1	120	120	1.0
chrX	45020608	45020728	KDM6A_exon_6	KDM6A	1	120	120	1.0
chrX	45034911	45035031	KDM6A_exon_7	KDM6A	1	120	120	1.0
chrX	45037575	45037695	KDM6A_exon_8	KDM6A	1	120	120	1.0
chrX	45051683	45051803	KDM6A_exon_9	KDM6A	1	120	120	1.0
chrX	45053830	45053950	KDM6A_exon_10	KDM6A	1	120	120	1.0
chrX	45058991	45059111	KDM6A_exon_11	KDM6A	1	120	120	1.0
chrX	45059245	45059465	KDM6A_exon_12	KDM6A	2	220	240	0.92
chrX	45060020	45060155	KDM6A_exon_13	KDM6A	2	135	240	0.56
chrX	45060607	45060763	KDM6A_exon_14	KDM6A	2	156	240	0.65
chrX	45061310	45061430	KDM6A_exon_15	KDM6A	1	120	120	1.0
chrX	45062639	45062759	KDM6A_exon_16	KDM6A	1	120	120	1.0
chrX	45063420	45063816	KDM6A_exon_17	KDM6A	4	396	480	0.82
chrX	45069577	45070356	KDM6A_exon_18	KDM6A	7	779	840	0.93
chrX	45076700	45076820	KDM6A_exon_19	KDM6A	1	120	120	1.0
chrX	45078391	45078511	KDM6A_exon_20	KDM6A	1	120	120	1.0
chrX	45079144	45079350	KDM6A_exon_21	KDM6A	2	206	240	0.86
chrX	45082528	45082648	KDM6A_exon_22	KDM6A	1	120	120	1.0
chrX	45082681	45082801	KDM6A_exon_23	KDM6A	1	120	120	1.0
chrX	45083458	45083607	KDM6A_exon_24	KDM6A	2	149	240	0.62
chrX	45085860	45085980	KDM6A_exon_25	KDM6A	1	120	120	1.0
chrX	45089741	45089929	KDM6A_exon_26	KDM6A	2	188	240	0.78
chrX	45090721	45090863	KDM6A_exon_27	KDM6A	2	142	240	0.59
chrX	45107411	45107531	KDM6A_exon_28	KDM6A	1	120	120	1.0
chrX	45110077	45110248	KDM6A_exon_29	KDM6A	2	171	240	0.71
chrX	45111380	45112778	KDM6A_exon_30	KDM6A	12	1398	1440	0.97
chrX	47193827	47194023	UBA1_exon_1	UBA1	2	196	240	0.82
chrX	47198799	47198919	UBA1_exon_2	UBA1	1	120	120	1.0
chrX	47198990	47199110	UBA1_exon_3	UBA1	1	120	120	1.0
chrX	47199207	47199376	UBA1_exon_4	UBA1	2	169	240	0.7
chrX	47199478	47199613	UBA1_exon_5	UBA1	2	135	240	0.56
chrX	47200885	47201005	UBA1_exon_6	UBA1	1	120	120	1.0
chrX	47201260	47201380	UBA1_exon_7	UBA1	1	120	120	1.0
chrX	47201476	47201609	UBA1_exon_8	UBA1	2	133	240	0.55
chrX	47202144	47202264	UBA1_exon_9	UBA1	1	120	120	1.0
chrX	47202356	47202503	UBA1_exon_10	UBA1	2	147	240	0.61
chrX	47202636	47202813	UBA1_exon_11	UBA1	2	177	240	0.74
chrX	47202933	47203053	UBA1_exon_12	UBA1	1	120	120	1.0
chrX	47203115	47203235	UBA1_exon_13	UBA1	1	120	120	1.0
chrX	47203539	47203695	UBA1_exon_14	UBA1	2	156	240	0.65
chrX	47205946	47206112	UBA1_exon_15	UBA1	2	166	240	0.69
chrX	47206246	47206443	UBA1_exon_16	UBA1	2	197	240	0.82
chrX	47209582	47209702	UBA1_exon_17	UBA1	1	120	120	1.0
chrX	47209926	47210122	UBA1_exon_18	UBA1	2	196	240	0.82
chrX	47210813	47210933	UBA1_exon_19	UBA1	1	120	120	1.0
chrX	47211034	47211224	UBA1_exon_20	UBA1	2	190	240	0.79
chrX	47212398	47212518	UBA1_exon_21	UBA1	1	120	120	1.0
chrX	47212755	47212875	UBA1_exon_22	UBA1	1	120	120	1.0
chrX	47212988	47213180	UBA1_exon_23	UBA1	2	192	240	0.8
chrX	47214322	47214442	UBA1_exon_24	UBA1	1	120	120	1.0
chrX	47214529	47214649	UBA1_exon_25	UBA1	1	120	120	1.0
chrX	47214792	47215127	UBA1_exon_26	UBA1	3	335	360	0.93
chrX	48786589	48786709	GATA1_exon_1	GATA1	1	120	120	1.0
chrX	48791089	48791328	GATA1_exon_2	GATA1	2	239	240	1.0
chrX	48791842	48792220	GATA1_exon_3	GATA1	4	378	480	0.79
chrX	48792321	48792467	GATA1_exon_4	GATA1	2	146	240	0.61
chrX	48793173	48793293	GATA1_exon_5	GATA1	1	120	120	1.0
chrX	48793791	48794310	GATA1_exon_6	GATA1	5	519	600	0.86
chrX	53374147	53380185	SMC1A_exon_25	SMC1A	50	6038	6000	1.01
chrX	53380613	53380733	SMC1A_exon_24	SMC1A	1	120	120	1.0
chrX	53381000	53381120	SMC1A_exon_23	SMC1A	1	120	120	1.0
chrX	53382230	53382382	SMC1A_exon_22	SMC1A	2	152	240	0.63
chrX	53382504	53382659	SMC1A_exon_21	SMC1A	2	155	240	0.65
chrX	53383095	53383252	SMC1A_exon_20	SMC1A	2	157	240	0.65
chrX	53394771	53394891	SMC1A_exon_19	SMC1A	1	120	120	1.0
chrX	53396225	53396379	SMC1A_exon_18	SMC1A	2	154	240	0.64
chrX	53396470	53396616	SMC1A_exon_17	SMC1A	2	146	240	0.61
chrX	53399587	53399729	SMC1A_exon_16	SMC1A	2	142	240	0.59
chrX	53403557	53403677	SMC1A_exon_15	SMC1A	1	120	120	1.0
chrX	53403773	53403893	SMC1A_exon_14	SMC1A	1	120	120	1.0
chrX	53405010	53405148	SMC1A_exon_13	SMC1A	2	138	240	0.57
chrX	53405243	53405390	SMC1A_exon_12	SMC1A	2	147	240	0.61
chrX	53405491	53405671	SMC1A_exon_11	SMC1A	2	180	240	0.75
chrX	53405769	53405955	SMC1A_exon_10	SMC1A	2	186	240	0.78
chrX	53409060	53409268	SMC1A_exon_9	SMC1A	2	208	240	0.87
chrX	53409388	53409508	SMC1A_exon_8	SMC1A	1	120	120	1.0
chrX	53411759	53411900	SMC1A_exon_7	SMC1A	2	141	240	0.59
chrX	53411993	53412252	SMC1A_exon_6	SMC1A	3	259	360	0.72
chrX	53412898	53413137	SMC1A_exon_5	SMC1A	2	239	240	1.0
chrX	53413230	53413434	SMC1A_exon_4	SMC1A	2	204	240	0.85
chrX	53414752	53414872	SMC1A_exon_3	SMC1A	1	120	120	1.0
chrX	53414979	53415168	SMC1A_exon_2	SMC1A	2	189	240	0.79
chrX	53422490	53422653	SMC1A_exon_1	SMC1A	2	163	240	0.68
chrX	55009053	55009342	ALAS2_exon_11	ALAS2	3	289	360	0.8
chrX	55013484	55013647	ALAS2_exon_10	ALAS2	2	163	240	0.68
chrX	55014745	55015014	ALAS2_exon_9	ALAS2	3	269	360	0.75
chrX	55015576	55015741	ALAS2_exon_8	ALAS2	2	165	240	0.69
chrX	55017484	55017664	ALAS2_exon_7	ALAS2	2	180	240	0.75
chrX	55020318	55020503	ALAS2_exon_6	ALAS2	2	185	240	0.77
chrX	55021050	55021273	ALAS2_exon_5	ALAS2	2	223	240	0.93
chrX	55023750	55023870	ALAS2_exon_4	ALAS2	1	120	120	1.0
chrX	55024717	55024837	ALAS2_exon_3	ALAS2	1	120	120	1.0
chrX	55025818	55026014	ALAS2_exon_2	ALAS2	2	196	240	0.82
chrX	55030902	55031022	ALAS2_exon_1	ALAS2	1	120	120	1.0
chrX	101349448	101349955	BTK_exon_19	BTK	5	507	600	0.84
chrX	101353192	101353350	BTK_exon_18	BTK	2	158	240	0.66
chrX	101353867	101353987	BTK_exon_17	BTK	1	120	120	1.0
chrX	101354616	101354736	BTK_exon_16	BTK	1	120	120	1.0
chrX	101356050	101356267	BTK_exon_15	BTK	2	217	240	0.9
chrX	101356782	101356954	BTK_exon_14	BTK	2	172	240	0.72
chrX	101357466	101357586	BTK_exon_13	BTK	1	120	120	1.0
chrX	101358312	101358432	BTK_exon_12	BTK	1	120	120	1.0
chrX	101358587	101358707	BTK_exon_11	BTK	1	120	120	1.0
chrX	101359253	101359373	BTK_exon_10	BTK	1	120	120	1.0
chrX	101360085	101360205	BTK_exon_9	BTK	1	120	120	1.0
chrX	101360566	101360754	BTK_exon_8	BTK	2	188	240	0.78
chrX	101362152	101362272	BTK_exon_7	BTK	1	120	120	1.0
chrX	101362563	101362683	BTK_exon_6	BTK	1	120	120	1.0
chrX	101369994	101370114	BTK_exon_5	BTK	1	120	120	1.0
chrX	101371589	101371709	BTK_exon_4	BTK	1	120	120	1.0
chrX	101374522	101374642	BTK_exon_3	BTK	1	120	120	1.0
chrX	101375142	101375313	BTK_exon_2	BTK	2	171	240	0.71
chrX	101386065	101386185	BTK_exon_1	BTK	1	120	120	1.0
chrX	123961720	123961855	STAG2_exon_1	STAG2	2	135	240	0.56
chrX	124021365	124021485	STAG2_exon_2	STAG2	1	120	120	1.0
chrX	124022529	124022670	STAG2_exon_3	STAG2	2	141	240	0.59
chrX	124025807	124025927	STAG2_exon_4	STAG2	1	120	120	1.0
chrX	124030959	124031124	STAG2_exon_5	STAG2	2	165	240	0.69
chrX	124037513	124037633	STAG2_exon_6	STAG2	1	120	120	1.0
chrX	124042545	124042665	STAG2_exon_7	STAG2	1	120	120	1.0
chrX	124045162	124045367	STAG2_exon_8	STAG2	2	205	240	0.85
chrX	124047352	124047504	STAG2_exon_9	STAG2	2	152	240	0.63
chrX	124048972	124049092	STAG2_exon_10	STAG2	1	120	120	1.0
chrX	124050186	124050306	STAG2_exon_11	STAG2	1	120	120	1.0
chrX	124051115	124051235	STAG2_exon_12	STAG2	1	120	120	1.0
chrX	124051303	124051423	STAG2_exon_13	STAG2	1	120	120	1.0
chrX	124056120	124056240	STAG2_exon_14	STAG2	1	120	120	1.0
chrX	124057860	124057980	STAG2_exon_15	STAG2	1	120	120	1.0
chrX	124061221	124061341	STAG2_exon_16	STAG2	1	120	120	1.0
chrX	124061769	124061889	STAG2_exon_17	STAG2	1	120	120	1.0
chrX	124062887	124063007	STAG2_exon_18	STAG2	1	120	120	1.0
chrX	124063094	124063214	STAG2_exon_19	STAG2	1	120	120	1.0
chrX	124063846	124064050	STAG2_exon_20	STAG2	2	204	240	0.85
chrX	124065867	124065987	STAG2_exon_21	STAG2	1	120	120	1.0
chrX	124066167	124066287	STAG2_exon_22	STAG2	1	120	120	1.0
chrX	124066335	124066455	STAG2_exon_23	STAG2	1	120	120	1.0
chrX	124068557	124068677	STAG2_exon_24	STAG2	1	120	120	1.0
chrX	124071147	124071322	STAG2_exon_25	STAG2	2	175	240	0.73
chrX	124076330	124076470	STAG2_exon_26	STAG2	2	140	240	0.58
chrX	124077955	124078075	STAG2_exon_27	STAG2	1	120	120	1.0
chrX	124081378	124081527	STAG2_exon_28	STAG2	2	149	240	0.62
chrX	124083423	124083543	STAG2_exon_29	STAG2	1	120	120	1.0
chrX	124086545	124086769	STAG2_exon_30	STAG2	2	224	240	0.93
chrX	124090573	124090763	STAG2_exon_31	STAG2	2	190	240	0.79
chrX	124090847	124090967	STAG2_exon_32	STAG2	1	120	120	1.0
chrX	124094019	124094139	STAG2_exon_33	STAG2	1	120	120	1.0
chrX	124095356	124095476	STAG2_exon_34	STAG2	1	120	120	1.0
chrX	124100572	124102655	STAG2_exon_35	STAG2	18	2083	2160	0.96
chrX	129982637	129982757	BCORL1_exon_1	BCORL1	1	120	120	1.0
chrX	130005191	130005311	BCORL1_exon_2	BCORL1	1	120	120	1.0
chrX	130012568	130012688	BCORL1_exon_3	BCORL1	1	120	120	1.0
chrX	130012948	130016212	BCORL1_exon_4	BCORL1	28	3264	3360	0.97
chrX	130020983	130021149	BCORL1_exon_5	BCORL1	2	166	240	0.69
chrX	130022876	130022996	BCORL1_exon_6	BCORL1	1	120	120	1.0
chrX	130024988	130025378	BCORL1_exon_7	BCORL1	4	390	480	0.81
chrX	130028633	130028860	BCORL1_exon_8	BCORL1	2	227	240	0.95
chrX	130034453	130034675	BCORL1_exon_9	BCORL1	2	222	240	0.93
chrX	130037365	130037532	BCORL1_exon_10	BCORL1	2	167	240	0.7
chrX	130039135	130039281	BCORL1_exon_11	BCORL1	2	146	240	0.61
chrX	130050694	130050814	BCORL1_exon_12	BCORL1	1	120	120	1.0
chrX	130051858	130052015	BCORL1_exon_13	BCORL1	2	157	240	0.65
chrX	130055852	130058070	BCORL1_exon_14	BCORL1	19	2218	2280	0.97
chrX	134373310	134373466	PHF6_exon_1	PHF6	2	156	240	0.65
chrX	134377570	134377754	PHF6_exon_2	PHF6	2	184	240	0.77
chrX	134378003	134378123	PHF6_exon_3	PHF6	1	120	120	1.0
chrX	134393499	134393633	PHF6_exon_4	PHF6	2	134	240	0.56
chrX	134393906	134394026	PHF6_exon_5	PHF6	1	120	120	1.0
chrX	134413489	134413656	PHF6_exon_6	PHF6	2	167	240	0.7
chrX	134413821	134413965	PHF6_exon_7	PHF6	2	144	240	0.6
chrX	134415006	134415126	PHF6_exon_8	PHF6	1	120	120	1.0
chrX	134417167	134417301	PHF6_exon_9	PHF6	2	134	240	0.56
chrX	134425204	134425324	PHF6_exon_10	PHF6	1	120	120	1.0
chrX	134425659	134428789	PHF6_exon_11	PHF6	26	3130	3120	1.0
chrX	154762755	154762964	DKC1_5UTR	DKC1	2	209	240	0.87
