chromosome	start	end	gene	mean_log2	stdev_log2	n_samples	is_noisy
chr1	629966	630086	bb.chr1.629966	-0.097171	0.340516	8	True
chr1	1785284	1785514	GNB1_exon_12	0.013886	0.051975	8	False
chr1	1785514	1785744	GNB1_exon_12	0.096671	0.035417	8	False
chr1	1785772	1786028	GNB1_exon_12	0.089600	0.052686	8	False
chr1	1786028	1786284	GNB1_exon_12	-0.002167	0.054899	8	False
chr1	1786284	1786540	GNB1_exon_12	0.021664	0.038309	8	False
chr1	1786540	1786796	GNB1_exon_12	0.016900	0.039599	8	False
chr1	1786796	1787052	GNB1_exon_12	-0.030258	0.051693	8	False
chr1	1787318	1787438	GNB1_exon_11	0.006935	0.113487	8	False
chr1	1789051	1789268	GNB1_exon_10	0.047028	0.086332	8	False
chr1	1790393	1790595	GNB1_exon_9	-0.006796	0.066738	8	False
chr1	1793231	1793351	GNB1_exon_8	0.017648	0.085646	8	False
chr1	1804417	1804580	GNB1_exon_7	-0.030036	0.088321	8	False
chr1	1806442	1806562	GNB1_exon_6	0.018225	0.102765	8	False
chr1	1815747	1815867	GNB1_exon_5	0.016160	0.066934	8	False
chr1	1817803	1817923	GNB1_exon_4	-0.008946	0.087722	8	False
chr1	1825388	1825508	GNB1_exon_3	0.061578	0.071916	8	False
chr1	1839159	1839279	GNB1_exon_2	-0.008855	0.061057	8	False
chr1	1890818	1891086	GNB1_exon_1	-0.134564	0.233991	8	False
chr1	2396316	2396436	bb.chr1.2396316	-0.027259	0.133299	8	False
chr1	3082374	3082494	bb.chr1.3082374	-0.014097	0.123150	8	False
chr1	3775616	3775736	bb.chr1.3775616	0.049253	0.100109	8	False
chr1	4303615	4303735	bb.chr1.4303615	0.016972	0.095731	8	False
chr1	5269983	5270103	bb.chr1.5269983	0.036507	0.058186	8	False
chr1	6110304	6110424	bb.chr1.6110304	0.001075	0.056089	8	False
chr1	7868061	7868181	bb.chr1.7868061	-0.000554	0.067235	8	False
chr1	8949325	8949445	bb.chr1.8949325	0.009704	0.130587	8	False
chr1	10258931	10259051	bb.chr1.10258931	0.051489	0.107310	8	False
chr1	10904053	10904173	bb.chr1.10904053	0.040727	0.101598	8	False
chr1	11712409	11712529	bb.chr1.11712409	0.003006	0.040269	8	False
chr1	12597991	12598111	bb.chr1.12597991	0.033823	0.050788	8	False
chr1	13460094	13460214	bb.chr1.13460094	-0.031473	0.065474	8	False
chr1	14303771	14303891	bb.chr1.14303771	0.051794	0.198776	8	False
chr1	15286922	15287042	bb.chr1.15286922	0.024001	0.089125	8	False
chr1	16374238	16374358	bb.chr1.16374238	-0.003412	0.032893	8	False
chr1	17603425	17603545	bb.chr1.17603425	0.026048	0.102577	8	False
chr1	18325392	18325512	bb.chr1.18325392	-0.019857	0.084804	8	False
chr1	19004939	19005059	bb.chr1.19004939	-0.018825	0.061371	8	False
chr1	20305614	20305734	bb.chr1.20305614	-0.001219	0.069326	8	False
chr1	21345632	21345752	bb.chr1.21345632	-0.009583	0.153750	8	False
chr1	22325948	22326068	bb.chr1.22325948	0.029174	0.063260	8	False
chr1	22983932	22984052	bb.chr1.22983932	0.053478	0.050685	8	False
chr1	23646059	23646179	bb.chr1.23646059	0.000169	0.048217	8	False
chr1	24308620	24308740	bb.chr1.24308620	-0.052107	0.069230	8	False
chr1	24982708	24982828	bb.chr1.24982708	0.024792	0.077869	8	False
chr1	26168335	26168455	bb.chr1.26168335	-0.033838	0.079007	8	False
chr1	26696025	26696236	ARID1A_exon_1	0.009406	0.102200	8	False
chr1	26696249	26696507	ARID1A_exon_1	0.006485	0.205820	8	False
chr1	26696507	26696765	ARID1A_exon_1	-0.065117	0.215753	8	False
chr1	26696765	26697023	ARID1A_exon_1	-0.038841	0.174317	8	False
chr1	26697023	26697281	ARID1A_exon_1	-0.010858	0.156951	8	False
chr1	26697281	26697539	ARID1A_exon_1	-0.041359	0.116778	8	False
chr1	26729649	26729862	ARID1A_exon_2	0.030068	0.062836	8	False
chr1	26731150	26731376	ARID1A_exon_3	0.041436	0.063899	8	False
chr1	26731376	26731603	ARID1A_exon_3	0.028369	0.067393	8	False
chr1	26732672	26732792	ARID1A_exon_4	-0.002101	0.071175	8	False
chr1	26760854	26760974	ARID1A_exon_5	-0.026372	0.058046	8	False
chr1	26760975	26761095	ARID1A_exon_5	-0.004620	0.053626	8	False
chr1	26761353	26761473	ARID1A_exon_6	0.004906	0.047025	8	False
chr1	26762150	26762318	ARID1A_exon_7	-0.083497	0.100717	8	False
chr1	26762971	26763284	ARID1A_exon_8	0.026366	0.040250	8	False
chr1	26766219	26766365	ARID1A_exon_9	0.044359	0.044818	8	False
chr1	26766450	26766570	ARID1A_exon_10	0.032486	0.079513	8	False
chr1	26767788	26767998	ARID1A_exon_11	0.019737	0.058627	8	False
chr1	26771117	26771325	ARID1A_exon_12	0.019364	0.049243	8	False
chr1	26772498	26772631	ARID1A_exon_13	-0.020600	0.069522	8	False
chr1	26772810	26772986	ARID1A_exon_14	-0.085928	0.076360	8	False
chr1	26773344	26773495	ARID1A_exon_15	-0.014816	0.083021	8	False
chr1	26773578	26773716	ARID1A_exon_16	0.038671	0.048434	8	False
chr1	26773783	26773903	ARID1A_exon_17	-0.014937	0.051000	8	False
chr1	26774327	26774624	ARID1A_exon_18	0.036310	0.079126	8	False
chr1	26774624	26774921	ARID1A_exon_18	0.000253	0.085113	8	False
chr1	26774921	26775219	ARID1A_exon_18	0.015515	0.069692	8	False
chr1	26775580	26775700	ARID1A_exon_19	0.000946	0.034766	8	False
chr1	26779021	26779278	ARID1A_exon_20	-0.033568	0.068863	8	False
chr1	26779278	26779535	ARID1A_exon_20	0.015238	0.040397	8	False
chr1	26779535	26779793	ARID1A_exon_20	0.001834	0.035637	8	False
chr1	26779793	26780050	ARID1A_exon_20	0.013372	0.047532	8	False
chr1	26780050	26780307	ARID1A_exon_20	0.043626	0.054184	8	False
chr1	26780307	26780565	ARID1A_exon_20	-0.022785	0.075074	8	False
chr1	26780565	26780822	ARID1A_exon_20	0.025880	0.080118	8	False
chr1	26780822	26781079	ARID1A_exon_20	-0.005865	0.074945	8	False
chr1	26781079	26781337	ARID1A_exon_20	-0.042197	0.043656	8	False
chr1	26781337	26781594	ARID1A_exon_20	0.006180	0.025004	8	False
chr1	26781594	26781852	ARID1A_exon_20	0.069422	0.038552	8	False
chr1	26781872	26782103	ARID1A_exon_20	0.001380	0.088753	8	False
chr1	27885079	27885199	bb.chr1.27885079	-0.018578	0.035955	8	False
chr1	29118942	29119062	bb.chr1.29118942	0.005075	0.084131	8	False
chr1	29811183	29811303	bb.chr1.29811183	0.026097	0.098577	8	False
chr1	30515623	30515743	bb.chr1.30515623	-0.023387	0.150080	8	False
chr1	31236307	31236427	bb.chr1.31236307	0.013572	0.061167	8	False
chr1	31848639	31848759	bb.chr1.31848639	-0.003979	0.091872	8	False
chr1	32733706	32733826	bb.chr1.32733706	0.009257	0.050002	8	False
chr1	33848750	33848870	bb.chr1.33848750	-0.017488	0.056726	8	False
chr1	34523293	34523413	bb.chr1.34523293	-0.014587	0.045015	8	False
chr1	36150676	36150796	bb.chr1.36150676	0.000050	0.066265	8	False
chr1	36466041	36466302	CSF3R_exon_17	-0.082299	0.098610	8	False
chr1	36466302	36466564	CSF3R_exon_17	0.034665	0.081818	8	False
chr1	36466564	36466826	CSF3R_exon_17	-0.036656	0.062976	8	False
chr1	36467200	36467320	CSF3R_exon_16	-0.004759	0.069491	8	False
chr1	36467531	36467651	CSF3R_exon_15	-0.019629	0.082534	8	False
chr1	36467820	36467961	CSF3R_exon_14	0.020598	0.073733	8	False
chr1	36468073	36468220	CSF3R_exon_13	0.019192	0.067219	8	False
chr1	36469145	36469265	CSF3R_exon_12	0.004979	0.052117	8	False
chr1	36469650	36469839	CSF3R_exon_11	-0.114462	0.040538	8	False
chr1	36471431	36471645	CSF3R_exon_10	0.015813	0.063269	8	False
chr1	36472040	36472160	CSF3R_exon_9	0.030497	0.095635	8	False
chr1	36472236	36472390	CSF3R_exon_8	-0.018607	0.079978	8	False
chr1	36472515	36472685	CSF3R_exon_7	0.018920	0.095799	8	False
chr1	36473433	36473621	CSF3R_exon_6	0.055736	0.053204	8	False
chr1	36473764	36473884	CSF3R_exon_5	-0.060690	0.043755	8	False
chr1	36475375	36475672	CSF3R_exon_4	0.006229	0.057909	8	False
chr1	36479424	36479544	CSF3R_exon_3	-0.022787	0.079608	8	False
chr1	36481417	36481537	CSF3R_exon_2	-0.025072	0.061841	8	False
chr1	36482802	36482922	CSF3R_exon_1	0.019353	0.050720	8	False
chr1	37047842	37047962	bb.chr1.37047842	-0.022264	0.358795	8	True
chr1	37762525	37762645	bb.chr1.37762525	-0.020700	0.081795	8	False
chr1	38495305	38495425	bb.chr1.38495305	-0.005758	0.066501	8	False
chr1	39453502	39453622	bb.chr1.39453502	0.003657	0.073237	8	False
chr1	40075417	40075537	bb.chr1.40075417	0.005116	0.190035	8	False
chr1	40987721	40987841	bb.chr1.40987721	0.031684	0.088000	8	False
chr1	41865448	41865568	bb.chr1.41865448	-0.002566	0.080496	8	False
chr1	42843652	42843772	bb.chr1.42843652	0.064437	0.064812	8	False
chr1	43337811	43337931	MPL_exon_1	-0.000414	0.079005	8	False
chr1	43338097	43338230	MPL_exon_2	-0.038024	0.082108	8	False
chr1	43338540	43338719	MPL_exon_3	-0.072643	0.056419	8	False
chr1	43339269	43339568	MPL_exon_4	0.009722	0.066706	8	False
chr1	43339962	43340125	MPL_exon_5	-0.044793	0.036831	8	False
chr1	43340388	43340508	MPL_exon_6	0.002533	0.071807	8	False
chr1	43346443	43346628	MPL_exon_7	0.011775	0.025258	8	False
chr1	43346790	43346933	MPL_exon_8	-0.084347	0.086903	8	False
chr1	43348841	43349001	MPL_exon_9	-0.040034	0.141960	8	False
chr1	43349242	43349362	MPL_exon_10	0.047163	0.068566	8	False
chr1	43352195	43352315	MPL_exon_11	0.001836	0.090992	8	False
chr1	43352516	43352780	MPL_exon_12	-0.015275	0.025168	8	False
chr1	43352780	43353044	MPL_exon_12	-0.013218	0.072033	8	False
chr1	43353044	43353308	MPL_exon_12	-0.049797	0.051612	8	False
chr1	43353893	43354179	MPL_exon_12	0.066350	0.054975	8	False
chr1	43354179	43354465	MPL_exon_12	0.067958	0.041222	8	False
chr1	43787284	43787404	bb.chr1.43787284	0.020813	0.076756	8	False
chr1	44540268	44540388	bb.chr1.44540268	-0.012705	0.075503	8	False
chr1	45508196	45508316	bb.chr1.45508196	-0.004506	0.047824	8	False
chr1	46163921	46164041	bb.chr1.46163921	0.026414	0.065791	8	False
chr1	47180263	47180383	bb.chr1.47180263	0.022935	0.075141	8	False
chr1	47852957	47853077	bb.chr1.47852957	-0.052403	0.236874	8	False
chr1	48531147	48531267	bb.chr1.48531147	0.013481	0.088106	8	False
chr1	50178904	50179024	bb.chr1.50178904	-0.016825	0.070159	8	False
chr1	52785183	52785303	bb.chr1.52785183	-0.023778	0.081160	8	False
chr1	53538015	53538135	bb.chr1.53538015	0.001991	0.086219	8	False
chr1	54190918	54191038	bb.chr1.54190918	0.026239	0.094057	8	False
chr1	55206597	55206717	bb.chr1.55206597	-0.024324	0.131599	8	False
chr1	55826229	55826349	bb.chr1.55826229	0.031535	0.087662	8	False
chr1	56496024	56496144	bb.chr1.56496024	-0.012658	0.056656	8	False
chr1	57205930	57206050	bb.chr1.57205930	-0.369420	0.822859	8	True
chr1	57829032	57829152	bb.chr1.57829032	-0.067344	0.302244	8	True
chr1	58460464	58460584	bb.chr1.58460464	-0.000416	0.082377	8	False
chr1	59485973	59486093	bb.chr1.59485973	0.005334	0.070167	8	False
chr1	60476632	60476752	bb.chr1.60476632	-0.011689	0.121751	8	False
chr1	61810166	61810286	bb.chr1.61810166	0.095396	0.106484	8	False
chr1	62840501	62840621	bb.chr1.62840501	-0.044718	0.116833	8	False
chr1	63652512	63652632	bb.chr1.63652512	-0.010923	0.075530	8	False
chr1	64437752	64437872	bb.chr1.64437752	-0.024053	0.085969	8	False
chr1	65197238	65197358	bb.chr1.65197238	-0.081989	0.238088	8	False
chr1	66153835	66153955	bb.chr1.66153835	-0.002307	0.067276	8	False
chr1	66826735	66826855	bb.chr1.66826735	-0.036616	0.134552	8	False
chr1	67833548	67833668	bb.chr1.67833548	0.007921	0.090368	8	False
chr1	68435114	68435234	bb.chr1.68435114	-0.064358	0.209349	8	False
chr1	69148839	69148959	bb.chr1.69148839	-0.008616	0.065085	8	False
chr1	70130792	70130912	bb.chr1.70130792	0.016641	0.058126	8	False
chr1	70790764	70790884	bb.chr1.70790764	0.004255	0.046674	8	False
chr1	71491517	71491637	bb.chr1.71491517	0.015616	0.066653	8	False
chr1	72125122	72125242	bb.chr1.72125122	-0.094309	0.397019	8	True
chr1	73891356	73891476	bb.chr1.73891356	-0.000871	0.145300	8	False
chr1	74561648	74561768	bb.chr1.74561648	0.040115	0.054489	8	False
chr1	75552566	75552686	bb.chr1.75552566	0.002480	0.057676	8	False
chr1	76318891	76319011	bb.chr1.76318891	0.008496	0.082797	8	False
chr1	77082086	77082206	bb.chr1.77082086	-0.000629	0.098005	8	False
chr1	78068141	78068261	bb.chr1.78068141	-0.003009	0.131097	8	False
chr1	78828070	78828190	bb.chr1.78828070	-0.009449	0.124574	8	False
chr1	79524150	79524270	bb.chr1.79524150	-0.023657	0.080691	8	False
chr1	80163411	80163531	bb.chr1.80163411	-0.016331	0.091806	8	False
chr1	80801780	80801900	bb.chr1.80801780	-0.037310	0.115442	8	False
chr1	81802410	81802530	bb.chr1.81802410	0.043735	0.079790	8	False
chr1	83490232	83490352	bb.chr1.83490232	-0.046284	0.196630	8	False
chr1	84452453	84452573	bb.chr1.84452453	0.038071	0.076162	8	False
chr1	85117419	85117539	bb.chr1.85117419	-0.007543	0.095960	8	False
chr1	85814296	85814416	bb.chr1.85814296	-0.008738	0.269463	8	False
chr1	86482004	86482124	bb.chr1.86482004	0.060043	0.079031	8	False
chr1	87233815	87233935	bb.chr1.87233815	-0.016752	0.082824	8	False
chr1	88505918	88506038	bb.chr1.88505918	-0.072180	0.202187	8	False
chr1	89469482	89469602	bb.chr1.89469482	0.029667	0.064842	8	False
chr1	90482352	90482472	bb.chr1.90482352	0.011439	0.090912	8	False
chr1	91139874	91139994	bb.chr1.91139874	-0.018805	0.385420	8	True
chr1	91815968	91816088	bb.chr1.91815968	-0.001361	0.072773	8	False
chr1	92473041	92473310	GFI1_exon_7	-0.022677	0.061498	8	False
chr1	92473310	92473580	GFI1_exon_7	0.016500	0.049246	8	False
chr1	92473580	92473850	GFI1_exon_7	-0.029251	0.047620	8	False
chr1	92473861	92474121	GFI1_exon_7	-0.010695	0.053084	8	False
chr1	92474121	92474382	GFI1_exon_7	-0.025076	0.069661	8	False
chr1	92474382	92474642	GFI1_exon_7	-0.023579	0.031560	8	False
chr1	92474642	92474903	GFI1_exon_7	-0.030130	0.050612	8	False
chr1	92474903	92475163	GFI1_exon_7	-0.031131	0.026440	8	False
chr1	92475163	92475424	GFI1_exon_7	0.008140	0.038011	8	False
chr1	92475424	92475684	GFI1_exon_7	-0.005903	0.054195	8	False
chr1	92475684	92475945	GFI1_exon_7	-0.032977	0.056660	8	False
chr1	92475945	92476206	GFI1_exon_7	-0.064580	0.070699	8	False
chr1	92478586	92478752	GFI1_exon_6	-0.062415	0.114358	8	False
chr1	92480346	92480484	GFI1_exon_5	-0.001533	0.064522	8	False
chr1	92480599	92480719	GFI1_exon_4	-0.061238	0.117063	8	False
chr1	92480722	92480842	GFI1_exon_4	-0.057125	0.152754	8	False
chr1	92480845	92480965	GFI1_exon_4	-0.050028	0.152675	8	False
chr1	92480967	92481087	GFI1_exon_4	-0.009792	0.065611	8	False
chr1	92482862	92483045	GFI1_exon_3	-0.091980	0.108424	8	False
chr1	92483371	92483585	GFI1_exon_2	0.027904	0.082031	8	False
chr1	92486724	92486924	GFI1_exon_1	-0.038651	0.085082	8	False
chr1	93845078	93845198	bb.chr1.93845078	0.006409	0.065224	8	False
chr1	95142070	95142190	bb.chr1.95142070	0.022492	0.083506	8	False
chr1	96144718	96144838	bb.chr1.96144718	0.030249	0.052488	8	False
chr1	96819223	96819343	bb.chr1.96819223	0.040105	0.112429	8	False
chr1	97486353	97486473	bb.chr1.97486353	-0.048795	0.130052	8	False
chr1	98149458	98149578	bb.chr1.98149458	0.016660	0.111801	8	False
chr1	99123808	99123928	bb.chr1.99123808	0.016547	0.082223	8	False
chr1	99811983	99812103	bb.chr1.99811983	0.007478	0.044735	8	False
chr1	100504730	100504850	bb.chr1.100504730	0.023666	0.095967	8	False
chr1	101155472	101155592	bb.chr1.101155472	-0.026523	0.139180	8	False
chr1	101808332	101808452	bb.chr1.101808332	0.018367	0.107880	8	False
chr1	102853304	102853424	bb.chr1.102853304	0.027541	0.082291	8	False
chr1	103505642	103505762	bb.chr1.103505642	-0.040884	0.153757	8	False
chr1	104401917	104402037	bb.chr1.104401917	0.030248	0.105267	8	False
chr1	105095739	105095859	bb.chr1.105095739	0.001536	0.081922	8	False
chr1	105763500	105763620	bb.chr1.105763500	0.015652	0.095841	8	False
chr1	106677659	106677779	bb.chr1.106677659	-0.025901	0.188799	8	False
chr1	107393711	107393831	bb.chr1.107393711	-0.000654	0.115874	8	False
chr1	110049366	110049486	bb.chr1.110049366	-0.017561	0.062496	8	False
chr1	110733894	110734014	bb.chr1.110733894	-0.006873	0.087068	8	False
chr1	111720534	111720654	bb.chr1.111720534	0.016959	0.083989	8	False
chr1	112356054	112356174	bb.chr1.112356054	0.009280	0.050215	8	False
chr1	113057285	113057405	bb.chr1.113057285	-0.003756	0.055865	8	False
chr1	113829650	113829770	bb.chr1.113829650	0.007481	0.080100	8	False
chr1	114704467	114704762	NRAS_exon_7	0.080082	0.052558	8	False
chr1	114704762	114705057	NRAS_exon_7	0.003101	0.039515	8	False
chr1	114705057	114705352	NRAS_exon_7	-0.017269	0.034874	8	False
chr1	114705352	114705648	NRAS_exon_7	0.020024	0.061275	8	False
chr1	114705790	114706072	NRAS_exon_7	0.035327	0.063503	8	False
chr1	114706072	114706354	NRAS_exon_7	-0.009449	0.047653	8	False
chr1	114706354	114706637	NRAS_exon_7	0.020878	0.066514	8	False
chr1	114706637	114706919	NRAS_exon_7	0.028101	0.044332	8	False
chr1	114706919	114707201	NRAS_exon_7	-0.023060	0.051605	8	False
chr1	114707201	114707484	NRAS_exon_7	0.029652	0.039476	8	False
chr1	114707484	114707766	NRAS_exon_7	-0.006547	0.071893	8	False
chr1	114707766	114708049	NRAS_exon_7	0.072581	0.056709	8	False
chr1	114708152	114708272	NRAS_exon_6	-0.023958	0.063358	8	False
chr1	114708531	114708651	NRAS_exon_5	0.002446	0.047665	8	False
chr1	114709567	114709727	NRAS_exon_4	-0.027653	0.062204	8	False
chr1	114713798	114713977	NRAS_exon_3	-0.068990	0.038140	8	False
chr1	114716052	114716172	NRAS_exon_2	-0.013481	0.052975	8	False
chr1	114716653	114716773	NRAS_exon_1	0.070422	0.105689	8	False
chr1	114726530	114726650	bb.chr1.114726530	-0.062020	0.205147	8	False
chr1	115399293	115399413	bb.chr1.115399293	0.002137	0.084268	8	False
chr1	116397799	116397919	bb.chr1.116397799	-0.001007	0.065387	8	False
chr1	117026708	117026828	bb.chr1.117026708	-0.060002	0.272640	8	False
chr1	117712376	117712496	bb.chr1.117712376	0.039096	0.108566	8	False
chr1	119035154	119035274	bb.chr1.119035154	-0.015714	0.103333	8	False
chr1	119699854	119699974	bb.chr1.119699854	-0.043578	0.280814	8	False
chr1	121548376	121548496	bb.chr1.121548376	-0.023218	0.103753	8	False
chr1	143997796	143997915	bb.chr1.143997796	-0.017164	0.405969	8	True
chr1	145879366	145879486	bb.chr1.145879366	-0.019058	0.115032	8	False
chr1	147078257	147078377	bb.chr1.147078257	0.000504	0.060836	8	False
chr1	147777713	147777833	bb.chr1.147777713	0.035555	0.089724	8	False
chr1	149940160	149940280	bb.chr1.149940160	0.028433	0.046150	8	False
chr1	150563644	150563764	bb.chr1.150563644	-0.000548	0.060995	8	False
chr1	151291246	151291366	bb.chr1.151291246	0.025448	0.065348	8	False
chr1	151980349	151980469	bb.chr1.151980349	-0.000636	0.072717	8	False
chr1	152617651	152617771	bb.chr1.152617651	-0.001755	0.072758	8	False
chr1	153262512	153262632	bb.chr1.153262512	-0.003844	0.070015	8	False
chr1	154272976	154273096	bb.chr1.154272976	-0.017860	0.059523	8	False
chr1	155288901	155289021	bb.chr1.155288901	0.031573	0.065284	8	False
chr1	155897806	155898098	RIT1_exon_6	0.081133	0.060366	8	False
chr1	155898098	155898391	RIT1_exon_6	0.005603	0.075027	8	False
chr1	155898524	155898785	RIT1_exon_6	0.011380	0.054765	8	False
chr1	155898785	155899047	RIT1_exon_6	-0.025369	0.063953	8	False
chr1	155899047	155899308	RIT1_exon_6	0.002234	0.039833	8	False
chr1	155899308	155899570	RIT1_exon_6	0.041864	0.068719	8	False
chr1	155899570	155899832	RIT1_exon_6	-0.037940	0.040051	8	False
chr1	155899832	155900093	RIT1_exon_6	0.040506	0.071684	8	False
chr1	155900093	155900355	RIT1_exon_6	0.002854	0.040569	8	False
chr1	155900355	155900617	RIT1_exon_6	-0.024873	0.069581	8	False
chr1	155904309	155904501	RIT1_exon_5	-0.086948	0.051551	8	False
chr1	155904728	155904848	RIT1_exon_4	0.026575	0.047310	8	False
chr1	155910432	155910552	RIT1_exon_3	-0.006050	0.073820	8	False
chr1	155910654	155910803	RIT1_exon_2	0.049993	0.040023	8	False
chr1	155911234	155911354	RIT1_exon_1	0.007660	0.056734	8	False
chr1	156246048	156246168	bb.chr1.156246048	-0.006727	0.174334	8	False
chr1	157587851	157587971	bb.chr1.157587851	-0.000310	0.195457	8	False
chr1	158196981	158197101	bb.chr1.158196981	-0.030201	0.235292	8	False
chr1	158849474	158849594	bb.chr1.158849474	0.004478	0.103373	8	False
chr1	159683089	159683209	bb.chr1.159683089	-0.011223	0.050089	8	False
chr1	160295665	160295785	bb.chr1.160295665	0.019797	0.076828	8	False
chr1	161269293	161269413	bb.chr1.161269293	0.019074	0.031664	8	False
chr1	161993757	161993877	bb.chr1.161993757	0.005440	0.033612	8	False
chr1	162622852	162622972	bb.chr1.162622852	-0.015765	0.099222	8	False
chr1	163319721	163319841	bb.chr1.163319721	-0.040371	0.086961	8	False
chr1	163940959	163941079	bb.chr1.163940959	-0.091458	0.277007	8	False
chr1	164935276	164935396	bb.chr1.164935276	-0.001930	0.095661	8	False
chr1	165998123	165998243	bb.chr1.165998123	-0.000353	0.058247	8	False
chr1	166930510	166930630	bb.chr1.166930510	-0.054859	0.264900	8	False
chr1	167600433	167600553	bb.chr1.167600433	-0.000194	0.111518	8	False
chr1	168261033	168261153	bb.chr1.168261033	-0.012912	0.106853	8	False
chr1	169124100	169124220	bb.chr1.169124100	0.009109	0.067425	8	False
chr1	170262398	170262518	bb.chr1.170262398	0.022394	0.076584	8	False
chr1	171249756	171249876	bb.chr1.171249756	0.019987	0.087663	8	False
chr1	172638749	172638869	bb.chr1.172638749	0.002576	0.079292	8	False
chr1	173254664	173254784	bb.chr1.173254664	-0.006242	0.144145	8	False
chr1	173863574	173863694	bb.chr1.173863574	-0.025358	0.109781	8	False
chr1	175624885	175625005	bb.chr1.175624885	-0.007170	0.094715	8	False
chr1	176442425	176442545	bb.chr1.176442425	0.006769	0.072399	8	False
chr1	177267192	177267312	bb.chr1.177267192	-0.006603	0.059917	8	False
chr1	178621199	178621319	bb.chr1.178621199	0.004185	0.050996	8	False
chr1	179553026	179553146	bb.chr1.179553026	-0.095126	0.348074	8	True
chr1	180927734	180927854	bb.chr1.180927734	-0.013701	0.062551	8	False
chr1	181580351	181580471	bb.chr1.181580351	0.036157	0.070485	8	False
chr1	182611962	182612082	bb.chr1.182611962	0.036265	0.078307	8	False
chr1	183609659	183609779	bb.chr1.183609659	0.000150	0.033869	8	False
chr1	184555617	184555737	bb.chr1.184555617	-0.020148	0.084362	8	False
chr1	185250488	185250608	bb.chr1.185250488	0.008001	0.084657	8	False
chr1	187307287	187307407	bb.chr1.187307287	-0.003894	0.071727	8	False
chr1	188250703	188250823	bb.chr1.188250703	-0.020737	0.139443	8	False
chr1	188974535	188974655	bb.chr1.188974535	-0.075615	0.233072	8	False
chr1	190097656	190097902	BRINP3_exon_8	-0.039479	0.074903	8	False
chr1	190097902	190098148	BRINP3_exon_8	0.049440	0.042495	8	False
chr1	190098148	190098394	BRINP3_exon_8	-0.043836	0.042851	8	False
chr1	190098394	190098640	BRINP3_exon_8	0.015827	0.067034	8	False
chr1	190098640	190098886	BRINP3_exon_8	0.001983	0.059232	8	False
chr1	190098886	190099133	BRINP3_exon_8	-0.024790	0.053150	8	False
chr1	190160666	190160889	BRINP3_exon_7	0.068609	0.074838	8	False
chr1	190215034	190215154	bb.chr1.190215034	-0.036945	0.200195	8	False
chr1	190226080	190226317	BRINP3_exon_6	0.027192	0.068646	8	False
chr1	190234363	190234483	BRINP3_exon_5	0.065327	0.087088	8	False
chr1	190264863	190265054	BRINP3_exon_4	-0.097547	0.039138	8	False
chr1	190281558	190281749	BRINP3_exon_3	-0.089777	0.046029	8	False
chr1	190454653	190454939	BRINP3_exon_2	0.022409	0.041126	8	False
chr1	190477446	190477654	BRINP3_exon_1	0.037737	0.057457	8	False
chr1	190477654	190477863	BRINP3_exon_1	0.049715	0.031398	8	False
chr1	190893887	190894007	bb.chr1.190893887	-0.222182	0.837819	8	True
chr1	191593967	191594087	bb.chr1.191593967	-0.204188	0.599633	8	True
chr1	192592355	192592475	bb.chr1.192592355	-0.221393	0.709091	8	True
chr1	193469585	193469705	bb.chr1.193469585	-0.009482	0.061850	8	False
chr1	194513114	194513234	bb.chr1.194513114	-0.013049	0.111893	8	False
chr1	195248961	195249081	bb.chr1.195248961	-0.044286	0.257619	8	False
chr1	196713156	196713276	bb.chr1.196713156	-0.035833	0.180307	8	False
chr1	198126443	198126563	bb.chr1.198126443	0.001912	0.063014	8	False
chr1	199244170	199244290	bb.chr1.199244170	-0.116692	0.651911	8	True
chr1	200233043	200233163	bb.chr1.200233043	0.041705	0.070757	8	False
chr1	201253794	201253914	bb.chr1.201253794	-0.008468	0.072032	8	False
chr1	202208947	202209067	bb.chr1.202208947	-0.007841	0.084229	8	False
chr1	202331655	202331959	UBE2T_exon_7	-0.028125	0.117867	8	False
chr1	202332986	202333106	UBE2T_exon_6	-0.043706	0.087587	8	False
chr1	202333217	202333337	UBE2T_exon_5	-0.002639	0.072618	8	False
chr1	202333441	202333561	UBE2T_exon_4	0.006259	0.046715	8	False
chr1	202334948	202335068	UBE2T_exon_3	0.000874	0.040418	8	False
chr1	202335644	202335817	UBE2T_exon_2	-0.038373	0.068370	8	False
chr1	202341827	202341947	UBE2T_exon_1	0.009668	0.064167	8	False
chr1	203601619	203601739	bb.chr1.203601619	0.001028	0.085776	8	False
chr1	204244424	204244544	bb.chr1.204244424	0.035947	0.087121	8	False
chr1	204915648	204915768	bb.chr1.204915648	0.018156	0.163435	8	False
chr1	206224328	206224448	bb.chr1.206224328	-0.029909	0.102290	8	False
chr1	206705717	206705837	bb.chr1.206705717	-0.020897	0.059997	8	False
chr1	207375221	207375341	bb.chr1.207375221	0.026046	0.066209	8	False
chr1	208065771	208065891	bb.chr1.208065771	-0.000260	0.075336	8	False
chr1	209035760	209035880	bb.chr1.209035760	-0.015021	0.094724	8	False
chr1	209659942	209660062	bb.chr1.209659942	-0.026293	0.081645	8	False
chr1	210381583	210381703	bb.chr1.210381583	0.020858	0.178967	8	False
chr1	211371942	211372062	bb.chr1.211371942	0.017235	0.086444	8	False
chr1	212365940	212366060	bb.chr1.212365940	0.032275	0.073182	8	False
chr1	213036899	213037019	bb.chr1.213036899	-0.015841	0.126759	8	False
chr1	213982762	213982882	bb.chr1.213982762	-0.000752	0.080266	8	False
chr1	215301503	215301623	bb.chr1.215301503	-0.011157	0.056763	8	False
chr1	216500914	216501034	bb.chr1.216500914	-0.008491	0.076375	8	False
chr1	217798578	217798698	bb.chr1.217798578	0.046761	0.080133	8	False
chr1	218685332	218685452	bb.chr1.218685332	0.054351	0.098512	8	False
chr1	219385055	219385175	bb.chr1.219385055	-0.005808	0.068728	8	False
chr1	219991760	219991880	bb.chr1.219991760	-0.043908	0.113686	8	False
chr1	221030661	221030781	bb.chr1.221030661	-0.038719	0.109011	8	False
chr1	221692916	221693036	bb.chr1.221692916	-0.006406	0.111214	8	False
chr1	222742747	222742867	bb.chr1.222742747	0.042466	0.106133	8	False
chr1	223344744	223344864	bb.chr1.223344744	-0.020487	0.073746	8	False
chr1	224175608	224175728	bb.chr1.224175608	0.000197	0.089114	8	False
chr1	225689947	225690067	bb.chr1.225689947	-0.027124	0.088185	8	False
chr1	226484256	226484376	bb.chr1.226484256	0.065904	0.090610	8	False
chr1	228348796	228348916	bb.chr1.228348796	0.018783	0.069208	8	False
chr1	229065160	229065280	bb.chr1.229065160	-0.009607	0.077939	8	False
chr1	229715604	229715724	bb.chr1.229715604	0.002394	0.084104	8	False
chr1	230716310	230716430	bb.chr1.230716310	0.024395	0.050404	8	False
chr1	231363754	231364029	EGLN1_exon_5	-0.020732	0.037682	8	False
chr1	231364029	231364305	EGLN1_exon_5	-0.008250	0.054090	8	False
chr1	231364305	231364581	EGLN1_exon_5	-0.000724	0.054214	8	False
chr1	231364581	231364857	EGLN1_exon_5	0.050934	0.044802	8	False
chr1	231364857	231365133	EGLN1_exon_5	0.021630	0.053611	8	False
chr1	231365133	231365409	EGLN1_exon_5	-0.001980	0.064312	8	False
chr1	231365661	231365932	EGLN1_exon_5	-0.043116	0.048182	8	False
chr1	231365932	231366203	EGLN1_exon_5	-0.005635	0.057432	8	False
chr1	231366203	231366474	EGLN1_exon_5	-0.028242	0.044642	8	False
chr1	231367517	231367637	EGLN1_exon_4	-0.004241	0.042658	8	False
chr1	231370560	231370697	EGLN1_exon_3	0.019549	0.041656	8	False
chr1	231373978	231374098	EGLN1_exon_2	-0.039901	0.055396	8	False
chr1	231400074	231400194	bb.chr1.231400074	0.048009	0.118032	8	False
chr1	231420996	231421254	EGLN1_exon_1	-0.003517	0.060168	8	False
chr1	231421254	231421512	EGLN1_exon_1	0.039302	0.119991	8	False
chr1	231421512	231421770	EGLN1_exon_1	0.046447	0.145192	8	False
chr1	231421770	231422028	EGLN1_exon_1	-0.014872	0.189301	8	False
chr1	231422028	231422286	EGLN1_exon_1	-0.023179	0.162457	8	False
chr1	232392152	232392272	bb.chr1.232392152	-0.074681	0.185664	8	False
chr1	233087017	233087137	bb.chr1.233087017	0.008563	0.082075	8	False
chr1	234028245	234028365	bb.chr1.234028245	0.092022	0.052933	8	False
chr1	234726061	234726181	bb.chr1.234726061	-0.000286	0.054335	8	False
chr1	235457658	235457778	bb.chr1.235457658	0.002955	0.136995	8	False
chr1	236410907	236411027	bb.chr1.236410907	0.010849	0.048558	8	False
chr1	237307721	237307841	bb.chr1.237307721	-0.020176	0.131298	8	False
chr1	238300491	238300611	bb.chr1.238300491	-0.355486	0.745783	8	True
chr1	239052497	239052617	bb.chr1.239052497	-0.038443	0.096232	8	False
chr1	240361220	240361340	bb.chr1.240361220	-0.030057	0.068473	8	False
chr1	241015584	241015704	bb.chr1.241015584	-0.193310	0.520940	8	True
chr1	241701354	241701474	bb.chr1.241701354	0.016972	0.090592	8	False
chr1	242383011	242383131	bb.chr1.242383011	0.009880	0.046842	8	False
chr1	243159250	243159370	bb.chr1.243159250	-0.362951	0.782973	8	True
chr1	244728310	244728430	bb.chr1.244728310	0.045413	0.039358	8	False
chr1	245386600	245386720	bb.chr1.245386600	0.017504	0.082539	8	False
chr1	246947700	246947820	bb.chr1.246947700	-0.032471	0.089339	8	False
chr1	248360900	248361020	bb.chr1.248360900	-0.011037	0.070863	8	False
chr2	615950	616070	bb.chr2.615950	0.067603	0.064728	8	False
chr2	2113038	2113158	bb.chr2.2113038	-0.024494	0.049574	8	False
chr2	2751505	2751625	bb.chr2.2751505	-0.027463	0.104747	8	False
chr2	3724688	3724808	bb.chr2.3724688	-0.015828	0.095308	8	False
chr2	4852990	4853110	bb.chr2.4852990	-0.066053	0.217272	8	False
chr2	5363007	5363127	bb.chr2.5363007	0.014882	0.075826	8	False
chr2	5987017	5987137	bb.chr2.5987017	-0.048019	0.287823	8	False
chr2	7210302	7210422	bb.chr2.7210302	0.000573	0.081626	8	False
chr2	7861391	7861511	bb.chr2.7861391	0.007000	0.065093	8	False
chr2	9139202	9139322	bb.chr2.9139202	-0.012422	0.062386	8	False
chr2	9979691	9979811	bb.chr2.9979691	-0.073863	0.339066	8	True
chr2	10873496	10873616	bb.chr2.10873496	-0.024495	0.054902	8	False
chr2	11800633	11800753	bb.chr2.11800633	-0.009839	0.047307	8	False
chr2	12420996	12421116	bb.chr2.12420996	0.097862	0.096049	8	False
chr2	13339814	13339934	bb.chr2.13339814	-0.036659	0.051355	8	False
chr2	13941720	13941840	bb.chr2.13941720	-0.022817	0.130612	8	False
chr2	15166677	15166797	bb.chr2.15166677	-0.018444	0.065267	8	False
chr2	15772742	15772862	bb.chr2.15772742	-0.001741	0.086935	8	False
chr2	15940548	15940742	MYCN_exon_1	-0.087576	0.064105	8	False
chr2	15941946	15942248	MYCN_exon_2	0.016615	0.065276	8	False
chr2	15942248	15942550	MYCN_exon_2	0.011879	0.101981	8	False
chr2	15942550	15942853	MYCN_exon_2	-0.000831	0.122086	8	False
chr2	15945491	15945743	MYCN_exon_3	-0.046089	0.024262	8	False
chr2	15945743	15945995	MYCN_exon_3	-0.014572	0.077646	8	False
chr2	15945995	15946247	MYCN_exon_3	-0.015081	0.027352	8	False
chr2	15946247	15946499	MYCN_exon_3	0.011625	0.041281	8	False
chr2	15946499	15946751	MYCN_exon_3	0.004190	0.069765	8	False
chr2	15946751	15947003	MYCN_exon_3	-0.037118	0.101148	8	False
chr2	16809926	16810046	bb.chr2.16809926	0.016918	0.080138	8	False
chr2	17864911	17865031	bb.chr2.17864911	-0.002888	0.075480	8	False
chr2	18743883	18744003	bb.chr2.18743883	-0.145999	0.417130	8	True
chr2	19346974	19347094	bb.chr2.19346974	0.019701	0.076268	8	False
chr2	20006594	20006714	bb.chr2.20006594	0.050912	0.095918	8	False
chr2	20626846	20626966	bb.chr2.20626846	0.002384	0.043571	8	False
chr2	21231790	21231910	bb.chr2.21231790	-0.035284	0.100358	8	False
chr2	22329765	22329885	bb.chr2.22329765	-0.009525	0.060748	8	False
chr2	23642978	23643098	bb.chr2.23642978	0.011557	0.110383	8	False
chr2	24433698	24433818	bb.chr2.24433698	-0.005118	0.126525	8	False
chr2	25150369	25150489	bb.chr2.25150369	-0.003859	0.268013	8	False
chr2	25227872	25228216	DNMT3A_exon_23	-0.003583	0.039432	8	False
chr2	25228364	25228636	DNMT3A_exon_23	0.032658	0.072071	8	False
chr2	25228636	25228908	DNMT3A_exon_23	-0.005483	0.044577	8	False
chr2	25228908	25229180	DNMT3A_exon_23	-0.022448	0.040032	8	False
chr2	25229180	25229453	DNMT3A_exon_23	0.025309	0.059386	8	False
chr2	25229453	25229725	DNMT3A_exon_23	0.014088	0.018685	8	False
chr2	25229725	25229997	DNMT3A_exon_23	0.002472	0.057167	8	False
chr2	25229997	25230270	DNMT3A_exon_23	0.006890	0.059551	8	False
chr2	25230270	25230542	DNMT3A_exon_23	-0.051288	0.052552	8	False
chr2	25230542	25230814	DNMT3A_exon_23	-0.032710	0.107337	8	False
chr2	25230814	25231087	DNMT3A_exon_23	-0.005569	0.073213	8	False
chr2	25231087	25231359	DNMT3A_exon_23	-0.008249	0.078265	8	False
chr2	25231359	25231631	DNMT3A_exon_23	0.031273	0.044380	8	False
chr2	25231631	25231903	DNMT3A_exon_23	-0.012038	0.069707	8	False
chr2	25231903	25232176	DNMT3A_exon_23	-0.019506	0.039656	8	False
chr2	25232176	25232448	DNMT3A_exon_23	-0.022136	0.106389	8	False
chr2	25232448	25232720	DNMT3A_exon_23	0.016541	0.071253	8	False
chr2	25232720	25232993	DNMT3A_exon_23	-0.035486	0.066424	8	False
chr2	25232993	25233265	DNMT3A_exon_23	-0.021790	0.080175	8	False
chr2	25233265	25233537	DNMT3A_exon_23	0.005540	0.064774	8	False
chr2	25233537	25233810	DNMT3A_exon_23	0.021288	0.053082	8	False
chr2	25233823	25234121	DNMT3A_exon_23	0.026272	0.053282	8	False
chr2	25234121	25234419	DNMT3A_exon_23	0.042482	0.044624	8	False
chr2	25235704	25235824	DNMT3A_exon_22	-0.015090	0.045224	8	False
chr2	25236928	25237048	DNMT3A_exon_21	0.002715	0.095055	8	False
chr2	25239119	25239239	DNMT3A_exon_20	0.013150	0.090334	8	False
chr2	25240300	25240449	DNMT3A_exon_19	-0.049467	0.054437	8	False
chr2	25240623	25240743	DNMT3A_exon_18	0.026398	0.068683	8	False
chr2	25241560	25241706	DNMT3A_exon_17	-0.015299	0.060759	8	False
chr2	25243892	25244012	DNMT3A_exon_16	-0.083614	0.065985	8	False
chr2	25244153	25244337	DNMT3A_exon_15	0.057298	0.069452	8	False
chr2	25244534	25244654	DNMT3A_exon_14	-0.010633	0.066101	8	False
chr2	25245228	25245348	DNMT3A_exon_13	0.019876	0.069861	8	False
chr2	25245944	25246064	DNMT3A_exon_12	0.019178	0.102057	8	False
chr2	25246158	25246308	DNMT3A_exon_11	0.029816	0.058031	8	False
chr2	25246618	25246775	DNMT3A_exon_10	-0.000586	0.118282	8	False
chr2	25247043	25247163	DNMT3A_exon_9	-0.002254	0.121000	8	False
chr2	25247589	25247748	DNMT3A_exon_8	-0.034916	0.071388	8	False
chr2	25248035	25248251	DNMT3A_exon_7	0.047402	0.065752	8	False
chr2	25274939	25275086	DNMT3A_exon_6	-0.005255	0.078180	8	False
chr2	25275454	25275574	DNMT3A_exon_5	-0.009798	0.081494	8	False
chr2	25282439	25282710	DNMT3A_exon_4	0.000762	0.049205	8	False
chr2	25300129	25300249	DNMT3A_exon_3	0.010850	0.077496	8	False
chr2	25313911	25314031	DNMT3A_exon_2	-0.004591	0.103284	8	False
chr2	25314040	25314160	DNMT3A_exon_2	0.014254	0.072875	8	False
chr2	25341805	25341925	DNMT3A_exon_1	-0.014649	0.322864	8	True
chr2	25733751	25734013	ASXL2_exon_13	-0.045604	0.044290	8	False
chr2	25734013	25734275	ASXL2_exon_13	-0.008795	0.049172	8	False
chr2	25734275	25734537	ASXL2_exon_13	0.010281	0.026174	8	False
chr2	25734537	25734799	ASXL2_exon_13	-0.036898	0.092165	8	False
chr2	25734799	25735062	ASXL2_exon_13	0.024569	0.041470	8	False
chr2	25735062	25735324	ASXL2_exon_13	-0.022340	0.044108	8	False
chr2	25735324	25735586	ASXL2_exon_13	0.024097	0.057989	8	False
chr2	25735586	25735848	ASXL2_exon_13	0.004978	0.040012	8	False
chr2	25735848	25736110	ASXL2_exon_13	0.006040	0.053512	8	False
chr2	25736110	25736373	ASXL2_exon_13	-0.035545	0.041084	8	False
chr2	25736373	25736635	ASXL2_exon_13	0.021431	0.042333	8	False
chr2	25736635	25736897	ASXL2_exon_13	-0.001428	0.052290	8	False
chr2	25736897	25737159	ASXL2_exon_13	0.025789	0.040349	8	False
chr2	25737159	25737421	ASXL2_exon_13	0.021978	0.042756	8	False
chr2	25737421	25737684	ASXL2_exon_13	0.029360	0.033318	8	False
chr2	25737802	25738060	ASXL2_exon_13	0.019019	0.036108	8	False
chr2	25738060	25738319	ASXL2_exon_13	-0.034093	0.079856	8	False
chr2	25738319	25738578	ASXL2_exon_13	0.055576	0.040975	8	False
chr2	25738578	25738836	ASXL2_exon_13	0.027618	0.051702	8	False
chr2	25738836	25739095	ASXL2_exon_13	-0.005693	0.042593	8	False
chr2	25739095	25739354	ASXL2_exon_13	-0.002443	0.067501	8	False
chr2	25739354	25739613	ASXL2_exon_13	-0.013808	0.054828	8	False
chr2	25739613	25739871	ASXL2_exon_13	-0.052436	0.040054	8	False
chr2	25739871	25740130	ASXL2_exon_13	-0.004033	0.047637	8	False
chr2	25740130	25740389	ASXL2_exon_13	-0.066120	0.072942	8	False
chr2	25740389	25740648	ASXL2_exon_13	0.059519	0.051931	8	False
chr2	25740670	25740941	ASXL2_exon_13	0.059210	0.068476	8	False
chr2	25740941	25741213	ASXL2_exon_13	-0.004970	0.036286	8	False
chr2	25741213	25741485	ASXL2_exon_13	-0.000490	0.043689	8	False
chr2	25741485	25741757	ASXL2_exon_13	0.018404	0.037437	8	False
chr2	25741757	25742028	ASXL2_exon_13	0.005076	0.046551	8	False
chr2	25742028	25742300	ASXL2_exon_13	-0.027649	0.077602	8	False
chr2	25742300	25742572	ASXL2_exon_13	-0.000922	0.060511	8	False
chr2	25742572	25742844	ASXL2_exon_13	-0.004684	0.067715	8	False
chr2	25742844	25743116	ASXL2_exon_13	-0.019182	0.042297	8	False
chr2	25743116	25743387	ASXL2_exon_13	-0.018617	0.032169	8	False
chr2	25743387	25743659	ASXL2_exon_13	0.005830	0.061095	8	False
chr2	25743659	25743931	ASXL2_exon_13	0.031462	0.055561	8	False
chr2	25743931	25744203	ASXL2_exon_13	0.010957	0.047145	8	False
chr2	25744203	25744475	ASXL2_exon_13	-0.021364	0.065700	8	False
chr2	25749694	25749933	ASXL2_exon_12	0.025862	0.060038	8	False
chr2	25749933	25750172	ASXL2_exon_12	-0.050133	0.030572	8	False
chr2	25750172	25750412	ASXL2_exon_12	-0.000201	0.046027	8	False
chr2	25753525	25753645	ASXL2_exon_11	0.020172	0.070142	8	False
chr2	25756005	25756125	ASXL2_exon_10	0.074991	0.043537	8	False
chr2	25759480	25759644	ASXL2_exon_9	-0.047778	0.028936	8	False
chr2	25767581	25767725	ASXL2_exon_8	0.017670	0.054037	8	False
chr2	25768743	25768863	ASXL2_exon_7	0.026397	0.068355	8	False
chr2	25771434	25771554	ASXL2_exon_6	-0.002987	0.090395	8	False
chr2	25799383	25799534	ASXL2_exon_5	0.010173	0.053155	8	False
chr2	25806221	25806341	ASXL2_exon_4	-0.005422	0.058801	8	False
chr2	25835531	25835651	ASXL2_exon_3	-0.004165	0.036867	8	False
chr2	25845457	25845577	ASXL2_exon_2	-0.021723	0.063596	8	False
chr2	25878164	25878486	ASXL2_exon_1	-0.014250	0.131223	8	False
chr2	26318499	26318619	bb.chr2.26318499	-0.027585	0.106366	8	False
chr2	27161651	27161771	bb.chr2.27161651	0.036543	0.066664	8	False
chr2	27959079	27959199	bb.chr2.27959079	0.020210	0.050521	8	False
chr2	28578967	28579087	bb.chr2.28578967	0.017504	0.072796	8	False
chr2	29232898	29233018	bb.chr2.29232898	0.010345	0.069273	8	False
chr2	30039616	30039736	bb.chr2.30039616	-0.011363	0.062839	8	False
chr2	30713648	30713768	bb.chr2.30713648	0.004082	0.045688	8	False
chr2	31369397	31369517	bb.chr2.31369397	0.038590	0.133049	8	False
chr2	32232408	32232528	bb.chr2.32232408	0.025840	0.108738	8	False
chr2	32837354	32837474	bb.chr2.32837354	0.014352	0.088653	8	False
chr2	33474894	33475014	bb.chr2.33474894	-0.027418	0.096055	8	False
chr2	34080327	34080447	bb.chr2.34080327	0.004789	0.113318	8	False
chr2	34850875	34850995	bb.chr2.34850875	-0.017460	0.200813	8	False
chr2	35605775	35605895	bb.chr2.35605775	0.049322	0.076805	8	False
chr2	36838815	36838935	bb.chr2.36838815	0.011873	0.075077	8	False
chr2	37760637	37760757	bb.chr2.37760637	-0.006767	0.079985	8	False
chr2	38446486	38446606	bb.chr2.38446486	0.005157	0.073535	8	False
chr2	39879552	39879672	bb.chr2.39879552	0.004027	0.059503	8	False
chr2	40797101	40797221	bb.chr2.40797101	-0.012277	0.121305	8	False
chr2	41733046	41733166	bb.chr2.41733046	-0.008265	0.227520	8	False
chr2	42497854	42497974	bb.chr2.42497854	-0.015385	0.129528	8	False
chr2	43220346	43220466	bb.chr2.43220346	-0.025465	0.093024	8	False
chr2	44169845	44169965	bb.chr2.44169845	-0.005254	0.038794	8	False
chr2	45088576	45088696	bb.chr2.45088576	0.028820	0.056045	8	False
chr2	46017981	46018101	bb.chr2.46017981	-0.019274	0.082342	8	False
chr2	46297405	46297670	EPAS1_exon_1	-0.073210	0.073973	8	False
chr2	46297670	46297936	EPAS1_exon_1	-0.074866	0.075171	8	False
chr2	46346871	46347062	EPAS1_exon_2	-0.075929	0.061710	8	False
chr2	46356149	46356301	EPAS1_exon_3	-0.020291	0.057497	8	False
chr2	46356722	46356842	EPAS1_exon_4	-0.002492	0.042033	8	False
chr2	46360635	46360755	EPAS1_exon_5	-0.088595	0.057249	8	False
chr2	46360883	46361089	EPAS1_exon_6	0.012151	0.056040	8	False
chr2	46369818	46369938	EPAS1_exon_7	0.018112	0.041080	8	False
chr2	46375688	46375836	EPAS1_exon_8	-0.023176	0.096093	8	False
chr2	46376537	46376752	EPAS1_exon_9	0.033732	0.048001	8	False
chr2	46377892	46378086	EPAS1_exon_10	-0.064785	0.115202	8	False
chr2	46378650	46378770	EPAS1_exon_11	-0.003167	0.026622	8	False
chr2	46380225	46380345	EPAS1_exon_12	-0.006891	0.047830	8	False
chr2	46380349	46380469	EPAS1_exon_12	-0.027519	0.059325	8	False
chr2	46380473	46380593	EPAS1_exon_12	-0.028767	0.048092	8	False
chr2	46380596	46380716	EPAS1_exon_12	-0.011603	0.053148	8	False
chr2	46381597	46381717	EPAS1_exon_13	0.009209	0.062312	8	False
chr2	46381970	46382090	EPAS1_exon_14	0.017836	0.103751	8	False
chr2	46382423	46382597	EPAS1_exon_15	-0.055050	0.049448	8	False
chr2	46384507	46384780	EPAS1_exon_16	0.000295	0.047197	8	False
chr2	46384780	46385054	EPAS1_exon_16	-0.018548	0.070393	8	False
chr2	46385054	46385327	EPAS1_exon_16	0.001239	0.047614	8	False
chr2	46385327	46385601	EPAS1_exon_16	0.014648	0.052772	8	False
chr2	46385601	46385875	EPAS1_exon_16	0.016512	0.057294	8	False
chr2	46385875	46386148	EPAS1_exon_16	-0.005138	0.086976	8	False
chr2	46386148	46386422	EPAS1_exon_16	0.003905	0.046337	8	False
chr2	46386422	46386696	EPAS1_exon_16	-0.020974	0.048991	8	False
chr2	47680277	47680397	bb.chr2.47680277	-0.013465	0.098298	8	False
chr2	48560720	48560840	bb.chr2.48560720	0.054977	0.102809	8	False
chr2	49369322	49369442	bb.chr2.49369322	0.001225	0.058511	8	False
chr2	50004092	50004212	bb.chr2.50004092	-0.033852	0.124562	8	False
chr2	50616473	50616593	bb.chr2.50616473	-0.130127	0.567386	8	True
chr2	51225881	51226001	bb.chr2.51225881	0.002079	0.086832	8	False
chr2	52097060	52097180	bb.chr2.52097060	-0.033530	0.168930	8	False
chr2	53032453	53032573	bb.chr2.53032453	-0.021843	0.033430	8	False
chr2	53662670	53662790	bb.chr2.53662670	0.067411	0.166577	8	False
chr2	54572024	54572144	bb.chr2.54572024	0.008437	0.075322	8	False
chr2	55216396	55216516	bb.chr2.55216396	-0.029955	0.229256	8	False
chr2	56127769	56127889	bb.chr2.56127769	0.023181	0.065004	8	False
chr2	57045598	57045718	bb.chr2.57045598	0.018304	0.089724	8	False
chr2	57904909	57905029	bb.chr2.57904909	0.004750	0.178866	8	False
chr2	58583489	58583609	bb.chr2.58583489	0.005019	0.079722	8	False
chr2	59518342	59518462	bb.chr2.59518342	0.015218	0.066130	8	False
chr2	60434809	60434929	bb.chr2.60434809	0.008153	0.101488	8	False
chr2	61118938	61119058	bb.chr2.61118938	-0.003097	0.088252	8	False
chr2	61734456	61734576	bb.chr2.61734456	-0.008524	0.102622	8	False
chr2	63398706	63398826	bb.chr2.63398706	-0.000550	0.045757	8	False
chr2	64104621	64104741	bb.chr2.64104621	0.012511	0.088249	8	False
chr2	65108839	65108959	bb.chr2.65108839	-0.075681	0.284959	8	False
chr2	66228674	66228794	bb.chr2.66228674	0.000505	0.056009	8	False
chr2	67144732	67144852	bb.chr2.67144732	0.004345	0.084704	8	False
chr2	67781515	67781635	bb.chr2.67781515	-0.165459	0.514137	8	True
chr2	68691490	68691610	bb.chr2.68691490	-0.053017	0.307140	8	True
chr2	69294504	69294624	bb.chr2.69294504	0.003435	0.115860	8	False
chr2	70200265	70200385	bb.chr2.70200265	-0.020332	0.130341	8	False
chr2	70975318	70975438	bb.chr2.70975318	-0.021880	0.055742	8	False
chr2	71778153	71778273	bb.chr2.71778153	0.006408	0.070064	8	False
chr2	73220587	73220707	bb.chr2.73220587	0.018050	0.059357	8	False
chr2	74095057	74095177	bb.chr2.74095057	0.014206	0.053369	8	False
chr2	74814130	74814250	bb.chr2.74814130	0.016849	0.050668	8	False
chr2	76276724	76276844	bb.chr2.76276724	0.017203	0.059337	8	False
chr2	76994903	76995023	bb.chr2.76994903	0.014730	0.109009	8	False
chr2	79423532	79423652	bb.chr2.79423532	-0.044662	0.197223	8	False
chr2	80296993	80297113	bb.chr2.80296993	0.007203	0.046213	8	False
chr2	81411738	81411858	bb.chr2.81411738	-0.172284	0.459840	8	True
chr2	83756151	83756271	bb.chr2.83756151	0.001955	0.109774	8	False
chr2	85535578	85535698	bb.chr2.85535578	0.071927	0.056609	8	False
chr2	86138616	86138736	bb.chr2.86138616	-0.036709	0.087549	8	False
chr2	87131946	87132066	bb.chr2.87131946	-0.004921	0.071040	8	False
chr2	87662226	87662346	bb.chr2.87662226	-0.076861	0.296778	8	False
chr2	88502177	88502297	bb.chr2.88502177	0.002988	0.058974	8	False
chr2	89955561	89955681	bb.chr2.89955561	-0.095387	0.431409	8	True
chr2	91892275	91892395	bb.chr2.91892275	0.056851	0.174553	8	False
chr2	95196928	95197048	bb.chr2.95196928	-0.035864	0.093332	8	False
chr2	95856284	95856404	bb.chr2.95856284	-0.012318	0.066439	8	False
chr2	98368131	98368251	bb.chr2.98368131	0.077339	0.063708	8	False
chr2	99337753	99337873	bb.chr2.99337753	0.015410	0.097528	8	False
chr2	100147482	100147602	bb.chr2.100147482	0.001425	0.094038	8	False
chr2	101049307	101049427	bb.chr2.101049307	-0.009838	0.069899	8	False
chr2	101984499	101984619	bb.chr2.101984499	0.002632	0.067978	8	False
chr2	102593702	102593822	bb.chr2.102593702	0.045490	0.086963	8	False
chr2	103963548	103963668	bb.chr2.103963548	0.023695	0.090169	8	False
chr2	105049477	105049597	bb.chr2.105049477	-0.057156	0.143927	8	False
chr2	105966147	105966267	bb.chr2.105966147	-0.063397	0.071970	8	False
chr2	106582877	106582997	bb.chr2.106582877	-0.010596	0.058549	8	False
chr2	107798487	107798607	bb.chr2.107798487	0.020818	0.035150	8	False
chr2	109031525	109031645	bb.chr2.109031525	-0.004509	0.177058	8	False
chr2	109499152	109499272	bb.chr2.109499152	0.063143	0.127051	8	False
chr2	110273001	110273121	bb.chr2.110273001	0.038083	0.180885	8	False
chr2	111031157	111031277	bb.chr2.111031157	-0.001659	0.068916	8	False
chr2	111644173	111644293	bb.chr2.111644173	0.018820	0.059068	8	False
chr2	112551836	112551956	bb.chr2.112551836	0.017244	0.040730	8	False
chr2	113176814	113176934	bb.chr2.113176814	0.018241	0.064387	8	False
chr2	114039681	114039801	bb.chr2.114039681	0.010069	0.072317	8	False
chr2	114709896	114710016	bb.chr2.114709896	-0.033903	0.088347	8	False
chr2	115620896	115621016	bb.chr2.115620896	-0.040008	0.123884	8	False
chr2	116245780	116245900	bb.chr2.116245780	-0.013877	0.067835	8	False
chr2	117092483	117092603	bb.chr2.117092483	0.012363	0.128357	8	False
chr2	117772369	117772489	bb.chr2.117772369	-0.032371	0.107817	8	False
chr2	118942460	118942580	bb.chr2.118942460	0.069426	0.094746	8	False
chr2	120218195	120218315	bb.chr2.120218195	0.021100	0.076066	8	False
chr2	120821905	120822025	bb.chr2.120821905	0.008884	0.083447	8	False
chr2	121816381	121816501	bb.chr2.121816381	0.023311	0.069575	8	False
chr2	122638369	122638489	bb.chr2.122638369	0.015675	0.110913	8	False
chr2	123298120	123298240	bb.chr2.123298120	0.010347	0.116914	8	False
chr2	123907814	123907934	bb.chr2.123907814	-0.004331	0.079282	8	False
chr2	124509295	124509415	bb.chr2.124509295	-0.074494	0.285610	8	False
chr2	125726340	125726460	bb.chr2.125726340	-0.006036	0.059438	8	False
chr2	126365766	126365886	bb.chr2.126365766	0.015232	0.071714	8	False
chr2	126981206	126981326	bb.chr2.126981206	-0.015820	0.097361	8	False
chr2	127637123	127637243	bb.chr2.127637123	0.002341	0.083500	8	False
chr2	128540082	128540202	bb.chr2.128540082	-0.001319	0.064533	8	False
chr2	129362272	129362392	bb.chr2.129362272	-0.007187	0.101238	8	False
chr2	130317460	130317580	bb.chr2.130317460	-0.013381	0.074425	8	False
chr2	131536435	131536555	bb.chr2.131536435	0.013126	0.172514	8	False
chr2	133090729	133090849	bb.chr2.133090729	-0.018101	0.147618	8	False
chr2	134008238	134008358	bb.chr2.134008238	0.015255	0.103349	8	False
chr2	134919841	134919961	bb.chr2.134919841	-0.060876	0.189773	8	False
chr2	135798029	135798149	bb.chr2.135798029	0.085515	0.056958	8	False
chr2	136494805	136494925	bb.chr2.136494805	-0.013742	0.064519	8	False
chr2	137673093	137673213	bb.chr2.137673093	0.012824	0.056900	8	False
chr2	138279433	138279553	bb.chr2.138279433	-0.007862	0.090168	8	False
chr2	139192960	139193080	bb.chr2.139192960	-0.003555	0.182111	8	False
chr2	139808668	139808788	bb.chr2.139808668	-0.060492	0.191490	8	False
chr2	140423187	140423307	bb.chr2.140423187	-0.007543	0.098098	8	False
chr2	141036576	141036696	bb.chr2.141036576	0.011856	0.051230	8	False
chr2	141956942	141957062	bb.chr2.141956942	-0.033775	0.034773	8	False
chr2	142884021	142884141	bb.chr2.142884021	-0.041068	0.224541	8	False
chr2	143522889	143523009	bb.chr2.143522889	-0.072538	0.201651	8	False
chr2	144456980	144457100	bb.chr2.144456980	-0.026101	0.068772	8	False
chr2	145335464	145335584	bb.chr2.145335464	-0.010487	0.097762	8	False
chr2	145935928	145936048	bb.chr2.145935928	0.008880	0.062539	8	False
chr2	147530236	147530356	bb.chr2.147530236	0.037238	0.087645	8	False
chr2	148935850	148935970	bb.chr2.148935850	-0.058282	0.197506	8	False
chr2	150148808	150148928	bb.chr2.150148808	-0.006344	0.101117	8	False
chr2	150763119	150763239	bb.chr2.150763119	0.070125	0.066957	8	False
chr2	151609231	151609351	bb.chr2.151609231	0.010495	0.115254	8	False
chr2	152379263	152379383	bb.chr2.152379263	0.018380	0.072670	8	False
chr2	153142646	153142766	bb.chr2.153142646	-0.027257	0.030818	8	False
chr2	155025572	155025692	bb.chr2.155025572	-0.017636	0.065294	8	False
chr2	155682429	155682549	bb.chr2.155682429	-0.007143	0.114534	8	False
chr2	156311108	156311228	bb.chr2.156311108	-0.360543	0.625151	8	True
chr2	158046417	158046537	bb.chr2.158046417	0.013733	0.107178	8	False
chr2	158706334	158706454	bb.chr2.158706334	0.019467	0.046171	8	False
chr2	159533691	159533811	bb.chr2.159533691	0.015410	0.092574	8	False
chr2	160495208	160495328	bb.chr2.160495208	-0.007887	0.049098	8	False
chr2	161226800	161226920	bb.chr2.161226800	-0.003075	0.071364	8	False
chr2	161872497	161872617	bb.chr2.161872497	0.002205	0.097494	8	False
chr2	163171218	163171338	bb.chr2.163171218	0.084947	0.059754	8	False
chr2	163917083	163917203	bb.chr2.163917083	0.024509	0.091753	8	False
chr2	164790762	164790882	bb.chr2.164790762	-0.019204	0.066907	8	False
chr2	166354082	166354202	bb.chr2.166354082	-0.231206	0.706334	8	True
chr2	166959721	166959841	bb.chr2.166959721	-0.004017	0.135844	8	False
chr2	167692168	167692288	bb.chr2.167692168	-0.012097	0.061334	8	False
chr2	168429615	168429735	bb.chr2.168429615	-0.017419	0.066951	8	False
chr2	169115966	169116086	bb.chr2.169115966	-0.002380	0.064574	8	False
chr2	169766530	169766650	bb.chr2.169766530	-0.003389	0.078442	8	False
chr2	170829989	170830109	bb.chr2.170829989	0.012404	0.059678	8	False
chr2	171574005	171574125	bb.chr2.171574005	-0.025333	0.183146	8	False
chr2	172479686	172479806	bb.chr2.172479686	0.046303	0.034812	8	False
chr2	173840757	173840877	bb.chr2.173840757	0.011204	0.097609	8	False
chr2	174784529	174784649	bb.chr2.174784529	-0.008547	0.103659	8	False
chr2	175557217	175557337	bb.chr2.175557217	-0.019006	0.160250	8	False
chr2	176205338	176205458	bb.chr2.176205338	0.003753	0.068936	8	False
chr2	177060018	177060138	bb.chr2.177060018	-0.021193	0.023158	8	False
chr2	177998473	177998593	bb.chr2.177998473	-0.015046	0.060222	8	False
chr2	178843890	178844010	bb.chr2.178843890	0.019426	0.082524	8	False
chr2	179528798	179528918	bb.chr2.179528798	-0.006070	0.051051	8	False
chr2	180136907	180137027	bb.chr2.180136907	-0.150548	0.616088	8	True
chr2	180751089	180751209	bb.chr2.180751089	0.024237	0.090139	8	False
chr2	181371578	181371698	bb.chr2.181371578	-0.027610	0.076824	8	False
chr2	181988419	181988539	bb.chr2.181988419	-0.046580	0.204495	8	False
chr2	182597547	182597667	bb.chr2.182597547	0.009961	0.050359	8	False
chr2	183513318	183513438	bb.chr2.183513318	0.003623	0.046376	8	False
chr2	184131160	184131280	bb.chr2.184131160	-0.021580	0.061755	8	False
chr2	185346280	185346400	bb.chr2.185346280	0.012551	0.069635	8	False
chr2	186488763	186488883	bb.chr2.186488763	0.024426	0.079600	8	False
chr2	187599167	187599287	bb.chr2.187599167	-0.002946	0.075924	8	False
chr2	188416842	188416962	bb.chr2.188416842	-0.198338	0.601357	8	True
chr2	189288249	189288369	bb.chr2.189288249	-0.057870	0.082083	8	False
chr2	190531402	190531522	bb.chr2.190531402	-0.000913	0.071187	8	False
chr2	191160199	191160319	bb.chr2.191160199	-0.026522	0.093755	8	False
chr2	192094530	192094650	bb.chr2.192094530	-0.016300	0.087714	8	False
chr2	192699492	192699612	bb.chr2.192699492	-0.053396	0.174403	8	False
chr2	194486173	194486293	bb.chr2.194486173	0.008079	0.266223	8	False
chr2	195452495	195452615	bb.chr2.195452495	-0.074110	0.484967	8	True
chr2	196246227	196246347	bb.chr2.196246227	0.009605	0.100622	8	False
chr2	197301333	197301453	bb.chr2.197301333	0.030320	0.097072	8	False
chr2	197389782	197390054	SF3B1_exon_25	-0.006488	0.059020	8	False
chr2	197390054	197390327	SF3B1_exon_25	-0.012241	0.026414	8	False
chr2	197390327	197390600	SF3B1_exon_25	-0.007693	0.037955	8	False
chr2	197390845	197391114	SF3B1_exon_25	-0.032857	0.050682	8	False
chr2	197391114	197391383	SF3B1_exon_25	0.020379	0.066408	8	False
chr2	197391383	197391652	SF3B1_exon_25	0.025213	0.083501	8	False
chr2	197391652	197391921	SF3B1_exon_25	0.005863	0.046407	8	False
chr2	197391921	197392190	SF3B1_exon_25	-0.022804	0.067652	8	False
chr2	197392190	197392460	SF3B1_exon_25	-0.058615	0.043840	8	False
chr2	197392970	197393187	SF3B1_exon_24	0.058083	0.037636	8	False
chr2	197396054	197396327	SF3B1_exon_23	0.006897	0.042665	8	False
chr2	197397983	197398115	SF3B1_exon_22	-0.001289	0.052130	8	False
chr2	197398459	197398579	SF3B1_exon_21	0.025997	0.063256	8	False
chr2	197400049	197400169	SF3B1_exon_20	0.037195	0.088777	8	False
chr2	197400250	197400433	SF3B1_exon_19	-0.041036	0.054739	8	False
chr2	197400713	197400935	SF3B1_exon_18	0.045576	0.091162	8	False
chr2	197401401	197401521	SF3B1_exon_17	0.024870	0.074670	8	False
chr2	197401740	197401887	SF3B1_exon_16	-0.002307	0.090779	8	False
chr2	197401983	197402129	SF3B1_exon_15	0.028431	0.066550	8	False
chr2	197402554	197402825	SF3B1_exon_14	0.039398	0.077897	8	False
chr2	197402945	197403065	SF3B1_exon_13	-0.133819	0.077695	8	False
chr2	197403583	197403763	SF3B1_exon_12	-0.049583	0.079200	8	False
chr2	197405064	197405184	SF3B1_exon_11	0.050870	0.081000	8	False
chr2	197405273	197405471	SF3B1_exon_10	0.003488	0.094757	8	False
chr2	197407997	197408117	SF3B1_exon_9	0.099060	0.052444	8	False
chr2	197408367	197408580	SF3B1_exon_8	0.029893	0.053664	8	False
chr2	197409768	197410006	SF3B1_exon_7	0.025627	0.064669	8	False
chr2	197416739	197416910	SF3B1_exon_6	-0.055303	0.040268	8	False
chr2	197418488	197418608	SF3B1_exon_5	-0.052815	0.093102	8	False
chr2	197420423	197420543	SF3B1_exon_4	0.015849	0.052393	8	False
chr2	197421019	197421139	SF3B1_exon_3	-0.004330	0.047776	8	False
chr2	197423806	197423973	SF3B1_exon_2	-0.057131	0.043921	8	False
chr2	197434922	197435042	SF3B1_exon_1	0.010673	0.114487	8	False
chr2	199144111	199144231	bb.chr2.199144111	0.010220	0.068101	8	False
chr2	200050326	200050446	bb.chr2.200050326	-0.024035	0.100652	8	False
chr2	200794062	200794182	bb.chr2.200794062	-0.024788	0.071473	8	False
chr2	201636422	201636542	bb.chr2.201636422	-0.028847	0.107065	8	False
chr2	202767727	202767847	bb.chr2.202767727	-0.022888	0.172741	8	False
chr2	203713122	203713242	bb.chr2.203713122	0.018766	0.084385	8	False
chr2	204335548	204335668	bb.chr2.204335548	0.003941	0.085238	8	False
chr2	204969155	204969275	bb.chr2.204969155	-0.001698	0.060962	8	False
chr2	206189111	206189231	bb.chr2.206189111	0.000081	0.071177	8	False
chr2	207082509	207082629	bb.chr2.207082509	-0.025978	0.042375	8	False
chr2	208872831	208872951	bb.chr2.208872831	0.018902	0.072257	8	False
chr2	209829936	209830056	bb.chr2.209829936	-0.010451	0.082675	8	False
chr2	210784022	210784142	bb.chr2.210784022	-0.092121	0.342286	8	True
chr2	211690369	211690489	bb.chr2.211690369	0.061859	0.038132	8	False
chr2	212710722	212710842	bb.chr2.212710722	0.019575	0.081456	8	False
chr2	214127328	214127448	bb.chr2.214127328	-0.002542	0.053842	8	False
chr2	214749444	214749564	bb.chr2.214749444	-0.011078	0.082564	8	False
chr2	215662639	215662759	bb.chr2.215662639	-0.035935	0.150069	8	False
chr2	216283634	216283754	bb.chr2.216283634	0.029203	0.093804	8	False
chr2	216897557	216897677	bb.chr2.216897557	-0.005471	0.062291	8	False
chr2	217526234	217526354	bb.chr2.217526234	0.005042	0.084361	8	False
chr2	218403130	218403250	bb.chr2.218403130	0.023216	0.112373	8	False
chr2	219028314	219028434	bb.chr2.219028314	0.003401	0.136843	8	False
chr2	219916658	219916778	bb.chr2.219916658	-0.008647	0.059225	8	False
chr2	220587561	220587681	bb.chr2.220587561	0.010758	0.083731	8	False
chr2	221817284	221817404	bb.chr2.221817284	-0.022493	0.089934	8	False
chr2	222806729	222806849	bb.chr2.222806729	0.044638	0.085692	8	False
chr2	223721591	223721711	bb.chr2.223721591	0.025974	0.073703	8	False
chr2	224557462	224557582	bb.chr2.224557462	-0.036768	0.138068	8	False
chr2	225498511	225498631	bb.chr2.225498511	-0.030307	0.062838	8	False
chr2	226334487	226334607	bb.chr2.226334487	-0.041673	0.075712	8	False
chr2	227002609	227002729	bb.chr2.227002609	0.003181	0.126950	8	False
chr2	227609625	227609745	bb.chr2.227609625	0.014750	0.060407	8	False
chr2	228227445	228227565	bb.chr2.228227445	-0.004674	0.094047	8	False
chr2	228914047	228914167	bb.chr2.228914047	-0.000044	0.057161	8	False
chr2	230326981	230327101	bb.chr2.230326981	0.075161	0.224703	8	False
chr2	230982065	230982185	bb.chr2.230982065	-0.023184	0.121932	8	False
chr2	231600388	231600508	bb.chr2.231600388	0.021680	0.070992	8	False
chr2	233133711	233133831	bb.chr2.233133711	0.034689	0.072151	8	False
chr2	234001407	234001527	bb.chr2.234001407	-0.011978	0.103361	8	False
chr2	234954939	234955059	bb.chr2.234954939	0.012307	0.090367	8	False
chr2	235825509	235825629	bb.chr2.235825509	-0.015032	0.164275	8	False
chr2	237035875	237035995	bb.chr2.237035875	-0.015479	0.041842	8	False
chr2	237992489	237992609	bb.chr2.237992489	-0.046242	0.175127	8	False
chr2	238596921	238597041	bb.chr2.238596921	0.012771	0.046289	8	False
chr2	239191638	239191758	bb.chr2.239191638	0.018168	0.104926	8	False
chr2	239811266	239811386	bb.chr2.239811266	-0.029708	0.198179	8	False
chr2	240704224	240704344	bb.chr2.240704224	-0.021322	0.121463	8	False
chr2	241324908	241325028	bb.chr2.241324908	-0.024145	0.094052	8	False
chr3	540505	540625	bb.chr3.540505	-0.134111	0.332803	8	True
chr3	2034282	2034402	bb.chr3.2034282	0.025230	0.076067	8	False
chr3	2664316	2664436	bb.chr3.2664316	-0.053831	0.156476	8	False
chr3	3266240	3266360	bb.chr3.3266240	-0.016329	0.182016	8	False
chr3	4182987	4183107	bb.chr3.4182987	-0.004700	0.076853	8	False
chr3	5071788	5071908	bb.chr3.5071788	-0.040566	0.150917	8	False
chr3	5678114	5678234	bb.chr3.5678114	0.001115	0.071965	8	False
chr3	6568321	6568441	bb.chr3.6568321	-0.050118	0.186632	8	False
chr3	7168981	7169101	bb.chr3.7168981	0.009920	0.089297	8	False
chr3	7820873	7820993	bb.chr3.7820873	-0.038977	0.140726	8	False
chr3	8996225	8996345	bb.chr3.8996225	0.022187	0.073658	8	False
chr3	9603782	9603902	bb.chr3.9603782	0.020504	0.078206	8	False
chr3	10498578	10498698	bb.chr3.10498578	0.010601	0.076063	8	False
chr3	11392609	11392729	bb.chr3.11392609	0.027742	0.038847	8	False
chr3	12435496	12435616	bb.chr3.12435496	0.014110	0.066542	8	False
chr3	13213580	13213700	bb.chr3.13213580	-0.001716	0.155956	8	False
chr3	14116660	14116780	bb.chr3.14116660	-0.008386	0.034950	8	False
chr3	15110495	15110615	bb.chr3.15110495	0.044378	0.094788	8	False
chr3	16210428	16210548	bb.chr3.16210428	0.019108	0.132400	8	False
chr3	17092805	17092925	bb.chr3.17092805	-0.008402	0.078269	8	False
chr3	18248981	18249101	bb.chr3.18248981	-0.007026	0.078753	8	False
chr3	18873249	18873369	bb.chr3.18873249	0.013065	0.156315	8	False
chr3	19523881	19524001	bb.chr3.19523881	-0.012173	0.116947	8	False
chr3	20423656	20423776	bb.chr3.20423656	0.031886	0.071882	8	False
chr3	21632557	21632677	bb.chr3.21632557	0.021540	0.061724	8	False
chr3	22246443	22246563	bb.chr3.22246443	0.003943	0.100976	8	False
chr3	22859064	22859184	bb.chr3.22859064	-0.026660	0.166360	8	False
chr3	23727315	23727435	bb.chr3.23727315	0.011466	0.047491	8	False
chr3	24624742	24624862	bb.chr3.24624742	0.001929	0.092705	8	False
chr3	25555947	25556067	bb.chr3.25555947	0.012891	0.051053	8	False
chr3	26414347	26414467	bb.chr3.26414347	0.029646	0.062630	8	False
chr3	27622160	27622280	bb.chr3.27622160	0.008402	0.157694	8	False
chr3	28549999	28550119	bb.chr3.28549999	-0.011909	0.142103	8	False
chr3	29164357	29164477	bb.chr3.29164357	-0.139489	0.414102	8	True
chr3	30077167	30077287	bb.chr3.30077167	0.076401	0.070412	8	False
chr3	31159479	31159599	bb.chr3.31159479	-0.011869	0.043565	8	False
chr3	31878025	31878145	bb.chr3.31878025	0.055508	0.101833	8	False
chr3	32842044	32842164	bb.chr3.32842044	-0.004185	0.091366	8	False
chr3	33957284	33957404	bb.chr3.33957284	0.007948	0.070851	8	False
chr3	34565636	34565756	bb.chr3.34565636	0.051897	0.053614	8	False
chr3	35187666	35187786	bb.chr3.35187666	0.005990	0.074575	8	False
chr3	36945532	36945652	bb.chr3.36945532	-0.002123	0.069102	8	False
chr3	37570309	37570429	bb.chr3.37570309	0.126512	0.117971	8	False
chr3	38138659	38138779	MYD88_exon_1	-0.005108	0.090049	8	False
chr3	38138783	38138903	MYD88_exon_1	-0.042385	0.096230	8	False
chr3	38138907	38139027	MYD88_exon_1	-0.015609	0.058921	8	False
chr3	38139862	38139997	MYD88_exon_2	0.018393	0.063694	8	False
chr3	38140386	38140567	MYD88_exon_3	-0.076087	0.059529	8	False
chr3	38140752	38140872	MYD88_exon_4	0.025433	0.085469	8	False
chr3	38141130	38141400	MYD88_exon_5	-0.029442	0.046644	8	False
chr3	38141400	38141670	MYD88_exon_5	0.042214	0.079772	8	False
chr3	38141670	38141940	MYD88_exon_5	0.003859	0.082578	8	False
chr3	38141940	38142210	MYD88_exon_5	0.021879	0.090083	8	False
chr3	38142210	38142480	MYD88_exon_5	-0.020530	0.075883	8	False
chr3	38142480	38142750	MYD88_exon_5	-0.074239	0.041409	8	False
chr3	38142750	38143021	MYD88_exon_5	-0.027844	0.024488	8	False
chr3	38499767	38499887	bb.chr3.38499767	-0.020697	0.073982	8	False
chr3	39172761	39172881	bb.chr3.39172761	0.008918	0.052021	8	False
chr3	40294675	40294795	bb.chr3.40294675	-0.019527	0.107645	8	False
chr3	41127056	41127176	bb.chr3.41127056	0.009333	0.097440	8	False
chr3	41199503	41199669	CTNNB1_exon_1	-0.043912	0.108493	8	False
chr3	41224019	41224139	CTNNB1_exon_2	-0.026204	0.071207	8	False
chr3	41224524	41224752	CTNNB1_exon_3	0.041668	0.032259	8	False
chr3	41224952	41225206	CTNNB1_exon_4	0.016240	0.075516	8	False
chr3	41225332	41225571	CTNNB1_exon_5	0.005718	0.073023	8	False
chr3	41225658	41225860	CTNNB1_exon_6	0.018354	0.073244	8	False
chr3	41227206	41227351	CTNNB1_exon_7	0.007411	0.073906	8	False
chr3	41233336	41233456	CTNNB1_exon_8	0.020687	0.052803	8	False
chr3	41233527	41233866	CTNNB1_exon_9	0.072662	0.070265	8	False
chr3	41234137	41234296	CTNNB1_exon_10	-0.009792	0.075278	8	False
chr3	41235722	41235842	CTNNB1_exon_11	0.007001	0.076700	8	False
chr3	41236347	41236498	CTNNB1_exon_12	0.034146	0.057905	8	False
chr3	41236587	41236707	CTNNB1_exon_13	0.045828	0.047008	8	False
chr3	41237986	41238106	CTNNB1_exon_14	-0.004539	0.072943	8	False
chr3	41239132	41239394	CTNNB1_exon_15	-0.035158	0.058731	8	False
chr3	41239394	41239656	CTNNB1_exon_15	-0.000811	0.052307	8	False
chr3	41239656	41239918	CTNNB1_exon_15	0.000899	0.066006	8	False
chr3	41239918	41240180	CTNNB1_exon_15	-0.004012	0.341606	8	True
chr3	41240180	41240442	CTNNB1_exon_15	-0.061567	0.038567	8	False
chr3	42099701	42099821	bb.chr3.42099701	0.007343	0.094985	8	False
chr3	43135468	43135588	bb.chr3.43135468	-0.029522	0.122754	8	False
chr3	43924049	43924169	bb.chr3.43924049	-0.007557	0.125114	8	False
chr3	44784762	44784882	bb.chr3.44784762	-0.049529	0.224888	8	False
chr3	45417735	45417855	bb.chr3.45417735	-0.033740	0.242915	8	False
chr3	46107610	46107730	bb.chr3.46107610	0.008296	0.071146	8	False
chr3	46921485	46921605	bb.chr3.46921485	0.012062	0.050622	8	False
chr3	47016434	47016707	SETD2_exon_21	-0.001883	0.048351	8	False
chr3	47016707	47016980	SETD2_exon_21	-0.018443	0.048775	8	False
chr3	47016980	47017253	SETD2_exon_21	-0.005436	0.058412	8	False
chr3	47017626	47017746	SETD2_exon_20	-0.006498	0.043967	8	False
chr3	47019721	47019841	SETD2_exon_19	0.006821	0.031816	8	False
chr3	47037660	47037780	SETD2_exon_18	0.000161	0.058192	8	False
chr3	47042559	47042699	SETD2_exon_17	0.009235	0.051258	8	False
chr3	47046485	47046620	SETD2_exon_16	0.022534	0.070834	8	False
chr3	47056819	47057042	SETD2_exon_15	0.090127	0.050771	8	False
chr3	47057042	47057265	SETD2_exon_15	0.040046	0.104888	8	False
chr3	47057265	47057489	SETD2_exon_15	0.068112	0.069546	8	False
chr3	47062161	47062345	SETD2_exon_14	-0.053379	0.079321	8	False
chr3	47067037	47067157	SETD2_exon_13	0.024488	0.066589	8	False
chr3	47083718	47084049	SETD2_exon_12	0.025466	0.036470	8	False
chr3	47084049	47084381	SETD2_exon_12	0.028557	0.031985	8	False
chr3	47086193	47086313	SETD2_exon_11	0.009418	0.079557	8	False
chr3	47088111	47088246	SETD2_exon_10	0.024332	0.038060	8	False
chr3	47097956	47098076	SETD2_exon_9	0.039896	0.049952	8	False
chr3	47101446	47101566	SETD2_exon_8	0.025998	0.056818	8	False
chr3	47103316	47103436	SETD2_exon_7	-0.010336	0.064961	8	False
chr3	47105997	47106117	SETD2_exon_6	0.005830	0.077627	8	False
chr3	47113878	47113998	SETD2_exon_5	0.011993	0.045972	8	False
chr3	47116621	47116753	SETD2_exon_4	0.023537	0.060000	8	False
chr3	47120180	47120452	SETD2_exon_3	-0.019571	0.041452	8	False
chr3	47120452	47120725	SETD2_exon_3	-0.047793	0.028005	8	False
chr3	47120725	47120998	SETD2_exon_3	-0.031038	0.085781	8	False
chr3	47120998	47121271	SETD2_exon_3	0.008025	0.044802	8	False
chr3	47121271	47121544	SETD2_exon_3	0.009896	0.043011	8	False
chr3	47121544	47121817	SETD2_exon_3	-0.000125	0.042450	8	False
chr3	47121817	47122090	SETD2_exon_3	0.007996	0.068381	8	False
chr3	47122090	47122363	SETD2_exon_3	0.002757	0.029831	8	False
chr3	47122363	47122636	SETD2_exon_3	0.009304	0.032812	8	False
chr3	47122636	47122909	SETD2_exon_3	-0.069608	0.077458	8	False
chr3	47122909	47123182	SETD2_exon_3	0.013039	0.052370	8	False
chr3	47123182	47123455	SETD2_exon_3	0.011637	0.042711	8	False
chr3	47123455	47123728	SETD2_exon_3	0.050452	0.062489	8	False
chr3	47123728	47124001	SETD2_exon_3	0.006903	0.058457	8	False
chr3	47124001	47124274	SETD2_exon_3	-0.053672	0.032898	8	False
chr3	47124274	47124547	SETD2_exon_3	-0.018254	0.034550	8	False
chr3	47126572	47126692	SETD2_exon_2	-0.003581	0.046173	8	False
chr3	47163852	47164128	SETD2_exon_1	-0.017350	0.161430	8	False
chr3	47565020	47565140	bb.chr3.47565020	-0.001392	0.049643	8	False
chr3	48445309	48445429	bb.chr3.48445309	-0.025436	0.099458	8	False
chr3	50578048	50578168	bb.chr3.50578048	-0.015709	0.036972	8	False
chr3	51592373	51592493	bb.chr3.51592373	0.019095	0.049692	8	False
chr3	52304776	52304896	bb.chr3.52304776	-0.001645	0.083933	8	False
chr3	53238238	53238358	bb.chr3.53238238	-0.030838	0.097808	8	False
chr3	53852825	53852945	bb.chr3.53852825	0.007718	0.092887	8	False
chr3	55031680	55031800	bb.chr3.55031680	-0.013634	0.096483	8	False
chr3	55973268	55973388	bb.chr3.55973268	-0.034343	0.081269	8	False
chr3	57126224	57126344	bb.chr3.57126224	-0.021758	0.088511	8	False
chr3	57851292	57851412	bb.chr3.57851292	-0.012242	0.131159	8	False
chr3	58624143	58624263	bb.chr3.58624143	-0.015855	0.070667	8	False
chr3	59919025	59919145	bb.chr3.59919025	-0.028513	0.148743	8	False
chr3	60525340	60525460	bb.chr3.60525340	-0.214263	0.824063	8	True
chr3	62017111	62017231	bb.chr3.62017111	0.021550	0.075333	8	False
chr3	63278799	63278919	bb.chr3.63278799	0.010848	0.084582	8	False
chr3	64135554	64135674	bb.chr3.64135554	0.014258	0.102164	8	False
chr3	65258243	65258363	bb.chr3.65258243	0.006405	0.085162	8	False
chr3	66151128	66151248	bb.chr3.66151128	0.008316	0.055849	8	False
chr3	66793282	66793402	bb.chr3.66793282	0.010666	0.047416	8	False
chr3	67681402	67681522	bb.chr3.67681402	-0.033001	0.224962	8	False
chr3	68550290	68550410	bb.chr3.68550290	0.061021	0.045829	8	False
chr3	69225103	69225223	bb.chr3.69225103	-0.051562	0.181014	8	False
chr3	70648283	70648403	bb.chr3.70648283	-0.019789	0.110440	8	False
chr3	71251356	71251476	bb.chr3.71251356	-0.011322	0.058569	8	False
chr3	71895032	71895152	bb.chr3.71895032	-0.008408	0.108669	8	False
chr3	72501709	72501829	bb.chr3.72501709	-0.006638	0.074393	8	False
chr3	73686910	73687030	bb.chr3.73686910	0.004031	0.072227	8	False
chr3	74500448	74500568	bb.chr3.74500448	-0.037505	0.076704	8	False
chr3	75490946	75491066	bb.chr3.75490946	-0.020125	0.117118	8	False
chr3	76422844	76422964	bb.chr3.76422844	-0.107627	0.528452	8	True
chr3	77337644	77337764	bb.chr3.77337644	-0.258646	0.513855	8	True
chr3	78275754	78275874	bb.chr3.78275754	0.015342	0.069181	8	False
chr3	79422930	79423050	bb.chr3.79422930	-0.017221	0.095376	8	False
chr3	80980023	80980143	bb.chr3.80980023	0.014887	0.102736	8	False
chr3	81664379	81664499	bb.chr3.81664379	0.001833	0.108017	8	False
chr3	82415159	82415279	bb.chr3.82415159	-0.090140	0.302371	8	True
chr3	83955484	83955604	bb.chr3.83955484	0.032492	0.089223	8	False
chr3	84610513	84610633	bb.chr3.84610513	-0.012756	0.138206	8	False
chr3	86001396	86001516	bb.chr3.86001396	-0.025392	0.090506	8	False
chr3	86673613	86673733	bb.chr3.86673613	0.004554	0.094069	8	False
chr3	87599553	87599673	bb.chr3.87599553	-0.230032	0.753624	8	True
chr3	88448824	88448944	bb.chr3.88448824	-0.128464	0.399917	8	True
chr3	89057619	89057739	bb.chr3.89057619	0.025390	0.073219	8	False
chr3	93988726	93988846	bb.chr3.93988726	0.007225	0.070721	8	False
chr3	94926881	94927001	bb.chr3.94926881	0.070731	0.068428	8	False
chr3	95985311	95985431	bb.chr3.95985311	0.026932	0.089334	8	False
chr3	97777751	97777871	bb.chr3.97777751	0.011166	0.050283	8	False
chr3	98434174	98434294	bb.chr3.98434174	-0.009864	0.070255	8	False
chr3	99439714	99439834	bb.chr3.99439714	0.024772	0.060594	8	False
chr3	100315945	100316065	bb.chr3.100315945	-0.003482	0.066360	8	False
chr3	101124243	101124363	bb.chr3.101124243	-0.009055	0.093211	8	False
chr3	102171991	102172111	bb.chr3.102171991	0.000365	0.089420	8	False
chr3	103138427	103138547	bb.chr3.103138427	-0.026409	0.055231	8	False
chr3	103838091	103838211	bb.chr3.103838091	-0.016882	0.114705	8	False
chr3	104924214	104924334	bb.chr3.104924214	-0.073977	0.374748	8	True
chr3	105629981	105630101	bb.chr3.105629981	-0.044104	0.363641	8	True
chr3	105655459	105655750	CBLB_exon_19	0.070760	0.087971	8	False
chr3	105655750	105656042	CBLB_exon_19	-0.010796	0.038896	8	False
chr3	105656042	105656333	CBLB_exon_19	-0.018353	0.028322	8	False
chr3	105656333	105656625	CBLB_exon_19	-0.032463	0.059182	8	False
chr3	105656637	105656896	CBLB_exon_19	0.009485	0.042618	8	False
chr3	105656896	105657155	CBLB_exon_19	-0.005940	0.057129	8	False
chr3	105657155	105657414	CBLB_exon_19	0.017191	0.066971	8	False
chr3	105657414	105657673	CBLB_exon_19	-0.024731	0.045521	8	False
chr3	105657673	105657932	CBLB_exon_19	0.014014	0.065292	8	False
chr3	105657932	105658191	CBLB_exon_19	-0.014306	0.041386	8	False
chr3	105658191	105658450	CBLB_exon_19	0.002067	0.032202	8	False
chr3	105658450	105658709	CBLB_exon_19	0.018497	0.082488	8	False
chr3	105658709	105658968	CBLB_exon_19	-0.006326	0.037334	8	False
chr3	105658968	105659228	CBLB_exon_19	-0.035871	0.046980	8	False
chr3	105670231	105670351	CBLB_exon_18	0.020811	0.088697	8	False
chr3	105678429	105678570	CBLB_exon_17	0.024697	0.063151	8	False
chr3	105681477	105681609	CBLB_exon_16	0.002391	0.055735	8	False
chr3	105681716	105681836	CBLB_exon_15	-0.019352	0.077135	8	False
chr3	105685318	105685465	CBLB_exon_14	0.004654	0.059965	8	False
chr3	105693471	105693591	CBLB_exon_13	0.027322	0.080648	8	False
chr3	105702092	105702212	CBLB_exon_12	0.012545	0.041446	8	False
chr3	105702215	105702335	CBLB_exon_12	-0.027967	0.068684	8	False
chr3	105702338	105702458	CBLB_exon_12	-0.000876	0.070311	8	False
chr3	105703986	105704172	CBLB_exon_11	-0.076566	0.045162	8	False
chr3	105720045	105720249	CBLB_exon_10	0.015088	0.036218	8	False
chr3	105734007	105734139	CBLB_exon_9	0.024131	0.086766	8	False
chr3	105737153	105737273	CBLB_exon_8	0.023506	0.078842	8	False
chr3	105740492	105740630	CBLB_exon_7	0.039074	0.042189	8	False
chr3	105745916	105746036	CBLB_exon_6	0.028438	0.075230	8	False
chr3	105751460	105751617	CBLB_exon_5	-0.006640	0.076504	8	False
chr3	105776394	105776541	CBLB_exon_4	0.001526	0.063397	8	False
chr3	105853412	105853532	CBLB_exon_3	-0.018244	0.062610	8	False
chr3	105853543	105853663	CBLB_exon_3	-0.017280	0.056529	8	False
chr3	105867408	105867590	CBLB_exon_2	-0.064960	0.073020	8	False
chr3	105868734	105869011	CBLB_exon_1	-0.012835	0.057717	8	False
chr3	106529025	106529145	bb.chr3.106529025	0.009103	0.045258	8	False
chr3	107365694	107365814	bb.chr3.107365694	-0.027030	0.057661	8	False
chr3	108046485	108046605	bb.chr3.108046485	-0.012650	0.079788	8	False
chr3	109547053	109547173	bb.chr3.109547053	0.005412	0.172937	8	False
chr3	110399915	110400035	bb.chr3.110399915	-0.012942	0.059949	8	False
chr3	111314087	111314207	bb.chr3.111314087	-0.005049	0.107332	8	False
chr3	112386956	112387076	bb.chr3.112386956	-0.080409	0.403762	8	True
chr3	113437401	113437521	bb.chr3.113437401	0.032523	0.087341	8	False
chr3	114067336	114067456	bb.chr3.114067336	-0.009075	0.283238	8	False
chr3	115382021	115382141	bb.chr3.115382021	0.019463	0.089176	8	False
chr3	116138763	116138883	bb.chr3.116138763	0.008600	0.106574	8	False
chr3	116777844	116777964	bb.chr3.116777844	0.022163	0.082715	8	False
chr3	117413312	117413432	bb.chr3.117413312	0.058621	0.052383	8	False
chr3	118284570	118284690	bb.chr3.118284570	-0.000390	0.104047	8	False
chr3	118888239	118888359	bb.chr3.118888239	-0.002006	0.084907	8	False
chr3	119491283	119491403	bb.chr3.119491283	-0.155842	0.526673	8	True
chr3	120271911	120272031	bb.chr3.120271911	0.039539	0.051458	8	False
chr3	122492815	122492935	bb.chr3.122492815	0.029467	0.099511	8	False
chr3	123120969	123121089	bb.chr3.123120969	0.015439	0.057355	8	False
chr3	123799481	123799601	bb.chr3.123799481	0.004251	0.065530	8	False
chr3	125209064	125209184	bb.chr3.125209064	0.007689	0.063194	8	False
chr3	126110749	126110869	bb.chr3.126110749	0.005118	0.100306	8	False
chr3	126764253	126764373	bb.chr3.126764253	-0.003086	0.064860	8	False
chr3	127684115	127684235	bb.chr3.127684115	-0.001838	0.072805	8	False
chr3	128479425	128479695	GATA2_exon_6	-0.034635	0.047905	8	False
chr3	128479695	128479965	GATA2_exon_6	0.000043	0.065329	8	False
chr3	128479965	128480235	GATA2_exon_6	-0.022695	0.039878	8	False
chr3	128480235	128480506	GATA2_exon_6	0.007542	0.045838	8	False
chr3	128480506	128480776	GATA2_exon_6	0.000100	0.054556	8	False
chr3	128480776	128481046	GATA2_exon_6	0.021310	0.069200	8	False
chr3	128481046	128481317	GATA2_exon_6	-0.017252	0.042878	8	False
chr3	128481820	128481940	GATA2_exon_5	-0.027295	0.107924	8	False
chr3	128482979	128483279	GATA2_intron4	0.037061	0.065923	8	False
chr3	128483279	128483579	GATA2_intron4	0.037326	0.054698	8	False
chr3	128483858	128484004	GATA2_exon_4	-0.015686	0.090460	8	False
chr3	128485725	128486046	GATA2_exon_3	0.023574	0.078573	8	False
chr3	128486046	128486367	GATA2_exon_3	0.036161	0.060649	8	False
chr3	128486801	128487075	GATA2_exon_2	0.021463	0.070402	8	False
chr3	128492897	128493200	GATA2_exon_1	-0.010213	0.074697	8	False
chr3	128861671	128861791	bb.chr3.128861671	0.001980	0.119005	8	False
chr3	129992899	129993019	bb.chr3.129992899	-0.013081	0.127769	8	False
chr3	130840412	130840532	bb.chr3.130840412	-0.211514	0.570463	8	True
chr3	131453037	131453157	bb.chr3.131453037	-0.004401	0.049827	8	False
chr3	132502172	132502292	bb.chr3.132502172	0.000402	0.069171	8	False
chr3	133354823	133354943	bb.chr3.133354823	0.006999	0.065256	8	False
chr3	134389637	134389757	bb.chr3.134389637	-0.016519	0.113854	8	False
chr3	135160652	135160772	bb.chr3.135160652	0.030847	0.101346	8	False
chr3	136958570	136958690	bb.chr3.136958570	-0.437547	1.119512	8	True
chr3	137854405	137854525	bb.chr3.137854405	-0.011107	0.068260	8	False
chr3	138455404	138455524	bb.chr3.138455404	-0.000461	0.057435	8	False
chr3	139122535	139122655	bb.chr3.139122535	0.005785	0.038095	8	False
chr3	140301792	140301912	bb.chr3.140301792	-0.027289	0.031996	8	False
chr3	141279312	141279432	bb.chr3.141279312	-0.006210	0.072711	8	False
chr3	142991162	142991282	bb.chr3.142991162	0.000136	0.120717	8	False
chr3	143974060	143974180	bb.chr3.143974060	-0.030402	0.077233	8	False
chr3	144765711	144765831	bb.chr3.144765711	0.010237	0.077563	8	False
chr3	146883982	146884102	bb.chr3.146883982	-0.020398	0.120684	8	False
chr3	148245276	148245396	bb.chr3.148245276	-0.009532	0.228897	8	False
chr3	148968794	148968914	bb.chr3.148968794	0.000878	0.162627	8	False
chr3	150469467	150469587	bb.chr3.150469467	0.045224	0.064547	8	False
chr3	151092698	151092818	bb.chr3.151092698	0.021445	0.055013	8	False
chr3	152305041	152305161	bb.chr3.152305041	0.029133	0.078224	8	False
chr3	152913880	152914000	bb.chr3.152913880	0.054083	0.096615	8	False
chr3	153807562	153807682	bb.chr3.153807562	-0.039520	0.151975	8	False
chr3	154417636	154417756	bb.chr3.154417636	0.001007	0.076970	8	False
chr3	155313306	155313426	bb.chr3.155313306	0.010740	0.068634	8	False
chr3	156291765	156291885	bb.chr3.156291765	0.037303	0.096485	8	False
chr3	157437012	157437132	bb.chr3.157437012	0.021756	0.083335	8	False
chr3	158332347	158332467	bb.chr3.158332347	-0.045159	0.467946	8	True
chr3	159115594	159115714	bb.chr3.159115594	0.013244	0.107727	8	False
chr3	159817327	159817447	bb.chr3.159817327	-0.015709	0.094754	8	False
chr3	160694327	160694447	bb.chr3.160694327	-0.011490	0.083034	8	False
chr3	161330126	161330246	bb.chr3.161330126	-0.008896	0.117320	8	False
chr3	162554811	162554931	bb.chr3.162554811	-0.008446	0.057610	8	False
chr3	163439534	163439654	bb.chr3.163439534	0.000986	0.125438	8	False
chr3	164041165	164041285	bb.chr3.164041165	-0.014672	0.080918	8	False
chr3	165254992	165255112	bb.chr3.165254992	0.011958	0.066208	8	False
chr3	166401855	166401975	bb.chr3.166401855	0.024075	0.140107	8	False
chr3	167348877	167348997	bb.chr3.167348877	-0.042527	0.129520	8	False
chr3	168185985	168186105	bb.chr3.168185985	0.009138	0.101882	8	False
chr3	168863643	168863763	bb.chr3.168863643	0.017587	0.061477	8	False
chr3	169744975	169745095	bb.chr3.169744975	-0.006575	0.177322	8	False
chr3	169764399	169764666	TERC	-0.027537	0.061429	8	False
chr3	169764666	169764933	TERC	-0.004250	0.102149	8	False
chr3	169764933	169765200	TERC	-0.025489	0.135738	8	False
chr3	169765200	169765467	TERC	0.012723	0.055376	8	False
chr3	169765467	169765734	TERC	-0.042254	0.032370	8	False
chr3	171263020	171263140	bb.chr3.171263020	0.017959	0.064988	8	False
chr3	172467808	172467928	bb.chr3.172467808	-0.031839	0.136385	8	False
chr3	173395191	173395311	bb.chr3.173395191	-0.000213	0.065303	8	False
chr3	174278078	174278198	bb.chr3.174278078	-0.007179	0.125729	8	False
chr3	175471870	175471990	bb.chr3.175471870	-0.061808	0.315361	8	True
chr3	177589794	177589914	bb.chr3.177589794	-0.001990	0.076714	8	False
chr3	178774363	178774483	bb.chr3.178774363	0.036505	0.058528	8	False
chr3	179973849	179973969	bb.chr3.179973849	-0.000246	0.085084	8	False
chr3	180821544	180821664	bb.chr3.180821544	0.020976	0.101079	8	False
chr3	181504820	181504940	bb.chr3.181504820	-0.010728	0.097620	8	False
chr3	182708360	182708480	bb.chr3.182708360	0.013210	0.062977	8	False
chr3	183919997	183920117	bb.chr3.183919997	-0.000162	0.080956	8	False
chr3	184805765	184805885	bb.chr3.184805765	0.047087	0.080006	8	False
chr3	185710857	185710977	bb.chr3.185710857	-0.228699	0.907468	8	True
chr3	186320796	186320916	bb.chr3.186320796	-0.002470	0.063984	8	False
chr3	187241194	187241314	bb.chr3.187241194	-0.008096	0.055436	8	False
chr3	188459779	188459899	bb.chr3.188459779	-0.016658	0.109956	8	False
chr3	189331919	189332039	bb.chr3.189331919	-0.168068	0.516508	8	True
chr3	190233117	190233237	bb.chr3.190233117	0.045057	0.125255	8	False
chr3	190850089	190850209	bb.chr3.190850089	-0.003089	0.112251	8	False
chr3	191753116	191753236	bb.chr3.191753116	-0.004668	0.099194	8	False
chr3	192369435	192369555	bb.chr3.192369435	0.031203	0.091721	8	False
chr3	193548610	193548730	bb.chr3.193548610	-0.021847	0.096081	8	False
chr3	194512711	194512831	bb.chr3.194512711	-0.025650	0.089948	8	False
chr3	195185443	195185563	bb.chr3.195185443	0.006957	0.097485	8	False
chr3	195947326	195947446	bb.chr3.195947326	-0.086549	0.216779	8	False
chr3	196631912	196632032	bb.chr3.196631912	0.011874	0.082279	8	False
chr3	198052242	198052362	bb.chr3.198052242	-0.044076	0.260485	8	False
chr4	670059	670179	bb.chr4.670059	0.015034	0.044415	8	False
chr4	1359473	1359593	bb.chr4.1359473	0.020343	0.110304	8	False
chr4	2267590	2267710	bb.chr4.2267590	0.085327	0.121120	8	False
chr4	2936864	2936984	bb.chr4.2936864	0.019217	0.084575	8	False
chr4	3751630	3751750	bb.chr4.3751630	0.009535	0.074228	8	False
chr4	4555463	4555583	bb.chr4.4555463	0.005261	0.083703	8	False
chr4	5676902	5677022	bb.chr4.5676902	0.017843	0.078342	8	False
chr4	6723996	6724116	bb.chr4.6723996	0.014957	0.057128	8	False
chr4	8046012	8046132	bb.chr4.8046012	0.029997	0.080045	8	False
chr4	8881739	8881859	bb.chr4.8881739	0.029657	0.091072	8	False
chr4	9994167	9994287	bb.chr4.9994167	0.019743	0.092365	8	False
chr4	10691546	10691666	bb.chr4.10691546	-0.021456	0.088366	8	False
chr4	11745614	11745734	bb.chr4.11745614	-0.050741	0.090101	8	False
chr4	12353523	12353643	bb.chr4.12353523	-0.042174	0.109171	8	False
chr4	13150256	13150376	bb.chr4.13150256	0.003156	0.116288	8	False
chr4	13786535	13786655	bb.chr4.13786535	-0.002789	0.142669	8	False
chr4	14943801	14943921	bb.chr4.14943801	0.014572	0.075382	8	False
chr4	15848303	15848423	bb.chr4.15848303	-0.002163	0.056102	8	False
chr4	16653675	16653795	bb.chr4.16653675	0.010177	0.085547	8	False
chr4	17941792	17941912	bb.chr4.17941792	-0.010279	0.101297	8	False
chr4	18797161	18797281	bb.chr4.18797161	-0.012418	0.061069	8	False
chr4	19597554	19597674	bb.chr4.19597554	0.015605	0.039830	8	False
chr4	20210253	20210373	bb.chr4.20210253	-0.139881	0.748915	8	True
chr4	20983455	20983575	bb.chr4.20983455	0.019459	0.078466	8	False
chr4	22139547	22139667	bb.chr4.22139547	0.005241	0.197317	8	False
chr4	23349429	23349549	bb.chr4.23349429	-0.054727	0.136908	8	False
chr4	24132748	24132868	bb.chr4.24132748	-0.006747	0.064319	8	False
chr4	24527473	24527756	DHX15_exon_14	0.039324	0.049241	8	False
chr4	24527756	24528040	DHX15_exon_14	0.063804	0.074071	8	False
chr4	24529599	24529769	DHX15_exon_13	-0.052090	0.064423	8	False
chr4	24532862	24533053	DHX15_exon_12	-0.110880	0.049013	8	False
chr4	24537050	24537170	DHX15_exon_11	0.021496	0.050318	8	False
chr4	24540106	24540298	DHX15_exon_10	-0.083573	0.072762	8	False
chr4	24540832	24540952	DHX15_exon_9	-0.012555	0.087747	8	False
chr4	24541871	24542021	DHX15_exon_8	0.011995	0.065594	8	False
chr4	24542922	24543042	DHX15_exon_7	-0.021096	0.073821	8	False
chr4	24548853	24549021	DHX15_exon_6	-0.041543	0.070430	8	False
chr4	24554723	24554942	DHX15_exon_5	0.066312	0.054821	8	False
chr4	24556249	24556409	DHX15_exon_4	-0.035062	0.042875	8	False
chr4	24570652	24570846	DHX15_exon_3	-0.064960	0.057079	8	False
chr4	24576241	24576459	DHX15_exon_2	0.077635	0.058572	8	False
chr4	24576459	24576677	DHX15_exon_2	0.075526	0.041253	8	False
chr4	24584321	24584553	DHX15_exon_1	0.042147	0.065130	8	False
chr4	24992775	24992895	bb.chr4.24992775	-0.020023	0.121226	8	False
chr4	25773542	25773662	bb.chr4.25773542	-0.007082	0.073059	8	False
chr4	27101848	27101968	bb.chr4.27101848	0.011738	0.108225	8	False
chr4	27919283	27919403	bb.chr4.27919283	0.001730	0.103123	8	False
chr4	28706286	28706406	bb.chr4.28706286	-0.067927	0.181256	8	False
chr4	29337348	29337468	bb.chr4.29337348	-0.042257	0.100610	8	False
chr4	30621566	30621686	bb.chr4.30621566	-0.009316	0.129380	8	False
chr4	31397378	31397498	bb.chr4.31397378	-0.058752	0.195638	8	False
chr4	32221498	32221618	bb.chr4.32221498	0.007128	0.065169	8	False
chr4	32927511	32927631	bb.chr4.32927511	-0.021436	0.130394	8	False
chr4	34919102	34919222	bb.chr4.34919102	-0.023867	0.095554	8	False
chr4	36012213	36012333	bb.chr4.36012213	-0.017025	0.089304	8	False
chr4	36738207	36738327	bb.chr4.36738207	0.007097	0.109433	8	False
chr4	38396392	38396512	bb.chr4.38396392	0.011683	0.071554	8	False
chr4	39133187	39133307	bb.chr4.39133187	-0.115227	0.268525	8	False
chr4	40253821	40253941	bb.chr4.40253821	0.007574	0.053977	8	False
chr4	41133467	41133587	bb.chr4.41133467	0.005506	0.087500	8	False
chr4	42427070	42427190	bb.chr4.42427070	-0.296011	0.638978	8	True
chr4	43230558	43230678	bb.chr4.43230558	-0.010516	0.085722	8	False
chr4	43945160	43945280	bb.chr4.43945160	0.012379	0.110182	8	False
chr4	44578235	44578355	bb.chr4.44578235	0.016897	0.069470	8	False
chr4	45793818	45793938	bb.chr4.45793818	0.020159	0.139825	8	False
chr4	47560120	47560240	bb.chr4.47560120	0.011395	0.096554	8	False
chr4	48334908	48335028	bb.chr4.48334908	-0.003891	0.063293	8	False
chr4	49616454	49616574	bb.chr4.49616454	-0.344770	0.809272	8	True
chr4	52112515	52112635	bb.chr4.52112515	-0.007763	0.087504	8	False
chr4	52958017	52958137	bb.chr4.52958017	-0.011556	0.076420	8	False
chr4	53708828	53708948	bb.chr4.53708828	0.010942	0.080304	8	False
chr4	54435481	54435601	bb.chr4.54435481	-0.008686	0.038096	8	False
chr4	54657957	54658077	KIT_exon_1	0.016346	0.080739	8	False
chr4	54695510	54695780	KIT_exon_2	0.018910	0.061996	8	False
chr4	54698282	54698564	KIT_exon_3	0.012226	0.048616	8	False
chr4	54699628	54699765	KIT_exon_4	0.022577	0.052427	8	False
chr4	54703722	54703891	KIT_exon_5	-0.047686	0.044556	8	False
chr4	54707096	54707286	KIT_exon_6	-0.106306	0.059359	8	False
chr4	54709420	54709540	KIT_exon_7	0.021230	0.057372	8	False
chr4	54723579	54723699	KIT_exon_8	0.021158	0.054965	8	False
chr4	54725855	54726049	KIT_exon_9	-0.072315	0.060131	8	False
chr4	54727209	54727329	KIT_exon_10	0.039411	0.046302	8	False
chr4	54727417	54727537	KIT_exon_11	0.052681	0.059045	8	False
chr4	54727813	54727933	KIT_exon_12	0.026826	0.026249	8	False
chr4	54728004	54728124	KIT_exon_13	0.006167	0.065129	8	False
chr4	54729333	54729484	KIT_exon_14	0.006753	0.069129	8	False
chr4	54731320	54731440	KIT_exon_15	0.011269	0.078995	8	False
chr4	54731873	54731993	KIT_exon_16	0.038497	0.082801	8	False
chr4	54733069	54733189	KIT_exon_17	0.018633	0.072975	8	False
chr4	54736492	54736612	KIT_exon_18	0.040307	0.092957	8	False
chr4	54736706	54736826	KIT_exon_19	0.027731	0.037667	8	False
chr4	54737166	54737286	KIT_exon_20	-0.004761	0.063245	8	False
chr4	54738427	54738667	KIT_exon_21	0.014840	0.049784	8	False
chr4	54738668	54738908	KIT_exon_21	-0.020192	0.036418	8	False
chr4	54738909	54739149	KIT_exon_21	-0.020867	0.039739	8	False
chr4	54739150	54739510	KIT_exon_21	-0.036229	0.070434	8	False
chr4	54739511	54739751	KIT_exon_21	-0.020147	0.042660	8	False
chr4	54739752	54740112	KIT_exon_21	-0.037264	0.053381	8	False
chr4	54740113	54740353	KIT_exon_21	-0.034631	0.054453	8	False
chr4	54740354	54740714	KIT_exon_21	0.015005	0.058498	8	False
chr4	55157972	55158092	bb.chr4.55157972	-0.001933	0.080825	8	False
chr4	56105045	56105165	bb.chr4.56105045	-0.118497	0.467139	8	True
chr4	56878610	56878730	bb.chr4.56878610	0.013028	0.074673	8	False
chr4	58017012	58017132	bb.chr4.58017012	0.006489	0.069680	8	False
chr4	59816842	59816962	bb.chr4.59816842	-0.230888	0.865157	8	True
chr4	61182957	61183077	bb.chr4.61182957	0.012746	0.052190	8	False
chr4	61914044	61914164	bb.chr4.61914044	0.004344	0.063745	8	False
chr4	62564976	62565096	bb.chr4.62564976	0.016019	0.051154	8	False
chr4	63311081	63311201	bb.chr4.63311081	-0.003376	0.126742	8	False
chr4	64438653	64438773	bb.chr4.64438653	-0.003464	0.145411	8	False
chr4	65081746	65081866	bb.chr4.65081746	0.021562	0.079346	8	False
chr4	65984151	65984271	bb.chr4.65984151	-0.054473	0.213260	8	False
chr4	67075357	67075477	bb.chr4.67075357	-0.020535	0.172337	8	False
chr4	69079644	69079764	bb.chr4.69079644	0.032164	0.039385	8	False
chr4	69735548	69735668	bb.chr4.69735548	-0.000129	0.053149	8	False
chr4	70557132	70557252	bb.chr4.70557132	-0.028819	0.118919	8	False
chr4	71406585	71406705	bb.chr4.71406585	-0.038554	0.099640	8	False
chr4	72188021	72188141	bb.chr4.72188021	-0.488702	1.362298	7	True
chr4	73275671	73275791	bb.chr4.73275671	-0.007527	0.127753	8	False
chr4	74545970	74546090	bb.chr4.74545970	-0.067065	0.188523	8	False
chr4	75303072	75303192	bb.chr4.75303072	0.036646	0.104049	8	False
chr4	76211866	76211986	bb.chr4.76211866	-0.005558	0.062039	8	False
chr4	77208174	77208294	bb.chr4.77208174	0.017132	0.095065	8	False
chr4	78012958	78013078	bb.chr4.78012958	-0.039632	0.201005	8	False
chr4	78719863	78719983	bb.chr4.78719863	-0.233865	0.826501	8	True
chr4	80191673	80191793	bb.chr4.80191673	-0.004212	0.134245	8	False
chr4	81961877	81961997	bb.chr4.81961877	0.009744	0.069545	8	False
chr4	82680937	82681057	bb.chr4.82680937	-0.043084	0.143368	8	False
chr4	83426210	83426330	bb.chr4.83426210	-0.086190	0.378371	8	True
chr4	84161081	84161201	bb.chr4.84161081	0.000970	0.128778	8	False
chr4	85012237	85012357	bb.chr4.85012237	-0.045993	0.205064	8	False
chr4	86337793	86337913	bb.chr4.86337793	-0.009706	0.059249	8	False
chr4	87393583	87393703	bb.chr4.87393583	-0.127592	0.262944	8	False
chr4	88249620	88249740	bb.chr4.88249620	0.028940	0.056992	8	False
chr4	89295536	89295656	bb.chr4.89295536	-0.015324	0.106587	8	False
chr4	90645516	90645636	bb.chr4.90645516	-0.073044	0.536699	8	True
chr4	91763757	91763877	bb.chr4.91763757	0.034768	0.045774	8	False
chr4	92775942	92776062	bb.chr4.92775942	-0.026911	0.328019	8	True
chr4	93620375	93620495	bb.chr4.93620375	0.022769	0.126320	8	False
chr4	94364161	94364281	bb.chr4.94364161	-0.083028	0.345662	8	True
chr4	95216301	95216421	bb.chr4.95216301	0.001400	0.054443	8	False
chr4	96002272	96002392	bb.chr4.96002272	-0.014926	0.107303	8	False
chr4	96891059	96891179	bb.chr4.96891059	0.018395	0.077160	8	False
chr4	98045042	98045162	bb.chr4.98045042	-0.022257	0.089827	8	False
chr4	98878711	98878831	bb.chr4.98878711	0.001633	0.091278	8	False
chr4	100095178	100095298	bb.chr4.100095178	0.008212	0.036064	8	False
chr4	100762283	100762403	bb.chr4.100762283	0.014710	0.132616	8	False
chr4	102193235	102193355	bb.chr4.102193235	-0.017646	0.116318	8	False
chr4	103021281	103021401	bb.chr4.103021281	-0.007348	0.067735	8	False
chr4	103800531	103800651	bb.chr4.103800531	-0.079199	0.245906	8	False
chr4	104576246	104576366	bb.chr4.104576246	-0.000003	0.114803	8	False
chr4	105146863	105146983	TET2_exon_1	0.097785	0.085010	8	False
chr4	105185136	105185256	bb.chr4.105185136	-0.051931	0.251640	8	False
chr4	105190358	105190504	TET2_exon_2	-0.014346	0.038185	8	False
chr4	105233895	105234160	TET2_exon_3	-0.050316	0.079097	8	False
chr4	105234160	105234426	TET2_exon_3	0.016695	0.038550	8	False
chr4	105234426	105234692	TET2_exon_3	0.014361	0.051082	8	False
chr4	105234692	105234958	TET2_exon_3	0.011130	0.047672	8	False
chr4	105234958	105235223	TET2_exon_3	0.027314	0.025508	8	False
chr4	105235223	105235489	TET2_exon_3	0.028174	0.037557	8	False
chr4	105235489	105235755	TET2_exon_3	0.005391	0.048145	8	False
chr4	105235755	105236021	TET2_exon_3	0.005023	0.048663	8	False
chr4	105236021	105236286	TET2_exon_3	-0.076695	0.047274	8	False
chr4	105236286	105236552	TET2_exon_3	-0.009356	0.045269	8	False
chr4	105236552	105236818	TET2_exon_3	-0.008258	0.027569	8	False
chr4	105236818	105237084	TET2_exon_3	0.024105	0.048884	8	False
chr4	105237084	105237350	TET2_exon_3	-0.047601	0.052292	8	False
chr4	105241335	105241455	TET2_exon_4	-0.000085	0.081967	8	False
chr4	105242818	105242938	TET2_exon_5	0.002772	0.097588	8	False
chr4	105243568	105243777	TET2_exon_6	0.005764	0.043783	8	False
chr4	105259617	105259768	TET2_exon_7	0.004831	0.065996	8	False
chr4	105261753	105261873	TET2_exon_8	0.018613	0.052662	8	False
chr4	105269608	105269746	TET2_exon_9	0.037844	0.042976	8	False
chr4	105272562	105272917	TET2_exon_10	-0.004944	0.050960	8	False
chr4	105275046	105275328	TET2_exon_11	0.015785	0.036555	8	False
chr4	105275328	105275611	TET2_exon_11	-0.049965	0.100421	8	False
chr4	105275611	105275893	TET2_exon_11	0.013800	0.041384	8	False
chr4	105275893	105276176	TET2_exon_11	0.021174	0.050466	8	False
chr4	105276176	105276459	TET2_exon_11	0.048462	0.049229	8	False
chr4	105276459	105276741	TET2_exon_11	0.005522	0.053573	8	False
chr4	105276741	105277024	TET2_exon_11	-0.008586	0.160043	8	False
chr4	105277024	105277307	TET2_exon_11	0.031963	0.067257	8	False
chr4	105277424	105277662	TET2_exon_11	0.030683	0.045837	8	False
chr4	105277662	105277900	TET2_exon_11	-0.011424	0.053520	8	False
chr4	105277900	105278139	TET2_exon_11	0.043531	0.063276	8	False
chr4	105278154	105278428	TET2_exon_11	0.068910	0.099870	8	False
chr4	105278428	105278703	TET2_exon_11	-0.040258	0.062980	8	False
chr4	105278703	105278978	TET2_exon_11	0.010435	0.044361	8	False
chr4	105278978	105279252	TET2_exon_11	0.013649	0.036503	8	False
chr4	105279252	105279527	TET2_exon_11	0.032647	0.051843	8	False
chr4	105279527	105279802	TET2_exon_11	-0.020536	0.043259	8	False
chr4	106463067	106463187	bb.chr4.106463067	-0.049536	0.245030	8	False
chr4	107552451	107552571	bb.chr4.107552451	0.054362	0.079259	8	False
chr4	108625801	108625921	bb.chr4.108625801	-0.057944	0.174227	8	False
chr4	109268495	109268615	bb.chr4.109268495	-0.103138	0.314597	8	True
chr4	109959148	109959268	bb.chr4.109959148	-0.001543	0.084282	8	False
chr4	110798192	110798312	bb.chr4.110798192	0.004977	0.051777	8	False
chr4	112146976	112147096	bb.chr4.112146976	-0.083148	0.164190	8	False
chr4	112845262	112845382	bb.chr4.112845262	-0.007364	0.158076	8	False
chr4	113467890	113468010	bb.chr4.113467890	0.012287	0.046474	8	False
chr4	114534895	114535015	bb.chr4.114534895	-0.006847	0.050290	8	False
chr4	115334128	115334248	bb.chr4.115334128	-0.165003	0.888396	8	True
chr4	116107360	116107480	bb.chr4.116107360	0.002670	0.059039	8	False
chr4	116949076	116949196	bb.chr4.116949076	-0.016412	0.084036	8	False
chr4	118294352	118294472	bb.chr4.118294352	0.014439	0.055392	8	False
chr4	119130731	119130851	bb.chr4.119130731	0.025437	0.080045	8	False
chr4	120174938	120175058	bb.chr4.120174938	0.018280	0.081978	8	False
chr4	120936742	120936862	bb.chr4.120936742	0.012884	0.112025	8	False
chr4	122078746	122078866	bb.chr4.122078746	0.030879	0.079203	8	False
chr4	123118108	123118228	bb.chr4.123118108	-0.034730	0.137730	8	False
chr4	123930295	123930415	bb.chr4.123930295	-0.013749	0.117653	8	False
chr4	124742727	124742847	bb.chr4.124742727	0.002667	0.108045	8	False
chr4	126883574	126883694	bb.chr4.126883574	-0.089003	0.449394	8	True
chr4	127705835	127705955	bb.chr4.127705835	-0.026973	0.105796	8	False
chr4	128931940	128932060	bb.chr4.128931940	0.022842	0.565702	8	True
chr4	129567863	129567983	bb.chr4.129567863	0.000348	0.024084	8	False
chr4	130516541	130516661	bb.chr4.130516541	-0.109236	0.208025	8	False
chr4	131130383	131130503	bb.chr4.131130383	-0.004930	0.092819	8	False
chr4	132523166	132523286	bb.chr4.132523166	-0.001928	0.080361	8	False
chr4	133302754	133302874	bb.chr4.133302754	-0.010960	0.030306	8	False
chr4	133999778	133999898	bb.chr4.133999778	-0.046128	0.114588	8	False
chr4	135205008	135205128	bb.chr4.135205008	0.001379	0.074771	8	False
chr4	136769291	136769411	bb.chr4.136769291	-0.013677	0.170157	8	False
chr4	138159986	138160106	bb.chr4.138159986	-0.105945	0.388457	8	True
chr4	138961674	138961794	bb.chr4.138961674	0.002993	0.057994	8	False
chr4	139756890	139757010	bb.chr4.139756890	-0.000808	0.085765	8	False
chr4	140380036	140380156	bb.chr4.140380036	0.019481	0.076944	8	False
chr4	141061181	141061301	bb.chr4.141061181	-0.007408	0.088251	8	False
chr4	142434029	142434149	bb.chr4.142434029	-0.012145	0.129317	8	False
chr4	143506407	143506527	bb.chr4.143506407	-0.012942	0.102094	8	False
chr4	144356903	144357023	bb.chr4.144356903	0.007840	0.044866	8	False
chr4	145042595	145042715	bb.chr4.145042595	-0.034538	0.172269	8	False
chr4	145888786	145888906	bb.chr4.145888786	-0.011334	0.193541	8	False
chr4	146745585	146745705	bb.chr4.146745585	-0.006075	0.046029	8	False
chr4	147557356	147557476	bb.chr4.147557356	0.008868	0.167652	8	False
chr4	148362926	148363046	bb.chr4.148362926	-0.035928	0.083733	8	False
chr4	149146511	149146631	bb.chr4.149146511	-0.025124	0.051188	8	False
chr4	150310159	150310279	bb.chr4.150310159	-0.064478	0.213372	8	False
chr4	151622571	151622691	bb.chr4.151622571	0.005992	0.116307	8	False
chr4	152662544	152662664	bb.chr4.152662544	0.005947	0.058425	8	False
chr4	153502913	153503033	bb.chr4.153502913	-0.003823	0.064448	8	False
chr4	155075215	155075335	bb.chr4.155075215	-0.014415	0.114818	8	False
chr4	156689980	156690100	bb.chr4.156689980	-0.005216	0.105725	8	False
chr4	158965460	158965580	bb.chr4.158965460	0.047039	0.073163	8	False
chr4	159948493	159948613	bb.chr4.159948493	-0.014357	0.159644	8	False
chr4	160711735	160711855	bb.chr4.160711735	-0.032843	0.210613	8	False
chr4	161512099	161512219	bb.chr4.161512099	-0.034213	0.168890	8	False
chr4	162322032	162322152	bb.chr4.162322032	-0.059472	0.185240	8	False
chr4	163128667	163128893	NAF1_exon_8	0.040653	0.086087	8	False
chr4	163128893	163129120	NAF1_exon_8	-0.014058	0.135571	8	False
chr4	163129120	163129347	NAF1_exon_8	0.031959	0.092375	8	False
chr4	163133145	163133265	NAF1_exon_7	0.028654	0.060513	8	False
chr4	163137154	163137274	NAF1_exon_6	-0.013411	0.041199	8	False
chr4	163140221	163140382	NAF1_exon_5	-0.041215	0.056288	8	False
chr4	163145747	163145867	NAF1_exon_4	0.004029	0.069499	8	False
chr4	163148325	163148445	NAF1_exon_3	-0.035896	0.082882	8	False
chr4	163164215	163164390	NAF1_exon_2	-0.062359	0.068299	8	False
chr4	163166361	163166625	NAF1_exon_1	-0.048735	0.093001	8	False
chr4	163166625	163166889	NAF1_exon_1	-0.023872	0.062826	8	False
chr4	163403870	163403990	bb.chr4.163403870	-0.052767	0.193982	8	False
chr4	164189322	164189442	bb.chr4.164189322	0.062071	0.038130	8	False
chr4	165061345	165061465	bb.chr4.165061345	-0.003677	0.115879	8	False
chr4	165842831	165842951	bb.chr4.165842831	-0.001801	0.067614	8	False
chr4	166485885	166486005	bb.chr4.166485885	-0.022185	0.183048	8	False
chr4	167118805	167118925	bb.chr4.167118805	-0.019598	0.083998	8	False
chr4	168769603	168769723	bb.chr4.168769603	-0.015852	0.042994	8	False
chr4	170405970	170406090	bb.chr4.170405970	-0.072887	0.319953	8	True
chr4	171118276	171118396	bb.chr4.171118276	-0.038527	0.158530	8	False
chr4	171981677	171981797	bb.chr4.171981677	0.001737	0.327544	8	True
chr4	172586415	172586535	bb.chr4.172586415	-0.013688	0.085201	8	False
chr4	173421356	173421476	bb.chr4.173421356	0.073886	0.212514	8	False
chr4	174139409	174139529	bb.chr4.174139409	-0.003759	0.714208	8	True
chr4	175015470	175015590	bb.chr4.175015470	0.018186	0.144690	8	False
chr4	176544267	176544387	bb.chr4.176544267	-0.160510	0.858671	8	True
chr4	177351896	177352016	bb.chr4.177351896	0.011847	0.110410	8	False
chr4	178438017	178438137	bb.chr4.178438017	-0.019410	0.152846	8	False
chr4	179793797	179793917	bb.chr4.179793797	0.014756	0.090647	8	False
chr4	180865481	180865601	bb.chr4.180865481	-0.052017	0.185577	8	False
chr4	181660473	181660593	bb.chr4.181660473	-0.007621	0.124998	8	False
chr4	182444454	182444574	bb.chr4.182444454	0.007819	0.121021	8	False
chr4	183532981	183533101	bb.chr4.183532981	0.018248	0.048638	8	False
chr4	184344188	184344308	bb.chr4.184344188	0.034720	0.083432	8	False
chr4	185162406	185162526	bb.chr4.185162406	-0.022998	0.282497	8	False
chr4	186228326	186228446	bb.chr4.186228326	0.008540	0.110487	8	False
chr4	187292489	187292609	bb.chr4.187292489	-0.010840	0.164944	8	False
chr4	187934119	187934239	bb.chr4.187934119	0.028526	0.086990	8	False
chr4	188644380	188644500	bb.chr4.188644380	0.001359	0.050527	8	False
chr4	189446440	189446560	bb.chr4.189446440	0.012633	0.198487	8	False
chr5	202107	202227	bb.chr5.202107	0.017992	0.079006	8	False
chr5	1076346	1076466	bb.chr5.1076346	0.009371	0.114302	8	False
chr5	1882212	1882332	bb.chr5.1882212	0.083345	0.092609	8	False
chr5	2693894	2694014	bb.chr5.2693894	0.016404	0.104083	8	False
chr5	3488288	3488408	bb.chr5.3488288	0.026894	0.077622	8	False
chr5	4297857	4297977	bb.chr5.4297857	0.042270	0.428690	8	True
chr5	4949111	4949231	bb.chr5.4949111	-0.027316	0.137369	8	False
chr5	5910365	5910485	bb.chr5.5910365	-0.010054	0.042214	8	False
chr5	6989560	6989680	bb.chr5.6989560	-0.070738	0.204102	8	False
chr5	8549580	8549700	bb.chr5.8549580	-0.117891	0.420650	8	True
chr5	9401891	9402011	bb.chr5.9401891	-0.010390	0.045075	8	False
chr5	10150761	10150881	bb.chr5.10150761	-0.001930	0.058257	8	False
chr5	10964499	10964619	bb.chr5.10964499	-0.050672	0.358600	8	True
chr5	11869966	11870086	bb.chr5.11869966	0.049260	0.092720	8	False
chr5	12551597	12551717	bb.chr5.12551597	0.011130	0.105143	8	False
chr5	13185593	13185713	bb.chr5.13185593	0.005895	0.147207	8	False
chr5	13986934	13987054	bb.chr5.13986934	0.024901	0.060069	8	False
chr5	14779993	14780113	bb.chr5.14779993	0.020915	0.044958	8	False
chr5	15850249	15850369	bb.chr5.15850249	0.008149	0.108471	8	False
chr5	16924362	16924482	bb.chr5.16924362	-0.031207	0.070113	8	False
chr5	18329869	18329989	bb.chr5.18329869	-0.003481	0.141081	8	False
chr5	19373164	19373284	bb.chr5.19373164	-0.024335	0.164805	8	False
chr5	20613663	20613783	bb.chr5.20613663	-0.112877	0.537216	8	True
chr5	22005516	22005636	bb.chr5.22005516	0.024898	0.075393	8	False
chr5	22812095	22812215	bb.chr5.22812095	-0.072533	0.324897	8	True
chr5	23620841	23620961	bb.chr5.23620841	-0.005913	0.133118	8	False
chr5	24512464	24512584	bb.chr5.24512464	-0.003816	0.052570	8	False
chr5	25247051	25247171	bb.chr5.25247051	0.047622	0.067920	8	False
chr5	26028220	26028340	bb.chr5.26028220	-0.029387	0.271104	8	False
chr5	26861935	26862055	bb.chr5.26861935	-0.003815	0.082258	8	False
chr5	28210308	28210428	bb.chr5.28210308	-0.015824	0.124690	8	False
chr5	28933853	28933973	bb.chr5.28933853	-0.046492	0.174141	8	False
chr5	29582964	29583084	bb.chr5.29582964	-0.164056	0.393326	8	True
chr5	30895656	30895776	bb.chr5.30895656	-0.063911	0.135201	8	False
chr5	31951795	31951915	bb.chr5.31951795	-0.041564	0.120555	8	False
chr5	32831773	32831893	bb.chr5.32831773	0.009769	0.099190	8	False
chr5	33581465	33581585	bb.chr5.33581465	0.034640	0.082526	8	False
chr5	34861451	34861571	bb.chr5.34861451	-0.007529	0.085921	8	False
chr5	35856889	35857058	IL7R_exon_1	-0.044084	0.083570	8	False
chr5	35860850	35860989	IL7R_exon_2	0.019071	0.038905	8	False
chr5	35867304	35867462	IL7R_exon_3	-0.017265	0.084689	8	False
chr5	35871054	35871212	IL7R_exon_4	-0.011761	0.102741	8	False
chr5	35873478	35873647	IL7R_exon_5	-0.051915	0.085430	8	False
chr5	35874434	35874554	IL7R_exon_6	0.073437	0.054424	8	False
chr5	35875468	35875588	IL7R_exon_7	-0.017059	0.070089	8	False
chr5	35875981	35876239	IL7R_exon_8	-0.018119	0.066197	8	False
chr5	35876239	35876498	IL7R_exon_8	-0.061530	0.030094	8	False
chr5	35876498	35876756	IL7R_exon_8	0.026616	0.050579	8	False
chr5	35876756	35877015	IL7R_exon_8	-0.005149	0.050794	8	False
chr5	35877015	35877274	IL7R_exon_8	-0.002580	0.031015	8	False
chr5	35877274	35877532	IL7R_exon_8	0.030426	0.055191	8	False
chr5	35877532	35877791	IL7R_exon_8	-0.039379	0.060892	8	False
chr5	35877791	35878050	IL7R_exon_8	0.016843	0.072805	8	False
chr5	35878050	35878308	IL7R_exon_8	0.039426	0.099004	8	False
chr5	35878308	35878567	IL7R_exon_8	-0.015178	0.043622	8	False
chr5	35878567	35878826	IL7R_exon_8	0.011667	0.047737	8	False
chr5	35878826	35879084	IL7R_exon_8	-0.057540	0.156281	8	False
chr5	35879084	35879343	IL7R_exon_8	0.036069	0.056689	8	False
chr5	35879343	35879602	IL7R_exon_8	-0.016557	0.059610	8	False
chr5	36049886	36050006	bb.chr5.36049886	0.002918	0.168485	8	False
chr5	36819233	36819353	bb.chr5.36819233	-0.016410	0.104196	8	False
chr5	37612184	37612304	bb.chr5.37612184	-0.166552	0.732269	8	True
chr5	38264573	38264693	bb.chr5.38264573	0.013015	0.072772	8	False
chr5	39259281	39259401	bb.chr5.39259281	0.014794	0.090694	8	False
chr5	40286491	40286611	bb.chr5.40286491	-0.041157	0.293745	8	False
chr5	40916503	40916623	bb.chr5.40916503	-0.005977	0.140882	8	False
chr5	44048729	44048849	bb.chr5.44048729	-0.036120	0.094233	8	False
chr5	44865824	44865944	bb.chr5.44865824	-0.060862	0.208985	8	False
chr5	45690025	45690145	bb.chr5.45690025	0.021138	0.088523	8	False
chr5	51158838	51158958	bb.chr5.51158838	-0.013998	0.114493	8	False
chr5	52282169	52282289	bb.chr5.52282169	-0.001201	0.075345	8	False
chr5	53087942	53088062	bb.chr5.53087942	-0.006702	0.054331	8	False
chr5	54437326	54437446	bb.chr5.54437326	0.001669	0.109396	8	False
chr5	55247942	55248062	bb.chr5.55247942	-0.008432	0.047606	8	False
chr5	56149242	56149362	bb.chr5.56149242	0.072614	0.097171	8	False
chr5	57028487	57028607	bb.chr5.57028487	0.034072	0.044845	8	False
chr5	57653372	57653492	bb.chr5.57653372	-0.020425	0.132930	8	False
chr5	58454463	58454583	bb.chr5.58454463	0.008149	0.098439	8	False
chr5	59586445	59586565	bb.chr5.59586445	0.006654	0.104125	8	False
chr5	60631024	60631144	bb.chr5.60631024	0.008231	0.091074	8	False
chr5	61969996	61970116	bb.chr5.61969996	-0.017054	0.105640	8	False
chr5	62769426	62769546	bb.chr5.62769426	-0.001263	0.076306	8	False
chr5	63524621	63524741	bb.chr5.63524621	-0.058534	0.324907	8	True
chr5	64568878	64568998	bb.chr5.64568878	0.004086	0.029677	8	False
chr5	65192593	65192713	bb.chr5.65192593	-0.020872	0.155354	8	False
chr5	65907911	65908031	bb.chr5.65907911	0.008247	0.072965	8	False
chr5	66533979	66534099	bb.chr5.66533979	-0.122235	0.359280	8	True
chr5	67478904	67479024	bb.chr5.67478904	-0.046101	0.113898	8	False
chr5	68365000	68365120	bb.chr5.68365000	0.016807	0.116139	8	False
chr5	71456881	71457001	bb.chr5.71456881	-0.015149	0.120227	8	False
chr5	72150104	72150224	bb.chr5.72150104	-0.018251	0.089945	8	False
chr5	73152457	73152577	bb.chr5.73152457	-0.000626	0.098859	8	False
chr5	73776067	73776187	bb.chr5.73776067	0.016594	0.069102	8	False
chr5	74588002	74588122	bb.chr5.74588002	0.006495	0.086885	8	False
chr5	75656976	75657096	bb.chr5.75656976	0.002784	0.093070	8	False
chr5	76485405	76485525	bb.chr5.76485405	-0.012717	0.139787	8	False
chr5	77275333	77275453	bb.chr5.77275333	-0.006866	0.057082	8	False
chr5	77981217	77981337	bb.chr5.77981217	0.090635	0.108889	8	False
chr5	78885967	78886087	bb.chr5.78885967	0.010198	0.073879	8	False
chr5	79713636	79713756	bb.chr5.79713636	-0.005686	0.054095	8	False
chr5	80514046	80514166	bb.chr5.80514046	-0.010300	0.179517	8	False
chr5	81857034	81857154	bb.chr5.81857034	-0.035584	0.086560	8	False
chr5	82909973	82910093	bb.chr5.82909973	-0.019687	0.080324	8	False
chr5	83965059	83965179	bb.chr5.83965059	-0.007383	0.140623	8	False
chr5	84627289	84627409	bb.chr5.84627289	-0.113128	0.307629	8	True
chr5	85329923	85330043	bb.chr5.85329923	0.013290	0.132396	8	False
chr5	86133237	86133357	bb.chr5.86133237	-0.003554	0.088939	8	False
chr5	87276247	87276367	bb.chr5.87276247	0.028525	0.141811	8	False
chr5	88839585	88839705	bb.chr5.88839585	-0.026174	0.171821	8	False
chr5	89673255	89673375	bb.chr5.89673255	-0.001617	0.050581	8	False
chr5	90441310	90441430	bb.chr5.90441310	-0.013286	0.084658	8	False
chr5	91323338	91323458	bb.chr5.91323338	-0.015888	0.093387	8	False
chr5	92104294	92104414	bb.chr5.92104294	-0.031139	0.066299	8	False
chr5	92865313	92865433	bb.chr5.92865313	-0.025240	0.075190	8	False
chr5	93682182	93682302	bb.chr5.93682182	0.014511	0.082795	8	False
chr5	94390056	94390176	bb.chr5.94390056	0.005130	0.077421	8	False
chr5	95241597	95241717	bb.chr5.95241597	-0.008896	0.118291	8	False
chr5	96064643	96064763	bb.chr5.96064643	-0.008580	0.037067	8	False
chr5	97117541	97117661	bb.chr5.97117541	-0.014123	0.088641	8	False
chr5	98134198	98134318	bb.chr5.98134198	-0.288569	0.851707	8	True
chr5	98781701	98781821	bb.chr5.98781701	0.014873	0.136396	8	False
chr5	99975166	99975286	bb.chr5.99975166	-0.036024	0.119227	8	False
chr5	100624066	100624186	bb.chr5.100624066	-0.282524	0.860550	8	True
chr5	101240788	101240908	bb.chr5.101240788	-0.021249	0.151871	8	False
chr5	101997083	101997203	bb.chr5.101997083	-0.005514	0.159305	8	False
chr5	102831390	102831510	bb.chr5.102831390	-0.663691	1.036665	6	True
chr5	103930209	103930329	bb.chr5.103930209	-0.246250	0.627727	8	True
chr5	104875656	104875776	bb.chr5.104875656	-0.172463	1.194645	6	True
chr5	105770297	105770417	bb.chr5.105770297	0.004395	0.082268	8	False
chr5	106518304	106518424	bb.chr5.106518304	0.047413	0.176307	8	False
chr5	107316106	107316226	bb.chr5.107316106	0.015727	0.033513	8	False
chr5	109204797	109204917	bb.chr5.109204797	0.023820	0.105255	8	False
chr5	110016519	110016639	bb.chr5.110016519	0.001336	0.068800	8	False
chr5	111081744	111081864	bb.chr5.111081744	0.021929	0.051142	8	False
chr5	111894888	111895008	bb.chr5.111894888	-0.129191	0.566258	8	True
chr5	112689068	112689188	bb.chr5.112689068	-0.024523	0.095450	8	False
chr5	113791140	113791260	bb.chr5.113791140	0.006823	0.103367	8	False
chr5	114460605	114460725	bb.chr5.114460605	0.009498	0.047308	8	False
chr5	115402372	115402492	bb.chr5.115402372	0.088469	0.066576	8	False
chr5	116052787	116052907	bb.chr5.116052787	-0.011813	0.068143	8	False
chr5	116993464	116993584	bb.chr5.116993464	0.011687	0.149879	8	False
chr5	117919233	117919353	bb.chr5.117919233	-0.020939	0.080251	8	False
chr5	118736126	118736246	bb.chr5.118736126	-0.070779	0.368497	8	True
chr5	119410255	119410375	bb.chr5.119410255	-0.013130	0.091794	8	False
chr5	120198429	120198549	bb.chr5.120198429	-0.005260	0.088694	8	False
chr5	120910810	120910930	bb.chr5.120910810	-0.073287	0.127222	8	False
chr5	122415469	122415589	bb.chr5.122415469	-0.005150	0.074311	8	False
chr5	123173895	123174015	bb.chr5.123173895	0.027102	0.209352	8	False
chr5	124013363	124013483	bb.chr5.124013363	-0.094349	0.273520	8	False
chr5	124781799	124781919	bb.chr5.124781799	-0.022642	0.145607	8	False
chr5	125595433	125595553	bb.chr5.125595433	-0.142127	0.368184	8	True
chr5	126426697	126426817	bb.chr5.126426697	-0.020655	0.123562	8	False
chr5	127486195	127486315	bb.chr5.127486195	0.012648	0.044683	8	False
chr5	128186401	128186521	bb.chr5.128186401	0.017372	0.092985	8	False
chr5	128854177	128854297	bb.chr5.128854177	-0.034337	0.239033	8	False
chr5	129623189	129623309	bb.chr5.129623189	-0.032172	0.161308	8	False
chr5	130599890	130600010	bb.chr5.130599890	-0.361732	0.850933	8	True
chr5	131771628	131771748	bb.chr5.131771628	0.003757	0.082162	8	False
chr5	132481607	132481836	IRF1_exon_10	0.028594	0.067267	8	False
chr5	132481836	132482065	IRF1_exon_10	0.037688	0.092547	8	False
chr5	132482914	132483204	IRF1_exon_10	0.082937	0.064475	8	False
chr5	132483204	132483494	IRF1_exon_10	-0.064058	0.089084	8	False
chr5	132483494	132483784	IRF1_exon_10	-0.020697	0.044288	8	False
chr5	132483784	132484074	IRF1_exon_10	0.084220	0.071076	8	False
chr5	132484360	132484496	IRF1_exon_9	0.002856	0.075204	8	False
chr5	132485624	132485744	IRF1_exon_8	0.010209	0.095687	8	False
chr5	132486250	132486370	IRF1_exon_7	-0.001090	0.082947	8	False
chr5	132486560	132486680	IRF1_exon_6	-0.009428	0.106375	8	False
chr5	132486728	132486848	IRF1_exon_5	0.037280	0.061201	8	False
chr5	132486952	132487129	IRF1_exon_4	0.032635	0.074544	8	False
chr5	132487923	132488043	IRF1_exon_3	0.001101	0.066092	8	False
chr5	132489384	132489504	IRF1_exon_2	0.005490	0.102196	8	False
chr5	132490543	132490772	IRF1_exon_1	0.014784	0.064979	8	False
chr5	133399470	133399590	bb.chr5.133399470	-0.032058	0.094437	8	False
chr5	134060069	134060189	bb.chr5.134060069	0.011789	0.063789	8	False
chr5	135008049	135008169	bb.chr5.135008049	0.013670	0.078919	8	False
chr5	136638808	136638928	bb.chr5.136638808	0.003421	0.045850	8	False
chr5	137662433	137662553	bb.chr5.137662433	0.001098	0.085700	8	False
chr5	138393025	138393145	bb.chr5.138393025	0.035198	0.068978	8	False
chr5	139471260	139471380	bb.chr5.139471260	-0.016514	0.144774	8	False
chr5	140322275	140322395	bb.chr5.140322275	0.023224	0.072519	8	False
chr5	142628900	142629020	bb.chr5.142628900	0.020666	0.052536	8	False
chr5	143793180	143793300	bb.chr5.143793180	-0.007334	0.049500	8	False
chr5	144458967	144459087	bb.chr5.144458967	-0.028013	0.129567	8	False
chr5	145225608	145225728	bb.chr5.145225608	-0.003955	0.107078	8	False
chr5	145942448	145942568	bb.chr5.145942448	0.066808	0.084932	8	False
chr5	146878973	146879093	bb.chr5.146878973	0.020973	0.063229	8	False
chr5	147847360	147847480	bb.chr5.147847360	0.006087	0.050617	8	False
chr5	148487856	148487976	bb.chr5.148487856	-0.100930	0.215165	8	False
chr5	149492966	149493086	CSNK1A1_exon_10	-0.009025	0.063150	8	False
chr5	149493338	149493608	CSNK1A1_exon_10	-0.027032	0.044455	8	False
chr5	149493608	149493879	CSNK1A1_exon_10	0.004932	0.062398	8	False
chr5	149493879	149494150	CSNK1A1_exon_10	-0.021991	0.109660	8	False
chr5	149494150	149494421	CSNK1A1_exon_10	-0.006900	0.059127	8	False
chr5	149494421	149494692	CSNK1A1_exon_10	-0.005905	0.048979	8	False
chr5	149494692	149494963	CSNK1A1_exon_10	0.010885	0.054645	8	False
chr5	149494963	149495233	CSNK1A1_exon_10	-0.015728	0.066800	8	False
chr5	149495233	149495504	CSNK1A1_exon_10	0.010574	0.058025	8	False
chr5	149495504	149495775	CSNK1A1_exon_10	-0.013890	0.043471	8	False
chr5	149495775	149496046	CSNK1A1_exon_10	-0.028120	0.057040	8	False
chr5	149496046	149496317	CSNK1A1_exon_10	-0.030634	0.056650	8	False
chr5	149496317	149496588	CSNK1A1_exon_10	-0.006129	0.054042	8	False
chr5	149496588	149496859	CSNK1A1_exon_10	-0.034312	0.039836	8	False
chr5	149505445	149505594	CSNK1A1_exon_9	-0.005459	0.057315	8	False
chr5	149507018	149507138	CSNK1A1_exon_8	0.036805	0.072924	8	False
chr5	149509877	149509997	CSNK1A1_exon_7	-0.003873	0.078438	8	False
chr5	149511770	149511890	CSNK1A1_exon_6	0.000649	0.097580	8	False
chr5	149513068	149513208	CSNK1A1_exon_5	0.012325	0.039484	8	False
chr5	149520274	149520394	CSNK1A1_exon_4	-0.008500	0.106843	8	False
chr5	149525046	149525166	CSNK1A1_exon_3	-0.030725	0.058412	8	False
chr5	149550066	149550186	CSNK1A1_exon_2	-0.013704	0.072193	8	False
chr5	149550840	149551139	CSNK1A1_exon_1	0.016689	0.083202	8	False
chr5	149551139	149551438	CSNK1A1_exon_1	0.002959	0.089359	8	False
chr5	149732543	149732663	bb.chr5.149732543	0.002961	0.043983	8	False
chr5	150053293	150053603	CSF1R_exon_21	0.040893	0.046856	8	False
chr5	150053603	150053913	CSF1R_exon_21	-0.000944	0.066137	8	False
chr5	150053913	150054223	CSF1R_exon_21	0.075593	0.071922	8	False
chr5	150054314	150054434	CSF1R_exon_20	0.028224	0.112509	8	False
chr5	150055225	150055345	CSF1R_exon_19	0.006690	0.096714	8	False
chr5	150056020	150056140	CSF1R_exon_18	0.039189	0.064262	8	False
chr5	150056218	150056338	CSF1R_exon_17	0.020782	0.060951	8	False
chr5	150057275	150057395	CSF1R_exon_16	0.007920	0.084626	8	False
chr5	150057491	150057611	CSF1R_exon_15	0.035649	0.067933	8	False
chr5	150059698	150059861	CSF1R_exon_14	-0.054864	0.078448	8	False
chr5	150060855	150060975	CSF1R_exon_13	0.050937	0.053107	8	False
chr5	150061481	150061601	CSF1R_exon_12	-0.093183	0.067465	8	False
chr5	150061724	150061844	CSF1R_exon_11	-0.107065	0.053559	8	False
chr5	150068211	150068331	CSF1R_exon_10	0.014409	0.089238	8	False
chr5	150069871	150070062	CSF1R_exon_9	0.008386	0.050309	8	False
chr5	150070180	150070300	CSF1R_exon_8	0.015106	0.084833	8	False
chr5	150070452	150070572	CSF1R_exon_7	-0.035652	0.062330	8	False
chr5	150073299	150073492	CSF1R_exon_6	-0.076168	0.034095	8	False
chr5	150077274	150077434	CSF1R_exon_5	-0.037248	0.035407	8	False
chr5	150078110	150078247	CSF1R_exon_4	0.022169	0.041163	8	False
chr5	150080050	150080335	CSF1R_exon_3	0.020894	0.050081	8	False
chr5	150080765	150081023	CSF1R_exon_2	-0.017780	0.036268	8	False
chr5	150086377	150086553	CSF1R_exon_1	-0.053684	0.045518	8	False
chr5	150520270	150520390	bb.chr5.150520270	0.003449	0.159627	8	False
chr5	151640700	151640820	bb.chr5.151640700	0.019502	0.047237	8	False
chr5	152431486	152431606	bb.chr5.152431486	-0.022814	0.085147	8	False
chr5	153123240	153123360	bb.chr5.153123240	-0.011525	0.122052	8	False
chr5	153739028	153739148	bb.chr5.153739028	-0.003482	0.078189	8	False
chr5	154559955	154560075	bb.chr5.154559955	0.007091	0.061033	8	False
chr5	155593511	155593631	bb.chr5.155593511	-0.040128	0.207245	8	False
chr5	156388564	156388684	bb.chr5.156388564	0.011492	0.065396	8	False
chr5	157045992	157046112	bb.chr5.157045992	0.007309	0.072060	8	False
chr5	157751151	157751271	bb.chr5.157751151	0.027793	0.105635	8	False
chr5	158374228	158374348	bb.chr5.158374228	-0.013465	0.076201	8	False
chr5	159115697	159115817	bb.chr5.159115697	0.006096	0.066369	8	False
chr5	159739549	159739669	bb.chr5.159739549	0.003240	0.054364	8	False
chr5	160434274	160434394	bb.chr5.160434274	0.024131	0.037944	8	False
chr5	161821467	161821587	bb.chr5.161821467	-0.010102	0.122314	8	False
chr5	162571750	162571870	bb.chr5.162571750	-0.085559	0.296278	8	False
chr5	163244640	163244760	bb.chr5.163244640	-0.026023	0.176529	8	False
chr5	163903797	163903917	bb.chr5.163903797	-0.225651	0.649807	8	True
chr5	164743663	164743783	bb.chr5.164743663	0.001731	0.081220	8	False
chr5	165551564	165551684	bb.chr5.165551564	-0.036630	0.262676	8	False
chr5	166325185	166325305	bb.chr5.166325185	-0.030821	0.147936	8	False
chr5	167097961	167098081	bb.chr5.167097961	-0.075392	0.210187	8	False
chr5	167947123	167947243	bb.chr5.167947123	0.009692	0.044573	8	False
chr5	168756638	168756758	bb.chr5.168756638	0.017926	0.062214	8	False
chr5	169911260	169911380	bb.chr5.169911260	0.014087	0.072042	8	False
chr5	170788426	170788546	bb.chr5.170788426	0.022732	0.039589	8	False
chr5	171387847	171388005	NPM1_exon_1	-0.039597	0.163128	8	False
chr5	171390015	171390135	NPM1_exon_2	0.005665	0.074406	8	False
chr5	171391303	171391423	NPM1_exon_3	-0.015336	0.053642	8	False
chr5	171391680	171391800	NPM1_exon_4	-0.007645	0.096616	8	False
chr5	171392701	171392821	NPM1_exon_5	-0.018038	0.053721	8	False
chr5	171392864	171392984	NPM1_exon_6	-0.031301	0.106715	8	False
chr5	171400118	171400238	NPM1_exon_7	0.019777	0.087767	8	False
chr5	171400834	171400954	NPM1_exon_8	0.032442	0.072250	8	False
chr5	171405298	171405418	NPM1_exon_9	-0.036536	0.101735	8	False
chr5	171407675	171407795	NPM1_exon_10	-0.014844	0.058538	8	False
chr5	171410511	171410631	NPM1_exon_11	0.045943	0.117406	8	False
chr5	171410711	171410899	NPM1_exon_11	-0.044808	0.097829	8	False
chr5	171442518	171442638	bb.chr5.171442518	0.017144	0.107625	8	False
chr5	172235139	172235259	bb.chr5.172235139	0.005883	0.110845	8	False
chr5	172994697	172994817	bb.chr5.172994697	0.010279	0.027106	8	False
chr5	174192557	174192677	bb.chr5.174192557	0.016413	0.055575	8	False
chr5	175202564	175202684	bb.chr5.175202564	0.007681	0.049431	8	False
chr5	176260553	176260673	bb.chr5.176260553	-0.022236	0.156699	8	False
chr5	176861761	176861881	bb.chr5.176861761	0.016781	0.085425	8	False
chr5	177511575	177511926	DDX41_exon_17	0.011414	0.025112	8	False
chr5	177512089	177512209	DDX41_exon_16	-0.050999	0.064842	8	False
chr5	177512296	177512416	DDX41_exon_15	0.029512	0.086390	8	False
chr5	177512494	177512644	DDX41_exon_14	0.004796	0.070724	8	False
chr5	177512775	177512895	DDX41_exon_13	-0.035860	0.086512	8	False
chr5	177513001	177513121	DDX41_exon_12	-0.013443	0.087243	8	False
chr5	177513351	177513483	DDX41_exon_11	0.022840	0.040810	8	False
chr5	177513683	177513846	DDX41_exon_10	-0.066101	0.095857	8	False
chr5	177514699	177514836	DDX41_exon_9	-0.006745	0.085186	8	False
chr5	177514914	177515068	DDX41_exon_8	-0.002374	0.078760	8	False
chr5	177515183	177515303	DDX41_exon_7	-0.075581	0.077232	8	False
chr5	177515683	177515820	DDX41_exon_6	0.007856	0.059522	8	False
chr5	177515898	177516018	DDX41_exon_5	0.014543	0.063882	8	False
chr5	177516106	177516226	DDX41_exon_4	0.054886	0.096190	8	False
chr5	177516286	177516446	DDX41_exon_3	-0.016518	0.040466	8	False
chr5	177516718	177516838	DDX41_exon_2	0.011489	0.088117	8	False
chr5	177516907	177517027	DDX41_exon_1	0.002818	0.058227	8	False
chr5	177630376	177630496	bb.chr5.177630376	0.008131	0.078863	8	False
chr5	178387721	178387841	bb.chr5.178387721	0.022309	0.072194	8	False
chr5	179218249	179218369	bb.chr5.179218249	0.032368	0.071560	8	False
chr5	179818689	179818809	bb.chr5.179818689	0.004585	0.095899	8	False
chr5	181108560	181108680	bb.chr5.181108560	-0.017521	0.074787	8	False
chr6	500896	501016	bb.chr6.500896	-0.027807	0.171546	8	False
chr6	1426453	1426573	bb.chr6.1426453	0.012683	0.039590	8	False
chr6	2097392	2097512	bb.chr6.2097392	-0.022542	0.105008	8	False
chr6	2841262	2841382	bb.chr6.2841262	0.000275	0.092137	8	False
chr6	3572254	3572374	bb.chr6.3572254	0.017124	0.039987	8	False
chr6	4518002	4518122	bb.chr6.4518002	-0.008974	0.197179	8	False
chr6	5177691	5177811	bb.chr6.5177691	0.003649	0.067961	8	False
chr6	5946846	5946966	bb.chr6.5946846	-0.020485	0.098099	8	False
chr6	6637568	6637688	bb.chr6.6637568	-0.032244	0.096635	8	False
chr6	8083685	8083805	bb.chr6.8083685	-0.053612	0.135312	8	False
chr6	8787237	8787357	bb.chr6.8787237	-0.068315	0.139604	8	False
chr6	9518995	9519115	bb.chr6.9518995	0.004765	0.091750	8	False
chr6	10223334	10223454	bb.chr6.10223334	0.022563	0.096834	8	False
chr6	10923229	10923349	bb.chr6.10923229	-0.026402	0.104911	8	False
chr6	11617874	11617994	bb.chr6.11617874	0.003644	0.147672	8	False
chr6	12514677	12514797	bb.chr6.12514677	0.023470	0.185431	8	False
chr6	13139053	13139173	bb.chr6.13139053	0.012681	0.085598	8	False
chr6	14668376	14668496	bb.chr6.14668376	-0.009419	0.082337	8	False
chr6	15414484	15414604	bb.chr6.15414484	0.003265	0.123557	8	False
chr6	16399266	16399386	bb.chr6.16399266	-0.021689	0.102901	8	False
chr6	17295881	17296001	bb.chr6.17295881	-0.001110	0.129849	8	False
chr6	18023287	18023407	bb.chr6.18023287	-0.072034	0.164567	8	False
chr6	18975256	18975376	bb.chr6.18975256	0.040658	0.119649	8	False
chr6	19670695	19670815	bb.chr6.19670695	0.008810	0.040099	8	False
chr6	20396136	20396256	bb.chr6.20396136	-0.028919	0.185082	8	False
chr6	21103377	21103497	bb.chr6.21103377	0.093678	0.123364	8	False
chr6	21808315	21808435	bb.chr6.21808315	0.002821	0.035023	8	False
chr6	22541500	22541620	bb.chr6.22541500	0.031485	0.093525	8	False
chr6	23492787	23492907	bb.chr6.23492787	0.051596	0.134971	8	False
chr6	24112249	24112369	bb.chr6.24112249	0.000776	0.057910	8	False
chr6	25395684	25395804	bb.chr6.25395684	0.005981	0.037480	8	False
chr6	26091048	26091168	bb.chr6.26091048	-0.014148	0.057975	8	False
chr6	27344239	27344359	bb.chr6.27344239	0.074624	0.049962	8	False
chr6	28443466	28443586	bb.chr6.28443466	0.003335	0.134177	8	False
chr6	33673542	33673662	bb.chr6.33673542	0.074786	0.102458	8	False
chr6	34833351	34833471	bb.chr6.34833351	-0.009319	0.065789	8	False
chr6	35611165	35611285	bb.chr6.35611165	0.033196	0.119285	8	False
chr6	36321308	36321428	bb.chr6.36321308	-0.006958	0.088681	8	False
chr6	37035716	37035836	bb.chr6.37035716	-0.115113	0.497320	8	True
chr6	37761909	37762029	bb.chr6.37761909	0.051368	0.043356	8	False
chr6	38428296	38428416	bb.chr6.38428296	0.010233	0.121718	8	False
chr6	39375945	39376065	bb.chr6.39375945	-0.011253	0.072826	8	False
chr6	40383136	40383256	bb.chr6.40383136	-0.000676	0.094652	8	False
chr6	41308046	41308166	bb.chr6.41308046	-0.003971	0.046678	8	False
chr6	41934950	41935239	CCND3_exon_5	0.088300	0.030415	8	False
chr6	41935239	41935528	CCND3_exon_5	-0.022584	0.069097	8	False
chr6	41935528	41935817	CCND3_exon_5	-0.078953	0.135268	8	False
chr6	41935817	41936106	CCND3_exon_5	0.083971	0.063102	8	False
chr6	41936557	41936694	CCND3_exon_4	0.035845	0.042147	8	False
chr6	41937233	41937393	CCND3_exon_3	-0.043773	0.049067	8	False
chr6	41940368	41940584	CCND3_exon_2	0.034044	0.084737	8	False
chr6	41941450	41941807	CCND3_exon_1	-0.008747	0.103196	8	False
chr6	42509008	42509128	bb.chr6.42509008	-0.042187	0.157380	8	False
chr6	43428527	43428647	bb.chr6.43428527	0.027552	0.063645	8	False
chr6	44154619	44154739	bb.chr6.44154619	0.005241	0.099294	8	False
chr6	44805465	44805585	bb.chr6.44805465	-0.012013	0.125699	8	False
chr6	45556150	45556270	bb.chr6.45556150	-0.018601	0.072896	8	False
chr6	46708222	46708342	bb.chr6.46708222	-0.004556	0.229874	8	False
chr6	47476344	47476464	bb.chr6.47476344	0.012907	0.076325	8	False
chr6	49369465	49369585	bb.chr6.49369465	0.046643	0.176414	8	False
chr6	50113529	50113649	bb.chr6.50113529	0.012308	0.049459	8	False
chr6	51619103	51619223	bb.chr6.51619103	0.025378	0.063034	8	False
chr6	52566427	52566547	bb.chr6.52566427	-0.016352	0.080477	8	False
chr6	53273345	53273465	bb.chr6.53273345	-0.058689	0.223846	8	False
chr6	53982814	53982934	bb.chr6.53982814	-0.004143	0.061383	8	False
chr6	54687001	54687121	bb.chr6.54687001	-0.012957	0.087580	8	False
chr6	55677577	55677697	bb.chr6.55677577	-0.070103	0.179115	8	False
chr6	56426015	56426135	bb.chr6.56426015	0.016350	0.062944	8	False
chr6	58275628	58275748	bb.chr6.58275628	0.039075	0.072917	8	False
chr6	60720331	60720451	bb.chr6.60720331	0.011160	0.125389	8	False
chr6	61920898	61921018	bb.chr6.61920898	-0.007750	0.189691	8	False
chr6	62833573	62833693	bb.chr6.62833573	-0.023334	0.166050	8	False
chr6	63574309	63574429	bb.chr6.63574309	-0.020727	0.090302	8	False
chr6	64800120	64800240	bb.chr6.64800120	-0.006847	0.063512	8	False
chr6	65476176	65476296	bb.chr6.65476176	-0.031948	0.121949	8	False
chr6	66429927	66430047	bb.chr6.66429927	-0.036095	0.160347	8	False
chr6	68487298	68487418	bb.chr6.68487298	-0.244554	0.479423	8	True
chr6	69398463	69398583	bb.chr6.69398463	-0.004437	0.136000	8	False
chr6	70371613	70371733	bb.chr6.70371613	0.005421	0.078039	8	False
chr6	71105114	71105234	bb.chr6.71105114	0.082712	0.114305	8	False
chr6	71875703	71875823	bb.chr6.71875703	0.033830	0.086721	8	False
chr6	72639826	72639946	bb.chr6.72639826	-0.017405	0.076522	8	False
chr6	73348223	73348343	bb.chr6.73348223	-0.002087	0.048326	8	False
chr6	74016177	74016297	bb.chr6.74016177	-0.011933	0.145713	8	False
chr6	75134824	75134944	bb.chr6.75134824	-0.006854	0.048866	8	False
chr6	75937799	75937919	bb.chr6.75937799	0.007670	0.110112	8	False
chr6	77104920	77105040	bb.chr6.77104920	-0.071362	0.230793	8	False
chr6	78037711	78037831	bb.chr6.78037711	-0.021404	0.037226	8	False
chr6	78691636	78691756	bb.chr6.78691636	-0.016108	0.091870	8	False
chr6	79466720	79466840	bb.chr6.79466720	0.002515	0.095241	8	False
chr6	80079997	80080117	bb.chr6.80079997	-0.064458	0.232541	8	False
chr6	81136941	81137061	bb.chr6.81136941	0.006355	0.028895	8	False
chr6	81832276	81832396	bb.chr6.81832276	0.010547	0.088178	8	False
chr6	82777781	82777901	bb.chr6.82777781	0.003287	0.068275	8	False
chr6	83474693	83474813	bb.chr6.83474693	0.008972	0.091056	8	False
chr6	84448431	84448551	bb.chr6.84448431	0.020218	0.079768	8	False
chr6	85115909	85116029	bb.chr6.85115909	0.033263	0.057504	8	False
chr6	85768959	85769079	bb.chr6.85768959	0.006911	0.102953	8	False
chr6	86534050	86534170	bb.chr6.86534050	0.003808	0.158535	8	False
chr6	87524765	87524885	bb.chr6.87524765	-0.131666	0.437998	8	True
chr6	88572699	88572819	bb.chr6.88572699	-0.001411	0.056656	8	False
chr6	89623279	89623399	bb.chr6.89623279	0.014678	0.087278	8	False
chr6	90393927	90394047	bb.chr6.90393927	-0.011104	0.178124	8	False
chr6	91479285	91479405	bb.chr6.91479285	-0.011121	0.057088	8	False
chr6	92275583	92275703	bb.chr6.92275583	0.014416	0.092925	8	False
chr6	92987622	92987742	bb.chr6.92987622	0.018165	0.064346	8	False
chr6	93653674	93653794	bb.chr6.93653674	-0.016537	0.074113	8	False
chr6	95394508	95394628	bb.chr6.95394508	-0.711542	1.557347	8	True
chr6	96086737	96086857	bb.chr6.96086737	-0.005595	0.095021	8	False
chr6	97077572	97077692	bb.chr6.97077572	0.005028	0.140036	8	False
chr6	97753933	97754053	bb.chr6.97753933	-0.022415	0.589322	8	True
chr6	98490898	98491018	bb.chr6.98490898	-0.003406	0.059500	8	False
chr6	99377291	99377411	bb.chr6.99377291	-0.013359	0.067370	8	False
chr6	99542385	99542629	CCNC_exon_12	-0.028439	0.062788	8	False
chr6	99542629	99542874	CCNC_exon_12	-0.015170	0.085122	8	False
chr6	99542874	99543118	CCNC_exon_12	-0.007150	0.059749	8	False
chr6	99543118	99543363	CCNC_exon_12	0.014307	0.074707	8	False
chr6	99543363	99543608	CCNC_exon_12	-0.009675	0.047743	8	False
chr6	99545109	99545229	CCNC_exon_11	0.011469	0.090799	8	False
chr6	99546382	99546502	CCNC_exon_10	-0.015027	0.060034	8	False
chr6	99549479	99549599	CCNC_exon_9	-0.011737	0.048685	8	False
chr6	99550201	99550321	CCNC_exon_8	0.045764	0.091477	8	False
chr6	99558485	99558605	CCNC_exon_5	-0.021027	0.069081	8	False
chr6	99561317	99561437	CCNC_exon_4	-0.087850	0.102750	8	False
chr6	99561578	99561698	CCNC_exon_3	-0.097525	0.094646	8	False
chr6	99562833	99562953	CCNC_exon_2	-0.027858	0.050688	8	False
chr6	99568494	99568659	CCNC_exon_1	-0.072280	0.099850	8	False
chr6	100315232	100315352	bb.chr6.100315232	-0.024080	0.068351	8	False
chr6	101360283	101360403	bb.chr6.101360283	-0.047310	0.199043	8	False
chr6	102401401	102401521	bb.chr6.102401401	-0.020812	0.077281	8	False
chr6	103331340	103331460	bb.chr6.103331340	0.009937	0.079984	8	False
chr6	103959114	103959234	bb.chr6.103959114	0.010677	0.063587	8	False
chr6	104618521	104618641	bb.chr6.104618521	0.003684	0.061019	8	False
chr6	105822570	105822690	bb.chr6.105822570	-0.023189	0.182931	8	False
chr6	106796024	106796144	bb.chr6.106796024	-0.001028	0.056748	8	False
chr6	107555137	107555257	bb.chr6.107555137	0.013411	0.062398	8	False
chr6	108168336	108168456	bb.chr6.108168336	-0.001328	0.104562	8	False
chr6	108795883	108796003	bb.chr6.108795883	-0.021454	0.127072	8	False
chr6	109866060	109866180	bb.chr6.109866060	0.019207	0.084012	8	False
chr6	110607537	110607657	bb.chr6.110607537	-0.017962	0.059508	8	False
chr6	111785029	111785149	bb.chr6.111785029	0.028236	0.097624	8	False
chr6	112617544	112617664	bb.chr6.112617544	0.015793	0.077873	8	False
chr6	113276867	113276987	bb.chr6.113276867	-0.043013	0.081904	8	False
chr6	113987566	113987686	bb.chr6.113987566	0.017941	0.060419	8	False
chr6	114748324	114748444	bb.chr6.114748324	0.003793	0.089553	8	False
chr6	115668136	115668256	bb.chr6.115668136	-0.717675	1.228157	7	True
chr6	116400433	116400553	bb.chr6.116400433	-0.044486	0.106956	8	False
chr6	117492046	117492166	bb.chr6.117492046	-0.041109	0.138032	8	False
chr6	118321528	118321648	bb.chr6.118321528	-0.000764	0.145676	8	False
chr6	119025687	119025807	bb.chr6.119025687	0.004276	0.054188	8	False
chr6	119897241	119897361	bb.chr6.119897241	0.019739	0.074009	8	False
chr6	120853442	120853562	bb.chr6.120853442	-0.000379	0.083004	8	False
chr6	121600265	121600385	bb.chr6.121600265	0.016856	0.144432	8	False
chr6	122581868	122581988	bb.chr6.122581868	0.002308	0.128316	8	False
chr6	123271630	123271750	bb.chr6.123271630	-0.001072	0.081347	8	False
chr6	123972324	123972444	bb.chr6.123972324	0.017286	0.051509	8	False
chr6	124666033	124666153	bb.chr6.124666033	0.023874	0.088621	8	False
chr6	125889189	125889309	bb.chr6.125889189	-0.038907	0.080747	8	False
chr6	126819863	126819983	bb.chr6.126819863	0.012928	0.100554	8	False
chr6	128007628	128007748	bb.chr6.128007628	-0.059892	0.316667	8	True
chr6	128715255	128715375	bb.chr6.128715255	-0.014916	0.070646	8	False
chr6	129432912	129433032	bb.chr6.129432912	0.041661	0.066407	8	False
chr6	130139113	130139233	bb.chr6.130139113	-0.004199	0.108013	8	False
chr6	131276176	131276296	bb.chr6.131276176	-0.093243	0.356610	8	True
chr6	132235318	132235438	bb.chr6.132235318	-0.028996	0.194362	8	False
chr6	132970349	132970469	bb.chr6.132970349	-0.031490	0.052025	8	False
chr6	134253736	134253856	bb.chr6.134253736	-0.003148	0.094982	8	False
chr6	135137993	135138113	bb.chr6.135137993	0.015932	0.056511	8	False
chr6	135181306	135181535	MYB_exon_1	0.043305	0.099044	8	False
chr6	135185900	135186020	MYB_exon_2	-0.006356	0.059317	8	False
chr6	135187828	135187948	MYB_exon_3	0.006102	0.057916	8	False
chr6	135189765	135189885	MYB_exon_4	0.061542	0.058217	8	False
chr6	135190125	135190346	MYB_exon_5	0.052317	0.045588	8	False
chr6	135192322	135192557	MYB_exon_6	0.048955	0.067620	8	False
chr6	135193799	135193919	MYB_exon_7	0.017283	0.074575	8	False
chr6	135194346	135194466	MYB_exon_8	0.022732	0.048068	8	False
chr6	135195746	135196001	MYB_exon_9	-0.035858	0.023888	8	False
chr6	135196959	135197079	MYB_exon_10	0.005157	0.050945	8	False
chr6	135197081	135197201	MYB_exon_10	-0.030231	0.042613	8	False
chr6	135197202	135197322	MYB_exon_10	-0.021936	0.077769	8	False
chr6	135198906	135199049	MYB_exon_11	-0.014482	0.072798	8	False
chr6	135200080	135200200	MYB_exon_12	0.039912	0.035743	8	False
chr6	135200291	135200411	MYB_exon_13	0.039092	0.073959	8	False
chr6	135201632	135201752	MYB_exon_14	0.015952	0.047053	8	False
chr6	135203209	135203329	MYB_exon_15	0.016439	0.093345	8	False
chr6	135217862	135218123	MYB_exon_16	-0.040718	0.058141	8	False
chr6	135218123	135218385	MYB_exon_16	0.010328	0.097531	8	False
chr6	135218385	135218647	MYB_exon_16	0.012408	0.066544	8	False
chr6	135218647	135218909	MYB_exon_16	-0.003382	0.037776	8	False
chr6	135218909	135219171	MYB_exon_16	-0.051129	0.105997	8	False
chr6	136067224	136067344	bb.chr6.136067224	-0.037546	0.148605	8	False
chr6	137487590	137487710	bb.chr6.137487590	0.102239	0.098845	8	False
chr6	138091415	138091535	bb.chr6.138091415	-0.037642	0.141781	8	False
chr6	139093717	139093837	bb.chr6.139093717	-0.001383	0.062449	8	False
chr6	139869661	139869781	bb.chr6.139869661	0.014701	0.091260	8	False
chr6	140761884	140762004	bb.chr6.140761884	-0.024840	0.149870	8	False
chr6	141703981	141704101	bb.chr6.141703981	-0.007373	0.095559	8	False
chr6	142476092	142476212	bb.chr6.142476092	0.102416	0.044595	8	False
chr6	143223450	143223570	bb.chr6.143223450	-0.041467	0.147315	8	False
chr6	143940669	143940789	bb.chr6.143940669	-0.024343	0.089259	8	False
chr6	144554059	144554179	bb.chr6.144554059	0.021061	0.102170	8	False
chr6	145343971	145344091	bb.chr6.145343971	-0.017638	0.115766	8	False
chr6	145993839	145993959	bb.chr6.145993839	-0.258786	0.803287	8	True
chr6	147511567	147511687	bb.chr6.147511567	-0.013132	0.086383	8	False
chr6	148154969	148155089	bb.chr6.148154969	0.009407	0.079533	8	False
chr6	150072694	150072814	bb.chr6.150072694	-0.020382	0.075296	8	False
chr6	150800564	150800684	bb.chr6.150800564	0.003631	0.059869	8	False
chr6	151459827	151459947	bb.chr6.151459827	0.008922	0.178239	8	False
chr6	152199299	152199419	bb.chr6.152199299	-0.218576	0.534375	8	True
chr6	152915255	152915375	bb.chr6.152915255	-0.040145	0.186025	8	False
chr6	153679182	153679302	bb.chr6.153679182	-0.034890	0.084218	8	False
chr6	154319616	154319736	bb.chr6.154319616	-0.007105	0.135946	8	False
chr6	155280808	155280928	bb.chr6.155280808	0.013330	0.060144	8	False
chr6	156229486	156229606	bb.chr6.156229486	0.015158	0.073859	8	False
chr6	156934252	156934372	bb.chr6.156934252	-0.035670	0.090409	8	False
chr6	157554082	157554202	bb.chr6.157554082	0.006399	0.071578	8	False
chr6	158500632	158500752	bb.chr6.158500632	-0.032350	0.069192	8	False
chr6	159218438	159218558	bb.chr6.159218438	0.027934	0.120551	8	False
chr6	159863158	159863278	bb.chr6.159863158	0.010145	0.075895	8	False
chr6	160864668	160864788	bb.chr6.160864668	-0.030134	0.107613	8	False
chr6	162325267	162325387	bb.chr6.162325267	0.023424	0.097248	8	False
chr6	163016583	163016703	bb.chr6.163016583	-0.027154	0.225208	8	False
chr6	164197947	164198067	bb.chr6.164197947	-0.023685	0.088136	8	False
chr6	165267639	165267759	bb.chr6.165267639	0.006016	0.074505	8	False
chr6	165875485	165875605	bb.chr6.165875485	0.026862	0.187085	8	False
chr6	166803830	166803950	bb.chr6.166803830	0.006654	0.139707	8	False
chr6	167507394	167507514	bb.chr6.167507394	-0.039471	0.095250	8	False
chr6	168247696	168247816	bb.chr6.168247696	-0.003483	0.073881	8	False
chr6	168957569	168957689	bb.chr6.168957569	0.002448	0.054242	8	False
chr6	169780473	169780593	bb.chr6.169780473	-0.030550	0.099033	8	False
chr7	244803	244923	bb.chr7.244803	-0.021121	0.088845	8	False
chr7	1298926	1299046	bb.chr7.1298926	0.005418	0.137690	8	False
chr7	2119742	2119862	bb.chr7.2119742	0.046113	0.068848	8	False
chr7	2913739	2913859	bb.chr7.2913739	-0.015606	0.062962	8	False
chr7	3616373	3616493	bb.chr7.3616373	0.012406	0.091454	8	False
chr7	4520622	4520742	bb.chr7.4520622	-0.017658	0.056711	8	False
chr7	5836113	5836233	bb.chr7.5836113	-0.054019	0.224202	8	False
chr7	6831241	6831361	bb.chr7.6831241	0.032320	0.049523	8	False
chr7	8817226	8817346	bb.chr7.8817226	-0.149401	0.335034	8	True
chr7	9619565	9619685	bb.chr7.9619565	-0.002948	0.087533	8	False
chr7	10477712	10477832	bb.chr7.10477712	0.018001	0.043738	8	False
chr7	11251713	11251833	bb.chr7.11251713	-0.037581	0.204940	8	False
chr7	12039156	12039276	bb.chr7.12039156	-0.140061	0.277589	8	False
chr7	13097569	13097689	bb.chr7.13097569	-0.014282	0.062367	8	False
chr7	14165831	14165951	bb.chr7.14165831	0.023638	0.075352	8	False
chr7	14985269	14985389	bb.chr7.14985269	0.016047	0.101690	8	False
chr7	15827519	15827639	bb.chr7.15827519	-0.005225	0.041673	8	False
chr7	16602064	16602184	bb.chr7.16602064	-0.019450	0.115419	8	False
chr7	17671767	17671887	bb.chr7.17671767	-0.025731	0.161102	8	False
chr7	18695564	18695684	bb.chr7.18695564	0.024670	0.076012	8	False
chr7	19729196	19729316	bb.chr7.19729196	0.010492	0.084188	8	False
chr7	20372517	20372637	bb.chr7.20372517	-0.017689	0.049496	8	False
chr7	21160212	21160332	bb.chr7.21160212	-0.047228	0.164690	8	False
chr7	21960497	21960617	bb.chr7.21960497	0.002287	0.139595	8	False
chr7	22820532	22820652	bb.chr7.22820532	0.009236	0.055069	8	False
chr7	23449059	23449179	bb.chr7.23449059	0.020754	0.115769	8	False
chr7	24109613	24109733	bb.chr7.24109613	-0.127510	0.400699	8	True
chr7	24927076	24927196	bb.chr7.24927076	0.061587	0.065280	8	False
chr7	25616994	25617114	bb.chr7.25616994	-0.004183	0.080957	8	False
chr7	26545577	26545697	bb.chr7.26545577	-0.022047	0.161496	8	False
chr7	27548136	27548256	bb.chr7.27548136	0.027528	0.108279	8	False
chr7	28258448	28258568	bb.chr7.28258448	-0.073598	0.166581	8	False
chr7	29158453	29158573	bb.chr7.29158453	0.046150	0.207596	8	False
chr7	29890892	29891012	bb.chr7.29890892	0.035607	0.137484	8	False
chr7	30531679	30531799	bb.chr7.30531679	0.084218	0.061893	8	False
chr7	31309273	31309393	bb.chr7.31309273	0.008194	0.059678	8	False
chr7	32149868	32149988	bb.chr7.32149868	0.020644	0.100136	8	False
chr7	33220487	33220607	bb.chr7.33220487	-0.121367	0.490070	8	True
chr7	33873427	33873547	bb.chr7.33873427	0.008158	0.075571	8	False
chr7	35375099	35375219	bb.chr7.35375099	-0.006093	0.059514	8	False
chr7	36450929	36451049	bb.chr7.36450929	-0.072656	0.217070	8	False
chr7	37796405	37796525	bb.chr7.37796405	0.022951	0.052696	8	False
chr7	38553461	38553581	bb.chr7.38553461	-0.004711	0.120115	8	False
chr7	39228536	39228656	bb.chr7.39228536	-0.023802	0.021555	8	False
chr7	39870231	39870351	bb.chr7.39870231	-0.027170	0.178332	8	False
chr7	41008236	41008356	bb.chr7.41008236	0.013863	0.047669	8	False
chr7	42264672	42264792	bb.chr7.42264672	0.015758	0.056564	8	False
chr7	43155606	43155726	bb.chr7.43155606	0.037608	0.106663	8	False
chr7	43966348	43966468	bb.chr7.43966348	-0.004699	0.087145	8	False
chr7	44573094	44573214	bb.chr7.44573094	0.027855	0.074468	8	False
chr7	45196681	45196801	bb.chr7.45196681	-0.009621	0.106934	8	False
chr7	45861995	45862115	bb.chr7.45861995	-0.017478	0.084802	8	False
chr7	46637825	46637945	bb.chr7.46637825	0.005959	0.044968	8	False
chr7	47408264	47408384	bb.chr7.47408264	-0.017263	0.063144	8	False
chr7	48312027	48312147	bb.chr7.48312027	-0.015410	0.057798	8	False
chr7	49023957	49024077	bb.chr7.49023957	0.030115	0.073737	8	False
chr7	49781668	49781788	bb.chr7.49781668	-0.008720	0.108013	8	False
chr7	50304714	50304921	IKZF1_exon_1	-0.013893	0.108928	8	False
chr7	50319040	50319160	IKZF1_exon_2	0.019346	0.073438	8	False
chr7	50327636	50327756	IKZF1_exon_3	-0.005193	0.110206	8	False
chr7	50376531	50376792	IKZF1_exon_4	-0.038090	0.053305	8	False
chr7	50382538	50382706	IKZF1_exon_5	-0.034268	0.057269	8	False
chr7	50387346	50387466	IKZF1_exon_6	-0.004031	0.059847	8	False
chr7	50391727	50391862	IKZF1_exon_7	0.005558	0.097924	8	False
chr7	50399916	50400188	IKZF1_exon_8	-0.000479	0.070578	8	False
chr7	50400188	50400461	IKZF1_exon_8	-0.103932	0.121875	8	False
chr7	50400461	50400734	IKZF1_exon_8	0.036296	0.063145	8	False
chr7	50400734	50401007	IKZF1_exon_8	-0.008611	0.058456	8	False
chr7	50401007	50401280	IKZF1_exon_8	-0.065758	0.040607	8	False
chr7	50401280	50401553	IKZF1_exon_8	0.010262	0.055313	8	False
chr7	50401553	50401825	IKZF1_exon_8	0.003020	0.040214	8	False
chr7	50401825	50402098	IKZF1_exon_8	-0.007214	0.054655	8	False
chr7	50402098	50402371	IKZF1_exon_8	-0.063975	0.028277	8	False
chr7	50402371	50402644	IKZF1_exon_8	0.004417	0.044947	8	False
chr7	50402644	50402917	IKZF1_exon_8	0.034599	0.061394	8	False
chr7	50402917	50403190	IKZF1_exon_8	0.018666	0.078523	8	False
chr7	50403190	50403462	IKZF1_exon_8	-0.016565	0.049093	8	False
chr7	50403462	50403735	IKZF1_exon_8	-0.000854	0.058484	8	False
chr7	50403735	50404008	IKZF1_exon_8	0.009387	0.075448	8	False
chr7	50404008	50404281	IKZF1_exon_8	0.023415	0.054004	8	False
chr7	50404281	50404554	IKZF1_exon_8	0.001723	0.075429	8	False
chr7	50404554	50404827	IKZF1_exon_8	0.009232	0.047702	8	False
chr7	50404827	50405100	IKZF1_exon_8	0.003879	0.064754	8	False
chr7	50640087	50640207	bb.chr7.50640087	0.034057	0.104897	8	False
chr7	51451546	51451666	bb.chr7.51451546	0.006374	0.063114	8	False
chr7	52208911	52209031	bb.chr7.52208911	-0.011769	0.118205	8	False
chr7	53586249	53586369	bb.chr7.53586249	-0.014701	0.081907	8	False
chr7	54902306	54902426	bb.chr7.54902306	0.009725	0.087949	8	False
chr7	56053128	56053248	bb.chr7.56053128	-0.004527	0.149606	8	False
chr7	57349802	57349922	bb.chr7.57349802	-0.004390	0.058521	8	False
chr7	63027235	63027355	bb.chr7.63027235	0.019677	0.210466	8	False
chr7	64355183	64355303	bb.chr7.64355183	-0.028184	0.060437	8	False
chr7	65186165	65186285	bb.chr7.65186165	-0.025241	0.101727	8	False
chr7	67043299	67043419	bb.chr7.67043299	0.005475	0.148814	8	False
chr7	67879063	67879183	bb.chr7.67879063	0.020668	0.093573	8	False
chr7	68530242	68530362	bb.chr7.68530242	0.001601	0.070045	8	False
chr7	69224555	69224675	bb.chr7.69224555	-0.015204	0.045509	8	False
chr7	70580397	70580517	bb.chr7.70580397	0.011786	0.091074	8	False
chr7	71361030	71361150	bb.chr7.71361030	0.001399	0.064708	8	False
chr7	72423516	72423636	bb.chr7.72423516	0.020747	0.100282	8	False
chr7	73675029	73675149	bb.chr7.73675029	-0.023219	0.101309	8	False
chr7	74490482	74490602	bb.chr7.74490482	0.005207	0.176392	8	False
chr7	75543756	75543876	bb.chr7.75543756	0.004262	0.093286	8	False
chr7	76606323	76606443	bb.chr7.76606323	-0.001910	0.228496	8	False
chr7	77416845	77416965	bb.chr7.77416845	-0.000126	0.042454	8	False
chr7	78173326	78173446	bb.chr7.78173326	0.029615	0.085578	8	False
chr7	78996907	78997027	bb.chr7.78996907	-0.037584	0.154595	8	False
chr7	79690554	79690674	bb.chr7.79690554	-0.059237	0.399671	8	True
chr7	80414606	80414726	bb.chr7.80414606	-0.038191	0.079561	8	False
chr7	81744243	81744363	bb.chr7.81744243	-0.017180	0.102933	8	False
chr7	82430708	82430828	bb.chr7.82430708	0.013680	0.084987	8	False
chr7	83090850	83090970	bb.chr7.83090850	-0.063569	0.162239	8	False
chr7	83778099	83778219	bb.chr7.83778099	-0.022405	0.178387	8	False
chr7	85154677	85154797	bb.chr7.85154677	-0.041880	0.328590	8	True
chr7	85776985	85777105	bb.chr7.85776985	-0.002383	0.082711	8	False
chr7	86473515	86473635	bb.chr7.86473515	-0.012792	0.071171	8	False
chr7	87315266	87315386	bb.chr7.87315266	-0.002751	0.041500	8	False
chr7	88421023	88421143	bb.chr7.88421023	-0.000796	0.132636	8	False
chr7	89151640	89151760	bb.chr7.89151640	0.022284	0.071711	8	False
chr7	90271009	90271129	bb.chr7.90271009	-0.160334	0.731963	8	True
chr7	91015926	91016046	bb.chr7.91015926	-0.112364	0.554674	8	True
chr7	92413642	92413762	bb.chr7.92413642	-0.012339	0.050681	8	False
chr7	93018405	93018525	bb.chr7.93018405	-0.030591	0.063093	8	False
chr7	93099532	93099794	SAMD9_exon_3	-0.053542	0.064115	8	False
chr7	93099794	93100057	SAMD9_exon_3	-0.013241	0.106787	8	False
chr7	93100057	93100320	SAMD9_exon_3	-0.021959	0.068430	8	False
chr7	93100320	93100583	SAMD9_exon_3	-0.017092	0.044110	8	False
chr7	93100583	93100846	SAMD9_exon_3	-0.017072	0.055982	8	False
chr7	93100846	93101109	SAMD9_exon_3	0.004299	0.042970	8	False
chr7	93101109	93101372	SAMD9_exon_3	-0.005284	0.049859	8	False
chr7	93101372	93101635	SAMD9_exon_3	0.023748	0.039523	8	False
chr7	93101635	93101897	SAMD9_exon_3	0.017399	0.064613	8	False
chr7	93101897	93102160	SAMD9_exon_3	0.023928	0.054523	8	False
chr7	93102160	93102423	SAMD9_exon_3	0.005330	0.043023	8	False
chr7	93102423	93102686	SAMD9_exon_3	-0.019660	0.067380	8	False
chr7	93102686	93102949	SAMD9_exon_3	0.025864	0.036733	8	False
chr7	93102949	93103212	SAMD9_exon_3	0.019140	0.062263	8	False
chr7	93103212	93103475	SAMD9_exon_3	0.029604	0.066715	8	False
chr7	93103475	93103738	SAMD9_exon_3	0.003597	0.065928	8	False
chr7	93103738	93104000	SAMD9_exon_3	-0.003941	0.058504	8	False
chr7	93104000	93104263	SAMD9_exon_3	-0.040494	0.075387	8	False
chr7	93104263	93104526	SAMD9_exon_3	-0.012686	0.035246	8	False
chr7	93104526	93104789	SAMD9_exon_3	0.006334	0.030780	8	False
chr7	93104789	93105052	SAMD9_exon_3	0.008724	0.057538	8	False
chr7	93105052	93105315	SAMD9_exon_3	0.016449	0.083527	8	False
chr7	93105315	93105578	SAMD9_exon_3	0.030024	0.054001	8	False
chr7	93105578	93105841	SAMD9_exon_3	0.001012	0.049660	8	False
chr7	93105841	93106104	SAMD9_exon_3	-0.020756	0.063102	8	False
chr7	93114787	93114907	SAMD9_exon_2	0.029284	0.064392	8	False
chr7	93117859	93117979	SAMD9_exon_1	0.017113	0.043073	8	False
chr7	93130054	93130323	SAMD9L_exon_5	-0.020883	0.049369	8	False
chr7	93130323	93130593	SAMD9L_exon_5	-0.001142	0.049969	8	False
chr7	93130593	93130863	SAMD9L_exon_5	0.009161	0.071989	8	False
chr7	93130863	93131133	SAMD9L_exon_5	0.018072	0.047667	8	False
chr7	93131133	93131403	SAMD9L_exon_5	-0.002122	0.051474	8	False
chr7	93131403	93131672	SAMD9L_exon_5	0.025552	0.070643	8	False
chr7	93131672	93131942	SAMD9L_exon_5	-0.006205	0.052717	8	False
chr7	93131942	93132212	SAMD9L_exon_5	-0.050748	0.041622	8	False
chr7	93132212	93132482	SAMD9L_exon_5	0.019902	0.047011	8	False
chr7	93132482	93132752	SAMD9L_exon_5	0.021908	0.050402	8	False
chr7	93132752	93133022	SAMD9L_exon_5	0.029461	0.042662	8	False
chr7	93133022	93133291	SAMD9L_exon_5	0.040824	0.020678	8	False
chr7	93133291	93133561	SAMD9L_exon_5	0.024124	0.060799	8	False
chr7	93133561	93133831	SAMD9L_exon_5	-0.032238	0.040976	8	False
chr7	93133831	93134101	SAMD9L_exon_5	-0.071930	0.054795	8	False
chr7	93134101	93134371	SAMD9L_exon_5	0.006529	0.054262	8	False
chr7	93134371	93134640	SAMD9L_exon_5	-0.000776	0.055620	8	False
chr7	93134640	93134910	SAMD9L_exon_5	-0.005338	0.043221	8	False
chr7	93134910	93135180	SAMD9L_exon_5	0.011433	0.069446	8	False
chr7	93135180	93135450	SAMD9L_exon_5	-0.007179	0.062040	8	False
chr7	93135450	93135720	SAMD9L_exon_5	0.003015	0.050463	8	False
chr7	93135720	93135990	SAMD9L_exon_5	-0.025502	0.076072	8	False
chr7	93144731	93144851	SAMD9L_exon_4	0.117078	0.075903	8	False
chr7	93145383	93145711	SAMD9L_exon_3	0.039266	0.061660	8	False
chr7	93145711	93146039	SAMD9L_exon_3	0.041471	0.050172	8	False
chr7	93146881	93147145	SAMD9L_exon_2	-0.005430	0.063159	8	False
chr7	93148192	93148384	SAMD9L_exon_1	-0.083601	0.051510	8	False
chr7	94003638	94003758	bb.chr7.94003638	0.048187	0.064615	8	False
chr7	94834516	94834636	bb.chr7.94834516	-0.005151	0.077570	8	False
chr7	96152376	96152496	bb.chr7.96152376	0.001121	0.097609	8	False
chr7	96780878	96780998	bb.chr7.96780878	0.025335	0.053783	8	False
chr7	97758472	97758592	bb.chr7.97758472	-0.051104	0.212441	8	False
chr7	98540745	98540865	bb.chr7.98540745	0.005108	0.119419	8	False
chr7	99969772	99969892	bb.chr7.99969772	-0.043371	0.093793	8	False
chr7	100603547	100603667	bb.chr7.100603547	-0.047977	0.116891	8	False
chr7	101235880	101236000	bb.chr7.101235880	0.037472	0.102643	8	False
chr7	101668199	101668319	bb.chr7.101668199	0.010981	0.094953	8	False
chr7	101817608	101817728	CUX1_exon_1	0.014157	0.087744	8	False
chr7	101916108	101916228	CUX1_exon_2	0.011095	0.052711	8	False
chr7	102028050	102028170	CUX1_exon_3	0.015932	0.072168	8	False
chr7	102070334	102070454	CUX1_exon_4	-0.009714	0.061604	8	False
chr7	102097362	102097500	CUX1_exon_5	0.023964	0.056834	8	False
chr7	102104336	102104456	CUX1_exon_6	-0.022733	0.033276	8	False
chr7	102111675	102111795	CUX1_exon_7	-0.006795	0.066645	8	False
chr7	102115196	102115316	CUX1_exon_8	-0.009285	0.043409	8	False
chr7	102158527	102158647	CUX1_exon_9	0.029271	0.074365	8	False
chr7	102170436	102170556	CUX1_exon_10	-0.002111	0.104919	8	False
chr7	102178467	102178656	CUX1_exon_11	-0.103694	0.037768	8	False
chr7	102189791	102189911	CUX1_exon_12	-0.007342	0.060335	8	False
chr7	102193806	102193926	CUX1_exon_13	0.000982	0.067848	8	False
chr7	102195492	102195612	CUX1_exon_14	0.011583	0.104150	8	False
chr7	102196632	102196856	CUX1_exon_15	0.067776	0.042613	8	False
chr7	102196856	102197080	CUX1_exon_15	0.017680	0.088232	8	False
chr7	102197080	102197304	CUX1_exon_15	0.083424	0.053825	8	False
chr7	102198798	102198918	CUX1_exon_16	0.017935	0.075361	8	False
chr7	102200070	102200190	CUX1_exon_17	-0.021188	0.026074	8	False
chr7	102201358	102201478	CUX1_exon_18	-0.017068	0.034399	8	False
chr7	102201479	102201599	CUX1_exon_18	-0.025170	0.068963	8	False
chr7	102201600	102201720	CUX1_exon_18	-0.025756	0.063000	8	False
chr7	102201721	102201841	CUX1_exon_18	-0.013021	0.072033	8	False
chr7	102201842	102201962	CUX1_exon_18	-0.022195	0.097463	8	False
chr7	102201963	102202203	CUX1_exon_18	0.010076	0.070431	8	False
chr7	102204389	102204555	CUX1_exon_19	-0.038406	0.057085	8	False
chr7	102205075	102205195	CUX1_exon_20	0.028880	0.053895	8	False
chr7	102227365	102227668	CUX1_exon_21	-0.002252	0.041419	8	False
chr7	102234050	102234239	CUX1_exon_22	-0.104099	0.032934	8	False
chr7	102239318	102239583	CUX1_exon_23	0.003093	0.024463	8	False
chr7	102248410	102248687	CUX1_exon_24	0.003130	0.137424	8	False
chr7	102248687	102248964	CUX1_exon_24	0.020149	0.112168	8	False
chr7	102248964	102249242	CUX1_exon_24	0.009238	0.144698	8	False
chr7	102249242	102249519	CUX1_exon_24	-0.025627	0.050340	8	False
chr7	102249519	102249796	CUX1_exon_24	-0.008422	0.045274	8	False
chr7	102249796	102250074	CUX1_exon_24	0.026516	0.060320	8	False
chr7	102250088	102250348	CUX1_exon_24	0.046300	0.032902	8	False
chr7	102250348	102250609	CUX1_exon_24	0.029494	0.041476	8	False
chr7	102250609	102250870	CUX1_exon_24	0.025161	0.067367	8	False
chr7	102250870	102251130	CUX1_exon_24	0.014658	0.053067	8	False
chr7	102251130	102251391	CUX1_exon_24	0.002235	0.088663	8	False
chr7	102251391	102251652	CUX1_exon_24	0.010012	0.056770	8	False
chr7	102251652	102251913	CUX1_exon_24	-0.009474	0.051180	8	False
chr7	102251913	102252173	CUX1_exon_24	0.024165	0.040315	8	False
chr7	102252173	102252434	CUX1_exon_24	0.004278	0.062056	8	False
chr7	102252434	102252695	CUX1_exon_24	-0.001633	0.096592	8	False
chr7	102252695	102252956	CUX1_exon_24	-0.027073	0.052198	8	False
chr7	102252956	102253216	CUX1_exon_24	0.010139	0.037819	8	False
chr7	102253216	102253477	CUX1_exon_24	-0.004972	0.051350	8	False
chr7	102253477	102253738	CUX1_exon_24	0.004146	0.043369	8	False
chr7	102253738	102253998	CUX1_exon_24	-0.031183	0.076593	8	False
chr7	102253998	102254259	CUX1_exon_24	0.024386	0.034113	8	False
chr7	102254259	102254520	CUX1_exon_24	-0.043155	0.070472	8	False
chr7	102254520	102254781	CUX1_exon_24	0.006689	0.034732	8	False
chr7	102254781	102255041	CUX1_exon_24	-0.006432	0.043414	8	False
chr7	102255041	102255302	CUX1_exon_24	-0.013615	0.071231	8	False
chr7	102255302	102255563	CUX1_exon_24	0.029468	0.077749	8	False
chr7	102255563	102255824	CUX1_exon_24	0.090332	0.029695	8	False
chr7	102255853	102256104	CUX1_exon_24	0.082556	0.039489	8	False
chr7	102256104	102256355	CUX1_exon_24	-0.014378	0.045599	8	False
chr7	102256355	102256606	CUX1_exon_24	0.003948	0.055246	8	False
chr7	102256606	102256857	CUX1_exon_24	-0.063070	0.027375	8	False
chr7	102256857	102257108	CUX1_exon_24	0.019581	0.066978	8	False
chr7	102257108	102257359	CUX1_exon_24	0.009770	0.061765	8	False
chr7	102257359	102257610	CUX1_exon_24	-0.009208	0.042867	8	False
chr7	102257610	102257862	CUX1_exon_24	0.083715	0.054896	8	False
chr7	102257890	102258232	CUX1_exon_24	0.022374	0.031139	8	False
chr7	102337474	102337594	bb.chr7.102337474	-0.055540	0.243838	8	False
chr7	102991740	102991860	bb.chr7.102991740	0.003116	0.094706	8	False
chr7	103917491	103917611	bb.chr7.103917491	-0.010341	0.036603	8	False
chr7	104706447	104706567	bb.chr7.104706447	0.009379	0.078736	8	False
chr7	105787001	105787121	bb.chr7.105787001	-0.019850	0.065391	8	False
chr7	106759442	106759562	bb.chr7.106759442	-0.102011	0.375268	8	True
chr7	107678677	107678797	bb.chr7.107678677	-0.030707	0.078720	8	False
chr7	108292411	108292531	bb.chr7.108292411	-0.022065	0.199735	8	False
chr7	109009490	109009610	bb.chr7.109009490	-0.052765	0.113260	8	False
chr7	110093858	110093978	bb.chr7.110093858	-0.011550	0.055231	8	False
chr7	110876447	110876567	bb.chr7.110876447	0.028213	0.067607	8	False
chr7	111717295	111717415	bb.chr7.111717295	-0.005805	0.038513	8	False
chr7	112449446	112449566	bb.chr7.112449446	-0.027901	0.040046	8	False
chr7	113492738	113492858	bb.chr7.113492738	-0.109973	0.411900	8	True
chr7	114112939	114113059	bb.chr7.114112939	0.014482	0.074847	8	False
chr7	114955174	114955294	bb.chr7.114955174	-0.049290	0.195710	8	False
chr7	116260239	116260359	bb.chr7.116260239	0.016020	0.079992	8	False
chr7	117040565	117040685	bb.chr7.117040565	-0.003265	0.124832	8	False
chr7	117872818	117872938	bb.chr7.117872818	0.004233	0.095011	8	False
chr7	118712480	118712600	bb.chr7.118712480	-0.011106	0.409074	8	True
chr7	121076423	121076543	bb.chr7.121076423	0.005554	0.057256	8	False
chr7	121901035	121901155	bb.chr7.121901035	-0.026348	0.211515	8	False
chr7	122603400	122603520	bb.chr7.122603400	-0.070949	0.322901	8	True
chr7	123239536	123239656	bb.chr7.123239536	-0.037509	0.142579	8	False
chr7	124308871	124308991	bb.chr7.124308871	-0.135619	0.554681	8	True
chr7	125121272	125121392	bb.chr7.125121272	0.015454	0.104205	8	False
chr7	126235214	126235334	bb.chr7.126235214	-0.081148	0.431692	8	True
chr7	126980441	126980561	bb.chr7.126980441	-0.064400	0.114314	8	False
chr7	127886789	127886909	bb.chr7.127886789	-0.027825	0.077684	8	False
chr7	128592528	128592648	bb.chr7.128592528	-0.078995	0.317193	8	True
chr7	129941438	129941558	bb.chr7.129941438	0.011867	0.076019	8	False
chr7	130734447	130734567	bb.chr7.130734447	-0.050114	0.111769	8	False
chr7	131722786	131722906	bb.chr7.131722786	0.024010	0.081486	8	False
chr7	132578776	132578896	bb.chr7.132578776	0.005187	0.073433	8	False
chr7	133393141	133393261	bb.chr7.133393141	-0.083915	0.395820	8	True
chr7	134510406	134510526	bb.chr7.134510406	0.011770	0.078029	8	False
chr7	134646849	134646969	BPGM_exon_1	0.017789	0.066661	8	False
chr7	134661445	134661776	BPGM_exon_2	0.029345	0.060310	8	False
chr7	134661776	134662107	BPGM_exon_2	0.021384	0.032043	8	False
chr7	134678851	134678971	BPGM_exon_3	0.076147	0.213040	8	False
chr7	134678972	134679092	BPGM_exon_3	0.033183	0.214476	8	False
chr7	134679093	134679333	BPGM_exon_3	0.029704	0.195391	8	False
chr7	134679334	134679454	BPGM_exon_3	0.012029	0.228944	8	False
chr7	134679455	134679815	BPGM_exon_3	0.105458	0.226098	8	False
chr7	135270039	135270159	bb.chr7.135270039	-0.025009	0.061673	8	False
chr7	136069602	136069722	bb.chr7.136069602	0.035077	0.040251	8	False
chr7	136943656	136943776	bb.chr7.136943656	0.017157	0.330024	8	True
chr7	138197648	138197768	bb.chr7.138197648	-0.003525	0.087054	8	False
chr7	139023678	139023798	bb.chr7.139023678	-0.004171	0.095141	8	False
chr7	139359892	139360106	LUC7L2_exon_1	0.049634	0.097182	8	False
chr7	139360106	139360321	LUC7L2_exon_1	0.091509	0.102416	8	False
chr7	139376045	139376165	LUC7L2_exon_2	0.057382	0.071615	8	False
chr7	139398587	139398707	LUC7L2_exon_3	0.001813	0.039712	8	False
chr7	139402130	139402250	LUC7L2_exon_4	0.019760	0.052853	8	False
chr7	139405642	139405786	LUC7L2_exon_5	0.031056	0.073778	8	False
chr7	139407172	139407349	LUC7L2_exon_6	-0.046418	0.049592	8	False
chr7	139409551	139409671	LUC7L2_exon_7	0.016524	0.062299	8	False
chr7	139412513	139412633	LUC7L2_exon_8	-0.013639	0.110479	8	False
chr7	139417536	139417728	LUC7L2_exon_9	-0.092243	0.041224	8	False
chr7	139422161	139422419	LUC7L2_exon_10	-0.006716	0.063014	8	False
chr7	139422419	139422677	LUC7L2_exon_10	0.018099	0.057184	8	False
chr7	139422677	139422936	LUC7L2_exon_10	0.006711	0.067707	8	False
chr7	139422936	139423194	LUC7L2_exon_10	0.024757	0.033693	8	False
chr7	139423194	139423453	LUC7L2_exon_10	-0.030584	0.061853	8	False
chr7	139884197	139884317	bb.chr7.139884197	0.016778	0.064249	8	False
chr7	140505572	140505692	bb.chr7.140505572	-0.001352	0.061352	8	False
chr7	141420803	141420923	bb.chr7.141420803	-0.012602	0.065551	8	False
chr7	142216979	142217099	bb.chr7.142216979	0.031246	0.100386	8	False
chr7	143345684	143345804	bb.chr7.143345684	-0.016612	0.092219	8	False
chr7	144218412	144218532	bb.chr7.144218412	-0.075992	0.306435	8	True
chr7	145175356	145175476	bb.chr7.145175356	-0.080619	0.243166	8	False
chr7	146496812	146496932	bb.chr7.146496812	0.020897	0.116196	8	False
chr7	147328791	147328911	bb.chr7.147328791	0.022589	0.052585	8	False
chr7	148136733	148136853	bb.chr7.148136733	-0.104840	0.511989	8	True
chr7	148807381	148807705	EZH2_exon_20	-0.006184	0.060505	8	False
chr7	148809065	148809185	EZH2_exon_19	0.034148	0.053540	8	False
chr7	148809271	148809391	EZH2_exon_18	0.048806	0.045661	8	False
chr7	148810296	148810416	EZH2_exon_17	-0.026176	0.059988	8	False
chr7	148811607	148811727	EZH2_exon_16	0.072609	0.042869	8	False
chr7	148813957	148814136	EZH2_exon_15	-0.059913	0.042291	8	False
chr7	148814915	148815035	EZH2_exon_14	-0.013076	0.036446	8	False
chr7	148815491	148815611	EZH2_exon_13	-0.015688	0.096938	8	False
chr7	148816672	148816792	EZH2_exon_12	-0.013918	0.056891	8	False
chr7	148817220	148817390	EZH2_exon_11	-0.064762	0.035936	8	False
chr7	148817875	148817995	EZH2_exon_10	-0.026678	0.065616	8	False
chr7	148817996	148818116	EZH2_exon_10	-0.028724	0.045266	8	False
chr7	148819571	148819691	EZH2_exon_9	0.000571	0.062394	8	False
chr7	148826452	148826631	EZH2_exon_8	-0.077701	0.035087	8	False
chr7	148827157	148827277	EZH2_exon_7	0.019105	0.065647	8	False
chr7	148828738	148828879	EZH2_exon_6	0.005719	0.050373	8	False
chr7	148829726	148829846	EZH2_exon_5	0.011337	0.080079	8	False
chr7	148832630	148832750	EZH2_exon_4	0.005612	0.048444	8	False
chr7	148846472	148846592	EZH2_exon_3	0.043170	0.076859	8	False
chr7	148847182	148847302	EZH2_exon_2	0.011786	0.084103	8	False
chr7	148884166	148884286	EZH2_exon_1	0.017867	0.161301	8	False
chr7	148940613	148940733	bb.chr7.148940613	0.023199	0.048522	8	False
chr7	149802865	149802985	bb.chr7.149802865	0.041999	0.110682	8	False
chr7	151659732	151659852	bb.chr7.151659732	0.003686	0.077153	8	False
chr7	152644878	152644998	XRCC2_exon_3	-0.078613	0.067737	8	False
chr7	152645127	152645247	XRCC2_exon_3	-0.034963	0.448239	8	True
chr7	152645378	152645599	XRCC2_exon_3	0.076516	0.048932	8	False
chr7	152645599	152645821	XRCC2_exon_3	0.069359	0.068665	8	False
chr7	152645950	152646306	XRCC2_exon_3	0.037314	0.059563	8	False
chr7	152647848	152648173	XRCC2_exon_3	-0.025239	0.052158	8	False
chr7	152648554	152648823	XRCC2_exon_3	-0.012721	0.047275	8	False
chr7	152648823	152649092	XRCC2_exon_3	0.006789	0.064892	8	False
chr7	152649092	152649362	XRCC2_exon_3	-0.028404	0.049386	8	False
chr7	152660683	152660803	XRCC2_exon_2	-0.027058	0.044724	8	False
chr7	152676033	152676153	XRCC2_exon_1	-0.003884	0.081610	8	False
chr7	152705476	152705596	bb.chr7.152705476	-0.061678	0.167015	8	False
chr7	153763057	153763177	bb.chr7.153763057	-0.015626	0.109116	8	False
chr7	154516204	154516324	bb.chr7.154516204	-0.016345	0.053022	8	False
chr7	155275945	155276065	bb.chr7.155275945	-0.063492	0.191318	8	False
chr7	156075578	156075698	bb.chr7.156075578	-0.017882	0.080793	8	False
chr7	156892170	156892290	bb.chr7.156892170	0.023929	0.071575	8	False
chr7	157969479	157969599	bb.chr7.157969479	0.002981	0.130383	8	False
chr8	295087	295207	bb.chr8.295087	0.012251	0.125667	8	False
chr8	1077542	1077662	bb.chr8.1077542	0.040777	0.060027	8	False
chr8	2112620	2112740	bb.chr8.2112620	0.040428	0.070785	8	False
chr8	2935359	2935618	CSMD1_exon_70	-0.038283	0.035172	8	False
chr8	2935618	2935878	CSMD1_exon_70	0.003003	0.025215	8	False
chr8	2935878	2936138	CSMD1_exon_70	-0.044307	0.037750	8	False
chr8	2936138	2936398	CSMD1_exon_70	-0.008251	0.057612	8	False
chr8	2936409	2936668	CSMD1_exon_70	0.010204	0.042069	8	False
chr8	2936668	2936927	CSMD1_exon_70	-0.094748	0.031831	8	False
chr8	2936927	2937187	CSMD1_exon_70	-0.012884	0.062296	8	False
chr8	2937187	2937446	CSMD1_exon_70	-0.007281	0.062965	8	False
chr8	2937446	2937705	CSMD1_exon_70	-0.016432	0.040289	8	False
chr8	2937705	2937965	CSMD1_exon_70	0.019230	0.077809	8	False
chr8	2937965	2938224	CSMD1_exon_70	0.004954	0.053286	8	False
chr8	2938224	2938483	CSMD1_exon_70	0.012144	0.038124	8	False
chr8	2938483	2938743	CSMD1_exon_70	-0.039890	0.068313	8	False
chr8	2942470	2942603	CSMD1_exon_69	0.015128	0.055553	8	False
chr8	2949282	2949402	CSMD1_exon_68	-0.039018	0.078086	8	False
chr8	2950225	2950345	CSMD1_exon_67	-0.001021	0.065844	8	False
chr8	2951112	2951274	CSMD1_exon_66	-0.017768	0.063873	8	False
chr8	2954156	2954276	CSMD1_exon_65	0.003663	0.064549	8	False
chr8	2955587	2955767	CSMD1_exon_64	-0.052962	0.059885	8	False
chr8	2957690	2957810	CSMD1_exon_63	-0.005701	0.049219	8	False
chr8	2961131	2961251	CSMD1_exon_62	-0.017798	0.085280	8	False
chr8	2962464	2962638	CSMD1_exon_61	-0.066178	0.058012	8	False
chr8	2963220	2963394	CSMD1_exon_60	-0.045208	0.073002	8	False
chr8	2965773	2965953	CSMD1_exon_59	-0.054964	0.070306	8	False
chr8	2966568	2966745	CSMD1_exon_58	-0.053091	0.029284	8	False
chr8	2973115	2973298	CSMD1_exon_57	-0.072609	0.054408	8	False
chr8	2974449	2974623	CSMD1_exon_56	-0.052118	0.056178	8	False
chr8	2978610	2978799	CSMD1_exon_55	-0.102288	0.047979	8	False
chr8	2998009	2998183	CSMD1_exon_54	-0.042518	0.071975	8	False
chr8	2999956	3000130	CSMD1_exon_53	-0.047723	0.053208	8	False
chr8	3018475	3018649	CSMD1_exon_52	-0.045230	0.035611	8	False
chr8	3029317	3029512	CSMD1_exon_51	-0.053230	0.039604	8	False
chr8	3052460	3052646	CSMD1_exon_50	-0.076222	0.056159	8	False
chr8	3087095	3087284	CSMD1_exon_49	-0.101632	0.028959	8	False
chr8	3091514	3091661	CSMD1_exon_48	0.003116	0.044281	8	False
chr8	3096847	3097036	CSMD1_exon_47	-0.095017	0.042510	8	False
chr8	3106523	3106643	CSMD1_exon_46	0.013216	0.072233	8	False
chr8	3107679	3107799	CSMD1_exon_45	-0.004482	0.058418	8	False
chr8	3108601	3108747	CSMD1_exon_44	-0.005595	0.053370	8	False
chr8	3110156	3110334	CSMD1_exon_43	-0.043444	0.047859	8	False
chr8	3118397	3118586	CSMD1_exon_42	-0.095072	0.068284	8	False
chr8	3142463	3142673	CSMD1_exon_41	0.013945	0.067717	8	False
chr8	3151393	3151513	CSMD1_exon_40	-0.015278	0.066554	8	False
chr8	3157867	3157987	CSMD1_exon_39	-0.022163	0.049229	8	False
chr8	3162156	3162276	CSMD1_exon_38	-0.013073	0.051166	8	False
chr8	3181100	3181220	CSMD1_exon_37	0.001899	0.060694	8	False
chr8	3187864	3187984	CSMD1_exon_36	0.013926	0.061818	8	False
chr8	3188887	3189007	CSMD1_exon_35	-0.005893	0.068962	8	False
chr8	3189910	3190114	CSMD1_exon_34	0.015983	0.035165	8	False
chr8	3199708	3199828	CSMD1_exon_33	0.012432	0.043503	8	False
chr8	3201607	3201727	CSMD1_exon_32	0.041128	0.077386	8	False
chr8	3205500	3205620	CSMD1_exon_31	0.000870	0.051463	8	False
chr8	3214495	3214690	CSMD1_exon_30	-0.041696	0.048662	8	False
chr8	3219253	3219441	CSMD1_exon_29	-0.083027	0.066673	8	False
chr8	3223727	3223866	CSMD1_exon_28	0.035647	0.082897	8	False
chr8	3229702	3229822	bb.chr8.3229702	-0.182684	0.766977	8	True
chr8	3230038	3230230	CSMD1_exon_27	-0.053424	0.051415	8	False
chr8	3284142	3284345	CSMD1_exon_26	0.015340	0.037455	8	False
chr8	3307696	3307816	CSMD1_exon_25	-0.006635	0.059498	8	False
chr8	3308310	3308502	CSMD1_exon_24	-0.089589	0.068701	8	False
chr8	3343292	3343449	CSMD1_exon_23	-0.007322	0.049351	8	False
chr8	3347990	3348160	CSMD1_exon_22	-0.054038	0.047653	8	False
chr8	3359150	3359339	CSMD1_exon_21	-0.091348	0.067521	8	False
chr8	3367030	3367246	CSMD1_exon_20	0.055427	0.078108	8	False
chr8	3369250	3369370	CSMD1_exon_19	0.091724	0.061993	8	False
chr8	3387492	3387681	CSMD1_exon_18	-0.095537	0.046930	8	False
chr8	3396192	3396380	CSMD1_exon_17	-0.086949	0.031792	8	False
chr8	3399389	3399528	CSMD1_exon_16	0.007093	0.073390	8	False
chr8	3406025	3406220	CSMD1_exon_15	-0.048636	0.055950	8	False
chr8	3407897	3408224	CSMD1_exon_14	-0.010914	0.049243	8	False
chr8	3409421	3409604	CSMD1_exon_13	-0.078529	0.045939	8	False
chr8	3468706	3468826	CSMD1_exon_12	-0.003887	0.063719	8	False
chr8	3493613	3493733	CSMD1_exon_11	-0.005704	0.035703	8	False
chr8	3574944	3575064	CSMD1_exon_10	0.013528	0.080793	8	False
chr8	3586136	3586256	CSMD1_exon_9	0.018729	0.060286	8	False
chr8	3616690	3616810	CSMD1_exon_8	0.005176	0.066239	8	False
chr8	3708375	3708495	CSMD1_exon_7	0.010549	0.074530	8	False
chr8	3753924	3754044	CSMD1_exon_6	0.029409	0.041179	8	False
chr8	3997901	3998109	CSMD1_exon_5	0.027996	0.051780	8	False
chr8	4031903	4032098	CSMD1_exon_4	-0.057073	0.041476	8	False
chr8	4247565	4247685	bb.chr8.4247565	-0.019280	0.190300	8	False
chr8	4419947	4420067	CSMD1_exon_3	-0.004072	0.053095	8	False
chr8	4637340	4637557	CSMD1_exon_2	0.052162	0.042463	8	False
chr8	4994330	4994621	CSMD1_exon_1	0.105546	0.100018	8	False
chr8	4994621	4994913	CSMD1_exon_1	0.080095	0.066082	8	False
chr8	5006054	5006174	bb.chr8.5006054	-0.025839	0.099848	8	False
chr8	6058922	6059042	bb.chr8.6058922	0.030300	0.104048	8	False
chr8	6826555	6826675	bb.chr8.6826555	-0.000128	0.069151	8	False
chr8	7508393	7508513	bb.chr8.7508393	0.170660	0.340579	8	True
chr8	9210257	9210377	bb.chr8.9210257	0.059097	0.076986	8	False
chr8	9952152	9952272	bb.chr8.9952152	0.044332	0.076396	8	False
chr8	11018943	11019063	bb.chr8.11018943	0.014159	0.091646	8	False
chr8	11758978	11759098	bb.chr8.11758978	0.006540	0.037061	8	False
chr8	12728692	12728812	bb.chr8.12728692	0.011991	0.047206	8	False
chr8	13537516	13537636	bb.chr8.13537516	-0.044517	0.166225	8	False
chr8	14546241	14546361	bb.chr8.14546241	0.008371	0.051371	8	False
chr8	15573906	15574026	bb.chr8.15573906	0.005619	0.146092	8	False
chr8	16308828	16308948	bb.chr8.16308828	-0.005234	0.097826	8	False
chr8	18119643	18119763	bb.chr8.18119643	-0.024658	0.074855	8	False
chr8	19172767	19172887	bb.chr8.19172767	0.034142	0.160606	8	False
chr8	19891819	19891939	bb.chr8.19891819	-0.032373	0.056739	8	False
chr8	20954541	20954661	bb.chr8.20954541	-0.016779	0.127364	8	False
chr8	22043186	22043306	bb.chr8.22043186	0.009903	0.082188	8	False
chr8	22776291	22776411	bb.chr8.22776291	0.003513	0.050382	8	False
chr8	23551347	23551467	bb.chr8.23551347	0.028775	0.059310	8	False
chr8	24351274	24351394	bb.chr8.24351274	0.039651	0.068483	8	False
chr8	25067507	25067627	bb.chr8.25067507	-0.012257	0.075116	8	False
chr8	25915548	25915668	bb.chr8.25915548	-0.000814	0.063518	8	False
chr8	26619145	26619265	bb.chr8.26619145	0.000699	0.051752	8	False
chr8	27672349	27672469	bb.chr8.27672349	-0.003031	0.120610	8	False
chr8	28445188	28445308	bb.chr8.28445188	-0.007022	0.123234	8	False
chr8	29205595	29205715	bb.chr8.29205595	-0.004550	0.087430	8	False
chr8	30486868	30486988	bb.chr8.30486868	-0.036691	0.201356	8	False
chr8	31463297	31463417	bb.chr8.31463297	-0.070776	0.392827	8	True
chr8	32313191	32313311	bb.chr8.32313191	0.063040	0.059595	8	False
chr8	33147009	33147129	bb.chr8.33147009	0.016213	0.050533	8	False
chr8	33833889	33834009	bb.chr8.33833889	-0.042161	0.221524	8	False
chr8	34934538	34934658	bb.chr8.34934538	0.014967	0.061183	8	False
chr8	36561065	36561185	bb.chr8.36561065	-0.012817	0.069929	8	False
chr8	37361074	37361194	bb.chr8.37361074	0.028783	0.067480	8	False
chr8	38442137	38442257	bb.chr8.38442137	0.006148	0.059236	8	False
chr8	40519286	40519406	bb.chr8.40519286	-0.033651	0.081393	8	False
chr8	41283929	41284049	bb.chr8.41283929	0.009686	0.064030	8	False
chr8	42037631	42037751	bb.chr8.42037631	-0.008722	0.120511	8	False
chr8	47035758	47035878	bb.chr8.47035758	-0.020332	0.127651	8	False
chr8	48198540	48198660	bb.chr8.48198540	0.030886	0.087224	8	False
chr8	51105185	51105305	bb.chr8.51105185	0.002474	0.060335	8	False
chr8	52036622	52036742	bb.chr8.52036622	-0.234792	0.825941	8	True
chr8	52853643	52853763	bb.chr8.52853643	0.034735	0.115235	8	False
chr8	53592479	53592599	bb.chr8.53592479	0.000904	0.116942	8	False
chr8	54655391	54655511	bb.chr8.54655391	-0.041263	0.554505	8	True
chr8	55409505	55409625	bb.chr8.55409505	0.010172	0.062741	8	False
chr8	56260208	56260328	bb.chr8.56260208	-0.088930	0.227596	8	False
chr8	56913779	56913899	bb.chr8.56913779	-0.044121	0.120285	8	False
chr8	57726746	57726866	bb.chr8.57726746	0.016750	0.108683	8	False
chr8	58505165	58505285	bb.chr8.58505165	-0.001609	0.123501	8	False
chr8	59610259	59610379	bb.chr8.59610259	-0.028342	0.077224	8	False
chr8	60274096	60274216	bb.chr8.60274096	0.031212	0.075963	8	False
chr8	61079191	61079311	bb.chr8.61079191	0.002626	0.090941	8	False
chr8	62359594	62359714	bb.chr8.62359594	0.040985	0.100534	8	False
chr8	63124328	63124448	bb.chr8.63124328	-0.057400	0.174835	8	False
chr8	63898845	63898965	bb.chr8.63898845	0.009342	0.053706	8	False
chr8	64891390	64891510	bb.chr8.64891390	0.011697	0.067018	8	False
chr8	65719677	65719797	bb.chr8.65719677	-0.089522	0.225738	8	False
chr8	66471489	66471609	bb.chr8.66471489	-0.028473	0.137720	8	False
chr8	67562026	67562146	bb.chr8.67562026	0.016219	0.061129	8	False
chr8	68258200	68258320	bb.chr8.68258200	-0.046102	0.241503	8	False
chr8	69083450	69083570	bb.chr8.69083450	0.013076	0.115370	8	False
chr8	69815368	69815488	bb.chr8.69815368	-0.052561	0.152354	8	False
chr8	71089636	71089756	bb.chr8.71089636	-0.003950	0.064540	8	False
chr8	71845217	71845337	bb.chr8.71845217	-0.022226	0.104939	8	False
chr8	72833495	72833615	bb.chr8.72833495	0.005503	0.062411	8	False
chr8	73975754	73975874	bb.chr8.73975754	0.019724	0.094084	8	False
chr8	74660636	74660756	bb.chr8.74660636	-0.019619	0.133577	8	False
chr8	75415625	75415745	bb.chr8.75415625	-0.030216	0.073703	8	False
chr8	76187255	76187375	bb.chr8.76187255	-0.004635	0.085125	8	False
chr8	76681245	76681619	ZFHX4_exon_1	-0.019155	0.067209	8	False
chr8	76704041	76704304	ZFHX4_exon_2	-0.038247	0.038369	8	False
chr8	76704304	76704568	ZFHX4_exon_2	0.019765	0.052495	8	False
chr8	76704568	76704831	ZFHX4_exon_2	0.003850	0.021118	8	False
chr8	76704831	76705095	ZFHX4_exon_2	0.036783	0.071118	8	False
chr8	76705095	76705359	ZFHX4_exon_2	0.018814	0.062979	8	False
chr8	76705359	76705622	ZFHX4_exon_2	-0.018648	0.025664	8	False
chr8	76705622	76705886	ZFHX4_exon_2	0.005948	0.023262	8	False
chr8	76705886	76706149	ZFHX4_exon_2	-0.007006	0.059093	8	False
chr8	76706149	76706413	ZFHX4_exon_2	0.003692	0.032532	8	False
chr8	76706413	76706677	ZFHX4_exon_2	-0.044162	0.036215	8	False
chr8	76707544	76707795	ZFHX4_exon_3	-0.038744	0.058505	8	False
chr8	76707795	76708047	ZFHX4_exon_3	-0.046552	0.062759	8	False
chr8	76778206	76778438	ZFHX4_exon_4	0.044012	0.054293	8	False
chr8	76833288	76833408	ZFHX4_exon_5	0.008760	0.069966	8	False
chr8	76842651	76842771	ZFHX4_exon_6	0.080144	0.020035	8	False
chr8	76848993	76849127	ZFHX4_exon_7	0.006691	0.031244	8	False
chr8	76849510	76849711	ZFHX4_exon_8	-0.014854	0.049698	8	False
chr8	76850242	76850362	ZFHX4_exon_9	-0.000438	0.043193	8	False
chr8	76850884	76851154	ZFHX4_exon_10	-0.037985	0.054262	8	False
chr8	76851154	76851425	ZFHX4_exon_10	0.004349	0.027847	8	False
chr8	76851425	76851696	ZFHX4_exon_10	0.020876	0.044765	8	False
chr8	76851696	76851967	ZFHX4_exon_10	0.005705	0.040038	8	False
chr8	76851967	76852237	ZFHX4_exon_10	0.024024	0.077294	8	False
chr8	76852237	76852508	ZFHX4_exon_10	0.017909	0.052643	8	False
chr8	76852508	76852779	ZFHX4_exon_10	-0.006065	0.061467	8	False
chr8	76852779	76853050	ZFHX4_exon_10	0.006661	0.060498	8	False
chr8	76853050	76853320	ZFHX4_exon_10	0.002551	0.073356	8	False
chr8	76853320	76853591	ZFHX4_exon_10	0.015891	0.071547	8	False
chr8	76853591	76853862	ZFHX4_exon_10	-0.046487	0.067080	8	False
chr8	76853862	76854133	ZFHX4_exon_10	0.006105	0.041670	8	False
chr8	76854133	76854403	ZFHX4_exon_10	0.011513	0.063064	8	False
chr8	76854403	76854674	ZFHX4_exon_10	0.000886	0.057165	8	False
chr8	76854674	76854945	ZFHX4_exon_10	-0.029843	0.068134	8	False
chr8	76854945	76855216	ZFHX4_exon_10	-0.020852	0.039408	8	False
chr8	76855216	76855486	ZFHX4_exon_10	-0.008322	0.056278	8	False
chr8	76855486	76855757	ZFHX4_exon_10	-0.005662	0.052304	8	False
chr8	76855757	76856028	ZFHX4_exon_10	0.002166	0.050766	8	False
chr8	76856028	76856299	ZFHX4_exon_10	-0.017566	0.032825	8	False
chr8	76863092	76863353	ZFHX4_exon_11	-0.053325	0.039023	8	False
chr8	76863353	76863615	ZFHX4_exon_11	0.005986	0.043980	8	False
chr8	76863615	76863877	ZFHX4_exon_11	-0.016372	0.040440	8	False
chr8	76863877	76864139	ZFHX4_exon_11	0.015832	0.030510	8	False
chr8	76864139	76864400	ZFHX4_exon_11	0.016546	0.033975	8	False
chr8	76864400	76864662	ZFHX4_exon_11	-0.070794	0.021809	8	False
chr8	76864662	76864924	ZFHX4_exon_11	-0.004766	0.046741	8	False
chr8	76864924	76865186	ZFHX4_exon_11	-0.002645	0.039335	8	False
chr8	76865186	76865447	ZFHX4_exon_11	-0.056235	0.052432	8	False
chr8	76865447	76865709	ZFHX4_exon_11	0.010128	0.047257	8	False
chr8	76865709	76865971	ZFHX4_exon_11	-0.056964	0.075488	8	False
chr8	76865971	76866233	ZFHX4_exon_11	-0.005667	0.055669	8	False
chr8	76866233	76866494	ZFHX4_exon_11	-0.035776	0.057845	8	False
chr8	76866494	76866756	ZFHX4_exon_11	-0.001838	0.030376	8	False
chr8	76866756	76867018	ZFHX4_exon_11	0.003937	0.077936	8	False
chr8	76867018	76867280	ZFHX4_exon_11	-0.060312	0.079884	8	False
chr8	78038983	78039103	bb.chr8.78038983	0.019122	0.123176	8	False
chr8	78717443	78717563	bb.chr8.78717443	-0.025858	0.070907	8	False
chr8	79566662	79566782	bb.chr8.79566662	-0.011128	0.072996	8	False
chr8	80355860	80355980	bb.chr8.80355860	-0.011197	0.081494	8	False
chr8	81087996	81088116	bb.chr8.81087996	-0.035230	0.324603	8	True
chr8	81975798	81975918	bb.chr8.81975798	0.009412	0.100749	8	False
chr8	82699086	82699206	bb.chr8.82699086	-0.080155	0.181598	8	False
chr8	83477576	83477696	bb.chr8.83477576	0.009622	0.064045	8	False
chr8	84209220	84209340	bb.chr8.84209220	-0.012578	0.030933	8	False
chr8	84966746	84966866	bb.chr8.84966746	-0.032574	0.144440	8	False
chr8	86176516	86176636	bb.chr8.86176516	-5.170831	10.019571	8	True
chr8	87240883	87241003	bb.chr8.87240883	0.048052	0.083066	8	False
chr8	88164324	88164444	bb.chr8.88164324	-0.002867	0.079201	8	False
chr8	89021041	89021161	bb.chr8.89021041	-0.000703	0.058434	8	False
chr8	90008546	90008666	bb.chr8.90008546	0.004380	0.047341	8	False
chr8	90692967	90693087	bb.chr8.90692967	-0.122000	0.250838	8	False
chr8	91550926	91551046	bb.chr8.91550926	0.029447	0.033513	8	False
chr8	93634349	93634469	bb.chr8.93634349	0.038029	0.078624	8	False
chr8	94401818	94401938	bb.chr8.94401818	0.002018	0.086837	8	False
chr8	95458012	95458132	bb.chr8.95458012	0.087726	0.090431	8	False
chr8	96309610	96309730	bb.chr8.96309610	-0.037071	0.171890	8	False
chr8	97013397	97013517	bb.chr8.97013397	-0.010721	0.111693	8	False
chr8	97748357	97748477	bb.chr8.97748357	0.036400	0.041118	8	False
chr8	98519438	98519558	bb.chr8.98519438	-0.003469	0.073394	8	False
chr8	99179526	99179646	bb.chr8.99179526	-0.029502	0.251876	8	False
chr8	100788436	100788556	bb.chr8.100788436	-0.007033	0.199813	8	False
chr8	101602698	101602818	bb.chr8.101602698	0.012261	0.121160	8	False
chr8	102373451	102373571	bb.chr8.102373451	0.016584	0.106446	8	False
chr8	103142425	103142545	bb.chr8.103142425	0.013571	0.065584	8	False
chr8	104173333	104173453	bb.chr8.104173333	0.029948	0.044189	8	False
chr8	104945732	104945852	bb.chr8.104945732	0.013539	0.074171	8	False
chr8	105986482	105986602	bb.chr8.105986482	-0.042225	0.175944	8	False
chr8	106770107	106770227	bb.chr8.106770107	0.011879	0.055509	8	False
chr8	108081290	108081410	bb.chr8.108081290	0.024007	0.073504	8	False
chr8	108713127	108713247	bb.chr8.108713127	-0.019808	0.059143	8	False
chr8	109335113	109335233	bb.chr8.109335113	-0.012178	0.181651	8	False
chr8	110086790	110086910	bb.chr8.110086790	-0.073975	0.452227	8	True
chr8	111886291	111886411	bb.chr8.111886291	-0.061606	0.200431	8	False
chr8	112916650	112916770	bb.chr8.112916650	-0.007689	0.071281	8	False
chr8	113687197	113687317	bb.chr8.113687197	-0.003817	0.083883	8	False
chr8	114348106	114348226	bb.chr8.114348106	-0.098781	0.179502	8	False
chr8	115233334	115233454	bb.chr8.115233334	-0.017760	0.140964	8	False
chr8	115987505	115987625	bb.chr8.115987505	0.221813	0.472882	8	True
chr8	116667404	116667524	bb.chr8.116667404	0.026100	0.057018	8	False
chr8	116845932	116846183	RAD21_exon_14	-0.091132	0.149209	8	False
chr8	116846183	116846434	RAD21_exon_14	-0.018755	0.125797	8	False
chr8	116846434	116846685	RAD21_exon_14	-0.033723	0.039215	8	False
chr8	116846685	116846936	RAD21_exon_14	-0.026608	0.053012	8	False
chr8	116846936	116847187	RAD21_exon_14	0.024068	0.054803	8	False
chr8	116847187	116847438	RAD21_exon_14	-0.065619	0.047677	8	False
chr8	116847438	116847690	RAD21_exon_14	-0.047377	0.049084	8	False
chr8	116848928	116849048	RAD21_exon_13	0.001351	0.071401	8	False
chr8	116850616	116850766	RAD21_exon_12	-0.002457	0.066216	8	False
chr8	116851946	116852095	RAD21_exon_11	0.010754	0.074868	8	False
chr8	116852547	116852707	RAD21_exon_10	-0.035060	0.061508	8	False
chr8	116854243	116854467	RAD21_exon_9	0.059099	0.056690	8	False
chr8	116856165	116856285	RAD21_exon_8	-0.014394	0.055522	8	False
chr8	116856647	116856767	RAD21_exon_7	-0.006119	0.046698	8	False
chr8	116857265	116857472	RAD21_exon_6	-0.029972	0.065011	8	False
chr8	116858343	116858463	RAD21_exon_5	0.015883	0.081658	8	False
chr8	116861829	116861949	RAD21_exon_4	0.015752	0.094338	8	False
chr8	116863133	116863253	RAD21_exon_3	0.028735	0.052767	8	False
chr8	116866584	116866760	RAD21_exon_2	-0.052943	0.061665	8	False
chr8	116874609	116874775	RAD21_exon_1	-0.085251	0.122030	8	False
chr8	117802984	117803104	bb.chr8.117802984	-0.016723	0.178393	8	False
chr8	118489970	118490090	bb.chr8.118489970	0.005809	0.064055	8	False
chr8	119093148	119093268	bb.chr8.119093148	0.014382	0.052136	8	False
chr8	119834823	119834943	bb.chr8.119834823	-0.038613	0.192912	8	False
chr8	120677172	120677292	bb.chr8.120677172	-0.000809	0.062135	8	False
chr8	121950916	121951036	bb.chr8.121950916	-0.008104	0.126939	8	False
chr8	122693856	122693976	bb.chr8.122693856	-0.001623	0.090375	8	False
chr8	123460938	123461058	bb.chr8.123460938	0.024570	0.075302	8	False
chr8	124228030	124228150	bb.chr8.124228030	0.004599	0.055407	8	False
chr8	124932640	124932760	bb.chr8.124932640	-0.003097	0.042807	8	False
chr8	125971337	125971457	bb.chr8.125971337	0.067660	0.092011	8	False
chr8	126754822	126754942	bb.chr8.126754822	-0.032650	0.149836	8	False
chr8	127584909	127585029	bb.chr8.127584909	0.000156	0.050847	8	False
chr8	127736229	127736622	MYC_exon_1	0.037059	0.059622	8	False
chr8	127738246	127738503	MYC_exon_2	-0.053038	0.061832	8	False
chr8	127738503	127738760	MYC_exon_2	0.014466	0.061555	8	False
chr8	127738760	127739018	MYC_exon_2	-0.019099	0.065680	8	False
chr8	127740394	127740649	MYC_exon_3	-0.042145	0.044002	8	False
chr8	127740649	127740905	MYC_exon_3	-0.016771	0.053187	8	False
chr8	127740905	127741160	MYC_exon_3	0.035577	0.062685	8	False
chr8	127741160	127741416	MYC_exon_3	-0.024977	0.098849	8	False
chr8	127741416	127741672	MYC_exon_3	0.007790	0.061901	8	False
chr8	127741672	127741927	MYC_exon_3	0.040792	0.061994	8	False
chr8	127741927	127742183	MYC_exon_3	0.011499	0.050076	8	False
chr8	127742183	127742438	MYC_exon_3	0.007489	0.059059	8	False
chr8	127742438	127742694	MYC_exon_3	-0.015392	0.042965	8	False
chr8	127742694	127742950	MYC_exon_3	-0.021071	0.068172	8	False
chr8	128338567	128338687	bb.chr8.128338567	0.009546	0.052112	8	False
chr8	129378094	129378214	bb.chr8.129378094	-0.000930	0.117281	8	False
chr8	130149265	130149385	bb.chr8.130149265	-0.125397	0.603543	8	True
chr8	130909650	130909770	bb.chr8.130909650	-0.025416	0.071462	8	False
chr8	131948826	131948946	bb.chr8.131948826	-0.030785	0.144002	8	False
chr8	132959101	132959221	bb.chr8.132959101	-0.000068	0.171685	8	False
chr8	133773852	133773972	bb.chr8.133773852	0.000408	0.138237	8	False
chr8	135203468	135203588	bb.chr8.135203468	0.000326	0.183126	8	False
chr8	136328761	136328881	bb.chr8.136328761	0.001385	0.058058	8	False
chr8	137044246	137044366	bb.chr8.137044246	-0.011643	0.083139	8	False
chr8	138133873	138133993	bb.chr8.138133873	0.005538	0.222878	8	False
chr8	138906964	138907084	bb.chr8.138906964	0.052277	0.126540	8	False
chr8	139677670	139677790	bb.chr8.139677670	0.089086	0.080671	8	False
chr8	140665772	140665892	bb.chr8.140665772	-0.021929	0.051296	8	False
chr8	141477696	141477816	bb.chr8.141477696	0.092442	0.074488	8	False
chr8	142680952	142681072	bb.chr8.142680952	0.016480	0.179754	8	False
chr8	143711579	143711699	bb.chr8.143711579	-0.020042	0.083249	8	False
chr8	144281106	144281346	bb.chr8.144281106	-0.142852	0.507857	8	True
chr8	144281346	144281586	bb.chr8.144281106	0.012258	0.640199	8	True
chr9	675540	675660	bb.chr9.675540	0.014485	0.072256	8	False
chr9	1386297	1386417	bb.chr9.1386297	-0.007793	0.054494	8	False
chr9	2141132	2141252	bb.chr9.2141132	0.016563	0.060077	8	False
chr9	2798052	2798172	bb.chr9.2798052	0.030189	0.085059	8	False
chr9	3573876	3573996	bb.chr9.3573876	-0.010385	0.067411	8	False
chr9	4191711	4191831	bb.chr9.4191711	-0.011718	0.095770	8	False
chr9	4864831	4864951	bb.chr9.4864831	0.006682	0.066098	8	False
chr9	5066672	5066792	JAK2_exon_10	0.022265	0.057160	8	False
chr9	5069020	5069207	JAK2_exon_11	-0.093613	0.060905	8	False
chr9	5069927	5070047	JAK2_exon_12	0.001902	0.068648	8	False
chr9	5072490	5072625	JAK2_exon_13	-0.015895	0.100370	8	False
chr9	5073694	5073814	JAK2_exon_14	0.003962	0.090723	8	False
chr9	5077455	5077575	JAK2_exon_15	-0.009229	0.067162	8	False
chr9	5078304	5078443	JAK2_exon_16	0.015252	0.026348	8	False
chr9	5610398	5610518	bb.chr9.5610398	0.002147	0.061646	8	False
chr9	6256232	6256352	bb.chr9.6256232	-0.101080	0.381958	8	True
chr9	6993788	6993908	bb.chr9.6993788	0.028420	0.086553	8	False
chr9	8029790	8029910	bb.chr9.8029790	0.023947	0.104745	8	False
chr9	9089750	9089870	bb.chr9.9089750	-0.030451	0.167150	8	False
chr9	9772551	9772671	bb.chr9.9772551	-0.005243	0.078029	8	False
chr9	11190813	11190933	bb.chr9.11190813	0.001215	0.125029	8	False
chr9	11902036	11902156	bb.chr9.11902036	0.043761	0.037235	8	False
chr9	12956702	12956822	bb.chr9.12956702	-0.003563	0.116671	8	False
chr9	13649814	13649934	bb.chr9.13649814	-0.045847	0.046065	8	False
chr9	14694001	14694121	bb.chr9.14694001	0.007337	0.136259	8	False
chr9	15370517	15370637	bb.chr9.15370517	0.034177	0.126243	8	False
chr9	16446098	16446218	bb.chr9.16446098	0.005635	0.087185	8	False
chr9	17447388	17447508	bb.chr9.17447388	-0.037354	0.048642	8	False
chr9	18196006	18196126	bb.chr9.18196006	0.011105	0.062454	8	False
chr9	18890217	18890337	bb.chr9.18890217	0.010366	0.049743	8	False
chr9	19752331	19752451	bb.chr9.19752331	-0.007896	0.054190	8	False
chr9	20631574	20631694	bb.chr9.20631574	0.007420	0.043875	8	False
chr9	21967766	21967994	CDKN2A_exon_3	0.067885	0.065410	8	False
chr9	21967998	21968118	CDKN2A_exon_3	-0.047703	0.106597	8	False
chr9	21968121	21968241	CDKN2A_exon_3	-0.025399	0.069800	8	False
chr9	21970900	21971207	CDKN2A_exon_2	-0.004745	0.052723	8	False
chr9	21974676	21974856	CDKN2A_exon_1	-0.078401	0.092580	8	False
chr9	22002901	22003158	CDKN2B_exon_2	-0.038439	0.096570	8	False
chr9	22003158	22003415	CDKN2B_exon_2	-0.009215	0.145506	8	False
chr9	22003415	22003672	CDKN2B_exon_2	-0.017317	0.060257	8	False
chr9	22003672	22003930	CDKN2B_exon_2	-0.018549	0.062883	8	False
chr9	22003930	22004187	CDKN2B_exon_2	0.030943	0.038175	8	False
chr9	22004187	22004444	CDKN2B_exon_2	-0.030814	0.065516	8	False
chr9	22004444	22004702	CDKN2B_exon_2	0.012368	0.052000	8	False
chr9	22004702	22004959	CDKN2B_exon_2	-0.047109	0.065511	8	False
chr9	22004959	22005216	CDKN2B_exon_2	-0.016875	0.063563	8	False
chr9	22005216	22005474	CDKN2B_exon_2	0.002721	0.053946	8	False
chr9	22005474	22005731	CDKN2B_exon_2	0.019489	0.047231	8	False
chr9	22005731	22005988	CDKN2B_exon_2	-0.000640	0.057092	8	False
chr9	22005988	22006246	CDKN2B_exon_2	-0.017463	0.093585	8	False
chr9	22008796	22009050	CDKN2B_exon_1	-0.044257	0.053869	8	False
chr9	22009050	22009304	CDKN2B_exon_1	-0.025735	0.062656	8	False
chr9	22072660	22072780	bb.chr9.22072660	0.008007	0.064839	8	False
chr9	22740242	22740362	bb.chr9.22740242	-0.023753	0.208862	8	False
chr9	23404073	23404193	bb.chr9.23404073	0.011372	0.086180	8	False
chr9	24111185	24111305	bb.chr9.24111185	-0.009453	0.105430	8	False
chr9	24898868	24898988	bb.chr9.24898868	-0.011767	0.123549	8	False
chr9	25889671	25889791	bb.chr9.25889671	0.003262	0.079198	8	False
chr9	26565855	26565975	bb.chr9.26565855	0.021251	0.077432	8	False
chr9	27282555	27282675	bb.chr9.27282555	0.010568	0.075718	8	False
chr9	27985752	27985872	bb.chr9.27985752	0.002523	0.124362	8	False
chr9	29399072	29399192	bb.chr9.29399072	0.008524	0.109004	8	False
chr9	30085352	30085472	bb.chr9.30085352	-0.097627	0.364859	8	True
chr9	31136895	31137015	bb.chr9.31136895	-0.022783	0.150449	8	False
chr9	32182127	32182247	bb.chr9.32182127	0.009387	0.055284	8	False
chr9	32904862	32904982	bb.chr9.32904862	-0.033871	0.101717	8	False
chr9	33775309	33775429	bb.chr9.33775309	-0.008753	0.070956	8	False
chr9	34655379	34655499	bb.chr9.34655379	-0.023647	0.063621	8	False
chr9	35682239	35682359	bb.chr9.35682239	-0.023264	0.099014	8	False
chr9	36374147	36374267	bb.chr9.36374147	0.016059	0.047546	8	False
chr9	36833267	36833558	PAX5_exon_10	0.065669	0.057911	8	False
chr9	36833558	36833849	PAX5_exon_10	0.044799	0.058257	8	False
chr9	36833878	36834160	PAX5_exon_10	0.085489	0.035693	8	False
chr9	36834160	36834443	PAX5_exon_10	0.075843	0.069625	8	False
chr9	36834459	36834727	PAX5_exon_10	0.087275	0.051834	8	False
chr9	36834727	36834996	PAX5_exon_10	-0.011024	0.078761	8	False
chr9	36834996	36835264	PAX5_exon_10	0.010122	0.040815	8	False
chr9	36835264	36835533	PAX5_exon_10	-0.046414	0.100045	8	False
chr9	36835533	36835801	PAX5_exon_10	0.038795	0.074194	8	False
chr9	36835801	36836070	PAX5_exon_10	0.027770	0.059993	8	False
chr9	36836070	36836338	PAX5_exon_10	0.024192	0.056748	8	False
chr9	36836338	36836607	PAX5_exon_10	-0.004171	0.043056	8	False
chr9	36836607	36836875	PAX5_exon_10	-0.002385	0.060826	8	False
chr9	36836875	36837144	PAX5_exon_10	0.010026	0.100199	8	False
chr9	36837144	36837412	PAX5_exon_10	0.056764	0.052647	8	False
chr9	36837412	36837681	PAX5_exon_10	-0.012857	0.076876	8	False
chr9	36837681	36837949	PAX5_exon_10	0.024531	0.067485	8	False
chr9	36837949	36838218	PAX5_exon_10	0.030716	0.064599	8	False
chr9	36838218	36838486	PAX5_exon_10	0.013986	0.102588	8	False
chr9	36838486	36838755	PAX5_exon_10	0.034400	0.067276	8	False
chr9	36838755	36839023	PAX5_exon_10	-0.004918	0.063169	8	False
chr9	36839023	36839292	PAX5_exon_10	0.002799	0.056311	8	False
chr9	36839292	36839560	PAX5_exon_10	0.028795	0.058364	8	False
chr9	36839560	36839829	PAX5_exon_10	0.001958	0.050320	8	False
chr9	36839829	36840097	PAX5_exon_10	-0.006854	0.051702	8	False
chr9	36840097	36840366	PAX5_exon_10	-0.071662	0.039448	8	False
chr9	36840366	36840635	PAX5_exon_10	-0.014309	0.055585	8	False
chr9	36846835	36846955	PAX5_exon_9	0.034316	0.056970	8	False
chr9	36881994	36882114	PAX5_exon_8	0.012374	0.086692	8	False
chr9	36923358	36923478	PAX5_exon_7	0.023507	0.103199	8	False
chr9	36966547	36966723	PAX5_exon_6	-0.044070	0.078788	8	False
chr9	37002650	37002770	PAX5_exon_5	-0.003471	0.106048	8	False
chr9	37006464	37006584	PAX5_exon_4	0.024915	0.047643	8	False
chr9	37014995	37015193	PAX5_exon_3	-0.051324	0.044796	8	False
chr9	37020634	37020800	PAX5_exon_2	-0.039909	0.034216	8	False
chr9	37033984	37034267	PAX5_exon_1	-0.037701	0.108888	8	False
chr9	37081213	37081333	bb.chr9.37081213	-0.013185	0.097196	8	False
chr9	37782054	37782174	bb.chr9.37782054	0.018496	0.089131	8	False
chr9	38445304	38445424	bb.chr9.38445304	0.004761	0.067194	8	False
chr9	39100281	39100401	bb.chr9.39100281	-0.171456	0.470936	8	True
chr9	41673242	41673362	bb.chr9.41673242	-0.365956	0.933718	8	True
chr9	66902267	66902387	bb.chr9.66902267	-0.093805	0.598209	8	True
chr9	68401417	68401537	bb.chr9.68401417	-0.020358	0.091900	8	False
chr9	69097248	69097368	bb.chr9.69097248	-0.026130	0.049772	8	False
chr9	70011775	70011895	bb.chr9.70011775	0.002834	0.079872	8	False
chr9	70831066	70831186	bb.chr9.70831066	-0.003428	0.102242	8	False
chr9	72250101	72250221	bb.chr9.72250101	-0.021161	0.061864	8	False
chr9	72945898	72946018	bb.chr9.72945898	-0.332660	0.911954	8	True
chr9	74671900	74672020	bb.chr9.74671900	0.024541	0.065850	8	False
chr9	75387922	75388042	bb.chr9.75387922	0.018263	0.067993	8	False
chr9	76091975	76092095	bb.chr9.76091975	-0.027031	0.066222	8	False
chr9	76802862	76802982	bb.chr9.76802862	-0.013228	0.120617	8	False
chr9	77522458	77522578	bb.chr9.77522458	0.029192	0.075265	8	False
chr9	78533362	78533482	bb.chr9.78533362	0.003187	0.081245	8	False
chr9	79227007	79227127	bb.chr9.79227007	-0.018056	0.154874	8	False
chr9	81725875	81725995	bb.chr9.81725875	0.008772	0.046821	8	False
chr9	82514856	82514976	bb.chr9.82514856	0.001017	0.054051	8	False
chr9	83435277	83435397	bb.chr9.83435277	0.015928	0.052684	8	False
chr9	83968081	83968352	HNRNPK_exon_17	-0.035639	0.049870	8	False
chr9	83968352	83968624	HNRNPK_exon_17	0.025402	0.109474	8	False
chr9	83968624	83968895	HNRNPK_exon_17	-0.002929	0.064705	8	False
chr9	83968895	83969167	HNRNPK_exon_17	0.019269	0.051300	8	False
chr9	83969167	83969439	HNRNPK_exon_17	-0.016048	0.053621	8	False
chr9	83970160	83970330	HNRNPK_exon_16	-0.079642	0.058833	8	False
chr9	83970709	83970913	HNRNPK_exon_15,HNRNPK_exon_14	-0.016625	0.089003	8	False
chr9	83971247	83971367	HNRNPK_exon_13	0.025536	0.061981	8	False
chr9	83971621	83971741	HNRNPK_exon_12	-0.080644	0.045751	8	False
chr9	83971880	83972188	HNRNPK_exon_11	-0.013136	0.048083	8	False
chr9	83972846	83972966	HNRNPK_exon_10	0.012445	0.095448	8	False
chr9	83973281	83973401	HNRNPK_exon_9	-0.002007	0.058625	8	False
chr9	83973865	83973985	HNRNPK_exon_8	0.001351	0.061293	8	False
chr9	83974510	83974630	HNRNPK_exon_7	-0.006800	0.085930	8	False
chr9	83975412	83975532	HNRNPK_exon_6	0.001558	0.063517	8	False
chr9	83976953	83977073	HNRNPK_exon_5	0.002356	0.095366	8	False
chr9	83977685	83977805	HNRNPK_exon_4	0.009945	0.058549	8	False
chr9	83978185	83978305	HNRNPK_exon_3	-0.014053	0.082414	8	False
chr9	83978351	83978471	HNRNPK_exon_2	0.009526	0.077217	8	False
chr9	83980095	83980215	HNRNPK_exon_1	-0.021752	0.130730	8	False
chr9	84587568	84587688	bb.chr9.84587568	-0.028781	0.272491	8	False
chr9	85237966	85238086	bb.chr9.85237966	-0.015955	0.085446	8	False
chr9	86079886	86080006	bb.chr9.86079886	0.010549	0.080627	8	False
chr9	87301304	87301424	bb.chr9.87301304	-0.033495	0.153167	8	False
chr9	88264932	88265052	bb.chr9.88264932	0.021329	0.052673	8	False
chr9	88993074	88993194	bb.chr9.88993074	0.006661	0.119486	8	False
chr9	89675899	89676019	bb.chr9.89675899	0.013904	0.029482	8	False
chr9	90304802	90304922	bb.chr9.90304802	-0.004255	0.083021	8	False
chr9	90974632	90974752	bb.chr9.90974632	0.034337	0.044596	8	False
chr9	93059449	93059569	bb.chr9.93059449	-0.009435	0.062332	8	False
chr9	93777412	93777532	bb.chr9.93777412	-0.019640	0.187601	8	False
chr9	94482953	94483073	bb.chr9.94482953	-0.049153	0.251018	8	False
chr9	95189468	95189588	bb.chr9.95189468	0.026307	0.088333	8	False
chr9	96228961	96229081	bb.chr9.96228961	0.022791	0.058948	8	False
chr9	97649678	97649798	bb.chr9.97649678	0.046591	0.079571	8	False
chr9	98335106	98335226	bb.chr9.98335106	0.001337	0.035391	8	False
chr9	99061031	99061151	bb.chr9.99061031	-0.035334	0.054417	8	False
chr9	99870213	99870333	bb.chr9.99870213	0.003977	0.022581	8	False
chr9	100782915	100783035	bb.chr9.100782915	-0.032700	0.087354	8	False
chr9	101471476	101471596	bb.chr9.101471476	-0.045588	0.090432	8	False
chr9	102403327	102403447	bb.chr9.102403327	-0.356325	0.945576	8	True
chr9	103236531	103236651	bb.chr9.103236531	0.007130	0.127404	8	False
chr9	104313485	104313605	bb.chr9.104313485	0.008376	0.047981	8	False
chr9	104973466	104973586	bb.chr9.104973466	-0.008867	0.050738	8	False
chr9	105692002	105692122	bb.chr9.105692002	-0.019720	0.147462	8	False
chr9	106415230	106415350	bb.chr9.106415230	-0.010718	0.083278	8	False
chr9	107072147	107072267	bb.chr9.107072147	0.022061	0.075463	8	False
chr9	107727430	107727550	bb.chr9.107727430	0.052344	0.069376	8	False
chr9	108841027	108841147	bb.chr9.108841027	0.009008	0.138587	8	False
chr9	109538030	109538150	bb.chr9.109538030	0.001936	0.146670	8	False
chr9	110204164	110204284	bb.chr9.110204164	0.036470	0.076502	8	False
chr9	110927988	110928108	bb.chr9.110927988	-0.050964	0.231961	8	False
chr9	111655149	111655269	bb.chr9.111655149	0.033351	0.041795	8	False
chr9	112664974	112665094	bb.chr9.112664974	0.003594	0.079609	8	False
chr9	113718507	113718627	bb.chr9.113718507	0.005145	0.039699	8	False
chr9	114693470	114693590	bb.chr9.114693470	-0.010150	0.058512	8	False
chr9	115394181	115394301	bb.chr9.115394181	0.037112	0.045766	8	False
chr9	116170820	116170940	bb.chr9.116170820	-0.016782	0.092830	8	False
chr9	117227825	117227945	bb.chr9.117227825	0.000325	0.053628	8	False
chr9	117921115	117921235	bb.chr9.117921115	-0.004180	0.046494	8	False
chr9	118999273	118999393	bb.chr9.118999273	-0.062751	0.242119	8	False
chr9	120096910	120097030	bb.chr9.120096910	0.017492	0.097160	8	False
chr9	120876926	120877046	bb.chr9.120876926	0.001413	0.110868	8	False
chr9	121786980	121787100	bb.chr9.121786980	0.039717	0.125261	8	False
chr9	122615675	122615795	bb.chr9.122615675	-0.018828	0.056536	8	False
chr9	123435808	123435928	bb.chr9.123435808	-0.018254	0.060637	8	False
chr9	124594089	124594209	bb.chr9.124594089	0.008371	0.116845	8	False
chr9	125273110	125273230	bb.chr9.125273110	-0.117207	0.473603	8	True
chr9	125967028	125967148	bb.chr9.125967028	-0.001346	0.085690	8	False
chr9	127096179	127096299	bb.chr9.127096179	-0.009489	0.074167	8	False
chr9	128431326	128431446	bb.chr9.128431326	0.037520	0.100562	8	False
chr9	129438714	129438834	bb.chr9.129438714	0.024543	0.040481	8	False
chr9	130157269	130157389	bb.chr9.130157269	-0.005996	0.140112	8	False
chr9	131082312	131082432	bb.chr9.131082312	0.030712	0.087841	8	False
chr9	132162363	132162483	bb.chr9.132162363	0.018616	0.104697	8	False
chr9	132888634	132888754	bb.chr9.132888634	0.011708	0.050849	8	False
chr9	133538754	133538874	bb.chr9.133538754	0.002534	0.105022	8	False
chr9	134936744	134936864	bb.chr9.134936744	-0.013978	0.049099	8	False
chr9	135637871	135637991	bb.chr9.135637871	0.027692	0.115404	8	False
chr9	136494431	136494791	NOTCH1_exon_34	0.019850	0.041495	8	False
chr9	136494792	136495032	NOTCH1_exon_34	-0.052777	0.053605	8	False
chr9	136495032	136495272	NOTCH1_exon_34	-0.053882	0.076383	8	False
chr9	136495273	136495513	NOTCH1_exon_34	-0.049575	0.035210	8	False
chr9	136495513	136495753	NOTCH1_exon_34	-0.049021	0.027426	8	False
chr9	136495754	136495994	NOTCH1_exon_34	-0.073536	0.087905	8	False
chr9	136495994	136496234	NOTCH1_exon_34	-0.089873	0.077490	8	False
chr9	136496235	136496475	NOTCH1_exon_34	-0.082652	0.084593	8	False
chr9	136496475	136496715	NOTCH1_exon_34	-0.074534	0.058527	8	False
chr9	136496716	136496956	NOTCH1_exon_34	-0.046481	0.080700	8	False
chr9	136496956	136497196	NOTCH1_exon_34	-0.044108	0.085382	8	False
chr9	136497197	136497557	NOTCH1_exon_34	0.031958	0.087283	8	False
chr9	136498894	136499014	NOTCH1_exon_33	0.016473	0.049905	8	False
chr9	136499110	136499258	NOTCH1_exon_32	-0.005457	0.083547	8	False
chr9	136500550	136500846	NOTCH1_exon_31	0.021259	0.046194	8	False
chr9	136501746	136501912	NOTCH1_exon_30	-0.019723	0.094635	8	False
chr9	136501994	136502114	NOTCH1_exon_29	-0.026330	0.101373	8	False
chr9	136502270	136502487	NOTCH1_exon_28	0.026799	0.076222	8	False
chr9	136503180	136503329	NOTCH1_exon_27	0.015054	0.090077	8	False
chr9	136504671	136504887	NOTCH1_exon_26	0.085801	0.121241	8	False
chr9	136504887	136505103	NOTCH1_exon_26	0.067325	0.097273	8	False
chr9	136505308	136505594	NOTCH1_exon_25	0.069525	0.082325	8	False
chr9	136505594	136505880	NOTCH1_exon_25	0.077057	0.052526	8	False
chr9	136506521	136506641	NOTCH1_exon_24	0.019356	0.078432	8	False
chr9	136506714	136506972	NOTCH1_exon_23	0.005062	0.105451	8	False
chr9	136507303	136507436	NOTCH1_exon_22	0.030266	0.087692	8	False
chr9	136507953	136508138	NOTCH1_exon_21	-0.027532	0.075598	8	False
chr9	136508230	136508384	NOTCH1_exon_20	0.053865	0.079528	8	False
chr9	136508868	136509070	NOTCH1_exon_19	-0.032564	0.104128	8	False
chr9	136509731	136509960	NOTCH1_exon_18	0.048151	0.061737	8	False
chr9	136510651	136510804	NOTCH1_exon_17	0.009481	0.109279	8	False
chr9	136511150	136511270	NOTCH1_exon_16	0.010020	0.087895	8	False
chr9	136513016	136513136	NOTCH1_exon_15	0.008581	0.084639	8	False
chr9	136513390	136513536	NOTCH1_exon_14	-0.009403	0.063141	8	False
chr9	136514508	136514701	NOTCH1_exon_13	-0.074754	0.070547	8	False
chr9	136515283	136515403	NOTCH1_exon_12	0.027256	0.093869	8	False
chr9	136515481	136515715	NOTCH1_exon_11	0.008302	0.055544	8	False
chr9	136515976	136516096	NOTCH1_exon_10	0.012522	0.119721	8	False
chr9	136517267	136517387	NOTCH1_exon_9	0.012347	0.105555	8	False
chr9	136517750	136517936	NOTCH1_exon_8	-0.098721	0.071836	8	False
chr9	136518135	136518291	NOTCH1_exon_7	-0.042976	0.068361	8	False
chr9	136518589	136518823	NOTCH1_exon_6	0.039316	0.060351	8	False
chr9	136519442	136519562	NOTCH1_exon_5	0.007818	0.073734	8	False
chr9	136522848	136523187	NOTCH1_exon_4	0.008369	0.077108	8	False
chr9	136523715	136523978	NOTCH1_exon_3	0.000430	0.074532	8	False
chr9	136544016	136544136	NOTCH1_exon_2	0.040224	0.088369	8	False
chr9	136545724	136546047	NOTCH1_exon_1	-0.081960	0.248385	8	False
chr9	136663714	136663834	bb.chr9.136663714	-0.053395	0.093610	8	False
chr9	138117259	138117379	bb.chr9.138117259	-0.072110	0.165596	8	False
chr10	970601	970721	bb.chr10.970601	0.027192	0.091982	8	False
chr10	1704698	1704818	bb.chr10.1704698	-0.003034	0.062791	8	False
chr10	3980977	3981097	bb.chr10.3980977	-0.013539	0.104123	8	False
chr10	4977707	4977827	bb.chr10.4977707	-0.031580	0.149426	8	False
chr10	6491855	6491975	bb.chr10.6491855	-0.021553	0.109855	8	False
chr10	7157032	7157152	bb.chr10.7157032	0.026106	0.076707	8	False
chr10	7984586	7984706	bb.chr10.7984586	-0.046884	0.186392	8	False
chr10	8733870	8733990	bb.chr10.8733870	-0.027533	0.163008	8	False
chr10	10019760	10019880	bb.chr10.10019760	-0.138298	0.469918	8	True
chr10	11111223	11111343	bb.chr10.11111223	-0.202512	0.744256	8	True
chr10	11772387	11772507	bb.chr10.11772387	-0.008315	0.079146	8	False
chr10	12538530	12538650	bb.chr10.12538530	0.056338	0.074436	8	False
chr10	13321576	13321696	bb.chr10.13321576	-0.114924	0.495687	8	True
chr10	14547827	14547947	bb.chr10.14547827	0.018103	0.084906	8	False
chr10	15236225	15236345	bb.chr10.15236225	0.011522	0.088029	8	False
chr10	15946843	15946963	bb.chr10.15946843	0.005361	0.053209	8	False
chr10	17099332	17099452	bb.chr10.17099332	-0.034202	0.155326	8	False
chr10	17785940	17786060	bb.chr10.17785940	0.007877	0.099616	8	False
chr10	18340614	18340734	bb.chr10.18340614	0.096459	0.065647	8	False
chr10	19077461	19077581	bb.chr10.19077461	-0.019762	0.161694	8	False
chr10	19830680	19830800	bb.chr10.19830680	0.017047	0.078568	8	False
chr10	20826343	20826463	bb.chr10.20826343	-0.090428	0.461929	8	True
chr10	21681088	21681208	bb.chr10.21681088	0.007774	0.056501	8	False
chr10	23110564	23110684	bb.chr10.23110564	0.027627	0.103988	8	False
chr10	24149011	24149131	bb.chr10.24149011	-0.022936	0.084810	8	False
chr10	24867653	24867773	bb.chr10.24867653	-0.014409	0.122241	8	False
chr10	25652702	25652822	bb.chr10.25652702	-0.011245	0.063053	8	False
chr10	27004114	27004382	ANKRD26_exon_34	-0.108627	0.165862	8	False
chr10	27004382	27004650	ANKRD26_exon_34	-0.014996	0.071568	8	False
chr10	27004650	27004918	ANKRD26_exon_34	0.013408	0.074622	8	False
chr10	27004918	27005186	ANKRD26_exon_34	0.014443	0.042207	8	False
chr10	27005186	27005454	ANKRD26_exon_34	0.007354	0.044818	8	False
chr10	27005454	27005722	ANKRD26_exon_34	-0.028194	0.027470	8	False
chr10	27006896	27007016	ANKRD26_exon_33	-0.006974	0.096803	8	False
chr10	27012880	27013109	ANKRD26_exon_32	0.037178	0.044647	8	False
chr10	27014492	27014710	ANKRD26_exon_31	0.022965	0.084693	8	False
chr10	27017500	27017791	ANKRD26_exon_30	0.004596	0.081118	8	False
chr10	27028828	27028948	ANKRD26_exon_27	0.045545	0.124521	8	False
chr10	27029261	27029381	ANKRD26_exon_26	0.016109	0.052318	8	False
chr10	27033223	27033376	ANKRD26_exon_25	-0.008136	0.071232	8	False
chr10	27034794	27035033	ANKRD26_exon_24	0.020245	0.062291	8	False
chr10	27035033	27035272	ANKRD26_exon_24	-0.055367	0.055287	8	False
chr10	27035272	27035511	ANKRD26_exon_24	0.009806	0.068712	8	False
chr10	27035511	27035751	ANKRD26_exon_24	0.005530	0.064729	8	False
chr10	27037184	27037322	ANKRD26_exon_23	0.034859	0.051167	8	False
chr10	27037869	27038053	ANKRD26_exon_22	-0.070439	0.063235	8	False
chr10	27039963	27040177	ANKRD26_exon_21	0.036004	0.078519	8	False
chr10	27043424	27043566	ANKRD26_exon_20	0.000720	0.036337	8	False
chr10	27046351	27046522	ANKRD26_exon_18	-0.058374	0.060958	8	False
chr10	27048799	27048978	ANKRD26_exon_17	-0.052490	0.068984	8	False
chr10	27053318	27053438	ANKRD26_exon_16	0.031806	0.084998	8	False
chr10	27060307	27060427	ANKRD26_exon_15	-0.008741	0.098808	8	False
chr10	27060508	27060628	ANKRD26_exon_14	0.001122	0.142503	8	False
chr10	27061125	27061245	ANKRD26_exon_13	-0.033803	0.054028	8	False
chr10	27063978	27064098	ANKRD26_exon_12	0.016661	0.056931	8	False
chr10	27066464	27066584	ANKRD26_exon_11	0.002816	0.100446	8	False
chr10	27067160	27067280	ANKRD26_exon_10	0.009165	0.063789	8	False
chr10	27077336	27077539	ANKRD26_exon_9	0.010915	0.075700	8	False
chr10	27077591	27077711	ANKRD26_exon_8	-0.019738	0.080121	8	False
chr10	27079050	27079170	ANKRD26_exon_7	0.013350	0.064887	8	False
chr10	27082718	27082838	ANKRD26_exon_6	-0.008833	0.092212	8	False
chr10	27092397	27092517	ANKRD26_exon_4	0.008570	0.065607	8	False
chr10	27093347	27093521	ANKRD26_exon_3	-0.057266	0.052912	8	False
chr10	27093680	27093800	ANKRD26_exon_2	-0.025111	0.065934	8	False
chr10	27155339	27155459	bb.chr10.27155339	0.016320	0.094395	8	False
chr10	27877508	27877628	bb.chr10.27877508	-0.019623	0.254065	8	False
chr10	28904026	28904146	bb.chr10.28904026	-0.096970	0.279791	8	False
chr10	29939602	29939722	bb.chr10.29939602	-0.093845	0.267024	8	False
chr10	30893919	30894039	bb.chr10.30893919	-0.081572	0.221637	8	False
chr10	31686075	31686195	bb.chr10.31686075	-0.017393	0.091318	8	False
chr10	32397555	32397675	bb.chr10.32397555	0.029299	0.189371	8	False
chr10	33102868	33102988	bb.chr10.33102868	0.024246	0.133102	8	False
chr10	34167991	34168111	bb.chr10.34167991	-0.009878	0.183750	8	False
chr10	34931605	34931725	bb.chr10.34931605	-0.163493	0.536727	8	True
chr10	36425776	36425896	bb.chr10.36425776	-0.002937	0.076876	8	False
chr10	37401255	37401375	bb.chr10.37401255	-0.003675	0.074608	8	False
chr10	38249783	38249903	bb.chr10.38249783	-0.021007	0.133664	8	False
chr10	42337624	42337744	bb.chr10.42337624	-0.084852	0.268686	8	False
chr10	43238098	43238218	bb.chr10.43238098	-0.055357	0.267400	8	False
chr10	44278448	44278568	bb.chr10.44278448	-0.024983	0.108980	8	False
chr10	44988800	44988920	bb.chr10.44988800	-0.009036	0.069569	8	False
chr10	45750792	45750912	bb.chr10.45750792	-0.012122	0.052426	8	False
chr10	45975053	45975173	bb.chr10.45975053	-0.035617	0.062654	8	False
chr10	47158927	47159047	bb.chr10.47158927	-0.013572	0.057166	8	False
chr10	48341151	48341271	bb.chr10.48341151	-0.149126	0.689335	8	True
chr10	49354683	49354803	bb.chr10.49354683	0.005554	0.062307	8	False
chr10	50343887	50344007	bb.chr10.50343887	0.001784	0.073122	8	False
chr10	51053718	51053838	bb.chr10.51053718	0.000541	0.133814	8	False
chr10	52066862	52066982	bb.chr10.52066862	-0.035279	0.142435	8	False
chr10	53095799	53095919	bb.chr10.53095799	0.000660	0.116400	8	False
chr10	53717375	53717495	bb.chr10.53717375	0.018129	0.124327	8	False
chr10	54464777	54464897	bb.chr10.54464777	-0.079067	0.430194	8	True
chr10	55126963	55127083	bb.chr10.55126963	-0.005229	0.121593	8	False
chr10	55837802	55837922	bb.chr10.55837802	-0.175461	0.571280	8	True
chr10	56806247	56806367	bb.chr10.56806247	0.013651	0.126092	8	False
chr10	57607374	57607494	bb.chr10.57607374	-0.012068	0.083628	8	False
chr10	58347015	58347135	bb.chr10.58347015	-0.000452	0.071276	8	False
chr10	59346984	59347104	bb.chr10.59346984	-0.011021	0.079646	8	False
chr10	60131119	60131239	bb.chr10.60131119	-0.038243	0.195768	8	False
chr10	60893045	60893165	bb.chr10.60893045	0.019476	0.064064	8	False
chr10	61563535	61563655	bb.chr10.61563535	-0.031909	0.169985	8	False
chr10	62471920	62472040	bb.chr10.62471920	0.030469	0.112045	8	False
chr10	63077758	63077878	bb.chr10.63077758	0.029574	0.066826	8	False
chr10	63920664	63920784	bb.chr10.63920664	0.005939	0.069285	8	False
chr10	64653102	64653222	bb.chr10.64653102	-0.004216	0.031707	8	False
chr10	65896662	65896782	bb.chr10.65896662	-0.012520	0.078684	8	False
chr10	67151276	67151396	bb.chr10.67151276	-0.031536	0.151430	8	False
chr10	68174441	68174561	bb.chr10.68174441	-0.002926	0.081853	8	False
chr10	68994344	68994464	bb.chr10.68994344	-0.013730	0.103066	8	False
chr10	70426708	70426828	bb.chr10.70426708	-0.009801	0.058510	8	False
chr10	71175445	71175565	bb.chr10.71175445	0.012620	0.069209	8	False
chr10	71796109	71796229	bb.chr10.71796109	-0.002501	0.033153	8	False
chr10	72495173	72495293	bb.chr10.72495173	-0.032251	0.192274	8	False
chr10	74289773	74289893	bb.chr10.74289773	-0.022217	0.137328	8	False
chr10	75524556	75524676	bb.chr10.75524556	-0.048044	0.084758	8	False
chr10	76238737	76238857	bb.chr10.76238737	-0.029085	0.149243	8	False
chr10	77250206	77250326	bb.chr10.77250206	0.007798	0.067816	8	False
chr10	78115392	78115512	bb.chr10.78115392	0.007092	0.058131	8	False
chr10	78718823	78718943	bb.chr10.78718823	-0.002289	0.076452	8	False
chr10	79468140	79468260	bb.chr10.79468140	0.035599	0.075598	8	False
chr10	80664311	80664431	bb.chr10.80664311	0.013356	0.134623	8	False
chr10	81278449	81278569	bb.chr10.81278449	-0.001903	0.059749	8	False
chr10	82122945	82123065	bb.chr10.82122945	-0.011134	0.026798	8	False
chr10	82739518	82739638	bb.chr10.82739518	0.021731	0.089934	8	False
chr10	83806838	83806958	bb.chr10.83806838	-0.007246	0.083944	8	False
chr10	84536805	84536925	bb.chr10.84536805	-0.019461	0.063014	8	False
chr10	85529133	85529253	bb.chr10.85529133	0.018375	0.060362	8	False
chr10	86199994	86200114	bb.chr10.86199994	-0.009078	0.044161	8	False
chr10	87015927	87016047	bb.chr10.87015927	-0.035041	0.147033	8	False
chr10	87863623	87863931	PTEN_exon_1	0.016589	0.098230	8	False
chr10	87863931	87864239	PTEN_exon_1	-0.002433	0.139277	8	False
chr10	87864239	87864547	PTEN_exon_1	0.026306	0.070668	8	False
chr10	87894005	87894125	PTEN_exon_2	-0.013198	0.088744	8	False
chr10	87931032	87931152	PTEN_exon_4	-0.006872	0.051604	8	False
chr10	87933011	87933250	PTEN_exon_5	0.015121	0.046052	8	False
chr10	87952116	87952258	PTEN_exon_6	0.004015	0.049885	8	False
chr10	87957851	87958018	PTEN_exon_7	-0.066969	0.025290	8	False
chr10	87960893	87961117	PTEN_exon_8	0.031759	0.067866	8	False
chr10	87965285	87965544	PTEN_exon_9	-0.062142	0.068970	8	False
chr10	87965544	87965804	PTEN_exon_9	-0.011817	0.107545	8	False
chr10	87965804	87966063	PTEN_exon_9	0.017632	0.052874	8	False
chr10	87966063	87966323	PTEN_exon_9	0.002881	0.055527	8	False
chr10	87966323	87966583	PTEN_exon_9	0.002623	0.048128	8	False
chr10	87966583	87966842	PTEN_exon_9	0.014112	0.067280	8	False
chr10	87966842	87967102	PTEN_exon_9	-0.036263	0.106186	8	False
chr10	87967102	87967362	PTEN_exon_9	0.000684	0.076361	8	False
chr10	87967362	87967621	PTEN_exon_9	0.000131	0.082864	8	False
chr10	87967621	87967881	PTEN_exon_9	0.003987	0.093399	8	False
chr10	87967881	87968140	PTEN_exon_9	-0.001700	0.089603	8	False
chr10	87968140	87968400	PTEN_exon_9	0.023380	0.067425	8	False
chr10	87968400	87968660	PTEN_exon_9	-0.002660	0.042015	8	False
chr10	87968660	87968919	PTEN_exon_9	0.013524	0.065084	8	False
chr10	87968919	87969179	PTEN_exon_9	-0.074388	0.057419	8	False
chr10	87969179	87969439	PTEN_exon_9	0.001302	0.102831	8	False
chr10	87969556	87969830	PTEN_exon_9	0.037696	0.057366	8	False
chr10	87969830	87970105	PTEN_exon_9	-0.002597	0.058250	8	False
chr10	87970105	87970380	PTEN_exon_9	-0.058012	0.054689	8	False
chr10	87970380	87970654	PTEN_exon_9	-0.002927	0.059532	8	False
chr10	87970654	87970929	PTEN_exon_9	-0.063905	0.049534	8	False
chr10	87970929	87971204	PTEN_exon_9	0.076498	0.055288	8	False
chr10	87971233	87971465	PTEN_exon_9	0.094387	0.072309	8	False
chr10	87971465	87971697	PTEN_exon_9	-0.006635	0.082534	8	False
chr10	87971697	87971929	PTEN_exon_9	-0.020787	0.072496	8	False
chr10	89024938	89025058	bb.chr10.89024938	-0.007588	0.148182	8	False
chr10	90039213	90039333	bb.chr10.90039213	-0.015694	0.091778	8	False
chr10	90833983	90834103	bb.chr10.90833983	-0.019867	0.239842	8	False
chr10	91731244	91731364	bb.chr10.91731244	0.005499	0.134030	8	False
chr10	93456806	93456926	bb.chr10.93456806	-0.023226	0.132449	8	False
chr10	94133235	94133355	bb.chr10.94133235	0.029531	0.053196	8	False
chr10	94872436	94872556	bb.chr10.94872436	0.031152	0.085750	8	False
chr10	95557523	95557643	bb.chr10.95557523	0.017979	0.043534	8	False
chr10	96621629	96621749	bb.chr10.96621629	-0.006859	0.071111	8	False
chr10	97825603	97825723	bb.chr10.97825603	-0.007863	0.069446	8	False
chr10	98592969	98593089	bb.chr10.98592969	0.005303	0.135878	8	False
chr10	99930233	99930353	bb.chr10.99930233	0.011031	0.047878	8	False
chr10	100608342	100608462	bb.chr10.100608342	-0.001783	0.051921	8	False
chr10	101311592	101311712	bb.chr10.101311592	-0.008919	0.094653	8	False
chr10	102163079	102163199	bb.chr10.102163079	0.015694	0.113234	8	False
chr10	103628873	103628993	bb.chr10.103628873	0.021718	0.059237	8	False
chr10	104419245	104419365	bb.chr10.104419245	0.005146	0.091602	8	False
chr10	105075560	105075680	bb.chr10.105075560	-0.010750	0.075727	8	False
chr10	107141386	107141506	bb.chr10.107141386	0.041251	0.060376	8	False
chr10	107839634	107839754	bb.chr10.107839634	-0.031328	0.173454	8	False
chr10	108646994	108647114	bb.chr10.108646994	-0.036952	0.155328	8	False
chr10	109481362	109481482	bb.chr10.109481362	-0.060489	0.182728	8	False
chr10	110567693	110567830	SMC3_exon_1	0.007108	0.094652	8	False
chr10	110568900	110569020	SMC3_exon_2	0.046405	0.085500	8	False
chr10	110573680	110573800	SMC3_exon_3	0.031487	0.078071	8	False
chr10	110575303	110575423	SMC3_exon_4	0.021484	0.046236	8	False
chr10	110577381	110577501	SMC3_exon_5	0.030810	0.065610	8	False
chr10	110577808	110577928	SMC3_exon_6	0.018504	0.057351	8	False
chr10	110578598	110578718	SMC3_exon_7	0.017097	0.047927	8	False
chr10	110580901	110581021	SMC3_exon_8	0.029660	0.089289	8	False
chr10	110581921	110582097	SMC3_exon_9	-0.045884	0.070506	8	False
chr10	110582543	110582663	SMC3_exon_10	0.008263	0.051899	8	False
chr10	110583382	110583547	SMC3_exon_11	-0.033615	0.063902	8	False
chr10	110583840	110583960	SMC3_exon_12	0.023021	0.076764	8	False
chr10	110584181	110584395	SMC3_exon_13	0.037925	0.084044	8	False
chr10	110589598	110589718	SMC3_exon_14	-0.029053	0.087089	8	False
chr10	110589888	110590008	SMC3_exon_15	-0.002479	0.067994	8	False
chr10	110590410	110590571	SMC3_exon_16	-0.033269	0.069685	8	False
chr10	110590989	110591131	SMC3_exon_17	0.006233	0.094789	8	False
chr10	110593071	110593222	SMC3_exon_18	0.005727	0.046983	8	False
chr10	110596396	110596549	SMC3_exon_19	-0.016426	0.087875	8	False
chr10	110598137	110598289	SMC3_exon_20	0.003783	0.043497	8	False
chr10	110599652	110599811	SMC3_exon_21	-0.014717	0.059219	8	False
chr10	110600431	110600551	SMC3_exon_22	-0.042853	0.076689	8	False
chr10	110601014	110601134	SMC3_exon_23	0.028497	0.053365	8	False
chr10	110601635	110601755	SMC3_exon_24	0.016204	0.067543	8	False
chr10	110601763	110601883	SMC3_exon_24	0.034533	0.036692	8	False
chr10	110601964	110602177	SMC3_exon_25	0.007050	0.086438	8	False
chr10	110602472	110602664	SMC3_exon_26	0.033503	0.060205	8	False
chr10	110602823	110603001	SMC3_exon_27	0.065488	0.060762	8	False
chr10	110603175	110603295	SMC3_exon_28	0.005572	0.076192	8	False
chr10	110604229	110604459	SMC3_exon_29	0.009696	0.039845	8	False
chr10	110604459	110604689	SMC3_exon_29	0.009410	0.093859	8	False
chr10	110604796	110605075	SMC3_exon_29	0.061818	0.058253	8	False
chr10	110605075	110605354	SMC3_exon_29	0.038418	0.036720	8	False
chr10	110605474	110605760	SMC3_exon_29	0.051119	0.103810	8	False
chr10	110605760	110606047	SMC3_exon_29	0.072788	0.088733	8	False
chr10	111203334	111203454	bb.chr10.111203334	0.002857	0.052791	8	False
chr10	111926527	111926647	bb.chr10.111926527	0.041454	0.067504	8	False
chr10	112952164	112952284	bb.chr10.112952164	0.011274	0.067669	8	False
chr10	113663556	113663676	bb.chr10.113663556	-0.087643	0.276044	8	False
chr10	114450151	114450271	bb.chr10.114450151	-0.179819	0.328268	8	True
chr10	115951552	115951672	bb.chr10.115951552	0.012978	0.097623	8	False
chr10	116800906	116801026	bb.chr10.116800906	0.007014	0.112384	8	False
chr10	117714005	117714125	bb.chr10.117714005	0.007067	0.074564	8	False
chr10	118457358	118457478	bb.chr10.118457358	-0.004095	0.105603	8	False
chr10	119218191	119218311	bb.chr10.119218191	-0.021803	0.077492	8	False
chr10	119977198	119977318	bb.chr10.119977198	0.007929	0.075055	8	False
chr10	120735101	120735221	bb.chr10.120735101	-0.005878	0.073682	8	False
chr10	121567072	121567192	bb.chr10.121567072	0.014953	0.057666	8	False
chr10	122246801	122246921	bb.chr10.122246801	0.026376	0.059209	8	False
chr10	122954971	122955091	bb.chr10.122954971	0.007576	0.090137	8	False
chr10	123732889	123733009	bb.chr10.123732889	-0.051909	0.158930	8	False
chr10	124574396	124574516	bb.chr10.124574396	0.056654	0.075536	8	False
chr10	125425979	125426099	bb.chr10.125425979	-0.028538	0.126884	8	False
chr10	126338672	126338792	bb.chr10.126338672	0.018131	0.096760	8	False
chr10	126981634	126981754	bb.chr10.126981634	0.034372	0.072767	8	False
chr10	127687909	127688029	bb.chr10.127687909	-0.109941	0.458798	8	True
chr10	128490322	128490442	bb.chr10.128490322	0.045003	0.079690	8	False
chr10	130027782	130027902	bb.chr10.130027782	-0.010585	0.051842	8	False
chr10	131493071	131493191	bb.chr10.131493071	0.000067	0.077476	8	False
chr10	132512514	132512634	bb.chr10.132512514	0.017517	0.080659	8	False
chr10	133226719	133226839	bb.chr10.133226719	0.002478	0.086579	8	False
chr11	493025	493145	bb.chr11.493025	0.042242	0.103214	8	False
chr11	532240	532521	HRAS_exon_6	0.003966	0.061873	8	False
chr11	532631	532751	HRAS_exon_5	-0.028019	0.042029	8	False
chr11	533451	533611	HRAS_exon_4	-0.100157	0.084610	8	False
chr11	533764	533943	HRAS_exon_3	-0.002084	0.049574	8	False
chr11	534210	534374	HRAS_exon_2	-0.046895	0.059939	8	False
chr11	535414	535591	HRAS_exon_1	-0.066317	0.299418	8	False
chr11	1642660	1642780	bb.chr11.1642660	-0.018228	0.126806	8	False
chr11	2474225	2474345	bb.chr11.2474225	-0.011796	0.095861	8	False
chr11	3641911	3642031	bb.chr11.3641911	-0.002474	0.122974	8	False
chr11	4409882	4410002	bb.chr11.4409882	-0.001795	0.153014	8	False
chr11	5248293	5248413	bb.chr11.5248293	-0.008438	0.070138	8	False
chr11	6631941	6632061	bb.chr11.6631941	-0.042933	0.137165	8	False
chr11	7507039	7507159	bb.chr11.7507039	0.008970	0.080429	8	False
chr11	8617718	8617838	bb.chr11.8617718	-0.009150	0.081959	8	False
chr11	9287798	9287918	bb.chr11.9287798	0.000466	0.078562	8	False
chr11	9995215	9995335	bb.chr11.9995215	0.017306	0.060982	8	False
chr11	11108494	11108614	bb.chr11.11108494	0.011666	0.080120	8	False
chr11	11710397	11710517	bb.chr11.11710397	-0.003953	0.085410	8	False
chr11	12516303	12516423	bb.chr11.12516303	0.069264	0.144466	8	False
chr11	13346143	13346263	bb.chr11.13346143	0.016032	0.056320	8	False
chr11	14191623	14191743	bb.chr11.14191623	-0.034146	0.295584	8	False
chr11	14277920	14278170	RRAS2_exon_6	-0.067857	0.057505	8	False
chr11	14278170	14278421	RRAS2_exon_6	-0.034434	0.131484	8	False
chr11	14278421	14278671	RRAS2_exon_6	-0.010078	0.021035	8	False
chr11	14278671	14278922	RRAS2_exon_6	-0.012272	0.091692	8	False
chr11	14278922	14279172	RRAS2_exon_6	0.009168	0.043399	8	False
chr11	14279172	14279423	RRAS2_exon_6	-0.035348	0.047412	8	False
chr11	14281599	14281719	RRAS2_exon_5	-0.000491	0.091234	8	False
chr11	14294463	14294583	RRAS2_exon_4	-0.010668	0.093054	8	False
chr11	14294750	14294870	RRAS2_exon_3	-0.005583	0.052902	8	False
chr11	14295749	14295869	RRAS2_exon_2	0.023388	0.051260	8	False
chr11	14358761	14358971	RRAS2_exon_1	0.040154	0.126132	8	False
chr11	14358971	14359182	RRAS2_exon_1	0.039865	0.133763	8	False
chr11	14953898	14954018	bb.chr11.14953898	0.000316	0.034311	8	False
chr11	16413087	16413207	bb.chr11.16413087	0.016987	0.078763	8	False
chr11	17369248	17369368	bb.chr11.17369248	0.036400	0.043744	8	False
chr11	18607697	18607817	bb.chr11.18607697	-0.026653	0.204434	8	False
chr11	19228557	19228677	bb.chr11.19228557	0.005328	0.097057	8	False
chr11	20041098	20041218	bb.chr11.20041098	-0.035124	0.103021	8	False
chr11	21714817	21714937	bb.chr11.21714817	0.020608	0.076512	8	False
chr11	22541367	22541487	bb.chr11.22541367	-0.001522	0.149218	8	False
chr11	23405429	23405549	bb.chr11.23405429	-0.021596	0.079455	8	False
chr11	24152204	24152324	bb.chr11.24152204	0.007168	0.098671	8	False
chr11	26197662	26197782	bb.chr11.26197662	-0.005595	0.090934	8	False
chr11	27613712	27613832	bb.chr11.27613712	0.012890	0.071224	8	False
chr11	28676648	28676768	bb.chr11.28676648	-0.011130	0.106755	8	False
chr11	30025905	30026025	bb.chr11.30025905	-0.044994	0.085126	8	False
chr11	31110650	31110770	bb.chr11.31110650	0.006695	0.073575	8	False
chr11	32356700	32356820	bb.chr11.32356700	0.004149	0.059918	8	False
chr11	32387773	32388054	WT1_exon_10	-0.016100	0.095793	8	False
chr11	32388054	32388335	WT1_exon_10	0.026522	0.052156	8	False
chr11	32388335	32388616	WT1_exon_10	0.024498	0.077030	8	False
chr11	32388616	32388897	WT1_exon_10	0.016125	0.025682	8	False
chr11	32388897	32389178	WT1_exon_10	0.024411	0.049116	8	False
chr11	32391964	32392084	WT1_exon_9	-0.014771	0.075095	8	False
chr11	32392649	32392769	WT1_exon_8	-0.000419	0.081460	8	False
chr11	32396255	32396406	WT1_exon_7	-0.029841	0.065339	8	False
chr11	32399947	32400067	WT1_exon_6	0.022125	0.076918	8	False
chr11	32416456	32416576	WT1_exon_5	-0.003317	0.070711	8	False
chr11	32417542	32417662	WT1_exon_4	-0.026224	0.051310	8	False
chr11	32427947	32428067	WT1_exon_3	0.035562	0.099622	8	False
chr11	32428496	32428616	WT1_exon_2	0.009044	0.075998	8	False
chr11	32434698	32434978	WT1_exon_1	-0.001524	0.119063	8	False
chr11	32434978	32435258	WT1_exon_1	-0.015934	0.129753	8	False
chr11	32435258	32435538	WT1_exon_1	0.037132	0.140696	8	False
chr11	33448274	33448394	bb.chr11.33448274	-0.009914	0.090468	8	False
chr11	34494643	34494763	bb.chr11.34494643	0.031268	0.056427	8	False
chr11	35378368	35378488	bb.chr11.35378368	0.022048	0.112659	8	False
chr11	36451442	36451562	bb.chr11.36451442	-0.017739	0.075428	8	False
chr11	37095205	37095325	bb.chr11.37095205	-0.029133	0.140538	8	False
chr11	37711698	37711818	bb.chr11.37711698	0.071374	0.088065	8	False
chr11	38486250	38486370	bb.chr11.38486250	-0.034412	0.147863	8	False
chr11	39589790	39589910	bb.chr11.39589790	-0.017560	0.113040	8	False
chr11	40389310	40389430	bb.chr11.40389310	-0.019624	0.052893	8	False
chr11	41143170	41143290	bb.chr11.41143170	-0.004321	0.074400	8	False
chr11	42348030	42348150	bb.chr11.42348030	0.008556	0.087017	8	False
chr11	43686535	43686655	bb.chr11.43686535	-0.001225	0.077222	8	False
chr11	44332986	44333106	bb.chr11.44332986	0.028103	0.089884	8	False
chr11	45225258	45225378	bb.chr11.45225258	0.028531	0.051392	8	False
chr11	47867933	47868053	bb.chr11.47867933	0.012567	0.055529	8	False
chr11	48489042	48489162	bb.chr11.48489042	-0.033727	0.073355	8	False
chr11	49304360	49304480	bb.chr11.49304360	-0.023856	0.070244	8	False
chr11	50181206	50181326	bb.chr11.50181206	-0.003955	0.094386	8	False
chr11	55402806	55402926	bb.chr11.55402806	-0.000435	0.091995	8	False
chr11	56270809	56270929	bb.chr11.56270809	-0.001952	0.081296	8	False
chr11	57038736	57038856	bb.chr11.57038736	-0.068595	0.334022	8	True
chr11	58239208	58239328	bb.chr11.58239208	0.000456	0.055304	8	False
chr11	59716160	59716280	bb.chr11.59716160	-0.025739	0.055358	8	False
chr11	60770045	60770165	bb.chr11.60770045	0.018059	0.091379	8	False
chr11	61669556	61669676	bb.chr11.61669556	0.006943	0.049268	8	False
chr11	62411839	62411959	bb.chr11.62411839	-0.007361	0.108519	8	False
chr11	63220106	63220226	bb.chr11.63220106	-0.041314	0.099674	8	False
chr11	64376993	64377113	bb.chr11.64376993	0.000769	0.048861	8	False
chr11	64764604	64764838	SF1_exon_13	0.005458	0.039816	8	False
chr11	64764838	64765072	SF1_exon_13	0.031786	0.055713	8	False
chr11	64765072	64765306	SF1_exon_13	0.100740	0.032419	8	False
chr11	64765335	64765678	SF1_exon_13	0.099827	0.059158	8	False
chr11	64765693	64765923	SF1_exon_13	0.031070	0.084229	8	False
chr11	64765923	64766154	SF1_exon_13	-0.028842	0.079159	8	False
chr11	64766898	64767078	SF1_exon_12	-0.014938	0.113522	8	False
chr11	64767175	64767295	SF1_exon_11	0.006209	0.053184	8	False
chr11	64767569	64767843	SF1_exon_10	0.002179	0.082231	8	False
chr11	64768104	64768285	SF1_exon_9	-0.072058	0.030666	8	False
chr11	64769014	64769134	SF1_exon_8	0.038742	0.058084	8	False
chr11	64769219	64769339	SF1_exon_7	0.005931	0.055037	8	False
chr11	64769424	64769608	SF1_exon_6	-0.005511	0.100335	8	False
chr11	64769960	64770080	SF1_exon_5	-0.000754	0.037931	8	False
chr11	64770254	64770407	SF1_exon_4	-0.063439	0.045627	8	False
chr11	64773411	64773531	SF1_exon_3	0.001572	0.063121	8	False
chr11	64776500	64776620	SF1_exon_2	0.014767	0.056349	8	False
chr11	64778360	64778541	SF1_exon_1	-0.093228	0.091988	8	False
chr11	65183896	65184016	bb.chr11.65183896	-0.009138	0.051126	8	False
chr11	65986531	65986651	bb.chr11.65986531	-0.029263	0.129816	8	False
chr11	66908459	66908579	bb.chr11.66908459	0.017588	0.052449	8	False
chr11	67715231	67715351	bb.chr11.67715231	-0.047674	0.126531	8	False
chr11	68528373	68528493	bb.chr11.68528373	-0.036383	0.505237	8	True
chr11	69861558	69861678	bb.chr11.69861558	-0.024085	0.093438	8	False
chr11	70673459	70673579	bb.chr11.70673459	-0.028194	0.211264	8	False
chr11	72474158	72474278	bb.chr11.72474158	-0.013611	0.076448	8	False
chr11	73234915	73235035	bb.chr11.73234915	0.021643	0.097615	8	False
chr11	74074221	74074341	bb.chr11.74074221	0.050982	0.059215	8	False
chr11	74680670	74680790	bb.chr11.74680670	0.020290	0.086411	8	False
chr11	75282973	75283093	bb.chr11.75282973	0.019409	0.097052	8	False
chr11	76647808	76647928	bb.chr11.76647808	-0.011887	0.078309	8	False
chr11	77927361	77927481	bb.chr11.77927361	0.011845	0.116167	8	False
chr11	78649064	78649184	bb.chr11.78649064	0.039023	0.105557	8	False
chr11	79716328	79716448	bb.chr11.79716328	0.020211	0.049287	8	False
chr11	80556186	80556306	bb.chr11.80556186	-0.010574	0.118827	8	False
chr11	81389097	81389217	bb.chr11.81389097	0.021237	0.071394	8	False
chr11	82229639	82229759	bb.chr11.82229639	-0.027728	0.127377	8	False
chr11	82846493	82846613	bb.chr11.82846493	-0.032041	0.178354	8	False
chr11	85114463	85114583	bb.chr11.85114463	-0.054544	0.160871	8	False
chr11	86244751	86245046	EED_exon_1	0.048315	0.084318	8	False
chr11	86245046	86245342	EED_exon_1	0.046195	0.098477	8	False
chr11	86250294	86250447	EED_exon_2	-0.022383	0.082928	8	False
chr11	86252144	86252264	EED_exon_3	0.014464	0.077608	8	False
chr11	86255184	86255304	EED_exon_4	-0.001065	0.075077	8	False
chr11	86256388	86256508	EED_exon_5	0.042729	0.085841	8	False
chr11	86257508	86257628	EED_exon_6	0.009349	0.062155	8	False
chr11	86264170	86264290	EED_exon_7	0.006772	0.054697	8	False
chr11	86266081	86266215	EED_exon_8	0.002716	0.062603	8	False
chr11	86268447	86268567	EED_exon_9	0.011314	0.078088	8	False
chr11	86276978	86277137	EED_exon_10	-0.016647	0.064486	8	False
chr11	86277916	86278036	EED_exon_11	0.012031	0.090829	8	False
chr11	86278397	86278603	EED_exon_12	0.061409	0.052233	8	False
chr11	86278603	86278809	EED_exon_12	0.046183	0.053930	8	False
chr11	87258288	87258408	bb.chr11.87258288	0.059578	0.087439	8	False
chr11	88550662	88550782	bb.chr11.88550662	-0.051780	0.320304	8	True
chr11	89470218	89470338	bb.chr11.89470218	-0.008305	0.039849	8	False
chr11	90886838	90886958	bb.chr11.90886838	-0.030743	0.175965	8	False
chr11	91707429	91707549	bb.chr11.91707429	0.008692	0.062371	8	False
chr11	92835326	92835446	bb.chr11.92835326	-0.018625	0.065970	8	False
chr11	93630024	93630144	bb.chr11.93630024	0.018291	0.095622	8	False
chr11	94456455	94456575	bb.chr11.94456455	-0.010778	0.192804	8	False
chr11	95583057	95583177	bb.chr11.95583057	0.060017	0.106679	8	False
chr11	96539394	96539514	bb.chr11.96539394	0.035691	0.067408	8	False
chr11	97622716	97622836	bb.chr11.97622716	-0.143079	0.285043	8	False
chr11	98475317	98475437	bb.chr11.98475317	0.095847	0.109184	8	False
chr11	99344368	99344488	bb.chr11.99344368	-0.025239	0.095648	8	False
chr11	100558152	100558272	bb.chr11.100558152	0.007462	0.062759	8	False
chr11	102317451	102317571	BIRC3_exon_1	-0.006024	0.115301	8	False
chr11	102321835	102322092	BIRC3_exon_2	-0.066541	0.095985	8	False
chr11	102322092	102322349	BIRC3_exon_2	0.037771	0.046791	8	False
chr11	102322349	102322606	BIRC3_exon_2	0.024620	0.046911	8	False
chr11	102322606	102322864	BIRC3_exon_2	-0.053566	0.051293	8	False
chr11	102322864	102323121	BIRC3_exon_2	-0.028738	0.048231	8	False
chr11	102323121	102323378	BIRC3_exon_2	0.024889	0.047065	8	False
chr11	102323378	102323636	BIRC3_exon_2	0.004057	0.110500	8	False
chr11	102323636	102323893	BIRC3_exon_2	-0.035235	0.078799	8	False
chr11	102323893	102324150	BIRC3_exon_2	-0.002313	0.057145	8	False
chr11	102324150	102324408	BIRC3_exon_2	0.011621	0.070910	8	False
chr11	102324419	102324654	BIRC3_exon_2	0.022749	0.046258	8	False
chr11	102324654	102324890	BIRC3_exon_2	0.008370	0.039043	8	False
chr11	102324890	102325125	BIRC3_exon_2	0.042438	0.049477	8	False
chr11	102325125	102325361	BIRC3_exon_2	0.070488	0.045695	8	False
chr11	102325446	102325566	BIRC3_exon_3	0.043577	0.088393	8	False
chr11	102328049	102328169	BIRC3_exon_4	-0.001735	0.035055	8	False
chr11	102328890	102329010	BIRC3_exon_5	0.001682	0.079744	8	False
chr11	102330997	102331117	BIRC3_exon_6	0.025346	0.092550	8	False
chr11	102331120	102331240	BIRC3_exon_6	0.011507	0.070235	8	False
chr11	102335964	102336219	BIRC3_exon_7	-0.026173	0.055294	8	False
chr11	102336697	102336817	BIRC3_exon_8	0.040882	0.065601	8	False
chr11	102336907	102337198	BIRC3_exon_9	0.073096	0.062925	8	False
chr11	102337198	102337489	BIRC3_exon_9	0.024733	0.071600	8	False
chr11	102337620	102337858	BIRC3_exon_9	-0.000719	0.099089	8	False
chr11	102337858	102338096	BIRC3_exon_9	-0.058216	0.063811	8	False
chr11	102338096	102338334	BIRC3_exon_9	-0.040733	0.057686	8	False
chr11	102338334	102338572	BIRC3_exon_9	0.059317	0.046588	8	False
chr11	102338587	102338858	BIRC3_exon_9	0.062050	0.060017	8	False
chr11	102338858	102339130	BIRC3_exon_9	0.017348	0.053770	8	False
chr11	102339130	102339402	BIRC3_exon_9	-0.009787	0.144182	8	False
chr11	102499363	102499483	bb.chr11.102499363	-0.000816	0.104411	8	False
chr11	103248632	103248752	bb.chr11.103248632	0.002087	0.156176	8	False
chr11	104082199	104082319	bb.chr11.104082199	-0.001781	0.091291	8	False
chr11	104824213	104824333	bb.chr11.104824213	-0.038806	0.229352	8	False
chr11	105478520	105478640	bb.chr11.105478520	0.011959	0.057433	8	False
chr11	106447867	106447987	bb.chr11.106447867	0.030612	0.082608	8	False
chr11	107719433	107719553	bb.chr11.107719433	0.036532	0.051755	8	False
chr11	108223065	108223185	ATM_exon_1	-0.049759	0.154527	8	False
chr11	108227588	108227708	ATM_exon_2	-0.018231	0.087432	8	False
chr11	108227770	108227890	ATM_exon_3	-0.046859	0.115061	8	False
chr11	108229176	108229322	ATM_exon_4	-0.008175	0.073453	8	False
chr11	108235668	108235833	ATM_exon_5	-0.052902	0.087116	8	False
chr11	108243951	108244117	ATM_exon_6	-0.033155	0.072543	8	False
chr11	108244786	108245025	ATM_exon_7	0.035581	0.065960	8	False
chr11	108246962	108247126	ATM_exon_8	-0.061676	0.070852	8	False
chr11	108248931	108249101	ATM_exon_9	-0.074808	0.050705	8	False
chr11	108250699	108251071	ATM_exon_10	0.001571	0.079814	8	False
chr11	108251835	108252030	ATM_exon_11	-0.051692	0.087250	8	False
chr11	108252802	108252922	ATM_exon_12	0.005540	0.069722	8	False
chr11	108253812	108254038	ATM_exon_13	0.052172	0.088945	8	False
chr11	108256216	108256336	ATM_exon_14	-0.017334	0.036221	8	False
chr11	108257482	108257602	ATM_exon_15	0.002017	0.064174	8	False
chr11	108258981	108259101	ATM_exon_16	-0.000022	0.063351	8	False
chr11	108267169	108267341	ATM_exon_17	-0.054636	0.075657	8	False
chr11	108268408	108268608	ATM_exon_18	-0.008743	0.081732	8	False
chr11	108271027	108271147	ATM_exon_19	0.005809	0.043454	8	False
chr11	108271249	108271405	ATM_exon_20	0.021289	0.070369	8	False
chr11	108272519	108272639	ATM_exon_21	0.039622	0.053007	8	False
chr11	108272725	108272845	ATM_exon_22	0.046541	0.059192	8	False
chr11	108279488	108279608	ATM_exon_23	0.003856	0.027865	8	False
chr11	108280993	108281167	ATM_exon_24	-0.050695	0.048196	8	False
chr11	108282708	108282878	ATM_exon_25	-0.074971	0.096397	8	False
chr11	108284225	108284345	ATM_exon_26	0.020526	0.088172	8	False
chr11	108284352	108284472	ATM_exon_26	0.011265	0.069604	8	False
chr11	108287596	108287716	ATM_exon_27	0.008734	0.092334	8	False
chr11	108288978	108289098	ATM_exon_28	-0.019193	0.045159	8	False
chr11	108289600	108289800	ATM_exon_29	-0.016614	0.088505	8	False
chr11	108292617	108292792	ATM_exon_30	-0.072278	0.083784	8	False
chr11	108293311	108293476	ATM_exon_31	-0.062728	0.097377	8	False
chr11	108294925	108295058	ATM_exon_32	0.013038	0.073308	8	False
chr11	108297285	108297405	ATM_exon_33	0.000649	0.064798	8	False
chr11	108299712	108299884	ATM_exon_34	-0.070575	0.038121	8	False
chr11	108301646	108301788	ATM_exon_35	0.006369	0.069408	8	False
chr11	108302851	108303028	ATM_exon_36	-0.048855	0.090416	8	False
chr11	108304673	108304851	ATM_exon_37	-0.049105	0.059793	8	False
chr11	108307865	108307985	ATM_exon_38	0.031269	0.095705	8	False
chr11	108310158	108310314	ATM_exon_39	-0.022717	0.065342	8	False
chr11	108312393	108312513	ATM_exon_40	0.008394	0.070894	8	False
chr11	108315803	108315923	ATM_exon_41	0.022435	0.100790	8	False
chr11	108316009	108316129	ATM_exon_42	0.044078	0.056076	8	False
chr11	108317371	108317520	ATM_exon_43	0.036279	0.106420	8	False
chr11	108319944	108320064	ATM_exon_44	-0.000638	0.085954	8	False
chr11	108321299	108321419	ATM_exon_45	0.030695	0.032369	8	False
chr11	108325308	108325543	ATM_exon_46	0.019434	0.064800	8	False
chr11	108326056	108326224	ATM_exon_47	-0.048161	0.062544	8	False
chr11	108327640	108327760	ATM_exon_48	0.009293	0.064566	8	False
chr11	108329019	108329237	ATM_exon_49	0.057167	0.074641	8	False
chr11	108330212	108330420	ATM_exon_50	0.010468	0.074002	8	False
chr11	108331439	108331559	ATM_exon_51	-0.015686	0.080735	8	False
chr11	108331877	108332036	ATM_exon_52	-0.022892	0.046617	8	False
chr11	108332760	108332899	ATM_exon_53	0.013567	0.052408	8	False
chr11	108333850	108333970	ATM_exon_54	-0.014520	0.103531	8	False
chr11	108334967	108335108	ATM_exon_55	0.027581	0.068758	8	False
chr11	108335841	108335961	ATM_exon_56	-0.035826	0.077601	8	False
chr11	108343220	108343370	ATM_exon_57	0.010712	0.044539	8	False
chr11	108345741	108345907	ATM_exon_58	-0.035212	0.082350	8	False
chr11	108347251	108347371	ATM_exon_59	0.002729	0.053753	8	False
chr11	108353761	108353881	ATM_exon_60	0.011829	0.080378	8	False
chr11	108354755	108354875	ATM_exon_61	0.002630	0.092320	8	False
chr11	108365080	108365217	ATM_exon_62	0.016660	0.034578	8	False
chr11	108365323	108365553	ATM_exon_63	0.040238	0.081156	8	False
chr11	108365553	108365783	ATM_exon_63	0.003756	0.042329	8	False
chr11	108366047	108366357	ATM_exon_63	0.025291	0.082244	8	False
chr11	108366357	108366667	ATM_exon_63	-0.009006	0.053666	8	False
chr11	108366667	108366977	ATM_exon_63	0.021704	0.063279	8	False
chr11	108367329	108367639	ATM_exon_63	0.031972	0.063195	8	False
chr11	108367639	108367950	ATM_exon_63	0.009414	0.068502	8	False
chr11	108367950	108368261	ATM_exon_63	0.064233	0.024788	8	False
chr11	108368278	108368552	ATM_exon_63	0.047703	0.045934	8	False
chr11	108368552	108368826	ATM_exon_63	0.024634	0.037248	8	False
chr11	108368826	108369101	ATM_exon_63	-0.004645	0.149206	8	False
chr11	108474728	108474848	bb.chr11.108474728	0.032654	0.073560	8	False
chr11	109076326	109076446	bb.chr11.109076326	0.016111	0.061952	8	False
chr11	109938629	109938749	bb.chr11.109938629	-0.009826	0.089598	8	False
chr11	110773749	110773869	bb.chr11.110773749	0.002511	0.067908	8	False
chr11	111470504	111470624	bb.chr11.111470504	0.052027	0.107314	8	False
chr11	112167303	112167423	bb.chr11.112167303	-0.022970	0.085808	8	False
chr11	112965014	112965134	bb.chr11.112965014	-0.002825	0.194567	8	False
chr11	113836417	113836537	bb.chr11.113836417	0.038445	0.076208	8	False
chr11	114716372	114716492	bb.chr11.114716372	0.008627	0.098669	8	False
chr11	116067374	116067494	bb.chr11.116067374	-0.001724	0.088100	8	False
chr11	116941348	116941468	bb.chr11.116941348	-0.024764	0.081960	8	False
chr11	118277371	118277491	bb.chr11.118277371	0.053116	0.114864	8	False
chr11	118436490	118436716	KMT2A_exon_1	0.024141	0.207668	8	False
chr11	118436716	118436943	KMT2A_exon_1	0.001197	0.152525	8	False
chr11	118468762	118468882	KMT2A_exon_2	-0.008319	0.050125	8	False
chr11	118471660	118471925	KMT2A_exon_3	-0.034494	0.086613	8	False
chr11	118471925	118472190	KMT2A_exon_3	0.026627	0.035281	8	False
chr11	118472190	118472456	KMT2A_exon_3	-0.005740	0.037731	8	False
chr11	118472456	118472721	KMT2A_exon_3	0.015092	0.031425	8	False
chr11	118472721	118472987	KMT2A_exon_3	-0.020619	0.054617	8	False
chr11	118472987	118473252	KMT2A_exon_3	-0.043344	0.054919	8	False
chr11	118473252	118473517	KMT2A_exon_3	0.019075	0.078688	8	False
chr11	118473517	118473783	KMT2A_exon_3	0.024632	0.049064	8	False
chr11	118473783	118474048	KMT2A_exon_3	0.033626	0.055390	8	False
chr11	118474048	118474314	KMT2A_exon_3	-0.051926	0.054117	8	False
chr11	118476803	118476981	KMT2A_exon_4	-0.061522	0.033194	8	False
chr11	118477965	118478200	KMT2A_exon_5	0.035830	0.032459	8	False
chr11	118480158	118480278	KMT2A_exon_6	-0.004154	0.063223	8	False
chr11	118481713	118482091	KMT2A_exon_7	0.015636	0.036299	8	False
chr11	118482419	118482539	KMT2A_exon_8	-0.011978	0.083651	8	False
chr11	118484181	118484313	KMT2A_exon_9	0.013079	0.059966	8	False
chr11	118484857	118484977	KMT2A_exon_10	-0.002045	0.021486	8	False
chr11	118488612	118488759	KMT2A_exon_11	-0.003238	0.061056	8	False
chr11	118489787	118489907	KMT2A_exon_12	-0.005147	0.075474	8	False
chr11	118490127	118490247	KMT2A_exon_13	0.018875	0.047950	8	False
chr11	118491195	118491315	KMT2A_exon_14	-0.002027	0.033716	8	False
chr11	118491742	118491927	KMT2A_exon_15	-0.074059	0.048442	8	False
chr11	118493055	118493229	KMT2A_exon_16	-0.037739	0.073188	8	False
chr11	118494281	118494401	KMT2A_exon_17	-0.000266	0.055850	8	False
chr11	118494690	118494810	KMT2A_exon_18	0.016181	0.077952	8	False
chr11	118495698	118495892	KMT2A_exon_19	-0.061139	0.053539	8	False
chr11	118496252	118496372	KMT2A_exon_20	0.010012	0.072001	8	False
chr11	118497934	118498072	KMT2A_exon_21	0.027313	0.047764	8	False
chr11	118498368	118498527	KMT2A_exon_22	-0.021191	0.067657	8	False
chr11	118499300	118499420	KMT2A_exon_23	0.056479	0.080081	8	False
chr11	118499827	118499947	KMT2A_exon_24	0.004294	0.064089	8	False
chr11	118500985	118501146	KMT2A_exon_25	-0.049493	0.065787	8	False
chr11	118501670	118501856	KMT2A_exon_26	-0.072220	0.051780	8	False
chr11	118502396	118502661	KMT2A_exon_27	-0.051118	0.052527	8	False
chr11	118502661	118502927	KMT2A_exon_27	0.016080	0.047255	8	False
chr11	118502927	118503192	KMT2A_exon_27	0.012068	0.048842	8	False
chr11	118503192	118503458	KMT2A_exon_27	0.013266	0.028710	8	False
chr11	118503458	118503723	KMT2A_exon_27	-0.016120	0.064518	8	False
chr11	118503723	118503989	KMT2A_exon_27	0.030812	0.064996	8	False
chr11	118503989	118504254	KMT2A_exon_27	0.028747	0.052420	8	False
chr11	118504254	118504520	KMT2A_exon_27	0.008245	0.034698	8	False
chr11	118504520	118504786	KMT2A_exon_27	0.025329	0.042158	8	False
chr11	118504786	118505051	KMT2A_exon_27	-0.000858	0.054056	8	False
chr11	118505051	118505317	KMT2A_exon_27	-0.000761	0.055529	8	False
chr11	118505317	118505582	KMT2A_exon_27	0.016722	0.063675	8	False
chr11	118505582	118505848	KMT2A_exon_27	-0.069207	0.054787	8	False
chr11	118505848	118506113	KMT2A_exon_27	0.011693	0.052233	8	False
chr11	118506113	118506379	KMT2A_exon_27	0.003586	0.054113	8	False
chr11	118506379	118506645	KMT2A_exon_27	-0.051934	0.051196	8	False
chr11	118507520	118507640	KMT2A_exon_28	0.014783	0.064041	8	False
chr11	118509130	118509250	KMT2A_exon_29	-0.014957	0.039847	8	False
chr11	118509946	118510117	KMT2A_exon_30	-0.049689	0.060135	8	False
chr11	118511941	118512061	KMT2A_exon_31	0.013484	0.084870	8	False
chr11	118519616	118519791	KMT2A_exon_32	-0.029046	0.022021	8	False
chr11	118519949	118520069	KMT2A_exon_33	-0.008784	0.052402	8	False
chr11	118520783	118520903	KMT2A_exon_34	-0.027870	0.045343	8	False
chr11	118521291	118521411	KMT2A_exon_35	0.041867	0.074516	8	False
chr11	118521895	118522154	KMT2A_exon_36	-0.027985	0.063626	8	False
chr11	118522154	118522414	KMT2A_exon_36	-0.003325	0.084959	8	False
chr11	118522414	118522674	KMT2A_exon_36	-0.010258	0.037858	8	False
chr11	118522674	118522934	KMT2A_exon_36	0.005857	0.056545	8	False
chr11	118522934	118523193	KMT2A_exon_36	0.004899	0.051051	8	False
chr11	118523193	118523453	KMT2A_exon_36	0.000265	0.050320	8	False
chr11	118523453	118523713	KMT2A_exon_36	-0.071451	0.036852	8	False
chr11	118523713	118523973	KMT2A_exon_36	0.000168	0.037495	8	False
chr11	118523973	118524233	KMT2A_exon_36	-0.028275	0.033433	8	False
chr11	118524233	118524492	KMT2A_exon_36	-0.000832	0.043939	8	False
chr11	118524492	118524752	KMT2A_exon_36	-0.013804	0.043620	8	False
chr11	118524752	118525012	KMT2A_exon_36	-0.021403	0.043981	8	False
chr11	118525012	118525272	KMT2A_exon_36	0.028960	0.051252	8	False
chr11	118525272	118525532	KMT2A_exon_36	0.002448	0.040619	8	False
chr11	118525532	118525791	KMT2A_exon_36	-0.011669	0.051452	8	False
chr11	118525791	118526051	KMT2A_exon_36	-0.025484	0.026670	8	False
chr11	118526051	118526311	KMT2A_exon_36	0.000346	0.030677	8	False
chr11	118526311	118526571	KMT2A_exon_36	-0.015499	0.030724	8	False
chr11	118526571	118526831	KMT2A_exon_36	-0.042927	0.030317	8	False
chr11	118884969	118885089	bb.chr11.118884969	0.106307	0.081233	8	False
chr11	119206337	119206611	CBL_exon_1	-0.015701	0.122185	8	False
chr11	119232446	119232566	CBL_exon_2	0.002169	0.054863	8	False
chr11	119232574	119232694	CBL_exon_2	0.033019	0.057519	8	False
chr11	119271733	119271880	CBL_exon_3	0.003007	0.072983	8	False
chr11	119273866	119274023	CBL_exon_4	-0.038370	0.038815	8	False
chr11	119274831	119274951	CBL_exon_5	-0.004290	0.041360	8	False
chr11	119275995	119276133	CBL_exon_6	0.020163	0.070384	8	False
chr11	119277732	119277852	CBL_exon_7	0.029403	0.070442	8	False
chr11	119278164	119278296	CBL_exon_8	0.022685	0.046339	8	False
chr11	119278508	119278712	CBL_exon_9	0.023480	0.043302	8	False
chr11	119284967	119285099	CBL_exon_10	0.033271	0.051031	8	False
chr11	119285187	119285565	CBL_exon_11	0.021508	0.036053	8	False
chr11	119287842	119287962	CBL_exon_12	0.002686	0.065532	8	False
chr11	119296914	119297034	CBL_exon_13	0.005130	0.074318	8	False
chr11	119297362	119297482	CBL_exon_14	0.059682	0.074215	8	False
chr11	119298356	119298539	CBL_exon_15	-0.075757	0.042795	8	False
chr11	119299493	119299767	CBL_exon_16	-0.001495	0.070389	8	False
chr11	119299767	119300042	CBL_exon_16	0.006153	0.053977	8	False
chr11	119300042	119300317	CBL_exon_16	0.017169	0.043948	8	False
chr11	119300317	119300591	CBL_exon_16	-0.013627	0.054873	8	False
chr11	119300591	119300866	CBL_exon_16	-0.005973	0.038472	8	False
chr11	119300866	119301141	CBL_exon_16	0.058285	0.028384	8	False
chr11	119301158	119301422	CBL_exon_16	0.056852	0.049768	8	False
chr11	119301422	119301686	CBL_exon_16	0.016907	0.043313	8	False
chr11	119301686	119301950	CBL_exon_16	0.020463	0.051761	8	False
chr11	119301950	119302214	CBL_exon_16	0.016653	0.051502	8	False
chr11	119302214	119302479	CBL_exon_16	0.003240	0.035299	8	False
chr11	119302479	119302743	CBL_exon_16	0.033091	0.054793	8	False
chr11	119302743	119303007	CBL_exon_16	0.005590	0.024974	8	False
chr11	119303007	119303271	CBL_exon_16	0.000277	0.056960	8	False
chr11	119303271	119303536	CBL_exon_16	0.007301	0.050346	8	False
chr11	119303536	119303800	CBL_exon_16	0.020103	0.057850	8	False
chr11	119303800	119304064	CBL_exon_16	-0.058006	0.062813	8	False
chr11	119304064	119304328	CBL_exon_16	-0.020346	0.063227	8	False
chr11	119304328	119304593	CBL_exon_16	-0.055566	0.045891	8	False
chr11	119304947	119305213	CBL_exon_16	-0.049580	0.038637	8	False
chr11	119305213	119305480	CBL_exon_16	0.001042	0.043952	8	False
chr11	119305480	119305747	CBL_exon_16	-0.031622	0.049145	8	False
chr11	119305747	119306014	CBL_exon_16	0.007292	0.035267	8	False
chr11	119306014	119306280	CBL_exon_16	0.049041	0.029625	8	False
chr11	119306280	119306547	CBL_exon_16	-0.015454	0.077749	8	False
chr11	119306547	119306814	CBL_exon_16	0.010308	0.043943	8	False
chr11	119306814	119307081	CBL_exon_16	-0.043365	0.046648	8	False
chr11	119307081	119307347	CBL_exon_16	-0.043081	0.041803	8	False
chr11	119307347	119307614	CBL_exon_16	-0.007686	0.062051	8	False
chr11	119307614	119307881	CBL_exon_16	-0.002633	0.047056	8	False
chr11	119307881	119308148	CBL_exon_16	-0.035668	0.082287	8	False
chr11	119689679	119689799	bb.chr11.119689679	0.024514	0.065264	8	False
chr11	120537302	120537422	bb.chr11.120537302	-0.002507	0.103019	8	False
chr11	121361044	121361164	bb.chr11.121361044	-0.034908	0.138567	8	False
chr11	122035835	122035955	bb.chr11.122035835	-0.019860	0.080033	8	False
chr11	122755666	122755786	bb.chr11.122755666	0.017127	0.066047	8	False
chr11	123584341	123584461	bb.chr11.123584341	-0.023681	0.229201	8	False
chr11	124443122	124443242	bb.chr11.124443122	-0.008736	0.065450	8	False
chr11	125097531	125097651	bb.chr11.125097531	-0.013664	0.074037	8	False
chr11	126387128	126387248	bb.chr11.126387128	0.031302	0.067786	8	False
chr11	127300005	127300125	bb.chr11.127300005	-0.001009	0.050669	8	False
chr11	128039441	128039561	bb.chr11.128039441	0.027233	0.093573	8	False
chr11	128889213	128889333	bb.chr11.128889213	-0.030424	0.080295	8	False
chr11	129722525	129722645	bb.chr11.129722525	0.012199	0.070812	8	False
chr11	130401723	130401843	bb.chr11.130401723	0.002893	0.082569	8	False
chr11	131376607	131376727	bb.chr11.131376607	0.012761	0.062225	8	False
chr11	132176308	132176428	bb.chr11.132176308	0.022768	0.087695	8	False
chr11	132812262	132812382	bb.chr11.132812262	-0.011333	0.104100	8	False
chr11	133618960	133619080	bb.chr11.133618960	0.019732	0.068773	8	False
chr11	134466933	134467053	bb.chr11.134466933	-0.018329	0.053091	8	False
chr12	189274	189394	bb.chr12.189274	-0.022689	0.102792	8	False
chr12	865129	865249	bb.chr12.865129	0.012914	0.094945	8	False
chr12	1498268	1498388	bb.chr12.1498268	0.018924	0.055116	8	False
chr12	2448703	2448823	bb.chr12.2448703	-0.004590	0.047641	8	False
chr12	3460219	3460339	bb.chr12.3460219	-0.004581	0.041714	8	False
chr12	5247785	5247905	bb.chr12.5247785	-0.021693	0.058295	8	False
chr12	5874671	5874791	bb.chr12.5874671	0.012906	0.067267	8	False
chr12	6789295	6789415	bb.chr12.6789295	-0.007128	0.083031	8	False
chr12	7653910	7654030	bb.chr12.7653910	-0.006756	0.166491	8	False
chr12	8842555	8842675	bb.chr12.8842555	-0.016884	0.127592	8	False
chr12	9681553	9681673	bb.chr12.9681553	-0.016569	0.074408	8	False
chr12	11519492	11519612	bb.chr12.11519492	-0.003421	0.099163	8	False
chr12	11649672	11649792	ETV6_exon_1	-0.064609	0.159071	8	False
chr12	11649794	11649914	ETV6_exon_1	-0.124625	0.284076	8	False
chr12	11649917	11650037	ETV6_exon_1	-0.074324	0.144642	8	False
chr12	11650039	11650159	ETV6_exon_1	-0.039557	0.086907	8	False
chr12	11752453	11752573	ETV6_exon_2	0.018885	0.077386	8	False
chr12	11839138	11839303	ETV6_exon_3	-0.045452	0.067738	8	False
chr12	11853425	11853560	ETV6_exon_4	0.023792	0.029132	8	False
chr12	11869422	11869695	ETV6_exon_5	-0.010913	0.057382	8	False
chr12	11869695	11869968	ETV6_exon_5	-0.003142	0.056569	8	False
chr12	11884443	11884586	ETV6_exon_6	0.004610	0.050548	8	False
chr12	11885917	11886037	ETV6_exon_7	-0.015612	0.029978	8	False
chr12	11890939	11891214	ETV6_exon_8	-0.000569	0.050178	8	False
chr12	11891214	11891490	ETV6_exon_8	-0.086594	0.054961	8	False
chr12	11891490	11891766	ETV6_exon_8	-0.018855	0.072850	8	False
chr12	11891766	11892042	ETV6_exon_8	-0.086782	0.051477	8	False
chr12	11892042	11892318	ETV6_exon_8	-0.028855	0.046181	8	False
chr12	11892318	11892594	ETV6_exon_8	0.028661	0.050292	8	False
chr12	11892594	11892870	ETV6_exon_8	0.033502	0.047867	8	False
chr12	11892870	11893146	ETV6_exon_8	0.000099	0.071118	8	False
chr12	11893146	11893422	ETV6_exon_8	0.005065	0.103754	8	False
chr12	11893422	11893698	ETV6_exon_8	0.022474	0.091687	8	False
chr12	11893945	11894231	ETV6_exon_8	0.080848	0.061630	8	False
chr12	11894231	11894517	ETV6_exon_8	0.027438	0.043644	8	False
chr12	11894517	11894803	ETV6_exon_8	0.011356	0.048602	8	False
chr12	11894803	11895089	ETV6_exon_8	0.026270	0.028174	8	False
chr12	11895089	11895376	ETV6_exon_8	0.051644	0.079877	8	False
chr12	12683094	12683214	bb.chr12.12683094	-0.180422	0.403746	8	True
chr12	12717366	12717602	CDKN1B_exon_1	-0.001276	0.057637	8	False
chr12	12717602	12717839	CDKN1B_exon_1	-0.039367	0.075731	8	False
chr12	12717839	12718076	CDKN1B_exon_1	-0.009861	0.069455	8	False
chr12	12718076	12718313	CDKN1B_exon_1	0.005155	0.065555	8	False
chr12	12718828	12718948	CDKN1B_exon_2	-0.016774	0.078628	8	False
chr12	12721034	12721300	CDKN1B_exon_3	-0.078716	0.070474	8	False
chr12	12721300	12721567	CDKN1B_exon_3	-0.061298	0.061969	8	False
chr12	12721567	12721834	CDKN1B_exon_3	0.020580	0.043482	8	False
chr12	12721834	12722101	CDKN1B_exon_3	0.003222	0.082036	8	False
chr12	12722101	12722368	CDKN1B_exon_3	-0.057451	0.051428	8	False
chr12	13527628	13527748	bb.chr12.13527628	0.035716	0.062737	8	False
chr12	14478117	14478237	bb.chr12.14478117	-0.076180	0.222684	8	False
chr12	15459846	15459966	bb.chr12.15459846	0.008865	0.072243	8	False
chr12	16079088	16079208	bb.chr12.16079088	-0.020361	0.119822	8	False
chr12	16848823	16848943	bb.chr12.16848823	-0.008221	0.115965	8	False
chr12	17462053	17462173	bb.chr12.17462053	-0.089407	0.342341	8	True
chr12	18404033	18404153	bb.chr12.18404033	-0.011447	0.168943	8	False
chr12	19553670	19553790	bb.chr12.19553670	0.018004	0.043302	8	False
chr12	20449854	20449974	bb.chr12.20449854	-0.022409	0.097964	8	False
chr12	21638417	21638537	bb.chr12.21638417	-0.008630	0.069535	8	False
chr12	22242850	22242970	bb.chr12.22242850	-0.016422	0.107622	8	False
chr12	22625169	22625377	ETNK1_exon_1	0.028689	0.104968	8	False
chr12	22625377	22625585	ETNK1_exon_1	0.028747	0.105986	8	False
chr12	22643761	22644021	ETNK1_exon_2	-0.031095	0.048913	8	False
chr12	22659012	22659153	ETNK1_exon_3	0.032027	0.061050	8	False
chr12	22661061	22661204	ETNK1_exon_4	0.011043	0.075808	8	False
chr12	22671252	22671372	ETNK1_exon_5	0.018872	0.064758	8	False
chr12	22673498	22673659	ETNK1_exon_6	-0.040356	0.056665	8	False
chr12	22684480	22684600	ETNK1_exon_7	0.071581	0.055842	8	False
chr12	22684880	22685150	ETNK1_exon_8	-0.036439	0.057040	8	False
chr12	22685150	22685420	ETNK1_exon_8	0.000513	0.053384	8	False
chr12	22685420	22685690	ETNK1_exon_8	-0.028678	0.042559	8	False
chr12	22685690	22685960	ETNK1_exon_8	0.025064	0.149025	8	False
chr12	22685960	22686230	ETNK1_exon_8	-0.053527	0.043380	8	False
chr12	22686230	22686500	ETNK1_exon_8	-0.001396	0.067504	8	False
chr12	22686500	22686770	ETNK1_exon_8	0.046336	0.050542	8	False
chr12	22686886	22687155	ETNK1_exon_8	0.015528	0.037769	8	False
chr12	22687155	22687425	ETNK1_exon_8	-0.007125	0.060683	8	False
chr12	22687425	22687695	ETNK1_exon_8	0.015199	0.036997	8	False
chr12	22687695	22687965	ETNK1_exon_8	-0.004291	0.039032	8	False
chr12	22687965	22688235	ETNK1_exon_8	-0.006643	0.066864	8	False
chr12	22688235	22688505	ETNK1_exon_8	-0.151689	0.311359	8	True
chr12	22688505	22688774	ETNK1_exon_8	-0.026676	0.059957	8	False
chr12	22688774	22689044	ETNK1_exon_8	-0.019149	0.041952	8	False
chr12	22689044	22689314	ETNK1_exon_8	-0.000454	0.058739	8	False
chr12	22689314	22689584	ETNK1_exon_8	-0.021875	0.051664	8	False
chr12	22689584	22689854	ETNK1_exon_8	-0.004848	0.076079	8	False
chr12	22689854	22690124	ETNK1_exon_8	-0.009903	0.034733	8	False
chr12	22690124	22690394	ETNK1_exon_8	0.006705	0.057722	8	False
chr12	22690394	22690664	ETNK1_exon_8	-0.037531	0.075160	8	False
chr12	23057287	23057407	bb.chr12.23057287	-0.063868	0.242404	8	False
chr12	23738348	23738468	bb.chr12.23738348	0.031644	0.085407	8	False
chr12	25205244	25205496	KRAS_exon_5	-0.050989	0.060815	8	False
chr12	25205496	25205749	KRAS_exon_5	-0.048426	0.054085	8	False
chr12	25205749	25206001	KRAS_exon_5	-0.066108	0.308469	8	True
chr12	25206001	25206254	KRAS_exon_5	0.002213	0.165920	8	False
chr12	25206254	25206507	KRAS_exon_5	-0.030870	0.215768	8	False
chr12	25206507	25206759	KRAS_exon_5	0.006544	0.055784	8	False
chr12	25206759	25207012	KRAS_exon_5	-0.047970	0.149267	8	False
chr12	25207012	25207265	KRAS_exon_5	-0.044327	0.042670	8	False
chr12	25207518	25207783	KRAS_exon_5	-0.067745	0.038741	8	False
chr12	25207783	25208049	KRAS_exon_5	-0.017005	0.038262	8	False
chr12	25208049	25208315	KRAS_exon_5	-0.008404	0.067230	8	False
chr12	25208315	25208581	KRAS_exon_5	-0.040656	0.059072	8	False
chr12	25208581	25208846	KRAS_exon_5	-0.019507	0.054648	8	False
chr12	25208846	25209112	KRAS_exon_5	0.010205	0.073440	8	False
chr12	25209112	25209378	KRAS_exon_5	-0.080119	0.059370	8	False
chr12	25209378	25209644	KRAS_exon_5	-0.013053	0.069171	8	False
chr12	25209644	25209910	KRAS_exon_5	-0.069882	0.062751	8	False
chr12	25225612	25225772	KRAS_exon_4	-0.042976	0.067672	8	False
chr12	25227232	25227411	KRAS_exon_3	-0.070751	0.047332	8	False
chr12	25245273	25245393	KRAS_exon_2	-0.008723	0.046898	8	False
chr12	25250749	25250928	KRAS_exon_1	-0.091280	0.149904	8	False
chr12	25264300	25264420	bb.chr12.25264300	0.005022	0.101162	8	False
chr12	26439295	26439415	bb.chr12.26439295	0.023230	0.104848	8	False
chr12	27621681	27621801	bb.chr12.27621681	-0.000505	0.313535	8	True
chr12	28556707	28556827	bb.chr12.28556707	0.007171	0.084713	8	False
chr12	29415012	29415132	bb.chr12.29415012	-0.092094	0.326934	8	True
chr12	30346302	30346422	bb.chr12.30346302	0.007851	0.034799	8	False
chr12	31195933	31196053	bb.chr12.31195933	-0.074237	0.303920	8	True
chr12	32079228	32079348	bb.chr12.32079228	-0.021096	0.058253	8	False
chr12	32882447	32882567	bb.chr12.32882447	0.009535	0.072383	8	False
chr12	33581788	33581908	bb.chr12.33581788	0.002338	0.060103	8	False
chr12	38329419	38329539	bb.chr12.38329419	-0.056858	0.132192	8	False
chr12	39181132	39181252	bb.chr12.39181132	-0.012529	0.160092	8	False
chr12	39796444	39796564	bb.chr12.39796444	0.019265	0.082211	8	False
chr12	40509238	40509358	bb.chr12.40509238	-0.002741	0.037385	8	False
chr12	41711547	41711667	bb.chr12.41711547	-0.110791	0.387957	8	True
chr12	42904048	42904168	bb.chr12.42904048	-0.016202	0.090931	8	False
chr12	43547481	43547601	bb.chr12.43547481	-0.001969	0.050023	8	False
chr12	44616378	44616498	bb.chr12.44616378	-0.064427	0.181492	8	False
chr12	45329156	45329276	bb.chr12.45329156	-0.077165	0.276105	8	False
chr12	46207213	46207333	bb.chr12.46207213	0.042800	0.088981	8	False
chr12	47088823	47088943	bb.chr12.47088823	-0.003846	0.046395	8	False
chr12	48151710	48151830	bb.chr12.48151710	-0.086669	0.223950	8	False
chr12	48883488	48883608	bb.chr12.48883488	-0.005695	0.210644	8	False
chr12	49623516	49623636	PRPF40B_exon_1	-0.030276	0.158234	8	False
chr12	49630522	49630642	PRPF40B_exon_2	-0.043498	0.057373	8	False
chr12	49631399	49631543	PRPF40B_exon_3	0.010036	0.089932	8	False
chr12	49631819	49631939	PRPF40B_exon_4	-0.017316	0.073724	8	False
chr12	49632514	49632634	PRPF40B_exon_5	-0.003916	0.077889	8	False
chr12	49632825	49632945	PRPF40B_exon_6	-0.026097	0.070940	8	False
chr12	49633007	49633127	PRPF40B_exon_7	-0.016717	0.102948	8	False
chr12	49633425	49633545	PRPF40B_exon_8	-0.025755	0.059193	8	False
chr12	49633588	49633708	PRPF40B_exon_9	-0.005560	0.036418	8	False
chr12	49633884	49634091	PRPF40B_exon_10	0.066053	0.082916	8	False
chr12	49634332	49634452	PRPF40B_exon_11	0.019674	0.055883	8	False
chr12	49634521	49634641	PRPF40B_exon_12	-0.001918	0.056575	8	False
chr12	49635097	49635262	PRPF40B_exon_13	0.033259	0.079542	8	False
chr12	49635357	49635477	PRPF40B_exon_14	0.017629	0.060328	8	False
chr12	49635841	49635992	PRPF40B_exon_15	0.005226	0.068238	8	False
chr12	49636714	49636848	PRPF40B_exon_16	0.018031	0.065558	8	False
chr12	49637465	49637585	PRPF40B_exon_17	-0.114019	0.061469	8	False
chr12	49637707	49637827	PRPF40B_exon_18	-0.094805	0.071759	8	False
chr12	49641904	49642024	PRPF40B_exon_19	0.028618	0.064071	8	False
chr12	49642233	49642371	PRPF40B_exon_20	-0.006631	0.076008	8	False
chr12	49642570	49642690	PRPF40B_exon_21	0.024229	0.091872	8	False
chr12	49642921	49643041	PRPF40B_exon_22	0.019067	0.053591	8	False
chr12	49643221	49643396	PRPF40B_exon_23	-0.083116	0.043807	8	False
chr12	49643689	49643809	PRPF40B_exon_24	-0.018002	0.081299	8	False
chr12	49643859	49644003	PRPF40B_exon_25	0.075775	0.075723	8	False
chr12	49644098	49644381	PRPF40B_exon_26	0.079180	0.052793	8	False
chr12	49644381	49644664	PRPF40B_exon_26	0.026576	0.045313	8	False
chr12	49967257	49967377	bb.chr12.49967257	0.034467	0.070466	8	False
chr12	50956442	50956562	bb.chr12.50956442	0.016506	0.250703	8	False
chr12	52451039	52451159	bb.chr12.52451039	-0.222923	0.487965	8	True
chr12	53289142	53289262	bb.chr12.53289142	0.032801	0.060407	8	False
chr12	54217186	54217306	bb.chr12.54217186	0.011829	0.056672	8	False
chr12	54292109	54292363	NFE2_exon_3	-0.023240	0.086203	8	False
chr12	54292363	54292617	NFE2_exon_3	0.001858	0.048887	8	False
chr12	54292617	54292871	NFE2_exon_3	0.011751	0.048492	8	False
chr12	54292871	54293125	NFE2_exon_3	0.006213	0.041342	8	False
chr12	54293125	54293380	NFE2_exon_3	-0.029792	0.062646	8	False
chr12	54295133	54295303	NFE2_exon_2	-0.049456	0.044375	8	False
chr12	54300799	54301014	NFE2_exon_1	0.011419	0.067321	8	False
chr12	55368675	55368795	bb.chr12.55368675	-0.000488	0.155798	8	False
chr12	57268720	57268840	bb.chr12.57268720	-0.054202	0.225320	8	False
chr12	58410346	58410466	bb.chr12.58410346	0.004384	0.065800	8	False
chr12	59314986	59315106	bb.chr12.59314986	-0.019858	0.164045	8	False
chr12	60187131	60187251	bb.chr12.60187131	-0.041276	0.183005	8	False
chr12	60877726	60877846	bb.chr12.60877726	-0.071506	0.200263	8	False
chr12	61987572	61987692	bb.chr12.61987572	-0.049894	0.165278	8	False
chr12	62610162	62610282	bb.chr12.62610162	-0.020892	0.085194	8	False
chr12	63439631	63439751	bb.chr12.63439631	-0.015976	0.094899	8	False
chr12	64109188	64109308	bb.chr12.64109188	-0.006666	0.120891	8	False
chr12	64992579	64992699	bb.chr12.64992579	0.044224	0.085077	8	False
chr12	65838333	65838453	bb.chr12.65838333	-0.019490	0.080493	8	False
chr12	66795297	66795417	bb.chr12.66795297	-0.002396	0.047987	8	False
chr12	67885439	67885559	bb.chr12.67885439	-0.013670	0.037882	8	False
chr12	68488200	68488320	bb.chr12.68488200	-0.020060	0.080924	8	False
chr12	69179703	69179823	bb.chr12.69179703	-0.027802	0.171712	8	False
chr12	69816252	69816372	bb.chr12.69816252	-0.179327	0.881879	8	True
chr12	70622801	70622921	bb.chr12.70622801	-0.011437	0.146691	8	False
chr12	71351261	71351381	bb.chr12.71351261	-0.049861	0.090046	8	False
chr12	71952960	71953080	bb.chr12.71952960	-0.074448	0.322136	8	True
chr12	73135849	73135969	bb.chr12.73135849	-0.013218	0.157121	8	False
chr12	73780334	73780454	bb.chr12.73780334	-0.023529	0.160995	8	False
chr12	74477813	74477933	bb.chr12.74477813	-0.245114	0.556546	8	True
chr12	75448976	75449096	bb.chr12.75448976	-0.003123	0.132263	8	False
chr12	76882403	76882523	bb.chr12.76882403	-0.009609	0.120403	8	False
chr12	77858869	77858989	bb.chr12.77858869	-0.000672	0.093628	8	False
chr12	78633580	78633700	bb.chr12.78633580	-0.059212	0.283971	8	False
chr12	79303447	79303567	bb.chr12.79303447	-0.066973	0.251982	8	False
chr12	80744082	80744202	bb.chr12.80744082	0.005255	0.084258	8	False
chr12	81486700	81486820	bb.chr12.81486700	-0.032461	0.157574	8	False
chr12	82276671	82276791	bb.chr12.82276671	0.020811	0.089095	8	False
chr12	82880402	82880522	bb.chr12.82880402	-0.025578	0.067873	8	False
chr12	84833803	84833923	bb.chr12.84833803	-0.056300	0.169962	8	False
chr12	85600570	85600690	bb.chr12.85600570	-0.247631	0.593627	8	True
chr12	86259790	86259910	bb.chr12.86259790	-0.017944	0.052212	8	False
chr12	87329510	87329630	bb.chr12.87329510	0.025390	0.050734	8	False
chr12	87953320	87953440	bb.chr12.87953320	-0.080522	0.429707	8	True
chr12	89729052	89729172	bb.chr12.89729052	-1.534129	2.513139	8	True
chr12	90355495	90355615	bb.chr12.90355495	-0.066546	0.336049	8	True
chr12	91289802	91289922	bb.chr12.91289802	-0.148777	0.444589	8	True
chr12	92140276	92140536	BTG1_exon_2	-0.084560	0.101464	8	False
chr12	92140536	92140797	BTG1_exon_2	0.008033	0.080044	8	False
chr12	92140797	92141057	BTG1_exon_2	-0.041088	0.096814	8	False
chr12	92141057	92141318	BTG1_exon_2	-0.003821	0.080850	8	False
chr12	92141318	92141579	BTG1_exon_2	0.003415	0.094629	8	False
chr12	92141579	92141839	BTG1_exon_2	-0.029586	0.061111	8	False
chr12	92141839	92142100	BTG1_exon_2	-0.027363	0.090193	8	False
chr12	92142100	92142361	BTG1_exon_2	-0.028484	0.114845	8	False
chr12	92142361	92142621	BTG1_exon_2	-0.026580	0.102532	8	False
chr12	92142621	92142882	BTG1_exon_2	0.001043	0.104851	8	False
chr12	92142882	92143142	BTG1_exon_2	-0.010151	0.101935	8	False
chr12	92143142	92143403	BTG1_exon_2	-0.007623	0.088558	8	False
chr12	92143403	92143664	BTG1_exon_2	-0.023700	0.102948	8	False
chr12	92143664	92143924	BTG1_exon_2	0.009925	0.086821	8	False
chr12	92143924	92144185	BTG1_exon_2	-0.064147	0.030391	8	False
chr12	92144185	92144446	BTG1_exon_2	-0.062138	0.088837	8	False
chr12	92145386	92145615	BTG1_exon_1	0.009394	0.131512	8	False
chr12	92145615	92145845	BTG1_exon_1	0.013855	0.089780	8	False
chr12	93362322	93362442	bb.chr12.93362322	-0.019888	0.110530	8	False
chr12	94259391	94259511	bb.chr12.94259391	-0.045532	0.216478	8	False
chr12	96334188	96334308	bb.chr12.96334188	-0.005066	0.233822	8	False
chr12	96947644	96947764	bb.chr12.96947644	-0.027945	0.068183	8	False
chr12	97829102	97829222	bb.chr12.97829102	-0.070278	0.310364	8	True
chr12	99420363	99420483	bb.chr12.99420363	-0.060024	0.168198	8	False
chr12	100833610	100833730	bb.chr12.100833610	0.015333	0.091752	8	False
chr12	101749472	101749592	bb.chr12.101749472	0.055957	0.124520	8	False
chr12	103218467	103218587	bb.chr12.103218467	-0.007729	0.084028	8	False
chr12	103818793	103818913	bb.chr12.103818793	0.010758	0.111548	8	False
chr12	104425269	104425389	bb.chr12.104425269	-0.011355	0.065225	8	False
chr12	105048348	105048468	bb.chr12.105048348	0.002865	0.076165	8	False
chr12	105939002	105939122	bb.chr12.105939002	-0.031312	0.240272	8	False
chr12	106897545	106897665	bb.chr12.106897545	0.009882	0.060729	8	False
chr12	107713078	107713198	bb.chr12.107713078	-0.001622	0.140294	8	False
chr12	108900215	108900335	bb.chr12.108900215	0.027016	0.084958	8	False
chr12	109737525	109737645	bb.chr12.109737525	0.004679	0.035267	8	False
chr12	110820314	110820434	bb.chr12.110820314	0.030348	0.084377	8	False
chr12	111405921	111406276	SH2B3_exon_1	-0.011957	0.118950	8	False
chr12	111418117	111418370	SH2B3_exon_2	-0.041831	0.075355	8	False
chr12	111418370	111418623	SH2B3_exon_2	-0.023525	0.153763	8	False
chr12	111418623	111418876	SH2B3_exon_2	-0.047487	0.100906	8	False
chr12	111446752	111446872	SH2B3_exon_3	-0.052311	0.058762	8	False
chr12	111446920	111447040	SH2B3_exon_4	-0.043836	0.059896	8	False
chr12	111447113	111447233	SH2B3_exon_5	0.000591	0.043422	8	False
chr12	111447328	111447543	SH2B3_exon_6	-0.020756	0.052898	8	False
chr12	111447654	111447826	SH2B3_exon_7	-0.050221	0.066307	8	False
chr12	111447981	111448264	SH2B3_exon_8	0.030508	0.064242	8	False
chr12	111448264	111448547	SH2B3_exon_8	0.007670	0.050996	8	False
chr12	111448547	111448831	SH2B3_exon_8	0.012344	0.053126	8	False
chr12	111448831	111449114	SH2B3_exon_8	0.021007	0.044309	8	False
chr12	111449114	111449398	SH2B3_exon_8	0.004171	0.047960	8	False
chr12	111449398	111449681	SH2B3_exon_8	-0.016013	0.039088	8	False
chr12	111449681	111449965	SH2B3_exon_8	0.057127	0.036342	8	False
chr12	111450226	111450505	SH2B3_exon_8	0.005536	0.038482	8	False
chr12	111450505	111450784	SH2B3_exon_8	0.004474	0.067613	8	False
chr12	111450784	111451063	SH2B3_exon_8	-0.003463	0.112898	8	False
chr12	111451063	111451342	SH2B3_exon_8	0.003283	0.071349	8	False
chr12	111451342	111451622	SH2B3_exon_8	0.021116	0.081137	8	False
chr12	112418945	112419124	PTPN11_exon_1	-0.094506	0.133811	8	False
chr12	112446275	112446395	PTPN11_exon_2	0.007326	0.063972	8	False
chr12	112450316	112450511	PTPN11_exon_3	-0.066795	0.028180	8	False
chr12	112453193	112453386	PTPN11_exon_4	-0.087842	0.066691	8	False
chr12	112454560	112454680	PTPN11_exon_5	0.043678	0.073207	8	False
chr12	112455945	112456065	PTPN11_exon_6	0.030952	0.056088	8	False
chr12	112472939	112473059	PTPN11_exon_7	0.061491	0.068562	8	False
chr12	112477611	112477731	PTPN11_exon_8	-0.101946	0.065406	8	False
chr12	112477855	112478014	PTPN11_exon_9	-0.014171	0.102426	8	False
chr12	112482072	112482204	PTPN11_exon_10	0.008372	0.041520	8	False
chr12	112486473	112486628	PTPN11_exon_11	-0.038707	0.079372	8	False
chr12	112488415	112488535	PTPN11_exon_12	0.028805	0.085446	8	False
chr12	112489022	112489174	PTPN11_exon_13	-0.016152	0.061559	8	False
chr12	112502138	112502258	PTPN11_exon_14	0.065193	0.074759	8	False
chr12	112504681	112504801	PTPN11_exon_15	-0.006961	0.062535	8	False
chr12	112505823	112506095	PTPN11_exon_16	-0.025759	0.041527	8	False
chr12	112506095	112506368	PTPN11_exon_16	-0.004199	0.072359	8	False
chr12	112506368	112506641	PTPN11_exon_16	-0.002312	0.077058	8	False
chr12	112506641	112506914	PTPN11_exon_16	-0.006374	0.062548	8	False
chr12	112506914	112507187	PTPN11_exon_16	0.018114	0.068402	8	False
chr12	112507187	112507460	PTPN11_exon_16	0.019988	0.063917	8	False
chr12	112507460	112507733	PTPN11_exon_16	0.006848	0.054391	8	False
chr12	112507733	112508006	PTPN11_exon_16	-0.041009	0.041058	8	False
chr12	112508006	112508279	PTPN11_exon_16	0.012863	0.028964	8	False
chr12	112508279	112508552	PTPN11_exon_16	-0.045137	0.055022	8	False
chr12	112508552	112508825	PTPN11_exon_16	0.008833	0.044051	8	False
chr12	112508825	112509098	PTPN11_exon_16	0.032337	0.054384	8	False
chr12	112509098	112509371	PTPN11_exon_16	-0.012476	0.047213	8	False
chr12	112509371	112509644	PTPN11_exon_16	0.058750	0.064332	8	False
chr12	112509644	112509917	PTPN11_exon_16	-0.029479	0.048223	8	False
chr12	113035850	113035970	bb.chr12.113035850	0.017705	0.078625	8	False
chr12	113924941	113925061	bb.chr12.113924941	0.056151	0.053049	8	False
chr12	114539149	114539269	bb.chr12.114539149	0.087822	0.122285	8	False
chr12	115145935	115146055	bb.chr12.115145935	0.040627	0.071162	8	False
chr12	115986800	115986920	bb.chr12.115986800	0.016425	0.064844	8	False
chr12	116904368	116904488	bb.chr12.116904368	-0.011267	0.155031	8	False
chr12	117518167	117518287	bb.chr12.117518167	0.001686	0.044665	8	False
chr12	118137231	118137351	bb.chr12.118137231	0.025043	0.081002	8	False
chr12	118938750	118938870	bb.chr12.118938750	-0.001614	0.081635	8	False
chr12	119789556	119789676	bb.chr12.119789556	-0.211198	0.678710	8	True
chr12	120764801	120764921	bb.chr12.120764801	0.014376	0.072090	8	False
chr12	121392080	121392200	bb.chr12.121392080	0.005194	0.123179	8	False
chr12	121803993	121804113	SETD1B_exon_1	-0.003908	0.194298	8	False
chr12	121804128	121804248	SETD1B_exon_1	-0.051214	0.163488	8	False
chr12	121804722	121804910	SETD1B_exon_2	-0.074193	0.122409	8	False
chr12	121805102	121805222	SETD1B_exon_3	-0.002849	0.090614	8	False
chr12	121805833	121806104	SETD1B_exon_4	-0.025328	0.078444	8	False
chr12	121808202	121808322	SETD1B_exon_5	-0.010526	0.090795	8	False
chr12	121809601	121809847	SETD1B_exon_6	-0.014432	0.037077	8	False
chr12	121809847	121810094	SETD1B_exon_6	-0.003638	0.060565	8	False
chr12	121810094	121810340	SETD1B_exon_6	-0.031653	0.110359	8	False
chr12	121810340	121810587	SETD1B_exon_6	0.011276	0.090369	8	False
chr12	121810587	121810834	SETD1B_exon_6	-0.032623	0.082046	8	False
chr12	121814104	121814379	SETD1B_exon_7	-0.015487	0.087937	8	False
chr12	121814379	121814654	SETD1B_exon_7	-0.025404	0.147153	8	False
chr12	121814654	121814929	SETD1B_exon_7	-0.010156	0.074376	8	False
chr12	121817031	121817293	SETD1B_exon_8	0.007807	0.072925	8	False
chr12	121817368	121817703	SETD1B_exon_9	0.052995	0.093392	8	False
chr12	121817790	121817910	SETD1B_exon_10	0.043762	0.061144	8	False
chr12	121819402	121819648	SETD1B_exon_11	-0.005097	0.070040	8	False
chr12	121819648	121819894	SETD1B_exon_11	-0.015004	0.059902	8	False
chr12	121822488	121822740	SETD1B_exon_12	-0.048611	0.082015	8	False
chr12	121822740	121822992	SETD1B_exon_12	0.003551	0.091508	8	False
chr12	121822992	121823244	SETD1B_exon_12	-0.029790	0.127792	8	False
chr12	121823244	121823496	SETD1B_exon_12	0.026522	0.106197	8	False
chr12	121823496	121823748	SETD1B_exon_12	-0.055318	0.063109	8	False
chr12	121825198	121825365	SETD1B_exon_13	-0.048319	0.052554	8	False
chr12	121827517	121827649	SETD1B_exon_14	0.044135	0.068426	8	False
chr12	121827733	121827853	SETD1B_exon_15	0.032019	0.032475	8	False
chr12	121827931	121828069	SETD1B_exon_16	0.010274	0.040765	8	False
chr12	121830064	121830316	SETD1B_exon_17	-0.061005	0.042774	8	False
chr12	121830316	121830569	SETD1B_exon_17	0.012715	0.098828	8	False
chr12	121830569	121830821	SETD1B_exon_17	0.013936	0.067773	8	False
chr12	121830821	121831074	SETD1B_exon_17	0.018386	0.063052	8	False
chr12	121831074	121831326	SETD1B_exon_17	-0.029645	0.092175	8	False
chr12	121831326	121831579	SETD1B_exon_17	-0.022997	0.078289	8	False
chr12	121831579	121831832	SETD1B_exon_17	0.023348	0.037368	8	False
chr12	121831948	121832183	SETD1B_exon_17	0.022235	0.031177	8	False
chr12	121832183	121832419	SETD1B_exon_17	-0.002657	0.052305	8	False
chr12	121832419	121832655	SETD1B_exon_17	0.005522	0.091189	8	False
chr12	122023600	122023720	bb.chr12.122023600	0.010395	0.073470	8	False
chr12	122717441	122717561	bb.chr12.122717441	-0.070928	0.215308	8	False
chr12	124632207	124632327	bb.chr12.124632207	-0.013284	0.089422	8	False
chr12	125506969	125507089	bb.chr12.125506969	0.052313	0.063978	8	False
chr12	126352561	126352681	bb.chr12.126352561	-0.337994	0.675302	8	True
chr12	127025552	127025672	bb.chr12.127025552	-0.002341	0.094697	8	False
chr12	128197763	128197883	bb.chr12.128197763	-0.000554	0.107590	8	False
chr12	129387899	129388019	bb.chr12.129387899	-0.070931	0.412237	8	True
chr12	130003521	130003641	bb.chr12.130003521	0.010603	0.049489	8	False
chr12	130618738	130618858	bb.chr12.130618738	0.002152	0.034436	8	False
chr12	131492451	131492571	bb.chr12.131492451	0.001637	0.045660	8	False
chr12	132174562	132174682	bb.chr12.132174562	0.012725	0.068395	8	False
chr12	133241707	133241827	bb.chr12.133241707	0.010583	0.075237	8	False
chr13	19124907	19125027	bb.chr13.19124907	-0.008574	0.160218	8	False
chr13	20492015	20492135	bb.chr13.20492015	-0.009246	0.057438	8	False
chr13	21203344	21203464	bb.chr13.21203344	-0.000046	0.074767	8	False
chr13	21893790	21893910	bb.chr13.21893790	-0.021513	0.127694	8	False
chr13	22703819	22703939	bb.chr13.22703819	-0.007035	0.147508	8	False
chr13	23493339	23493459	bb.chr13.23493339	-0.015324	0.093491	8	False
chr13	24196054	24196174	bb.chr13.24196054	-0.051329	0.168044	8	False
chr13	24878895	24879015	bb.chr13.24878895	0.045929	0.043476	8	False
chr13	25690116	25690236	bb.chr13.25690116	-0.020700	0.128643	8	False
chr13	26973902	26974022	bb.chr13.26973902	-0.001470	0.054839	8	False
chr13	27663872	27663992	bb.chr13.27663872	-0.005381	0.044716	8	False
chr13	28003272	28003572	FLT3_exon_24	0.022774	0.031335	8	False
chr13	28003572	28003872	FLT3_exon_24	-0.064996	0.048154	8	False
chr13	28003872	28004173	FLT3_exon_24	0.043668	0.060161	8	False
chr13	28014443	28014563	FLT3_exon_23	0.002334	0.064379	8	False
chr13	28015143	28015263	FLT3_exon_22	0.027531	0.083172	8	False
chr13	28015584	28015704	FLT3_exon_21	-0.003322	0.071230	8	False
chr13	28018466	28018586	FLT3_exon_20	0.009421	0.083050	8	False
chr13	28023352	28023472	FLT3_exon_19	0.038484	0.104845	8	False
chr13	28024824	28024944	FLT3_exon_18	-0.005792	0.051649	8	False
chr13	28027086	28027240	FLT3_exon_17	0.001984	0.066812	8	False
chr13	28028171	28028291	FLT3_exon_16	0.016688	0.077455	8	False
chr13	28033877	28033997	FLT3_exon_15	0.028520	0.061110	8	False
chr13	28034080	28034213	FLT3_exon_14	0.007233	0.061124	8	False
chr13	28034292	28034412	FLT3_exon_13	0.037542	0.038016	8	False
chr13	28035493	28035672	FLT3_exon_12	-0.052980	0.047511	8	False
chr13	28035927	28036047	FLT3_exon_11	-0.009399	0.065376	8	False
chr13	28037169	28037289	FLT3_exon_10	0.020355	0.073717	8	False
chr13	28048273	28048442	FLT3_exon_9	-0.063860	0.061913	8	False
chr13	28049382	28049536	FLT3_exon_8	0.026056	0.057515	8	False
chr13	28049633	28049773	FLT3_exon_7	0.018868	0.047799	8	False
chr13	28050097	28050217	FLT3_exon_6	0.016574	0.048992	8	False
chr13	28052548	28052668	FLT3_exon_5	0.055505	0.084663	8	False
chr13	28057343	28057463	FLT3_exon_4	0.008594	0.071861	8	False
chr13	28061865	28062068	FLT3_exon_3	0.016879	0.036098	8	False
chr13	28070490	28070610	FLT3_exon_2	0.012141	0.068456	8	False
chr13	28100460	28100580	FLT3_exon_1	-0.002522	0.253090	8	False
chr13	28375326	28375446	bb.chr13.28375326	0.042237	0.062200	8	False
chr13	29315617	29315737	bb.chr13.29315617	0.005172	0.067063	8	False
chr13	29974466	29974586	bb.chr13.29974466	-0.000790	0.056942	8	False
chr13	30744111	30744231	bb.chr13.30744111	0.050148	0.115767	8	False
chr13	31369579	31369699	bb.chr13.31369579	-0.015732	0.187085	8	False
chr13	32054364	32054484	bb.chr13.32054364	-0.001116	0.069279	8	False
chr13	32979173	32979293	bb.chr13.32979173	-0.015142	0.068214	8	False
chr13	33688045	33688165	bb.chr13.33688045	-0.059929	0.233250	8	False
chr13	34373051	34373171	bb.chr13.34373051	-0.003365	0.081275	8	False
chr13	35090567	35090687	bb.chr13.35090567	-0.020532	0.141373	8	False
chr13	36251115	36251235	bb.chr13.36251115	0.030065	0.070384	8	False
chr13	36907962	36908082	bb.chr13.36907962	-0.017956	0.050002	8	False
chr13	37638167	37638287	bb.chr13.37638167	0.022112	0.156738	8	False
chr13	38338950	38339070	bb.chr13.38338950	-0.015865	0.098678	8	False
chr13	39471448	39471568	bb.chr13.39471448	0.021504	0.099751	8	False
chr13	40169902	40170022	bb.chr13.40169902	-0.007683	0.161350	8	False
chr13	40809319	40809439	bb.chr13.40809319	-0.016761	0.066958	8	False
chr13	41740707	41740827	bb.chr13.41740707	0.019558	0.107558	8	False
chr13	42729844	42729964	bb.chr13.42729844	-0.012874	0.091265	8	False
chr13	43370563	43370683	bb.chr13.43370563	0.015013	0.067045	8	False
chr13	44066119	44066239	bb.chr13.44066119	-0.053955	0.260838	8	False
chr13	44900678	44900798	bb.chr13.44900678	0.021429	0.088907	8	False
chr13	45523997	45524117	bb.chr13.45523997	-0.012871	0.053416	8	False
chr13	46183870	46183990	bb.chr13.46183870	-0.017043	0.062345	8	False
chr13	46881668	46881788	bb.chr13.46881668	0.000981	0.044438	8	False
chr13	47557650	47557770	bb.chr13.47557650	-0.029253	0.144052	8	False
chr13	49187838	49187958	bb.chr13.49187838	0.026127	0.094199	8	False
chr13	50354231	50354351	bb.chr13.50354231	-0.025758	0.106043	8	False
chr13	51040351	51040471	bb.chr13.51040351	0.001332	0.036272	8	False
chr13	51972351	51972471	bb.chr13.51972351	-0.019542	0.091727	8	False
chr13	52949908	52950028	bb.chr13.52949908	-0.016947	0.079263	8	False
chr13	53870661	53870781	bb.chr13.53870661	-0.029155	0.074491	8	False
chr13	54493138	54493258	bb.chr13.54493138	0.025157	0.109355	8	False
chr13	55220229	55220349	bb.chr13.55220229	-0.128455	0.421094	8	True
chr13	55846990	55847110	bb.chr13.55846990	-0.081929	0.179451	8	False
chr13	56853170	56853290	bb.chr13.56853170	-0.026123	0.106336	8	False
chr13	57876236	57876356	bb.chr13.57876236	0.023110	0.059992	8	False
chr13	58640110	58640230	bb.chr13.58640110	-0.013544	0.201307	8	False
chr13	59322340	59322460	bb.chr13.59322340	-0.009495	0.080374	8	False
chr13	60724115	60724235	bb.chr13.60724115	0.023823	0.148737	8	False
chr13	61483420	61483540	bb.chr13.61483420	-0.003766	0.138396	8	False
chr13	62159471	62159591	bb.chr13.62159471	0.012205	0.087133	8	False
chr13	63035442	63035562	bb.chr13.63035442	-0.011507	0.099915	8	False
chr13	63914374	63914494	bb.chr13.63914374	-0.005048	0.080611	8	False
chr13	64701345	64701465	bb.chr13.64701345	0.013145	0.072465	8	False
chr13	65509344	65509464	bb.chr13.65509344	-0.027001	0.144600	8	False
chr13	66359220	66359340	bb.chr13.66359220	-0.050067	0.110408	8	False
chr13	66992842	66992962	bb.chr13.66992842	-0.023391	0.047932	8	False
chr13	67944639	67944759	bb.chr13.67944639	-0.016549	0.094239	8	False
chr13	68659881	68660001	bb.chr13.68659881	-0.021060	0.116274	8	False
chr13	69334352	69334472	bb.chr13.69334352	-0.050058	0.128446	8	False
chr13	70247192	70247312	bb.chr13.70247192	-0.102098	0.463428	8	True
chr13	70959789	70959909	bb.chr13.70959789	-0.072994	0.225353	8	False
chr13	71758558	71758678	bb.chr13.71758558	-0.030662	0.186142	8	False
chr13	73075135	73075255	bb.chr13.73075135	-0.000290	0.082164	8	False
chr13	73772362	73772482	bb.chr13.73772362	-0.012561	0.127379	8	False
chr13	74573006	74573126	bb.chr13.74573006	-0.025600	0.072488	8	False
chr13	75353263	75353383	bb.chr13.75353263	0.028293	0.050537	8	False
chr13	76281807	76281927	bb.chr13.76281807	-0.061234	0.564023	8	True
chr13	77373012	77373132	bb.chr13.77373012	0.038210	0.109461	8	False
chr13	78135420	78135540	bb.chr13.78135420	-0.036509	0.131406	8	False
chr13	79056384	79056504	bb.chr13.79056384	-0.167638	0.635270	8	True
chr13	79744440	79744560	bb.chr13.79744440	-0.005973	0.062283	8	False
chr13	80448672	80448792	bb.chr13.80448672	-0.015761	0.064581	8	False
chr13	81115124	81115244	bb.chr13.81115124	-0.019521	0.095482	8	False
chr13	81836802	81836922	bb.chr13.81836802	-0.034054	0.156070	8	False
chr13	83236841	83236961	bb.chr13.83236841	-0.038297	0.195493	8	False
chr13	84408482	84408602	bb.chr13.84408482	-0.019171	0.041313	8	False
chr13	85445333	85445453	bb.chr13.85445333	-0.028639	0.163265	8	False
chr13	86172122	86172242	bb.chr13.86172122	0.012713	0.088080	8	False
chr13	87319021	87319141	bb.chr13.87319021	0.036690	0.143589	8	False
chr13	88251739	88251859	bb.chr13.88251739	-0.016334	0.091811	8	False
chr13	89273044	89273164	bb.chr13.89273044	-0.000428	0.068225	8	False
chr13	90055364	90055484	bb.chr13.90055364	0.024642	0.085014	8	False
chr13	90791555	90791675	bb.chr13.90791555	-0.055315	0.287638	8	False
chr13	91488184	91488304	bb.chr13.91488184	-0.032706	0.167596	8	False
chr13	92627250	92627370	bb.chr13.92627250	-0.006675	0.118223	8	False
chr13	93320891	93321011	bb.chr13.93320891	-0.007264	0.106285	8	False
chr13	94496518	94496638	bb.chr13.94496518	0.031720	0.063989	8	False
chr13	95190836	95190956	bb.chr13.95190836	-0.027951	0.055711	8	False
chr13	95791897	95792017	bb.chr13.95791897	0.073591	0.073160	8	False
chr13	96987100	96987220	bb.chr13.96987100	0.019048	0.072663	8	False
chr13	98239941	98240061	bb.chr13.98239941	0.026333	0.105636	8	False
chr13	98893476	98893596	bb.chr13.98893476	0.004789	0.089760	8	False
chr13	99582973	99583093	bb.chr13.99582973	0.002656	0.081305	8	False
chr13	100279184	100279304	bb.chr13.100279184	-0.051422	0.197195	8	False
chr13	101210414	101210534	bb.chr13.101210414	-0.063884	0.188239	8	False
chr13	102085253	102085373	bb.chr13.102085253	-0.000381	0.055451	8	False
chr13	102827215	102827335	bb.chr13.102827215	-0.003311	0.098491	8	False
chr13	103701601	103701721	bb.chr13.103701601	-0.001208	0.127135	8	False
chr13	104525858	104525978	bb.chr13.104525858	-0.022057	0.108093	8	False
chr13	105155436	105155556	bb.chr13.105155436	0.017531	0.115875	8	False
chr13	105910223	105910343	bb.chr13.105910223	-0.003949	0.119410	8	False
chr13	106543765	106543885	bb.chr13.106543765	-0.018518	0.069998	8	False
chr13	107227291	107227411	bb.chr13.107227291	0.031523	0.074097	8	False
chr13	107962346	107962466	bb.chr13.107962346	-0.041989	0.174500	8	False
chr13	108207440	108207715	LIG4_exon_3	-0.003899	0.133473	8	False
chr13	108207715	108207990	LIG4_exon_3	-0.000569	0.030528	8	False
chr13	108207990	108208266	LIG4_exon_3	0.021282	0.051491	8	False
chr13	108208266	108208541	LIG4_exon_3	-0.010937	0.027607	8	False
chr13	108208541	108208816	LIG4_exon_3	0.012059	0.049256	8	False
chr13	108208816	108209092	LIG4_exon_3	0.012315	0.023771	8	False
chr13	108209092	108209367	LIG4_exon_3	0.011998	0.063985	8	False
chr13	108209367	108209642	LIG4_exon_3	-0.003043	0.053020	8	False
chr13	108209642	108209918	LIG4_exon_3	0.018163	0.031995	8	False
chr13	108209918	108210193	LIG4_exon_3	0.001023	0.049879	8	False
chr13	108210193	108210468	LIG4_exon_3	0.010461	0.049437	8	False
chr13	108210468	108210744	LIG4_exon_3	0.006232	0.031315	8	False
chr13	108210744	108211019	LIG4_exon_3	0.018285	0.075566	8	False
chr13	108211019	108211295	LIG4_exon_3	-0.005900	0.049423	8	False
chr13	108214515	108214635	LIG4_exon_2	-0.018895	0.093248	8	False
chr13	108215440	108215560	LIG4_exon_1	0.006585	0.168928	8	False
chr13	108612116	108612236	bb.chr13.108612116	-0.018839	0.075967	8	False
chr13	109310171	109310291	bb.chr13.109310171	-0.006014	0.071251	8	False
chr13	109999535	109999655	bb.chr13.109999535	0.055277	0.091923	8	False
chr13	110988939	110989059	bb.chr13.110988939	0.035367	0.083979	8	False
chr13	111624241	111624361	bb.chr13.111624241	-0.002245	0.042274	8	False
chr13	113146248	113146368	bb.chr13.113146248	0.005175	0.078815	8	False
chr14	18618070	18618190	bb.chr14.18618070	-0.722716	1.771829	8	True
chr14	20592429	20592549	bb.chr14.20592429	-0.006229	0.094821	8	False
chr14	21735003	21735123	bb.chr14.21735003	-0.013265	0.111362	8	False
chr14	22560552	22560672	bb.chr14.22560552	-0.005089	0.049444	8	False
chr14	23776830	23776950	bb.chr14.23776830	-0.040174	0.266507	8	False
chr14	24518413	24518533	bb.chr14.24518413	0.026075	0.131786	8	False
chr14	25388303	25388423	bb.chr14.25388303	0.041114	0.120106	8	False
chr14	26371035	26371155	bb.chr14.26371035	0.013247	0.043725	8	False
chr14	27057877	27057997	bb.chr14.27057877	-0.020777	0.112788	8	False
chr14	27870152	27870272	bb.chr14.27870152	-0.037133	0.241320	8	False
chr14	28488661	28488781	bb.chr14.28488661	-0.046649	0.245391	8	False
chr14	29890288	29890408	bb.chr14.29890288	-0.005058	0.070261	8	False
chr14	31413207	31413327	bb.chr14.31413207	0.020752	0.175547	8	False
chr14	32695515	32695635	bb.chr14.32695515	-0.031607	0.169414	8	False
chr14	33542671	33542791	bb.chr14.33542671	0.078987	0.054597	8	False
chr14	34379422	34379542	bb.chr14.34379422	0.018401	0.097832	8	False
chr14	35471674	35471794	bb.chr14.35471674	-0.081892	0.516824	8	True
chr14	36626224	36626344	bb.chr14.36626224	0.020497	0.081552	8	False
chr14	37520005	37520125	bb.chr14.37520005	0.073832	0.147330	8	False
chr14	39221492	39221612	bb.chr14.39221492	-0.013852	0.070003	8	False
chr14	40262817	40262937	bb.chr14.40262817	-0.032864	0.112233	8	False
chr14	41149680	41149800	bb.chr14.41149680	-0.010371	0.160390	8	False
chr14	41845476	41845596	bb.chr14.41845476	-0.057357	0.288426	8	False
chr14	42513438	42513558	bb.chr14.42513438	0.000405	0.053752	8	False
chr14	43387306	43387426	bb.chr14.43387306	-0.027050	0.142023	8	False
chr14	44498164	44498284	bb.chr14.44498164	0.064097	0.164481	8	False
chr14	45929475	45929595	bb.chr14.45929475	0.010388	0.076091	8	False
chr14	46806013	46806133	bb.chr14.46806013	-0.051613	0.361446	8	True
chr14	47852673	47852793	bb.chr14.47852673	-0.012805	0.116192	8	False
chr14	48724314	48724434	bb.chr14.48724314	-0.024696	0.094124	8	False
chr14	50104634	50104754	bb.chr14.50104634	0.008579	0.071127	8	False
chr14	51242239	51242359	bb.chr14.51242239	-0.053393	0.185950	8	False
chr14	52329275	52329395	bb.chr14.52329275	-0.008177	0.074830	8	False
chr14	52977949	52978069	bb.chr14.52977949	0.083387	0.066631	8	False
chr14	53814315	53814435	bb.chr14.53814315	-0.008897	0.092939	8	False
chr14	54617411	54617531	bb.chr14.54617411	0.010661	0.059816	8	False
chr14	56005937	56006057	bb.chr14.56005937	-0.002443	0.087550	8	False
chr14	56862711	56862831	bb.chr14.56862711	0.003780	0.139588	8	False
chr14	57996170	57996290	bb.chr14.57996170	0.012089	0.075935	8	False
chr14	58803718	58803838	bb.chr14.58803718	0.045474	0.117792	8	False
chr14	59673207	59673327	bb.chr14.59673207	0.006855	0.068167	8	False
chr14	61168702	61168822	bb.chr14.61168702	0.025970	0.067903	8	False
chr14	61897307	61897427	bb.chr14.61897307	0.037917	0.063875	8	False
chr14	62518188	62518308	bb.chr14.62518188	-0.052828	0.372529	8	True
chr14	63181032	63181152	bb.chr14.63181032	-0.367658	1.142454	8	True
chr14	63850525	63850645	bb.chr14.63850525	-0.031139	0.130317	8	False
chr14	64503684	64503804	bb.chr14.64503684	-0.000673	0.192488	8	False
chr14	65865229	65865349	bb.chr14.65865229	-0.033204	0.137599	8	False
chr14	67499845	67499965	bb.chr14.67499845	0.024213	0.064939	8	False
chr14	68298130	68298250	bb.chr14.68298130	0.018919	0.057464	8	False
chr14	69483131	69483251	bb.chr14.69483131	-0.033480	0.063990	8	False
chr14	70361721	70361841	bb.chr14.70361721	0.015972	0.069030	8	False
chr14	71765103	71765223	bb.chr14.71765103	0.053591	0.039194	8	False
chr14	72655886	72656006	bb.chr14.72655886	0.009892	0.081512	8	False
chr14	73467209	73467330	bb.chr14.73467209	0.039959	0.060187	8	False
chr14	74244323	74244443	bb.chr14.74244323	0.000562	0.054362	8	False
chr14	74874055	74874175	bb.chr14.74874055	-0.023057	0.113108	8	False
chr14	76253217	76253337	bb.chr14.76253217	0.014121	0.045755	8	False
chr14	77296469	77296589	bb.chr14.77296469	-0.004984	0.107614	8	False
chr14	78220717	78220837	bb.chr14.78220717	0.000570	0.090255	8	False
chr14	79610133	79610253	bb.chr14.79610133	-0.048882	0.117611	8	False
chr14	80457065	80457185	bb.chr14.80457065	0.004532	0.108555	8	False
chr14	81274984	81275104	bb.chr14.81274984	-0.005525	0.044776	8	False
chr14	82156866	82156986	bb.chr14.82156866	-0.017851	0.098859	8	False
chr14	83576737	83576857	bb.chr14.83576737	-0.007825	0.137436	8	False
chr14	84405553	84405673	bb.chr14.84405553	-0.003130	0.137643	8	False
chr14	85535294	85535414	bb.chr14.85535294	-0.044036	0.253953	8	False
chr14	86700511	86700631	bb.chr14.86700511	0.009846	0.056627	8	False
chr14	87402494	87402614	bb.chr14.87402494	0.005754	0.073646	8	False
chr14	88049545	88049665	bb.chr14.88049545	0.062289	0.098811	8	False
chr14	89176878	89176998	bb.chr14.89176878	0.025609	0.074528	8	False
chr14	90071511	90071631	bb.chr14.90071511	-0.007011	0.068197	8	False
chr14	90847408	90847528	bb.chr14.90847408	-0.020476	0.074783	8	False
chr14	91454114	91454234	bb.chr14.91454114	0.036919	0.104801	8	False
chr14	92292969	92293089	bb.chr14.92292969	-0.031085	0.070390	8	False
chr14	93150720	93150840	bb.chr14.93150720	0.008836	0.058434	8	False
chr14	93925293	93925413	bb.chr14.93925293	0.012585	0.040233	8	False
chr14	94525718	94525838	bb.chr14.94525718	0.005490	0.084205	8	False
chr14	96466986	96467106	bb.chr14.96466986	-0.035719	0.196083	8	False
chr14	97201190	97201310	bb.chr14.97201190	0.007149	0.047182	8	False
chr14	97900505	97900625	bb.chr14.97900505	-0.013067	0.053648	8	False
chr14	98503767	98503887	bb.chr14.98503767	-0.003845	0.068779	8	False
chr14	99169285	99169552	BCL11B_exon_4	-0.052336	0.038538	8	False
chr14	99169552	99169819	BCL11B_exon_4	0.007494	0.025218	8	False
chr14	99169819	99170086	BCL11B_exon_4	0.014063	0.074672	8	False
chr14	99170086	99170353	BCL11B_exon_4	-0.003444	0.057589	8	False
chr14	99170353	99170620	BCL11B_exon_4	0.009402	0.083329	8	False
chr14	99170620	99170888	BCL11B_exon_4	0.024864	0.027753	8	False
chr14	99170888	99171155	BCL11B_exon_4	-0.011540	0.042548	8	False
chr14	99171155	99171422	BCL11B_exon_4	0.029088	0.063337	8	False
chr14	99171422	99171689	BCL11B_exon_4	0.013578	0.059950	8	False
chr14	99171689	99171956	BCL11B_exon_4	0.013740	0.067287	8	False
chr14	99171956	99172224	BCL11B_exon_4	-0.005581	0.074948	8	False
chr14	99172224	99172491	BCL11B_exon_4	-0.004799	0.051138	8	False
chr14	99172491	99172758	BCL11B_exon_4	-0.021087	0.048439	8	False
chr14	99172758	99173025	BCL11B_exon_4	0.025885	0.045474	8	False
chr14	99173025	99173292	BCL11B_exon_4	0.017982	0.040425	8	False
chr14	99173292	99173560	BCL11B_exon_4	0.055668	0.065123	8	False
chr14	99173589	99173849	BCL11B_exon_4	0.075100	0.073656	8	False
chr14	99173849	99174110	BCL11B_exon_4	0.004735	0.057682	8	False
chr14	99174110	99174370	BCL11B_exon_4	-0.013719	0.078241	8	False
chr14	99174370	99174631	BCL11B_exon_4	0.007745	0.120482	8	False
chr14	99174631	99174891	BCL11B_exon_4	0.007733	0.115343	8	False
chr14	99174891	99175152	BCL11B_exon_4	0.009613	0.133187	8	False
chr14	99175152	99175412	BCL11B_exon_4	0.006440	0.117775	8	False
chr14	99175412	99175673	BCL11B_exon_4	-0.007748	0.086585	8	False
chr14	99175673	99175933	BCL11B_exon_4	-0.011524	0.124664	8	False
chr14	99175933	99176194	BCL11B_exon_4	-0.049406	0.075485	8	False
chr14	99231343	99231556	BCL11B_exon_3	0.027390	0.046503	8	False
chr14	99257469	99257589	BCL11B_exon_2	-0.016545	0.053428	8	False
chr14	99257594	99257714	BCL11B_exon_2	-0.042903	0.070664	8	False
chr14	99257718	99257838	BCL11B_exon_2	-0.001064	0.048949	8	False
chr14	99271159	99271279	BCL11B_exon_1	0.010383	0.156642	8	False
chr14	99271504	99271738	BCL11B_exon_1	0.105276	0.075132	8	False
chr14	99271749	99271972	BCL11B_exon_1	0.016315	0.084031	8	False
chr14	99271972	99272196	BCL11B_exon_1	0.046374	0.076965	8	False
chr14	99317858	99317978	bb.chr14.99317858	-0.017275	0.055285	8	False
chr14	100715384	100715504	bb.chr14.100715384	0.003965	0.073157	8	False
chr14	101558761	101558881	bb.chr14.101558761	0.035178	0.048437	8	False
chr14	103243577	103243697	bb.chr14.103243577	-0.011649	0.090088	8	False
chr14	104074458	104074578	bb.chr14.104074458	0.013142	0.119034	8	False
chr14	104769347	104769615	AKT1_exon_15	-0.011820	0.063844	8	False
chr14	104769615	104769883	AKT1_exon_15	-0.017479	0.080043	8	False
chr14	104769883	104770151	AKT1_exon_15	0.009069	0.033924	8	False
chr14	104770151	104770419	AKT1_exon_15	-0.014125	0.055376	8	False
chr14	104770737	104770857	AKT1_exon_14	0.015469	0.062674	8	False
chr14	104772360	104772480	AKT1_exon_13	0.004571	0.082350	8	False
chr14	104772876	104773091	AKT1_exon_12	0.006242	0.075329	8	False
chr14	104773253	104773373	AKT1_exon_11	-0.028324	0.066636	8	False
chr14	104773456	104773576	AKT1_exon_10	0.036472	0.074734	8	False
chr14	104773884	104774004	AKT1_exon_9	0.016042	0.114128	8	False
chr14	104774909	104775029	AKT1_exon_8	-0.041877	0.102584	8	False
chr14	104775074	104775206	AKT1_exon_7	-0.022154	0.111728	8	False
chr14	104775650	104775798	AKT1_exon_6	0.013841	0.078047	8	False
chr14	104776653	104776773	AKT1_exon_5	0.020892	0.124534	8	False
chr14	104780090	104780210	AKT1_exon_4	0.001977	0.061060	8	False
chr14	104792598	104792718	AKT1_exon_3	0.012590	0.052806	8	False
chr14	104793125	104793303	AKT1_exon_2	-0.067205	0.073891	8	False
chr14	105181165	105181285	bb.chr14.105181165	-0.006678	0.238671	8	False
chr14	106627568	106627688	bb.chr14.106627568	-0.019317	0.346308	8	True
chr15	20672361	20672481	bb.chr15.20672361	-0.061505	0.498845	8	True
chr15	22753985	22754105	bb.chr15.22753985	-0.284026	1.042717	8	True
chr15	23477854	23477974	bb.chr15.23477854	0.020592	0.106129	8	False
chr15	24280298	24280418	bb.chr15.24280298	0.000074	0.109087	8	False
chr15	25119588	25119708	bb.chr15.25119588	-0.029282	0.067404	8	False
chr15	25970753	25970873	bb.chr15.25970753	-0.033657	0.212748	8	False
chr15	26753138	26753258	bb.chr15.26753138	0.003020	0.109541	8	False
chr15	27647363	27647483	bb.chr15.27647363	-0.016757	0.093343	8	False
chr15	28794538	28794658	bb.chr15.28794538	-0.113531	0.362181	8	True
chr15	29555574	29555694	bb.chr15.29555574	0.026560	0.077873	8	False
chr15	30371134	30371254	bb.chr15.30371134	-0.042215	0.196417	8	False
chr15	31206545	31206665	bb.chr15.31206545	-0.019972	0.050814	8	False
chr15	32007690	32007810	bb.chr15.32007690	-0.007781	0.065352	8	False
chr15	33144723	33144843	bb.chr15.33144723	0.020473	0.119617	8	False
chr15	34254705	34254825	bb.chr15.34254705	-0.017974	0.087728	8	False
chr15	35113205	35113325	bb.chr15.35113205	0.025683	0.070637	8	False
chr15	35739967	35740087	bb.chr15.35739967	-0.000568	0.067883	8	False
chr15	36367386	36367506	bb.chr15.36367386	-0.008038	0.053395	8	False
chr15	37610672	37610792	bb.chr15.37610672	-0.078209	0.306685	8	True
chr15	38488333	38488453	bb.chr15.38488333	0.031414	0.050709	8	False
chr15	39296883	39297003	bb.chr15.39296883	0.003445	0.161934	8	False
chr15	40097021	40097141	bb.chr15.40097021	0.051853	0.072975	8	False
chr15	40695172	40695424	RAD51_exon_1	-0.052891	0.073593	8	False
chr15	40698750	40698870	RAD51_exon_2	0.020277	0.080639	8	False
chr15	40701062	40701200	RAD51_exon_3	0.050229	0.043460	8	False
chr15	40706174	40706294	RAD51_exon_4	-0.001376	0.050985	8	False
chr15	40709011	40709131	RAD51_exon_5	-0.004220	0.081682	8	False
chr15	40718789	40718909	RAD51_exon_6	-0.007898	0.073610	8	False
chr15	40728706	40728826	RAD51_exon_7	0.001240	0.107263	8	False
chr15	40729508	40729628	RAD51_exon_8	0.024229	0.067988	8	False
chr15	40729852	40729972	RAD51_exon_9	0.013319	0.070970	8	False
chr15	40731053	40731321	RAD51_exon_10	-0.017322	0.045475	8	False
chr15	40731321	40731590	RAD51_exon_10	-0.014234	0.046353	8	False
chr15	40731590	40731859	RAD51_exon_10	-0.013758	0.037881	8	False
chr15	40732103	40732339	RAD51_exon_10	0.032974	0.077106	8	False
chr15	40734557	40734677	bb.chr15.40734557	0.029225	0.074333	8	False
chr15	41792759	41792879	bb.chr15.41792759	0.003591	0.074734	8	False
chr15	42408945	42409065	bb.chr15.42408945	-0.031639	0.164284	8	False
chr15	43924301	43924421	bb.chr15.43924301	0.014065	0.079587	8	False
chr15	44802938	44803058	bb.chr15.44802938	-0.025927	0.040170	8	False
chr15	45712824	45712944	bb.chr15.45712824	0.006886	0.061493	8	False
chr15	46556775	46556895	bb.chr15.46556775	-0.015511	0.044370	8	False
chr15	47394405	47394525	bb.chr15.47394405	0.010822	0.052646	8	False
chr15	48036651	48036771	bb.chr15.48036651	-0.023255	0.034726	8	False
chr15	49104607	49104727	bb.chr15.49104607	-0.004593	0.053755	8	False
chr15	49900720	49900840	bb.chr15.49900720	-0.011938	0.173586	8	False
chr15	51004150	51004270	bb.chr15.51004150	-0.029253	0.082179	8	False
chr15	51842198	51842318	bb.chr15.51842198	-0.006761	0.064123	8	False
chr15	52713890	52714010	bb.chr15.52713890	0.004629	0.060322	8	False
chr15	53518738	53518858	bb.chr15.53518738	0.010240	0.072716	8	False
chr15	54418610	54418730	bb.chr15.54418610	-0.059717	0.142095	8	False
chr15	55060858	55060978	bb.chr15.55060858	-0.011777	0.078153	8	False
chr15	56028578	56028698	bb.chr15.56028578	-0.026957	0.111231	8	False
chr15	56747969	56748089	bb.chr15.56747969	-0.001798	0.051287	8	False
chr15	57422801	57422921	bb.chr15.57422801	0.028220	0.034568	8	False
chr15	58519940	58520060	bb.chr15.58519940	-0.007814	0.152720	8	False
chr15	59402987	59403107	bb.chr15.59402987	-0.031899	0.123666	8	False
chr15	60509733	60509853	bb.chr15.60509733	-0.002809	0.066230	8	False
chr15	61619498	61619618	bb.chr15.61619498	0.018697	0.068030	8	False
chr15	62737376	62737496	bb.chr15.62737376	0.016386	0.034300	8	False
chr15	63368891	63369011	bb.chr15.63368891	0.000427	0.085708	8	False
chr15	64204352	64204472	bb.chr15.64204352	-0.038945	0.072026	8	False
chr15	65396426	65396546	bb.chr15.65396426	-0.023880	0.228788	8	False
chr15	66001382	66001502	bb.chr15.66001382	0.024938	0.056879	8	False
chr15	66386910	66387168	MAP2K1_exon_1	-0.034835	0.105776	8	False
chr15	66387168	66387426	MAP2K1_exon_1	-0.027531	0.111748	8	False
chr15	66435025	66435236	MAP2K1_exon_2	0.019683	0.031533	8	False
chr15	66436744	66436891	MAP2K1_exon_3	-0.032937	0.061108	8	False
chr15	66443247	66443367	MAP2K1_exon_4	0.051743	0.071962	8	False
chr15	66444615	66444735	MAP2K1_exon_5	0.007124	0.039456	8	False
chr15	66481755	66481875	MAP2K1_exon_6	-0.000481	0.050282	8	False
chr15	66484988	66485190	MAP2K1_exon_7	-0.024677	0.027866	8	False
chr15	66487223	66487343	MAP2K1_exon_8	0.013451	0.056370	8	False
chr15	66489210	66489330	MAP2K1_exon_9	-0.001513	0.068251	8	False
chr15	66489666	66489786	MAP2K1_exon_10	0.003202	0.110242	8	False
chr15	66490500	66490760	MAP2K1_exon_11	-0.040227	0.033816	8	False
chr15	66490760	66491021	MAP2K1_exon_11	0.022092	0.043654	8	False
chr15	66491021	66491282	MAP2K1_exon_11	0.019506	0.081346	8	False
chr15	66491282	66491543	MAP2K1_exon_11	-0.054807	0.089989	8	False
chr15	66632162	66632282	bb.chr15.66632162	0.017687	0.058267	8	False
chr15	67925164	67925284	bb.chr15.67925164	0.003283	0.063280	8	False
chr15	68946046	68946166	bb.chr15.68946046	-0.007205	0.103574	8	False
chr15	69971762	69971882	bb.chr15.69971762	0.065119	0.064160	8	False
chr15	71067849	71067969	bb.chr15.71067849	0.018987	0.029198	8	False
chr15	71684457	71684577	bb.chr15.71684457	-0.010386	0.107007	8	False
chr15	73309418	73309538	bb.chr15.73309418	0.012903	0.040222	8	False
chr15	74196752	74196872	bb.chr15.74196752	0.008829	0.120890	8	False
chr15	75622736	75622856	bb.chr15.75622736	0.051001	0.066248	8	False
chr15	76669325	76669445	bb.chr15.76669325	-0.042140	0.221277	8	False
chr15	77489524	77489644	bb.chr15.77489524	-0.008827	0.088231	8	False
chr15	78571518	78571638	bb.chr15.78571518	-0.005180	0.108896	8	False
chr15	79734721	79734841	bb.chr15.79734721	0.041380	0.087518	8	False
chr15	81065455	81065575	bb.chr15.81065455	-0.005209	0.059604	8	False
chr15	81674601	81674721	bb.chr15.81674601	-0.014105	0.074365	8	False
chr15	82891818	82891938	bb.chr15.82891818	-0.020098	0.092426	8	False
chr15	83784145	83784265	bb.chr15.83784145	0.016739	0.064428	8	False
chr15	84761979	84762099	bb.chr15.84761979	-0.002242	0.087903	8	False
chr15	85890288	85890408	bb.chr15.85890288	-0.014776	0.066375	8	False
chr15	86713604	86713724	bb.chr15.86713604	-0.015465	0.094059	8	False
chr15	87314543	87314663	bb.chr15.87314543	0.004496	0.094697	8	False
chr15	88144806	88144926	bb.chr15.88144806	0.029353	0.083369	8	False
chr15	89243130	89243250	bb.chr15.89243130	0.012305	0.036337	8	False
chr15	90268332	90268452	bb.chr15.90268332	-0.043516	0.159633	8	False
chr15	91058673	91058793	bb.chr15.91058673	0.041206	0.071417	8	False
chr15	91663824	91663944	bb.chr15.91663824	-0.015588	0.040616	8	False
chr15	92302584	92302704	bb.chr15.92302584	0.015615	0.075313	8	False
chr15	93682204	93682324	bb.chr15.93682204	0.035019	0.069308	8	False
chr15	94519827	94519947	bb.chr15.94519827	-0.062944	0.144558	8	False
chr15	95136850	95136970	bb.chr15.95136850	0.010041	0.069983	8	False
chr15	95894038	95894158	bb.chr15.95894038	0.021022	0.089160	8	False
chr15	96764731	96764851	bb.chr15.96764731	0.032696	0.059992	8	False
chr15	97619089	97619209	bb.chr15.97619089	-0.017585	0.126626	8	False
chr15	98715421	98715541	bb.chr15.98715421	0.013228	0.044986	8	False
chr15	99551178	99551298	bb.chr15.99551178	-0.007887	0.099009	8	False
chr15	100664570	100664690	bb.chr15.100664570	0.001898	0.101533	8	False
chr15	101502377	101502497	bb.chr15.101502377	-0.012712	0.028143	8	False
chr16	282957	283077	bb.chr16.282957	0.004657	0.065972	8	False
chr16	899706	899826	bb.chr16.899706	0.119256	0.139084	8	False
chr16	1833218	1833338	bb.chr16.1833218	0.007333	0.032803	8	False
chr16	2449725	2449845	bb.chr16.2449725	-0.007904	0.186274	8	False
chr16	3100835	3100955	bb.chr16.3100835	0.000089	0.144828	8	False
chr16	4075784	4075904	bb.chr16.4075784	0.041792	0.100483	8	False
chr16	5011426	5011546	bb.chr16.5011426	0.026711	0.068035	8	False
chr16	5631722	5631842	bb.chr16.5631722	0.013208	0.085008	8	False
chr16	6581050	6581170	bb.chr16.6581050	0.064064	0.098969	8	False
chr16	7211793	7211913	bb.chr16.7211793	-0.028506	0.081592	8	False
chr16	8465843	8465963	bb.chr16.8465843	0.004286	0.093480	8	False
chr16	9383514	9383634	bb.chr16.9383514	-0.002887	0.066749	8	False
chr16	9987855	9987975	bb.chr16.9987855	-0.017171	0.065718	8	False
chr16	11275288	11275408	bb.chr16.11275288	0.013401	0.057643	8	False
chr16	12214081	12214201	bb.chr16.12214081	0.019437	0.074666	8	False
chr16	13148148	13148268	bb.chr16.13148148	-0.004268	0.067664	8	False
chr16	14029820	14029940	bb.chr16.14029820	0.026611	0.080042	8	False
chr16	14435699	14435924	PARN_exon_24	-0.007535	0.076270	8	False
chr16	14435953	14436225	PARN_exon_24	0.067657	0.060067	8	False
chr16	14436225	14436498	PARN_exon_24	0.035905	0.028189	8	False
chr16	14436498	14436771	PARN_exon_24	-0.003378	0.050993	8	False
chr16	14446886	14447080	PARN_exon_23	-0.052943	0.099303	8	False
chr16	14482636	14482826	PARN_exon_22	-0.098110	0.040485	8	False
chr16	14552019	14552139	PARN_exon_21	0.009093	0.082787	8	False
chr16	14554041	14554161	PARN_exon_20	-0.007813	0.096496	8	False
chr16	14555594	14555714	PARN_exon_19	-0.019499	0.068644	8	False
chr16	14580824	14580944	PARN_exon_18	0.005035	0.059747	8	False
chr16	14582174	14582294	PARN_exon_17	0.040189	0.064497	8	False
chr16	14584319	14584439	PARN_exon_16	0.015230	0.042692	8	False
chr16	14584673	14584793	PARN_exon_15	0.000845	0.056063	8	False
chr16	14586288	14586408	PARN_exon_14	0.002655	0.049168	8	False
chr16	14593278	14593398	PARN_exon_13	-0.021899	0.058279	8	False
chr16	14599845	14599965	PARN_exon_12	0.034770	0.063330	8	False
chr16	14604107	14604227	PARN_exon_11	0.013236	0.074277	8	False
chr16	14606459	14606579	PARN_exon_10	-0.012359	0.068001	8	False
chr16	14608236	14608356	PARN_exon_9	-0.014823	0.054404	8	False
chr16	14609010	14609130	PARN_exon_8	0.006001	0.077028	8	False
chr16	14610642	14610808	PARN_exon_7	-0.030178	0.063836	8	False
chr16	14617575	14617695	PARN_exon_6	0.009993	0.066263	8	False
chr16	14627096	14627216	PARN_exon_5	-0.031286	0.056957	8	False
chr16	14627227	14627347	PARN_exon_4	0.006645	0.091098	8	False
chr16	14628136	14628256	PARN_exon_3	0.014631	0.078655	8	False
chr16	14629577	14629697	PARN_exon_2	0.001204	0.114066	8	False
chr16	14630105	14630259	PARN_exon_1	0.000962	0.167588	8	False
chr16	15035542	15035662	bb.chr16.15035542	0.030692	0.094022	8	False
chr16	15704293	15704413	bb.chr16.15704293	0.015256	0.031298	8	False
chr16	16891748	16891868	bb.chr16.16891748	0.015424	0.073728	8	False
chr16	17577024	17577144	bb.chr16.17577024	0.047532	0.112971	8	False
chr16	19589945	19590065	bb.chr16.19589945	-0.015063	0.071794	8	False
chr16	20225583	20225703	bb.chr16.20225583	0.007691	0.073544	8	False
chr16	20971509	20971629	bb.chr16.20971509	0.014032	0.084535	8	False
chr16	21597091	21597211	bb.chr16.21597091	0.018915	0.056180	8	False
chr16	22719602	22719722	bb.chr16.22719602	0.013214	0.056404	8	False
chr16	24273827	24273947	bb.chr16.24273827	-0.005136	0.055468	8	False
chr16	25228424	25228544	bb.chr16.25228424	0.027422	0.077665	8	False
chr16	25841746	25841866	bb.chr16.25841746	-0.007227	0.061305	8	False
chr16	26494276	26494396	bb.chr16.26494276	0.020682	0.109506	8	False
chr16	27124292	27124412	bb.chr16.27124292	0.011341	0.069186	8	False
chr16	27805894	27806014	bb.chr16.27805894	0.022271	0.077732	8	False
chr16	28497066	28497186	bb.chr16.28497066	0.019408	0.046987	8	False
chr16	29317049	29317169	bb.chr16.29317049	0.003915	0.084037	8	False
chr16	29971580	29971700	bb.chr16.29971580	-0.030310	0.136062	8	False
chr16	31816481	31816601	bb.chr16.31816481	-0.034686	0.157558	8	False
chr16	46800116	46800236	bb.chr16.46800116	0.035960	0.059916	8	False
chr16	49206901	49207021	bb.chr16.49206901	0.002615	0.079535	8	False
chr16	50369556	50369676	bb.chr16.50369556	0.025794	0.121365	8	False
chr16	51353077	51353197	bb.chr16.51353077	-0.006343	0.037920	8	False
chr16	51983658	51983778	bb.chr16.51983658	-0.047054	0.251068	8	False
chr16	52903643	52903763	bb.chr16.52903643	0.026113	0.125715	8	False
chr16	53845261	53845381	bb.chr16.53845261	0.012101	0.101021	8	False
chr16	54544901	54545021	bb.chr16.54544901	0.018595	0.067566	8	False
chr16	55165172	55165292	bb.chr16.55165172	-0.009314	0.090985	8	False
chr16	55820480	55820600	bb.chr16.55820480	0.006276	0.342112	8	True
chr16	57034714	57034834	bb.chr16.57034714	-0.018743	0.080906	8	False
chr16	57669924	57670044	bb.chr16.57669924	-0.006595	0.094039	8	False
chr16	58293233	58293353	bb.chr16.58293233	-0.003962	0.216568	8	False
chr16	58974153	58974273	bb.chr16.58974153	0.007030	0.071174	8	False
chr16	59574519	59574639	bb.chr16.59574519	-0.049500	0.230293	8	False
chr16	60207060	60207180	bb.chr16.60207060	0.031142	0.107674	8	False
chr16	61089163	61089283	bb.chr16.61089163	0.010059	0.158663	8	False
chr16	61800763	61800883	bb.chr16.61800763	-0.304220	0.582710	8	True
chr16	62738933	62739053	bb.chr16.62738933	-0.026624	0.059221	8	False
chr16	63363840	63363960	bb.chr16.63363840	-0.024474	0.169425	8	False
chr16	64380186	64380306	bb.chr16.64380186	-0.006336	0.061527	8	False
chr16	65221188	65221308	bb.chr16.65221188	-0.034926	0.079032	8	False
chr16	65905211	65905331	bb.chr16.65905211	0.016945	0.076690	8	False
chr16	66855707	66855827	bb.chr16.66855707	0.069056	0.087933	8	False
chr16	67562524	67562723	CTCF_exon_1	-0.029207	0.132210	8	False
chr16	67571144	67571264	CTCF_exon_2	0.000953	0.042020	8	False
chr16	67610822	67611085	CTCF_exon_3	-0.030078	0.056788	8	False
chr16	67611085	67611348	CTCF_exon_3	0.014651	0.050196	8	False
chr16	67611348	67611612	CTCF_exon_3	-0.042210	0.040567	8	False
chr16	67611949	67612120	CTCF_exon_4	-0.046792	0.050346	8	False
chr16	67616743	67616877	CTCF_exon_5	0.020094	0.072386	8	False
chr16	67620695	67620815	CTCF_exon_6	0.008891	0.057692	8	False
chr16	67621440	67621590	CTCF_exon_7	0.012576	0.046802	8	False
chr16	67626553	67626714	CTCF_exon_8	-0.036913	0.048510	8	False
chr16	67628368	67628551	CTCF_exon_9	-0.072525	0.043202	8	False
chr16	67629396	67629532	CTCF_exon_10	0.040636	0.101656	8	False
chr16	67636688	67636850	CTCF_exon_11	-0.028427	0.058585	8	False
chr16	67637686	67637934	CTCF_exon_12	-0.028372	0.050777	8	False
chr16	67637934	67638182	CTCF_exon_12	0.011022	0.059341	8	False
chr16	67638182	67638431	CTCF_exon_12	0.029689	0.050005	8	False
chr16	67638431	67638679	CTCF_exon_12	0.019967	0.046890	8	False
chr16	67638679	67638927	CTCF_exon_12	0.002237	0.062212	8	False
chr16	67638927	67639176	CTCF_exon_12	-0.022191	0.085637	8	False
chr16	68682216	68682336	bb.chr16.68682216	0.005163	0.094601	8	False
chr16	69697879	69697999	bb.chr16.69697879	-0.007778	0.101335	8	False
chr16	70950015	70950135	bb.chr16.70950015	-0.309045	0.786011	8	True
chr16	71973440	71973560	bb.chr16.71973440	-0.039489	0.082916	8	False
chr16	72853224	72853344	bb.chr16.72853224	-0.008368	0.136105	8	False
chr16	74048115	74048235	bb.chr16.74048115	-0.018379	0.118961	8	False
chr16	74721553	74721673	bb.chr16.74721553	-0.022914	0.063561	8	False
chr16	75482781	75482901	bb.chr16.75482781	-0.026123	0.122319	8	False
chr16	77532102	77532222	bb.chr16.77532102	-0.019773	0.060133	8	False
chr16	78175112	78175232	bb.chr16.78175112	0.037667	0.078778	8	False
chr16	78823089	78823209	bb.chr16.78823089	0.017411	0.085661	8	False
chr16	79457329	79457449	bb.chr16.79457329	-0.022282	0.091962	8	False
chr16	80124167	80124287	bb.chr16.80124167	0.004305	0.175008	8	False
chr16	81404293	81404413	bb.chr16.81404293	0.010654	0.097086	8	False
chr16	81779289	81779423	PLCG2_exon_1	0.009732	0.169855	8	False
chr16	81785941	81786181	PLCG2_exon_2	0.027958	0.057387	8	False
chr16	81854442	81854586	PLCG2_exon_3	0.024117	0.038864	8	False
chr16	81858246	81858366	PLCG2_exon_4	0.007228	0.033993	8	False
chr16	81859110	81859230	PLCG2_exon_5	-0.002563	0.037061	8	False
chr16	81869179	81869299	PLCG2_exon_6	0.003773	0.061221	8	False
chr16	81870846	81870966	PLCG2_exon_7	-0.006759	0.045990	8	False
chr16	81880876	81880996	PLCG2_exon_8	-0.016619	0.040007	8	False
chr16	81883223	81883343	PLCG2_exon_9	0.022064	0.107784	8	False
chr16	81889168	81889288	PLCG2_exon_10	0.023534	0.058666	8	False
chr16	81891469	81891589	PLCG2_exon_11	-0.005143	0.052419	8	False
chr16	81893691	81893811	PLCG2_exon_12	0.014890	0.063259	8	False
chr16	81895805	81895925	PLCG2_exon_13	0.020526	0.070339	8	False
chr16	81900610	81900779	PLCG2_exon_14	-0.050631	0.083408	8	False
chr16	81905393	81905513	PLCG2_exon_15	0.006795	0.041472	8	False
chr16	81907660	81907780	PLCG2_exon_16	0.016033	0.080147	8	False
chr16	81908414	81908590	PLCG2_exon_17	-0.055291	0.073607	8	False
chr16	81910518	81910719	PLCG2_exon_18	-0.016923	0.052665	8	False
chr16	81912595	81912715	PLCG2_exon_19	0.003958	0.119323	8	False
chr16	81919482	81919663	PLCG2_exon_20	-0.061178	0.059315	8	False
chr16	81921193	81921313	PLCG2_exon_21	0.008538	0.064975	8	False
chr16	81923478	81923598	PLCG2_exon_22	0.009160	0.065336	8	False
chr16	81927066	81927186	PLCG2_exon_23	0.000168	0.058614	8	False
chr16	81928556	81928676	PLCG2_exon_24	0.012154	0.058009	8	False
chr16	81931495	81931653	PLCG2_exon_25	-0.002612	0.057490	8	False
chr16	81934413	81934533	PLCG2_exon_26	0.013103	0.066758	8	False
chr16	81936167	81936377	PLCG2_exon_27	0.023720	0.056812	8	False
chr16	81937756	81937902	PLCG2_exon_28	-0.005445	0.047302	8	False
chr16	81938796	81938916	PLCG2_exon_29	-0.001646	0.056464	8	False
chr16	81939890	81940058	PLCG2_exon_30	-0.047198	0.059191	8	False
chr16	81946145	81946265	PLCG2_exon_31	-0.009648	0.073779	8	False
chr16	81956693	81956878	PLCG2_exon_32	-0.080598	0.027539	8	False
chr16	81957954	81958216	PLCG2_exon_33	-0.038419	0.046310	8	False
chr16	81958216	81958479	PLCG2_exon_33	0.006869	0.047640	8	False
chr16	81958479	81958742	PLCG2_exon_33	-0.018376	0.042742	8	False
chr16	81958742	81959005	PLCG2_exon_33	0.023145	0.045368	8	False
chr16	81959005	81959267	PLCG2_exon_33	0.039833	0.048603	8	False
chr16	81959267	81959530	PLCG2_exon_33	0.019106	0.046807	8	False
chr16	81959530	81959793	PLCG2_exon_33	0.002842	0.062060	8	False
chr16	81959793	81960056	PLCG2_exon_33	0.020933	0.056933	8	False
chr16	81960056	81960319	PLCG2_exon_33	-0.060411	0.032254	8	False
chr16	81960319	81960581	PLCG2_exon_33	0.023636	0.027575	8	False
chr16	81960581	81960844	PLCG2_exon_33	0.042548	0.073786	8	False
chr16	81960844	81961107	PLCG2_exon_33	0.006301	0.045294	8	False
chr16	81961107	81961370	PLCG2_exon_33	-0.070750	0.028680	8	False
chr16	81961370	81961632	PLCG2_exon_33	-0.042222	0.063668	8	False
chr16	81961632	81961895	PLCG2_exon_33	-0.028543	0.090332	8	False
chr16	81961895	81962158	PLCG2_exon_33	-0.013787	0.083429	8	False
chr16	81962158	81962421	PLCG2_exon_33	-0.008014	0.076248	8	False
chr16	81962421	81962684	PLCG2_exon_33	-0.055561	0.050851	8	False
chr16	82932348	82932468	bb.chr16.82932348	0.013650	0.115971	8	False
chr16	83562563	83562683	bb.chr16.83562563	-0.017367	0.082163	8	False
chr16	85447216	85447336	bb.chr16.85447216	-0.000950	0.047357	8	False
chr16	86417341	86417461	bb.chr16.86417341	0.052091	0.124098	8	False
chr16	87039010	87039130	bb.chr16.87039010	-0.001316	0.049476	8	False
chr16	87974511	87974631	bb.chr16.87974511	0.051827	0.089307	8	False
chr16	88571502	88571622	bb.chr16.88571502	0.001481	0.053890	8	False
chr16	89768853	89768973	bb.chr16.89768853	0.034405	0.092007	8	False
chr17	1650627	1650955	PRPF8_exon_43	-0.004371	0.035535	8	False
chr17	1651106	1651309	PRPF8_exon_42	0.010509	0.047667	8	False
chr17	1651412	1651552	PRPF8_exon_41	-0.003585	0.064409	8	False
chr17	1651646	1651787	PRPF8_exon_40	0.022332	0.083026	8	False
chr17	1653540	1653682	PRPF8_exon_39	0.018979	0.031091	8	False
chr17	1653775	1654015	PRPF8_exon_38	0.011217	0.044895	8	False
chr17	1655348	1655542	PRPF8_exon_37	-0.059467	0.055853	8	False
chr17	1656390	1656564	PRPF8_exon_36	-0.032077	0.056818	8	False
chr17	1656643	1656763	PRPF8_exon_35	0.019391	0.095798	8	False
chr17	1658255	1658375	PRPF8_exon_34	-0.053373	0.049169	8	False
chr17	1658524	1658762	PRPF8_exon_33	-0.011891	0.074545	8	False
chr17	1659355	1659547	PRPF8_exon_32	-0.089169	0.059344	8	False
chr17	1659839	1660000	PRPF8_exon_31	-0.034005	0.039316	8	False
chr17	1660430	1660577	PRPF8_exon_30	-0.036039	0.061630	8	False
chr17	1660701	1660821	PRPF8_exon_29	0.016700	0.041505	8	False
chr17	1660991	1661161	PRPF8_exon_28	-0.012369	0.039566	8	False
chr17	1661269	1661405	PRPF8_exon_27	0.053848	0.037053	8	False
chr17	1661609	1661789	PRPF8_exon_26	0.028368	0.051256	8	False
chr17	1661904	1662024	PRPF8_exon_25	-0.051015	0.026773	8	False
chr17	1662032	1662152	PRPF8_exon_25	-0.004312	0.041024	8	False
chr17	1673077	1673197	PRPF8_exon_24	-0.026168	0.067223	8	False
chr17	1673355	1673566	PRPF8_exon_23	0.003306	0.054186	8	False
chr17	1673744	1673891	PRPF8_exon_22	-0.065149	0.049221	8	False
chr17	1674440	1674679	PRPF8_exon_21	0.043166	0.056563	8	False
chr17	1675150	1675338	PRPF8_exon_20	-0.084795	0.061517	8	False
chr17	1675618	1675811	PRPF8_exon_19	0.033557	0.064109	8	False
chr17	1675929	1676049	PRPF8_exon_18	0.012013	0.071735	8	False
chr17	1676205	1676369	PRPF8_exon_17	0.050980	0.059655	8	False
chr17	1676503	1676710	PRPF8_exon_16	0.030895	0.041010	8	False
chr17	1676974	1677171	PRPF8_exon_15	-0.044431	0.031004	8	False
chr17	1677568	1677688	PRPF8_exon_14	0.006671	0.064677	8	False
chr17	1678516	1678651	PRPF8_exon_13	0.004580	0.082938	8	False
chr17	1678760	1678880	PRPF8_exon_12	-0.022734	0.060437	8	False
chr17	1679015	1679205	PRPF8_exon_11	-0.004937	0.024603	8	False
chr17	1679289	1679409	PRPF8_exon_10	0.009967	0.061608	8	False
chr17	1679607	1679798	PRPF8_exon_9	-0.033428	0.052503	8	False
chr17	1680717	1680837	PRPF8_exon_8	0.029436	0.069084	8	False
chr17	1680930	1681050	PRPF8_exon_7	0.034091	0.050314	8	False
chr17	1681476	1681689	PRPF8_exon_6	-0.030726	0.060087	8	False
chr17	1681818	1682037	PRPF8_exon_5	-0.016100	0.045110	8	False
chr17	1682127	1682292	PRPF8_exon_4	0.009800	0.092475	8	False
chr17	1683531	1683700	PRPF8_exon_3	-0.061327	0.029820	8	False
chr17	1684465	1684585	PRPF8_exon_2	-0.008122	0.087368	8	False
chr17	1684777	1684897	PRPF8_exon_1	0.025486	0.105378	8	False
chr17	7668419	7668539	TP53_exon_11	0.045990	0.044092	8	False
chr17	7668778	7669081	TP53_exon_11	0.021386	0.042940	8	False
chr17	7669081	7669385	TP53_exon_11	0.005828	0.070715	8	False
chr17	7669385	7669689	TP53_exon_11	0.025146	0.057314	8	False
chr17	7670600	7670720	TP53_exon_10	0.010097	0.081648	8	False
chr17	7673512	7673632	TP53_exon_9	0.005697	0.058638	8	False
chr17	7673699	7673836	TP53_exon_8	-0.052278	0.050958	8	False
chr17	7674174	7674294	TP53_exon_7	0.014960	0.065361	8	False
chr17	7674853	7674973	TP53_exon_6	0.031106	0.051878	8	False
chr17	7675051	7675235	TP53_exon_5	0.003734	0.043645	8	False
chr17	7675992	7676271	TP53_exon_4	0.008951	0.034636	8	False
chr17	7676344	7676464	TP53_exon_3	-0.052090	0.080208	8	False
chr17	7676516	7676636	TP53_exon_2	-0.037311	0.043627	8	False
chr17	7687372	7687492	TP53_exon_1	0.034593	0.082225	8	False
chr17	7834215	7834349	KDM6B_exon_1	0.015967	0.098964	8	False
chr17	7839903	7840023	KDM6B_exon_2	-0.013585	0.086183	8	False
chr17	7844899	7845019	KDM6B_exon_3	0.000843	0.085830	8	False
chr17	7845312	7845455	KDM6B_exon_4	0.031613	0.050749	8	False
chr17	7845548	7845690	KDM6B_exon_5	-0.025150	0.054891	8	False
chr17	7845871	7845991	KDM6B_exon_6	-0.024562	0.080021	8	False
chr17	7846076	7846296	KDM6B_exon_7	-0.006965	0.068563	8	False
chr17	7846396	7846516	KDM6B_exon_8	0.027804	0.056374	8	False
chr17	7846577	7846739	KDM6B_exon_9	0.068010	0.045439	8	False
chr17	7846817	7847015	KDM6B_exon_10	0.001056	0.136324	8	False
chr17	7847103	7847451	KDM6B_exon_11	0.084505	0.054274	8	False
chr17	7847544	7847816	KDM6B_exon_12	0.074932	0.137089	8	False
chr17	7847816	7848089	KDM6B_exon_12	-0.025400	0.165971	8	False
chr17	7848089	7848362	KDM6B_exon_12	-0.025654	0.106552	8	False
chr17	7848362	7848635	KDM6B_exon_12	0.007482	0.099363	8	False
chr17	7848635	7848908	KDM6B_exon_12	-0.002009	0.116695	8	False
chr17	7848908	7849181	KDM6B_exon_12	0.039914	0.122572	8	False
chr17	7849181	7849454	KDM6B_exon_12	0.017776	0.091720	8	False
chr17	7849454	7849727	KDM6B_exon_12	0.089856	0.097838	8	False
chr17	7849822	7849942	KDM6B_exon_13	-0.010670	0.079669	8	False
chr17	7850063	7850183	KDM6B_exon_14	-0.118110	0.048940	8	False
chr17	7851019	7851225	KDM6B_exon_15	0.025822	0.091591	8	False
chr17	7851311	7851431	KDM6B_exon_16	0.003531	0.073306	8	False
chr17	7851436	7851556	KDM6B_exon_17	0.023695	0.071748	8	False
chr17	7851646	7851795	KDM6B_exon_18	-0.030259	0.084283	8	False
chr17	7851946	7852066	KDM6B_exon_19	0.017853	0.047752	8	False
chr17	7852147	7852335	KDM6B_exon_20	0.015666	0.075346	8	False
chr17	7852493	7852635	KDM6B_exon_21	-0.082907	0.099872	8	False
chr17	7853001	7853121	KDM6B_exon_22	0.027273	0.074566	8	False
chr17	7853208	7853379	KDM6B_exon_23	0.028900	0.074850	8	False
chr17	7853496	7853755	KDM6B_exon_24	0.012244	0.102410	8	False
chr17	7853755	7854015	KDM6B_exon_24	-0.015412	0.074572	8	False
chr17	7854015	7854275	KDM6B_exon_24	-0.018320	0.079564	8	False
chr17	7854275	7854535	KDM6B_exon_24	0.020709	0.084597	8	False
chr17	7854535	7854795	KDM6B_exon_24	-0.055210	0.074988	8	False
chr17	27768644	27768764	bb.chr17.27768644	-0.022049	0.062885	8	False
chr17	28489287	28489407	bb.chr17.28489287	-0.006738	0.102681	8	False
chr17	29273570	29273690	bb.chr17.29273570	0.014146	0.090820	8	False
chr17	30646712	30646832	bb.chr17.30646712	-0.058757	0.132526	8	False
chr17	31094975	31095368	NF1_exon_1	0.041964	0.082956	8	False
chr17	31155981	31156125	NF1_exon_2	0.008048	0.041329	8	False
chr17	31159002	31159122	NF1_exon_3	0.010763	0.077234	8	False
chr17	31163184	31163375	NF1_exon_4	-0.089631	0.065757	8	False
chr17	31169882	31170002	NF1_exon_5	0.004483	0.068945	8	False
chr17	31181389	31181509	NF1_exon_6	-0.007909	0.078830	8	False
chr17	31181677	31181797	NF1_exon_7	-0.038945	0.145125	8	False
chr17	31182506	31182664	NF1_exon_8	-0.010152	0.059265	8	False
chr17	31200420	31200594	NF1_exon_9	-0.047674	0.046191	8	False
chr17	31201036	31201156	NF1_exon_10	0.024030	0.064585	8	False
chr17	31201386	31201506	NF1_exon_11	-0.014217	0.059719	8	False
chr17	31206238	31206370	NF1_exon_12	0.003851	0.042806	8	False
chr17	31214449	31214584	NF1_exon_13	-0.001807	0.085821	8	False
chr17	31219000	31219120	NF1_exon_14	-0.008433	0.083253	8	False
chr17	31221849	31221969	NF1_exon_15	0.004761	0.082401	8	False
chr17	31223444	31223564	NF1_exon_16	0.019722	0.075988	8	False
chr17	31225093	31225249	NF1_exon_17	-0.055671	0.075074	8	False
chr17	31226433	31226553	NF1_exon_18	0.017671	0.050595	8	False
chr17	31226563	31226683	NF1_exon_18	-0.009388	0.072318	8	False
chr17	31227198	31227318	NF1_exon_19	-0.009163	0.091917	8	False
chr17	31227521	31227641	NF1_exon_20	0.001260	0.034623	8	False
chr17	31229023	31229243	NF1_exon_21	0.062800	0.034284	8	False
chr17	31229243	31229464	NF1_exon_21	0.050614	0.042705	8	False
chr17	31229833	31229973	NF1_exon_22	0.001007	0.043506	8	False
chr17	31230259	31230379	NF1_exon_23	-0.006405	0.050933	8	False
chr17	31230807	31230927	NF1_exon_24	-0.025502	0.051576	8	False
chr17	31232070	31232190	NF1_exon_25	0.003095	0.069171	8	False
chr17	31232698	31232880	NF1_exon_26	0.009756	0.056981	8	False
chr17	31233000	31233212	NF1_exon_27	-0.024805	0.073044	8	False
chr17	31235609	31235771	NF1_exon_28	-0.004489	0.064079	8	False
chr17	31235902	31236022	NF1_exon_29	-0.065041	0.050923	8	False
chr17	31248982	31249118	NF1_exon_30	0.030741	0.039143	8	False
chr17	31252896	31253016	NF1_exon_31	0.027944	0.059432	8	False
chr17	31258342	31258501	NF1_exon_32	-0.027551	0.041917	8	False
chr17	31259025	31259145	NF1_exon_33	-0.011710	0.069839	8	False
chr17	31260367	31260514	NF1_exon_34	-0.010968	0.049667	8	False
chr17	31261709	31261856	NF1_exon_35	-0.007506	0.018207	8	False
chr17	31265222	31265342	NF1_exon_36	-0.005173	0.079138	8	False
chr17	31325818	31326034	NF1_exon_37	0.117560	0.078370	8	False
chr17	31326034	31326251	NF1_exon_37	0.100645	0.068037	8	False
chr17	31327497	31327838	NF1_exon_38	0.000502	0.061640	8	False
chr17	31330294	31330497	NF1_exon_39	0.011416	0.048866	8	False
chr17	31334836	31335030	NF1_exon_40	-0.074569	0.077235	8	False
chr17	31336331	31336472	NF1_exon_41	-0.077017	0.039953	8	False
chr17	31336633	31336913	NF1_exon_42	-0.012993	0.060027	8	False
chr17	31337366	31337581	NF1_exon_43	0.051220	0.037581	8	False
chr17	31337770	31337890	NF1_exon_44	-0.100810	0.101883	8	False
chr17	31338020	31338140	NF1_exon_45	-0.060748	0.077858	8	False
chr17	31338695	31338815	NF1_exon_46	0.023294	0.048859	8	False
chr17	31340503	31340644	NF1_exon_47	0.010637	0.077545	8	False
chr17	31343010	31343130	NF1_exon_48	-0.008945	0.061111	8	False
chr17	31349118	31349250	NF1_exon_49	0.026164	0.068844	8	False
chr17	31350181	31350317	NF1_exon_50	0.025855	0.050805	8	False
chr17	31352255	31352413	NF1_exon_51	-0.026760	0.033411	8	False
chr17	31356459	31356579	NF1_exon_52	0.000418	0.059286	8	False
chr17	31356963	31357083	NF1_exon_53	0.000208	0.039760	8	False
chr17	31357256	31357376	NF1_exon_54	0.020024	0.078898	8	False
chr17	31358478	31358621	NF1_exon_55	-0.001912	0.045233	8	False
chr17	31358961	31359081	NF1_exon_56	0.015777	0.078315	8	False
chr17	31360485	31360702	NF1_exon_57	0.048006	0.069838	8	False
chr17	31374011	31374247	NF1_exon_58	0.013721	0.031334	8	False
chr17	31374247	31374484	NF1_exon_58	0.001599	0.047406	8	False
chr17	31374484	31374721	NF1_exon_58	0.023120	0.048537	8	False
chr17	31374721	31374958	NF1_exon_58	-0.055288	0.056601	8	False
chr17	31374966	31375236	NF1_exon_58	-0.048140	0.062615	8	False
chr17	31375236	31375507	NF1_exon_58	-0.010667	0.028685	8	False
chr17	31375507	31375778	NF1_exon_58	0.010661	0.054407	8	False
chr17	31375778	31376049	NF1_exon_58	-0.018937	0.044542	8	False
chr17	31376049	31376320	NF1_exon_58	0.030464	0.072033	8	False
chr17	31376320	31376590	NF1_exon_58	-0.015041	0.034468	8	False
chr17	31376590	31376861	NF1_exon_58	0.012661	0.051779	8	False
chr17	31376861	31377132	NF1_exon_58	-0.014643	0.058639	8	False
chr17	31377132	31377403	NF1_exon_58	-0.054553	0.041468	8	False
chr17	31377403	31377674	NF1_exon_58	-0.037329	0.065311	8	False
chr17	31936991	31937111	SUZ12_exon_1	0.013920	0.097767	8	False
chr17	31937120	31937519	SUZ12_exon_1	0.028744	0.102227	8	False
chr17	31940217	31940337	SUZ12_exon_2	0.028091	0.081152	8	False
chr17	31940406	31940526	SUZ12_exon_3	-0.007105	0.084214	8	False
chr17	31947574	31947694	SUZ12_exon_4	-0.004801	0.061171	8	False
chr17	31966145	31966265	SUZ12_exon_5	-0.005116	0.083871	8	False
chr17	31973128	31973248	SUZ12_exon_6	0.022046	0.095012	8	False
chr17	31975480	31975712	SUZ12_exon_7	0.034476	0.059754	8	False
chr17	31976518	31976638	SUZ12_exon_8	0.007424	0.084472	8	False
chr17	31982990	31983110	SUZ12_exon_9	0.037740	0.052172	8	False
chr17	31988318	31988496	SUZ12_exon_10	-0.042485	0.077664	8	False
chr17	31993233	31993353	SUZ12_exon_11	0.011299	0.081823	8	False
chr17	31993863	31994007	SUZ12_exon_12	0.017400	0.033216	8	False
chr17	31994562	31994720	SUZ12_exon_13	-0.000262	0.062710	8	False
chr17	31995562	31995761	SUZ12_exon_14	-0.021877	0.058033	8	False
chr17	31996763	31996883	SUZ12_exon_15	0.001261	0.083168	8	False
chr17	31998656	31998920	SUZ12_exon_16	-0.046639	0.032002	8	False
chr17	31998920	31999185	SUZ12_exon_16	0.005864	0.044078	8	False
chr17	31999185	31999449	SUZ12_exon_16	0.016631	0.083314	8	False
chr17	31999449	31999714	SUZ12_exon_16	-0.007187	0.068652	8	False
chr17	31999714	31999978	SUZ12_exon_16	-0.067313	0.087489	8	False
chr17	31999978	32000243	SUZ12_exon_16	0.027641	0.063709	8	False
chr17	32000243	32000507	SUZ12_exon_16	-0.005663	0.031424	8	False
chr17	32000507	32000772	SUZ12_exon_16	-0.029302	0.042528	8	False
chr17	32000772	32001037	SUZ12_exon_16	-0.054347	0.054253	8	False
chr17	32285441	32285561	bb.chr17.32285441	-0.000216	0.112308	8	False
chr17	32984586	32984706	bb.chr17.32984586	0.023870	0.072105	8	False
chr17	33591030	33591150	bb.chr17.33591030	0.025394	0.052714	8	False
chr17	34236752	34236872	bb.chr17.34236752	0.001566	0.067490	8	False
chr17	35170252	35170372	bb.chr17.35170252	-0.001264	0.076191	8	False
chr17	36077894	36078014	bb.chr17.36077894	0.012204	0.033123	8	False
chr17	36887679	36887799	bb.chr17.36887679	0.020220	0.066609	8	False
chr17	37542063	37542183	bb.chr17.37542063	-0.000411	0.063828	8	False
chr17	39101589	39101709	bb.chr17.39101589	-0.004663	0.062469	8	False
chr17	39773503	39773623	bb.chr17.39773503	-0.076732	0.318056	8	True
chr17	40436678	40436798	bb.chr17.40436678	-0.018265	0.059504	8	False
chr17	42199175	42199434	STAT5B_exon_19	-0.031412	0.079008	8	False
chr17	42199434	42199694	STAT5B_exon_19	0.004948	0.050278	8	False
chr17	42199694	42199954	STAT5B_exon_19	-0.018627	0.081093	8	False
chr17	42199954	42200214	STAT5B_exon_19	-0.008482	0.043007	8	False
chr17	42200214	42200474	STAT5B_exon_19	-0.007368	0.045168	8	False
chr17	42200474	42200734	STAT5B_exon_19	0.028336	0.061570	8	False
chr17	42200734	42200994	STAT5B_exon_19	0.021294	0.067536	8	False
chr17	42200994	42201254	STAT5B_exon_19	0.014033	0.030965	8	False
chr17	42201254	42201514	STAT5B_exon_19	0.037501	0.073943	8	False
chr17	42201527	42201863	STAT5B_exon_19	0.013420	0.049539	8	False
chr17	42202332	42202452	STAT5B_exon_18	0.007672	0.093259	8	False
chr17	42202714	42202834	STAT5B_exon_17	0.076049	0.086395	8	False
chr17	42207556	42207727	STAT5B_exon_16	-0.051106	0.062705	8	False
chr17	42210174	42210294	STAT5B_exon_15	-0.002541	0.076329	8	False
chr17	42210396	42210516	STAT5B_exon_14	0.006972	0.041344	8	False
chr17	42211982	42212189	STAT5B_exon_13	-0.005531	0.081102	8	False
chr17	42216002	42216122	STAT5B_exon_12	-0.012030	0.068320	8	False
chr17	42217159	42217279	STAT5B_exon_11	0.024342	0.052671	8	False
chr17	42217352	42217472	STAT5B_exon_10	0.021400	0.036235	8	False
chr17	42218149	42218329	STAT5B_exon_9	-0.065708	0.092222	8	False
chr17	42218721	42218877	STAT5B_exon_8	-0.046827	0.124627	8	False
chr17	42219310	42219462	STAT5B_exon_7	0.053202	0.148708	8	False
chr17	42219715	42219835	STAT5B_exon_6	-0.007891	0.151343	8	False
chr17	42223380	42223555	STAT5B_exon_5	-0.063041	0.049076	8	False
chr17	42224764	42224884	STAT5B_exon_4	-0.014361	0.060425	8	False
chr17	42227527	42227684	STAT5B_exon_3	-0.037889	0.068751	8	False
chr17	42231998	42232136	STAT5B_exon_2	0.060926	0.066837	8	False
chr17	42276246	42276390	STAT5B_exon_1	0.002217	0.162961	8	False
chr17	42313322	42313576	STAT3_exon_24	-0.040383	0.038739	8	False
chr17	42313576	42313830	STAT3_exon_24	-0.017376	0.069642	8	False
chr17	42313830	42314084	STAT3_exon_24	-0.022689	0.060696	8	False
chr17	42314084	42314338	STAT3_exon_24	-0.009837	0.085242	8	False
chr17	42314338	42314592	STAT3_exon_24	-0.007473	0.059852	8	False
chr17	42314592	42314846	STAT3_exon_24	-0.029836	0.041878	8	False
chr17	42315107	42315337	STAT3_exon_24	0.012182	0.037993	8	False
chr17	42315337	42315568	STAT3_exon_24	-0.003846	0.038404	8	False
chr17	42315568	42315799	STAT3_exon_24	0.002812	0.042586	8	False
chr17	42316783	42316903	STAT3_exon_23	-0.008415	0.056065	8	False
chr17	42317112	42317232	STAT3_exon_22	0.020522	0.064259	8	False
chr17	42322280	42322493	STAT3_exon_21	0.029408	0.044644	8	False
chr17	42323002	42323142	STAT3_exon_20	0.050463	0.040187	8	False
chr17	42323242	42323362	STAT3_exon_19	-0.023748	0.044590	8	False
chr17	42323508	42323628	STAT3_exon_18	-0.030000	0.079700	8	False
chr17	42324709	42324845	STAT3_exon_17	0.039294	0.059449	8	False
chr17	42324943	42325063	STAT3_exon_16	0.016720	0.082934	8	False
chr17	42326096	42326216	STAT3_exon_15	0.011810	0.090667	8	False
chr17	42329372	42329492	STAT3_exon_14	0.021342	0.049722	8	False
chr17	42329530	42329650	STAT3_exon_13	0.085481	0.065303	8	False
chr17	42329677	42329797	STAT3_exon_12	0.014000	0.064675	8	False
chr17	42331412	42331532	STAT3_exon_11	0.013835	0.093046	8	False
chr17	42333662	42333782	STAT3_exon_10	-0.011171	0.070094	8	False
chr17	42333889	42334048	STAT3_exon_9	0.018388	0.088843	8	False
chr17	42337433	42337585	STAT3_exon_8	-0.057809	0.076100	8	False
chr17	42337755	42337875	STAT3_exon_7	-0.016301	0.045615	8	False
chr17	42338697	42338817	STAT3_exon_6	-0.006044	0.042394	8	False
chr17	42339300	42339420	STAT3_exon_5	0.013325	0.054385	8	False
chr17	42345554	42345674	STAT3_exon_4	-0.032116	0.053048	8	False
chr17	42346567	42346712	STAT3_exon_3	0.017572	0.049049	8	False
chr17	42348387	42348538	STAT3_exon_2	0.000955	0.047828	8	False
chr17	42388277	42388441	STAT3_exon_1	-0.078911	0.134824	8	False
chr17	42550205	42550325	bb.chr17.42550205	0.045005	0.225192	8	False
chr17	43573582	43573702	bb.chr17.43573582	0.003990	0.091286	8	False
chr17	44205038	44205296	UBTF_exon_21	-0.013044	0.062497	8	False
chr17	44205296	44205555	UBTF_exon_21	-0.011565	0.044003	8	False
chr17	44205555	44205814	UBTF_exon_21	-0.001835	0.063378	8	False
chr17	44205814	44206072	UBTF_exon_21	-0.013139	0.080686	8	False
chr17	44206072	44206331	UBTF_exon_21	0.024470	0.039759	8	False
chr17	44206331	44206590	UBTF_exon_21	0.010660	0.080034	8	False
chr17	44206590	44206848	UBTF_exon_21	0.013525	0.097611	8	False
chr17	44206848	44207107	UBTF_exon_21	-0.031307	0.093434	8	False
chr17	44207107	44207366	UBTF_exon_21	0.074362	0.063161	8	False
chr17	44207452	44207596	UBTF_exon_20	-0.016845	0.044440	8	False
chr17	44207690	44207810	UBTF_exon_19	-0.025745	0.065591	8	False
chr17	44207843	44207963	UBTF_exon_18	-0.004067	0.037578	8	False
chr17	44209350	44209540	UBTF_exon_17	-0.041435	0.064045	8	False
chr17	44209629	44209749	UBTF_exon_16	0.040400	0.100049	8	False
chr17	44210117	44210237	UBTF_exon_15	0.029940	0.062531	8	False
chr17	44210316	44210472	UBTF_exon_14	-0.018373	0.056631	8	False
chr17	44210790	44210946	UBTF_exon_13	0.002415	0.119800	8	False
chr17	44211034	44211154	UBTF_exon_12	-0.020269	0.075497	8	False
chr17	44211272	44211392	UBTF_exon_11	-0.056101	0.077729	8	False
chr17	44211604	44211746	UBTF_exon_10	-0.027760	0.070444	8	False
chr17	44211871	44212005	UBTF_exon_9	-0.114884	0.092141	8	False
chr17	44212337	44212457	UBTF_exon_8	-0.013247	0.100395	8	False
chr17	44212817	44212937	UBTF_exon_7	0.019531	0.058861	8	False
chr17	44213207	44213327	UBTF_exon_6	0.024647	0.095780	8	False
chr17	44215652	44215808	UBTF_exon_5	0.022755	0.088952	8	False
chr17	44215900	44216020	UBTF_exon_4	0.034956	0.045564	8	False
chr17	44216527	44216703	UBTF_exon_3	-0.060399	0.042691	8	False
chr17	44218172	44218292	UBTF_exon_2	0.021308	0.098920	8	False
chr17	44219443	44219674	UBTF_exon_1	0.008876	0.185083	8	False
chr17	44584532	44584652	bb.chr17.44584532	-0.016657	0.086113	8	False
chr17	45284064	45284184	bb.chr17.45284064	0.004194	0.065982	8	False
chr17	45993157	45993277	bb.chr17.45993157	0.011469	0.094529	8	False
chr17	47995239	47995359	bb.chr17.47995239	-0.024570	0.077076	8	False
chr17	48747136	48747256	bb.chr17.48747136	-0.017879	0.066992	8	False
chr17	50109518	50109638	bb.chr17.50109518	0.011563	0.073081	8	False
chr17	50743786	50743906	bb.chr17.50743786	-0.064739	0.137144	8	False
chr17	51632383	51632503	bb.chr17.51632383	-0.009165	0.066740	8	False
chr17	53134191	53134311	bb.chr17.53134191	-0.007096	0.066016	8	False
chr17	53996212	53996332	bb.chr17.53996212	-0.036111	0.079810	8	False
chr17	54627611	54627731	bb.chr17.54627611	0.024621	0.063051	8	False
chr17	55509772	55509892	bb.chr17.55509772	-0.004700	0.060665	8	False
chr17	56351015	56351135	bb.chr17.56351015	-0.040480	0.191802	8	False
chr17	57054127	57054247	bb.chr17.57054127	0.082967	0.089296	8	False
chr17	58410215	58410335	bb.chr17.58410215	-0.041610	0.072683	8	False
chr17	58692600	58692787	RAD51C_exon_1	-0.084331	0.058324	8	False
chr17	58694929	58695188	RAD51C_exon_2	-0.035021	0.050620	8	False
chr17	58696691	58696858	RAD51C_exon_3	-0.072401	0.073070	8	False
chr17	58703194	58703328	RAD51C_exon_4	0.011041	0.055479	8	False
chr17	58709857	58709989	RAD51C_exon_5	0.019881	0.034569	8	False
chr17	58720708	58720828	RAD51C_exon_6	0.013503	0.080092	8	False
chr17	58723997	58724117	RAD51C_exon_7	0.023387	0.084117	8	False
chr17	58732469	58732589	RAD51C_exon_8	0.025027	0.110275	8	False
chr17	58734116	58734348	RAD51C_exon_9	-0.001698	0.052591	8	False
chr17	58734348	58734580	RAD51C_exon_9	-0.014087	0.045217	8	False
chr17	58734918	58735253	RAD51C_exon_9	-0.017296	0.061829	8	False
chr17	58735502	58735622	RAD51C_exon_9	0.035246	0.117951	8	False
chr17	59130119	59130239	bb.chr17.59130119	-0.351010	0.780340	8	True
chr17	59853225	59853345	bb.chr17.59853225	0.015838	0.071055	8	False
chr17	60600191	60600422	PPM1D_exon_1	-0.008264	0.132205	8	False
chr17	60600422	60600653	PPM1D_exon_1	-0.022047	0.134492	8	False
chr17	60600653	60600885	PPM1D_exon_1	-0.002585	0.107074	8	False
chr17	60623519	60623748	PPM1D_exon_2	0.032666	0.071962	8	False
chr17	60633853	60633973	PPM1D_exon_3	0.022886	0.093257	8	False
chr17	60647890	60648081	PPM1D_exon_4	-0.078203	0.057009	8	False
chr17	60656597	60656717	PPM1D_exon_5	0.010539	0.050995	8	False
chr17	60656720	60656840	PPM1D_exon_5	0.009720	0.069001	8	False
chr17	60662993	60663247	PPM1D_exon_6	-0.043980	0.058088	8	False
chr17	60663247	60663502	PPM1D_exon_6	-0.005715	0.041481	8	False
chr17	60663502	60663756	PPM1D_exon_6	0.021990	0.062449	8	False
chr17	60663756	60664011	PPM1D_exon_6	0.016124	0.033227	8	False
chr17	60664011	60664265	PPM1D_exon_6	0.017480	0.053747	8	False
chr17	60664265	60664520	PPM1D_exon_6	-0.056810	0.035671	8	False
chr17	60665472	60665741	PPM1D_exon_6	-0.018556	0.030758	8	False
chr17	60665741	60666010	PPM1D_exon_6	0.042878	0.036376	8	False
chr17	60666010	60666279	PPM1D_exon_6	-0.013738	0.060216	8	False
chr17	61510431	61510551	bb.chr17.61510431	0.003752	0.078548	8	False
chr17	62804676	62804796	bb.chr17.62804676	0.052632	0.058240	8	False
chr17	63484888	63485008	bb.chr17.63484888	0.000163	0.080273	8	False
chr17	64322452	64322572	bb.chr17.64322452	-0.002024	0.063188	8	False
chr17	65717692	65717812	bb.chr17.65717692	-0.024008	0.136423	8	False
chr17	66448798	66448918	bb.chr17.66448798	-0.002654	0.090923	8	False
chr17	67340351	67340471	bb.chr17.67340351	-0.024559	0.296521	8	False
chr17	68290856	68290976	bb.chr17.68290856	0.017366	0.092032	8	False
chr17	70050057	70050177	bb.chr17.70050057	-0.027633	0.101254	8	False
chr17	70941966	70942086	bb.chr17.70941966	0.017740	0.072924	8	False
chr17	71563362	71563482	bb.chr17.71563362	0.002342	0.055975	8	False
chr17	72180072	72180192	bb.chr17.72180072	-0.013082	0.061282	8	False
chr17	73135120	73135240	bb.chr17.73135120	-0.070433	0.309845	8	True
chr17	73971658	73971778	bb.chr17.73971658	0.013941	0.084761	8	False
chr17	75514932	75515052	bb.chr17.75514932	0.042472	0.095654	8	False
chr17	76698304	76698424	bb.chr17.76698304	-0.026243	0.201589	8	False
chr17	76734113	76734374	SRSF2_exon_3	-0.075179	0.126117	8	False
chr17	76734374	76734635	SRSF2_exon_3	-0.016666	0.056224	8	False
chr17	76734635	76734896	SRSF2_exon_3	-0.010032	0.057272	8	False
chr17	76734896	76735157	SRSF2_exon_3	-0.026720	0.067513	8	False
chr17	76736152	76736463	SRSF2_exon_2	-0.015262	0.073934	8	False
chr17	76736797	76737063	SRSF2_exon_1	-0.066928	0.142219	8	False
chr17	76737063	76737330	SRSF2_exon_1	-0.059926	0.110040	8	False
chr17	77576592	77576712	bb.chr17.77576592	-0.008849	0.094915	8	False
chr17	78488153	78488273	bb.chr17.78488153	0.000041	0.114387	8	False
chr17	79725211	79725331	bb.chr17.79725211	0.035648	0.124154	8	False
chr17	80605353	80605473	bb.chr17.80605353	0.046378	0.079117	8	False
chr17	81538103	81538223	bb.chr17.81538103	-0.020369	0.088417	8	False
chr17	82386290	82386410	bb.chr17.82386290	0.032960	0.242595	8	False
chr18	293961	294081	bb.chr18.293961	0.023491	0.066733	8	False
chr18	1983921	1984041	bb.chr18.1983921	-0.035437	0.144621	8	False
chr18	3510727	3510847	bb.chr18.3510727	-0.006427	0.105339	8	False
chr18	4454090	4454210	bb.chr18.4454090	0.031997	0.101710	8	False
chr18	5196922	5197042	bb.chr18.5196922	-0.001119	0.049159	8	False
chr18	6681251	6681371	bb.chr18.6681251	0.018135	0.084974	8	False
chr18	7389170	7389290	bb.chr18.7389170	0.010951	0.056029	8	False
chr18	8257129	8257249	bb.chr18.8257129	0.010474	0.054675	8	False
chr18	8912626	8912746	bb.chr18.8912626	0.010777	0.081051	8	False
chr18	9869989	9870109	bb.chr18.9869989	-0.001563	0.082328	8	False
chr18	11156517	11156637	bb.chr18.11156517	0.021031	0.065624	8	False
chr18	11938745	11938865	bb.chr18.11938745	0.019541	0.066773	8	False
chr18	13101843	13101963	bb.chr18.13101843	0.014053	0.052380	8	False
chr18	13993717	13993837	bb.chr18.13993717	-0.001006	0.105340	8	False
chr18	14598534	14598654	bb.chr18.14598534	-0.025129	0.093094	8	False
chr18	21329909	21330029	bb.chr18.21329909	0.012809	0.041409	8	False
chr18	22246719	22246839	bb.chr18.22246719	-0.012103	0.062740	8	False
chr18	23079035	23079155	bb.chr18.23079035	0.021219	0.069176	8	False
chr18	24056222	24056342	bb.chr18.24056222	-0.014400	0.082951	8	False
chr18	25016017	25016137	bb.chr18.25016017	-0.020626	0.143524	8	False
chr18	25711048	25711168	bb.chr18.25711048	-0.012714	0.075646	8	False
chr18	26493275	26493395	bb.chr18.26493275	-0.056391	0.132813	8	False
chr18	27191914	27192034	bb.chr18.27191914	-0.032263	0.261443	8	False
chr18	27921977	27922097	bb.chr18.27921977	0.025308	0.078055	8	False
chr18	28586551	28586671	bb.chr18.28586551	-0.118194	0.460104	8	True
chr18	29838574	29838694	bb.chr18.29838574	-0.014019	0.034179	8	False
chr18	30458256	30458376	bb.chr18.30458256	-0.029458	0.277910	8	False
chr18	31161885	31162005	bb.chr18.31161885	0.017236	0.085070	8	False
chr18	32473127	32473247	bb.chr18.32473127	-0.001518	0.191632	8	False
chr18	33748495	33748615	bb.chr18.33748495	0.026714	0.089004	8	False
chr18	34414865	34414985	bb.chr18.34414865	-0.066773	0.165871	8	False
chr18	35553835	35553955	bb.chr18.35553835	0.026281	0.120321	8	False
chr18	36373353	36373473	bb.chr18.36373353	-0.010103	0.094668	8	False
chr18	37295334	37295454	bb.chr18.37295334	0.025247	0.089090	8	False
chr18	38132991	38133111	bb.chr18.38132991	0.076300	0.129830	8	False
chr18	38851939	38852059	bb.chr18.38851939	0.002302	0.091913	8	False
chr18	39614266	39614386	bb.chr18.39614266	0.028146	0.122406	8	False
chr18	40380680	40380800	bb.chr18.40380680	0.002122	0.059371	8	False
chr18	41554696	41554816	bb.chr18.41554696	-0.128217	0.603987	8	True
chr18	42323905	42324025	bb.chr18.42323905	0.002259	0.066878	8	False
chr18	43760911	43761031	bb.chr18.43760911	-0.000052	0.058745	8	False
chr18	44551917	44552037	bb.chr18.44551917	-0.004581	0.158179	8	False
chr18	44680886	44681020	SETBP1_exon_1	0.006678	0.131232	8	False
chr18	44701173	44701502	SETBP1_exon_2	0.042052	0.040844	8	False
chr18	44701502	44701831	SETBP1_exon_2	0.038747	0.044740	8	False
chr18	44869225	44869345	SETBP1_exon_3	0.009197	0.085402	8	False
chr18	44949879	44950145	SETBP1_exon_4	-0.055025	0.054755	8	False
chr18	44950145	44950411	SETBP1_exon_4	-0.001545	0.023813	8	False
chr18	44950411	44950677	SETBP1_exon_4	0.003974	0.037751	8	False
chr18	44950677	44950943	SETBP1_exon_4	0.000075	0.036590	8	False
chr18	44950943	44951209	SETBP1_exon_4	-0.074644	0.026992	8	False
chr18	44951209	44951475	SETBP1_exon_4	-0.005289	0.044508	8	False
chr18	44951475	44951742	SETBP1_exon_4	0.001496	0.058585	8	False
chr18	44951742	44952008	SETBP1_exon_4	-0.084709	0.043052	8	False
chr18	44952008	44952274	SETBP1_exon_4	0.012547	0.033415	8	False
chr18	44952274	44952540	SETBP1_exon_4	0.015118	0.029728	8	False
chr18	44952540	44952806	SETBP1_exon_4	0.024592	0.052173	8	False
chr18	44952806	44953072	SETBP1_exon_4	-0.011663	0.057855	8	False
chr18	44953072	44953339	SETBP1_exon_4	-0.038392	0.032481	8	False
chr18	45038483	45038654	SETBP1_exon_5	-0.073907	0.029747	8	False
chr18	45063077	45063348	SETBP1_exon_6	-0.014813	0.035723	8	False
chr18	45063348	45063620	SETBP1_exon_6	0.017090	0.125461	8	False
chr18	45063620	45063891	SETBP1_exon_6	-0.009834	0.084044	8	False
chr18	45063891	45064163	SETBP1_exon_6	-0.060249	0.064796	8	False
chr18	45064163	45064435	SETBP1_exon_6	-0.033881	0.039090	8	False
chr18	45064435	45064706	SETBP1_exon_6	-0.010473	0.042879	8	False
chr18	45064706	45064978	SETBP1_exon_6	-0.011589	0.064497	8	False
chr18	45064978	45065249	SETBP1_exon_6	-0.013020	0.072595	8	False
chr18	45065249	45065521	SETBP1_exon_6	-0.011000	0.056674	8	False
chr18	45065521	45065793	SETBP1_exon_6	0.030785	0.049979	8	False
chr18	45065793	45066064	SETBP1_exon_6	0.022230	0.040617	8	False
chr18	45066064	45066336	SETBP1_exon_6	0.015224	0.060297	8	False
chr18	45066336	45066607	SETBP1_exon_6	0.013373	0.028988	8	False
chr18	45066607	45066879	SETBP1_exon_6	-0.009538	0.037024	8	False
chr18	45066879	45067151	SETBP1_exon_6	-0.000431	0.048820	8	False
chr18	45067151	45067422	SETBP1_exon_6	0.028648	0.050137	8	False
chr18	45067422	45067694	SETBP1_exon_6	0.002084	0.052672	8	False
chr18	45067694	45067965	SETBP1_exon_6	0.004603	0.034906	8	False
chr18	45067965	45068237	SETBP1_exon_6	-0.000240	0.056407	8	False
chr18	45068237	45068509	SETBP1_exon_6	-0.034006	0.062946	8	False
chr18	45558590	45558710	bb.chr18.45558590	-0.016316	0.058536	8	False
chr18	46351554	46351674	bb.chr18.46351554	0.013921	0.048340	8	False
chr18	47084095	47084215	bb.chr18.47084095	-0.012910	0.073870	8	False
chr18	47853682	47853802	bb.chr18.47853682	-0.031994	0.148520	8	False
chr18	48774906	48775026	bb.chr18.48774906	0.002516	0.075074	8	False
chr18	49569057	49569177	bb.chr18.49569057	0.013609	0.086516	8	False
chr18	50377564	50377684	bb.chr18.50377564	-0.058801	0.152709	8	False
chr18	51275766	51275886	bb.chr18.51275766	0.047494	0.076432	8	False
chr18	51932836	51932956	bb.chr18.51932836	0.038668	0.094880	8	False
chr18	52551370	52551490	bb.chr18.52551370	0.010380	0.138247	8	False
chr18	53250322	53250442	bb.chr18.53250322	0.066988	0.173098	8	False
chr18	53940685	53940805	bb.chr18.53940685	-0.006940	0.071528	8	False
chr18	54623424	54623544	bb.chr18.54623424	-0.042911	0.126426	8	False
chr18	55379286	55379406	bb.chr18.55379286	0.011846	0.054084	8	False
chr18	56144405	56144525	bb.chr18.56144405	0.028005	0.048330	8	False
chr18	57096537	57096657	bb.chr18.57096537	0.037571	0.103938	8	False
chr18	57799304	57799424	bb.chr18.57799304	-0.038134	0.218918	8	False
chr18	58580308	58580428	bb.chr18.58580308	0.011864	0.044612	8	False
chr18	59298890	59299010	bb.chr18.59298890	-0.017377	0.098188	8	False
chr18	60014957	60015077	bb.chr18.60014957	0.093777	0.088619	8	False
chr18	61067914	61068034	bb.chr18.61067914	-0.010015	0.054102	8	False
chr18	61791534	61791654	bb.chr18.61791534	-0.011801	0.123802	8	False
chr18	62576784	62576904	bb.chr18.62576784	0.009303	0.137452	8	False
chr18	63123344	63123614	BCL2_exon_3	-0.041527	0.056393	8	False
chr18	63123614	63123885	BCL2_exon_3	0.004441	0.041863	8	False
chr18	63123885	63124156	BCL2_exon_3	0.017618	0.049867	8	False
chr18	63124156	63124426	BCL2_exon_3	-0.001040	0.048205	8	False
chr18	63124426	63124697	BCL2_exon_3	-0.056039	0.062710	8	False
chr18	63124697	63124968	BCL2_exon_3	0.012650	0.055372	8	False
chr18	63124968	63125238	BCL2_exon_3	0.022060	0.052561	8	False
chr18	63125238	63125509	BCL2_exon_3	0.025607	0.034943	8	False
chr18	63125509	63125780	BCL2_exon_3	0.011492	0.042895	8	False
chr18	63125780	63126051	BCL2_exon_3	-0.019946	0.044279	8	False
chr18	63126051	63126321	BCL2_exon_3	-0.059924	0.029914	8	False
chr18	63126321	63126592	BCL2_exon_3	-0.006996	0.027743	8	False
chr18	63126592	63126863	BCL2_exon_3	-0.015245	0.046060	8	False
chr18	63126863	63127133	BCL2_exon_3	-0.010801	0.060031	8	False
chr18	63127133	63127404	BCL2_exon_3	0.011648	0.062410	8	False
chr18	63127404	63127675	BCL2_exon_3	0.003710	0.054883	8	False
chr18	63127675	63127945	BCL2_exon_3	-0.000976	0.055610	8	False
chr18	63127945	63128216	BCL2_exon_3	0.003906	0.031784	8	False
chr18	63128216	63128487	BCL2_exon_3	-0.000583	0.053242	8	False
chr18	63128487	63128758	BCL2_exon_3	-0.018061	0.047400	8	False
chr18	63302743	63302863	bb.chr18.63302743	-0.036041	0.121520	8	False
chr18	63318080	63318370	BCL2_exon_2	0.107018	0.055357	8	False
chr18	63318370	63318660	BCL2_exon_2	-0.013416	0.078061	8	False
chr18	63318660	63318951	BCL2_exon_2	0.091825	0.042985	8	False
chr18	63319172	63319470	BCL2_exon_1	0.020975	0.043933	8	False
chr18	63319470	63319768	BCL2_exon_1	0.028270	0.054353	8	False
chr18	64048485	64048605	bb.chr18.64048485	-0.056255	0.120669	8	False
chr18	65311935	65312055	bb.chr18.65311935	-0.053435	0.098295	8	False
chr18	66288936	66289056	bb.chr18.66288936	-0.034095	0.148267	8	False
chr18	67015882	67016002	bb.chr18.67015882	-0.032988	0.116168	8	False
chr18	67772764	67772884	bb.chr18.67772764	0.021047	0.164471	8	False
chr18	68508886	68509006	bb.chr18.68508886	-0.022853	0.069453	8	False
chr18	69233439	69233559	bb.chr18.69233439	0.006990	0.283470	8	False
chr18	69898283	69898403	bb.chr18.69898283	-0.002095	0.095899	8	False
chr18	70752662	70752782	bb.chr18.70752662	0.011685	0.098696	8	False
chr18	71480974	71481094	bb.chr18.71480974	-0.020503	0.190376	8	False
chr18	72210444	72210564	bb.chr18.72210444	0.063442	0.176444	8	False
chr18	73308338	73308458	bb.chr18.73308338	0.085025	0.272168	8	False
chr18	74886958	74887078	bb.chr18.74886958	-0.005460	0.052600	8	False
chr18	75649480	75649600	bb.chr18.75649480	-0.048701	0.085261	8	False
chr18	76389037	76389157	bb.chr18.76389037	0.014789	0.068512	8	False
chr18	77139795	77139915	bb.chr18.77139795	0.020063	0.053505	8	False
chr18	77879067	77879187	bb.chr18.77879067	0.061372	0.175518	8	False
chr18	78564444	78564564	bb.chr18.78564444	0.018082	0.100348	8	False
chr18	79553526	79553646	bb.chr18.79553526	-0.061911	0.124039	8	False
chr19	680785	680905	bb.chr19.680785	0.010119	0.102954	8	False
chr19	852296	852416	ELANE_exon_1	-0.014226	0.085045	8	False
chr19	852874	853031	ELANE_exon_2	-0.043854	0.140601	8	False
chr19	853260	853402	ELANE_exon_3	0.010168	0.063409	8	False
chr19	855562	855793	ELANE_exon_4	-0.000885	0.052325	8	False
chr19	855956	856242	ELANE_exon_5	0.004091	0.062106	8	False
chr19	1673450	1673570	bb.chr19.1673450	0.010917	0.127443	8	False
chr19	2325301	2325421	bb.chr19.2325301	-0.022816	0.089434	8	False
chr19	3338834	3338954	bb.chr19.3338834	0.018425	0.083695	8	False
chr19	4025609	4025729	bb.chr19.4025609	0.038103	0.106892	8	False
chr19	4043287	4043407	ZBTB7A_exon_3	-0.005081	0.126361	8	False
chr19	4043419	4043643	ZBTB7A_exon_3	0.057013	0.065453	8	False
chr19	4043758	4043878	ZBTB7A_exon_3	-0.019112	0.288152	8	False
chr19	4043901	4044124	ZBTB7A_exon_3	0.062188	0.085550	8	False
chr19	4044124	4044348	ZBTB7A_exon_3	0.082343	0.098422	8	False
chr19	4044376	4044701	ZBTB7A_exon_3	0.073991	0.133156	8	False
chr19	4044729	4045001	ZBTB7A_exon_3	0.064598	0.056080	8	False
chr19	4045001	4045273	ZBTB7A_exon_3	-0.000633	0.089523	8	False
chr19	4045273	4045545	ZBTB7A_exon_3	-0.007794	0.114100	8	False
chr19	4045545	4045817	ZBTB7A_exon_3	-0.009115	0.130740	8	False
chr19	4045817	4046089	ZBTB7A_exon_3	0.014169	0.077339	8	False
chr19	4046089	4046362	ZBTB7A_exon_3	0.033727	0.046598	8	False
chr19	4046477	4046768	ZBTB7A_exon_3	0.050513	0.030769	8	False
chr19	4046768	4047059	ZBTB7A_exon_3	0.006900	0.147016	8	False
chr19	4047059	4047350	ZBTB7A_exon_3	-0.038242	0.125938	8	False
chr19	4047350	4047642	ZBTB7A_exon_3	0.025195	0.086157	8	False
chr19	4047771	4048007	ZBTB7A_exon_3	0.009140	0.138604	8	False
chr19	4048007	4048243	ZBTB7A_exon_3	0.008454	0.072913	8	False
chr19	4053969	4054224	ZBTB7A_exon_2	-0.055936	0.097864	8	False
chr19	4054224	4054479	ZBTB7A_exon_2	-0.059572	0.163702	8	False
chr19	4054479	4054735	ZBTB7A_exon_2	0.006069	0.109227	8	False
chr19	4054735	4054990	ZBTB7A_exon_2	0.032282	0.086988	8	False
chr19	4054990	4055246	ZBTB7A_exon_2	-0.023283	0.087860	8	False
chr19	4066680	4066898	ZBTB7A_exon_1	0.014564	0.121064	8	False
chr19	4636874	4636994	bb.chr19.4636874	0.013341	0.121002	8	False
chr19	5352453	5352573	bb.chr19.5352453	0.003101	0.167216	8	False
chr19	6654328	6654448	bb.chr19.6654328	0.027267	0.072883	8	False
chr19	7905690	7905810	bb.chr19.7905690	-0.003820	0.124023	8	False
chr19	8608654	8608774	bb.chr19.8608654	0.009739	0.108295	8	False
chr19	9289260	9289380	bb.chr19.9289260	-0.005244	0.140414	8	False
chr19	10133344	10133700	DNMT1_exon_41	-0.013563	0.069392	8	False
chr19	10134209	10134329	DNMT1_exon_40	0.016549	0.082853	8	False
chr19	10135732	10135852	DNMT1_exon_39	-0.008711	0.101179	8	False
chr19	10136119	10136286	DNMT1_exon_38	-0.044355	0.098447	8	False
chr19	10137083	10137279	DNMT1_exon_37	-0.047657	0.083439	8	False
chr19	10137830	10138008	DNMT1_exon_36	-0.063847	0.100443	8	False
chr19	10138437	10138604	DNMT1_exon_35	-0.044554	0.074102	8	False
chr19	10139674	10139816	DNMT1_exon_34	0.018627	0.067705	8	False
chr19	10140044	10140327	DNMT1_exon_33	0.005725	0.037334	8	False
chr19	10140783	10140903	DNMT1_exon_32	0.030448	0.084408	8	False
chr19	10141099	10141219	DNMT1_exon_31	0.019666	0.040080	8	False
chr19	10142026	10142219	DNMT1_exon_30	-0.072425	0.093145	8	False
chr19	10143764	10143986	DNMT1_exon_29	0.054041	0.031239	8	False
chr19	10146349	10146523	DNMT1_exon_28	-0.045588	0.080163	8	False
chr19	10148882	10149016	DNMT1_exon_27	-0.005503	0.071095	8	False
chr19	10149451	10149656	DNMT1_exon_26	0.014407	0.046093	8	False
chr19	10149849	10149969	DNMT1_exon_25	0.023716	0.048803	8	False
chr19	10151396	10151544	DNMT1_exon_24	-0.024052	0.039249	8	False
chr19	10151743	10151863	DNMT1_exon_23	0.022562	0.074876	8	False
chr19	10154291	10154478	DNMT1_exon_22	0.009637	0.031029	8	False
chr19	10154584	10154772	DNMT1_exon_21	0.023514	0.062789	8	False
chr19	10154903	10155055	DNMT1_exon_20	-0.048317	0.040615	8	False
chr19	10155834	10155954	DNMT1_exon_19	0.021343	0.066697	8	False
chr19	10156388	10156508	DNMT1_exon_18	0.019034	0.069649	8	False
chr19	10159651	10159771	DNMT1_exon_17	-0.022752	0.060680	8	False
chr19	10159824	10159944	DNMT1_exon_16	0.040251	0.065927	8	False
chr19	10159972	10160092	DNMT1_exon_15	0.011271	0.050968	8	False
chr19	10160378	10160498	DNMT1_exon_14	0.020173	0.094676	8	False
chr19	10162652	10162772	DNMT1_exon_13	0.018745	0.047145	8	False
chr19	10163271	10163391	DNMT1_exon_12	0.053839	0.044574	8	False
chr19	10166576	10166696	DNMT1_exon_11	0.052337	0.093144	8	False
chr19	10168264	10168384	DNMT1_exon_10	-0.000245	0.050230	8	False
chr19	10173080	10173200	DNMT1_exon_9	0.001183	0.050895	8	False
chr19	10173859	10173979	DNMT1_exon_8	-0.015006	0.056732	8	False
chr19	10175515	10175635	DNMT1_exon_7	0.012385	0.078998	8	False
chr19	10177248	10177368	DNMT1_exon_6	0.029809	0.067477	8	False
chr19	10180348	10180568	DNMT1_exon_4	0.058298	0.059205	8	False
chr19	10180770	10180890	DNMT1_exon_3	0.007593	0.064034	8	False
chr19	10181981	10182101	DNMT1_exon_2	0.010476	0.074381	8	False
chr19	10194818	10194952	DNMT1_exon_1	-0.013073	0.131708	8	False
chr19	10468738	10468858	bb.chr19.10468738	-0.038015	0.112076	8	False
chr19	11377205	11377482	EPOR_exon_8	0.018343	0.069550	8	False
chr19	11377482	11377760	EPOR_exon_8	-0.019521	0.062753	8	False
chr19	11377760	11378038	EPOR_exon_8	0.007478	0.035920	8	False
chr19	11378038	11378316	EPOR_exon_8	0.047990	0.075916	8	False
chr19	11378316	11378594	EPOR_exon_8	0.089876	0.086398	8	False
chr19	11378687	11378807	EPOR_exon_7	0.030367	0.066514	8	False
chr19	11380868	11380988	EPOR_exon_6	-0.034329	0.067565	8	False
chr19	11381054	11381208	EPOR_exon_5	-0.052566	0.103449	8	False
chr19	11381690	11381848	EPOR_exon_4	-0.027904	0.115897	8	False
chr19	11381928	11382104	EPOR_exon_3	-0.052045	0.064467	8	False
chr19	11383095	11383231	EPOR_exon_2	0.004089	0.107149	8	False
chr19	11384091	11384313	EPOR_exon_1	0.049482	0.141592	8	False
chr19	11736740	11736860	bb.chr19.11736740	0.033419	0.100729	8	False
chr19	12943711	12943970	CALR_exon_9	-0.029463	0.048728	8	False
chr19	12943970	12944229	CALR_exon_9	-0.032501	0.056998	8	False
chr19	12944229	12944488	CALR_exon_9	-0.050063	0.058522	8	False
chr19	13207106	13207226	bb.chr19.13207106	0.001939	0.111453	8	False
chr19	13864503	13864623	bb.chr19.13864503	0.044315	0.134301	8	False
chr19	14861226	14861346	bb.chr19.14861226	-0.099869	0.351473	8	True
chr19	15159036	15159313	NOTCH3_exon_33	0.007356	0.039996	8	False
chr19	15159313	15159590	NOTCH3_exon_33	0.015622	0.023630	8	False
chr19	15159590	15159867	NOTCH3_exon_33	0.005327	0.050567	8	False
chr19	15159867	15160144	NOTCH3_exon_33	-0.012664	0.085874	8	False
chr19	15160144	15160421	NOTCH3_exon_33	0.045870	0.063494	8	False
chr19	15160435	15160690	NOTCH3_exon_33	0.090850	0.076635	8	False
chr19	15160690	15160946	NOTCH3_exon_33	-0.029902	0.117749	8	False
chr19	15160946	15161201	NOTCH3_exon_33	0.010988	0.135463	8	False
chr19	15161201	15161457	NOTCH3_exon_33	-0.014522	0.140117	8	False
chr19	15161457	15161713	NOTCH3_exon_33	-0.057460	0.073468	8	False
chr19	15162454	15162574	NOTCH3_exon_32	0.114136	0.098242	8	False
chr19	15165366	15165514	NOTCH3_exon_31	-0.014334	0.079642	8	False
chr19	15165785	15166090	NOTCH3_exon_30	0.005865	0.043308	8	False
chr19	15167247	15167410	NOTCH3_exon_29	-0.033432	0.072161	8	False
chr19	15170079	15170199	NOTCH3_exon_28	-0.071436	0.134817	8	False
chr19	15170329	15170552	NOTCH3_exon_27	0.011046	0.088999	8	False
chr19	15170669	15170824	NOTCH3_exon_26	0.007616	0.077069	8	False
chr19	15174066	15174399	NOTCH3_exon_25	0.011616	0.069813	8	False
chr19	15177523	15177806	NOTCH3_exon_24	0.012754	0.171794	8	False
chr19	15177806	15178089	NOTCH3_exon_24	0.000628	0.147209	8	False
chr19	15178820	15178940	NOTCH3_exon_23	0.025230	0.063680	8	False
chr19	15179023	15179281	NOTCH3_exon_22	0.034597	0.096501	8	False
chr19	15179362	15179495	NOTCH3_exon_21	0.017032	0.066604	8	False
chr19	15180070	15180255	NOTCH3_exon_20	-0.096021	0.074527	8	False
chr19	15180679	15180827	NOTCH3_exon_19	-0.077510	0.094886	8	False
chr19	15180959	15181161	NOTCH3_exon_18	0.030812	0.084162	8	False
chr19	15181574	15181800	NOTCH3_exon_17	0.068387	0.075167	8	False
chr19	15184293	15184449	NOTCH3_exon_16	-0.028702	0.072177	8	False
chr19	15184901	15185021	NOTCH3_exon_15	0.016317	0.123439	8	False
chr19	15185255	15185407	NOTCH3_exon_14	-0.018301	0.066962	8	False
chr19	15185485	15185678	NOTCH3_exon_13	-0.015490	0.036479	8	False
chr19	15186871	15186991	NOTCH3_exon_12	-0.067895	0.079205	8	False
chr19	15187103	15187337	NOTCH3_exon_11	-0.000044	0.061900	8	False
chr19	15187876	15187996	NOTCH3_exon_10	0.013792	0.079176	8	False
chr19	15188230	15188350	NOTCH3_exon_9	0.003390	0.106006	8	False
chr19	15188987	15189173	NOTCH3_exon_8	-0.032052	0.097541	8	False
chr19	15189271	15189427	NOTCH3_exon_7	0.041027	0.030412	8	False
chr19	15191422	15191656	NOTCH3_exon_6	-0.009716	0.074196	8	False
chr19	15191744	15191864	NOTCH3_exon_5	-0.005615	0.075972	8	False
chr19	15191958	15192297	NOTCH3_exon_4	0.059301	0.081355	8	False
chr19	15192375	15192518	NOTCH3_exon_3	0.008374	0.056975	8	False
chr19	15197489	15197609	NOTCH3_exon_2	0.041899	0.134713	8	False
chr19	15200786	15200994	NOTCH3_exon_1	0.009336	0.178887	8	False
chr19	16129857	16129977	bb.chr19.16129857	0.025854	0.080625	8	False
chr19	17158626	17158746	bb.chr19.17158626	-0.005746	0.146974	8	False
chr19	18149839	18149959	bb.chr19.18149839	0.104935	0.085325	8	False
chr19	18848340	18848460	bb.chr19.18848340	0.011898	0.052784	8	False
chr19	19508673	19508793	bb.chr19.19508673	0.021361	0.107929	8	False
chr19	21423567	21423687	bb.chr19.21423567	-0.068921	0.284129	8	False
chr19	22427878	22427998	bb.chr19.22427878	0.005449	0.100275	8	False
chr19	23250245	23250365	bb.chr19.23250245	-0.051226	0.146490	8	False
chr19	23357694	23357932	ZNF91_exon_4	-0.006460	0.155170	8	False
chr19	23357950	23358215	ZNF91_exon_4	0.058128	0.055808	8	False
chr19	23358215	23358481	ZNF91_exon_4	-0.001993	0.073091	8	False
chr19	23358481	23358746	ZNF91_exon_4	0.033184	0.060610	8	False
chr19	23358746	23359012	ZNF91_exon_4	-0.077716	0.052317	8	False
chr19	23360226	23360346	ZNF91_exon_4	0.023494	0.093363	8	False
chr19	23360825	23360945	ZNF91_exon_4	-0.084601	0.184318	8	False
chr19	23361064	23361288	ZNF91_exon_4	-0.037327	0.059471	8	False
chr19	23361537	23361753	ZNF91_exon_4	0.041678	0.051384	8	False
chr19	23362130	23362427	ZNF91_exon_4	0.045889	0.069439	8	False
chr19	23362427	23362724	ZNF91_exon_4	0.036871	0.082155	8	False
chr19	23373720	23373840	ZNF91_exon_3	0.015619	0.078110	8	False
chr19	23395323	23395470	ZNF91_exon_1	-0.048427	0.107896	8	False
chr19	23995323	23995443	bb.chr19.23995323	0.039196	0.074674	8	False
chr19	27756582	27756702	bb.chr19.27756582	-0.017155	0.058850	8	False
chr19	28423497	28423617	bb.chr19.28423497	0.018033	0.083318	8	False
chr19	29112142	29112262	bb.chr19.29112142	-0.002091	0.059817	8	False
chr19	30077454	30077574	bb.chr19.30077454	0.024085	0.096435	8	False
chr19	30793839	30793959	bb.chr19.30793839	-0.025496	0.088652	8	False
chr19	31433683	31433803	bb.chr19.31433683	-0.009543	0.034103	8	False
chr19	32103903	32104023	bb.chr19.32103903	-0.008799	0.141053	8	False
chr19	32749604	32749724	bb.chr19.32749604	0.050331	0.080948	8	False
chr19	33299932	33300192	CEBPA_exon_1	-0.054361	0.058316	8	False
chr19	33300192	33300452	CEBPA_exon_1	-0.092683	0.059968	8	False
chr19	33300452	33300712	CEBPA_exon_1	0.013778	0.073488	8	False
chr19	33300712	33300972	CEBPA_exon_1	0.009140	0.078233	8	False
chr19	33300972	33301232	CEBPA_exon_1	0.026026	0.053474	8	False
chr19	33301232	33301492	CEBPA_exon_1	-0.007976	0.099581	8	False
chr19	33301492	33301752	CEBPA_exon_1	-0.012213	0.136872	8	False
chr19	33301752	33302012	CEBPA_exon_1	-0.045596	0.235949	8	False
chr19	33302012	33302272	CEBPA_exon_1	-0.007312	0.152204	8	False
chr19	33302272	33302533	CEBPA_exon_1	-0.106176	0.150409	8	False
chr19	33430297	33430417	bb.chr19.33430297	0.033233	0.058482	8	False
chr19	34065639	34065759	bb.chr19.34065639	0.010970	0.115315	8	False
chr19	34740507	34740627	bb.chr19.34740507	-0.042105	0.254779	8	False
chr19	35432416	35432536	bb.chr19.35432416	0.003080	0.079263	8	False
chr19	37403506	37403626	bb.chr19.37403506	0.025813	0.101865	8	False
chr19	38422064	38422184	bb.chr19.38422064	-0.009655	0.091427	8	False
chr19	39737163	39737283	bb.chr19.39737163	-0.028392	0.065370	8	False
chr19	40739777	40739897	bb.chr19.40739777	0.058084	0.082878	8	False
chr19	41758287	41758407	bb.chr19.41758287	0.000321	0.018128	8	False
chr19	42973931	42974051	bb.chr19.42973931	-0.078272	0.274611	8	False
chr19	43694314	43694434	bb.chr19.43694314	0.046711	0.142002	8	False
chr19	45053344	45053464	bb.chr19.45053344	-0.038670	0.069331	8	False
chr19	45707047	45707167	bb.chr19.45707047	0.013456	0.084139	8	False
chr19	46417425	46417545	bb.chr19.46417425	-0.001816	0.128032	8	False
chr19	47027643	47027763	bb.chr19.47027643	-0.003000	0.222604	8	False
chr19	47974727	47974847	bb.chr19.47974727	-0.043238	0.279939	8	False
chr19	48749944	48750064	bb.chr19.48749944	-0.002113	0.090813	8	False
chr19	49388205	49388325	bb.chr19.49388205	0.023713	0.130423	8	False
chr19	49635290	49635410	RRAS_exon_6	0.008267	0.070175	8	False
chr19	49635415	49635535	RRAS_exon_6	-0.044508	0.090429	8	False
chr19	49635539	49635659	RRAS_exon_6	0.024815	0.129106	8	False
chr19	49635731	49635851	RRAS_exon_5	0.014802	0.084035	8	False
chr19	49636611	49636731	RRAS_exon_4	0.033550	0.075815	8	False
chr19	49636817	49636937	RRAS_exon_3	0.024286	0.052201	8	False
chr19	49637014	49637134	RRAS_exon_2	0.032894	0.096501	8	False
chr19	49639944	49640142	RRAS_exon_1	-0.055315	0.099966	8	False
chr19	50076602	50076722	bb.chr19.50076602	-0.007830	0.079291	8	False
chr19	50713592	50713712	bb.chr19.50713592	0.011013	0.033201	8	False
chr19	51346111	51346231	bb.chr19.51346111	-0.010579	0.120430	8	False
chr19	52032804	52032924	bb.chr19.52032804	-0.029333	0.076727	8	False
chr19	53048885	53049005	bb.chr19.53048885	-0.019080	0.087164	8	False
chr19	53702647	53702767	bb.chr19.53702647	0.005407	0.080365	8	False
chr19	54683328	54683448	bb.chr19.54683328	0.003089	0.101519	8	False
chr19	55372451	55372571	bb.chr19.55372451	0.029617	0.099097	8	False
chr19	55655032	55655152	U2AF2_exon_1	-0.008766	0.136477	8	False
chr19	55659208	55659344	U2AF2_exon_2	0.036480	0.125378	8	False
chr19	55660152	55660272	U2AF2_exon_3	0.010440	0.084704	8	False
chr19	55660504	55660624	U2AF2_exon_4	0.008176	0.137335	8	False
chr19	55661036	55661188	U2AF2_exon_5	-0.023098	0.088951	8	False
chr19	55662498	55662618	U2AF2_exon_6	-0.003563	0.055227	8	False
chr19	55663604	55663743	U2AF2_exon_7	0.032705	0.068321	8	False
chr19	55668473	55668593	U2AF2_exon_8	0.018046	0.138593	8	False
chr19	55668669	55668789	U2AF2_exon_9	0.021902	0.118905	8	False
chr19	55669073	55669193	U2AF2_exon_10	0.062575	0.104221	8	False
chr19	55669442	55669562	U2AF2_exon_11	0.006694	0.097262	8	False
chr19	55669571	55669691	U2AF2_exon_11	-0.001183	0.089339	8	False
chr19	55673932	55674260	U2AF2_exon_12	-0.001149	0.101492	8	False
chr19	55674382	55674715	U2AF2_exon_12	0.015621	0.035801	8	False
chr19	56377844	56377964	bb.chr19.56377844	0.008473	0.053179	8	False
chr19	57018326	57018446	bb.chr19.57018326	-0.109146	0.389661	8	True
chr19	57682960	57683080	bb.chr19.57682960	0.016781	0.126957	8	False
chr19	58367057	58367177	bb.chr19.58367057	0.045034	0.082746	8	False
chr20	310463	310583	bb.chr20.310463	0.007393	0.068377	8	False
chr20	914715	914835	bb.chr20.914715	0.016514	0.065206	8	False
chr20	2750164	2750284	bb.chr20.2750164	0.019812	0.062888	8	False
chr20	3654806	3654926	bb.chr20.3654806	0.028772	0.097178	8	False
chr20	4587109	4587229	bb.chr20.4587109	0.012615	0.093613	8	False
chr20	5274788	5274908	bb.chr20.5274788	0.025659	0.058181	8	False
chr20	6439906	6440026	bb.chr20.6439906	-0.018823	0.075553	8	False
chr20	8048150	8048270	bb.chr20.8048150	-0.000364	0.089980	8	False
chr20	8779034	8779154	bb.chr20.8779034	0.005514	0.056035	8	False
chr20	9995246	9995366	bb.chr20.9995246	-0.075022	0.211622	8	False
chr20	10610845	10610965	bb.chr20.10610845	-0.017658	0.065774	8	False
chr20	11219245	11219365	bb.chr20.11219245	0.031697	0.140597	8	False
chr20	12349588	12349708	bb.chr20.12349588	-0.047467	0.165239	8	False
chr20	13939428	13939548	bb.chr20.13939428	0.020073	0.054488	8	False
chr20	14541624	14541744	bb.chr20.14541624	0.039483	0.048565	8	False
chr20	15767836	15767956	bb.chr20.15767836	0.070190	0.059426	8	False
chr20	16997819	16997939	bb.chr20.16997819	-0.042337	0.210612	8	False
chr20	18144103	18144223	bb.chr20.18144103	-0.063948	0.136816	8	False
chr20	19044048	19044168	bb.chr20.19044048	0.008551	0.054033	8	False
chr20	19656325	19656445	bb.chr20.19656325	0.013657	0.098199	8	False
chr20	20297440	20297560	bb.chr20.20297440	0.017702	0.107742	8	False
chr20	21504549	21504669	bb.chr20.21504549	-0.047183	0.086730	8	False
chr20	22106972	22107092	bb.chr20.22106972	-0.034827	0.081186	8	False
chr20	23019312	23019432	bb.chr20.23019312	0.002487	0.085800	8	False
chr20	23883098	23883218	bb.chr20.23883098	0.069255	0.071503	8	False
chr20	24630889	24631009	bb.chr20.24630889	0.022846	0.049281	8	False
chr20	25997153	25997273	bb.chr20.25997153	0.159870	0.439371	8	True
chr20	32358329	32358580	ASXL1_exon_1	-0.085413	0.128392	8	False
chr20	32358580	32358831	ASXL1_exon_1	-0.056433	0.133543	8	False
chr20	32366377	32366497	ASXL1_exon_2	0.015991	0.039943	8	False
chr20	32367668	32367788	ASXL1_exon_3	0.010389	0.077095	8	False
chr20	32369007	32369127	ASXL1_exon_4	-0.015333	0.119299	8	False
chr20	32428126	32428246	ASXL1_exon_5	0.009521	0.088584	8	False
chr20	32428320	32428440	ASXL1_exon_6	0.018078	0.066806	8	False
chr20	32429324	32429444	ASXL1_exon_7	0.073162	0.104181	8	False
chr20	32429899	32430052	ASXL1_exon_8	0.019008	0.099962	8	False
chr20	32431319	32431483	ASXL1_exon_9	-0.008061	0.096516	8	False
chr20	32431570	32431690	ASXL1_exon_10	0.025200	0.022859	8	False
chr20	32432871	32432991	ASXL1_exon_11	0.046642	0.058853	8	False
chr20	32433282	32433599	ASXL1_exon_12	0.043894	0.032752	8	False
chr20	32433599	32433916	ASXL1_exon_12	0.040179	0.037339	8	False
chr20	32434430	32434701	ASXL1_exon_13	-0.041223	0.074491	8	False
chr20	32434701	32434973	ASXL1_exon_13	0.018349	0.056492	8	False
chr20	32434973	32435244	ASXL1_exon_13	0.073451	0.087703	8	False
chr20	32435244	32435516	ASXL1_exon_13	-0.008427	0.050314	8	False
chr20	32435516	32435787	ASXL1_exon_13	-0.041391	0.068352	8	False
chr20	32435787	32436059	ASXL1_exon_13	-0.001379	0.079866	8	False
chr20	32436059	32436330	ASXL1_exon_13	0.013313	0.070094	8	False
chr20	32436330	32436602	ASXL1_exon_13	-0.000098	0.032758	8	False
chr20	32436602	32436874	ASXL1_exon_13	-0.021827	0.047757	8	False
chr20	32436874	32437145	ASXL1_exon_13	0.001991	0.062276	8	False
chr20	32437145	32437417	ASXL1_exon_13	0.005003	0.037561	8	False
chr20	32437417	32437688	ASXL1_exon_13	-0.006886	0.037489	8	False
chr20	32437688	32437960	ASXL1_exon_13	0.010819	0.037234	8	False
chr20	32437960	32438231	ASXL1_exon_13	0.019923	0.048910	8	False
chr20	32438231	32438503	ASXL1_exon_13	0.014936	0.072213	8	False
chr20	32438503	32438774	ASXL1_exon_13	0.013006	0.040365	8	False
chr20	32438774	32439046	ASXL1_exon_13	0.001013	0.028429	8	False
chr20	32439046	32439318	ASXL1_exon_13	0.005626	0.049810	8	False
chr20	32620649	32620769	bb.chr20.32620649	0.024391	0.071444	8	False
chr20	33393566	33393686	bb.chr20.33393566	-0.011216	0.052587	8	False
chr20	34402184	34402304	bb.chr20.34402184	-0.001328	0.043794	8	False
chr20	36332782	36332902	bb.chr20.36332782	-0.014781	0.091189	8	False
chr20	36991303	36991423	bb.chr20.36991303	0.010599	0.084668	8	False
chr20	37641434	37641554	bb.chr20.37641434	0.020905	0.074066	8	False
chr20	38293395	38293515	bb.chr20.38293395	0.023538	0.076663	8	False
chr20	38894176	38894296	bb.chr20.38894176	-0.004113	0.072268	8	False
chr20	40241940	40242060	bb.chr20.40241940	0.038954	0.101138	8	False
chr20	40888069	40888189	bb.chr20.40888069	-0.018525	0.119078	8	False
chr20	41935341	41935461	bb.chr20.41935341	0.013594	0.146806	8	False
chr20	42541238	42541358	bb.chr20.42541238	-0.034504	0.086897	8	False
chr20	43662867	43662987	bb.chr20.43662867	-0.003665	0.105212	8	False
chr20	44342400	44342520	bb.chr20.44342400	0.031395	0.085639	8	False
chr20	45282469	45282589	bb.chr20.45282469	-0.013110	0.079791	8	False
chr20	46179287	46179407	bb.chr20.46179287	0.023190	0.059899	8	False
chr20	47294579	47294699	bb.chr20.47294579	-0.010540	0.077981	8	False
chr20	47910429	47910549	bb.chr20.47910429	-0.015579	0.103339	8	False
chr20	48998477	48998597	bb.chr20.48998477	0.011628	0.142078	8	False
chr20	50176395	50176515	bb.chr20.50176395	-0.008901	0.094977	8	False
chr20	51603013	51603133	bb.chr20.51603013	0.060232	0.075257	8	False
chr20	52230245	52230365	bb.chr20.52230245	0.001955	0.069593	8	False
chr20	53109746	53109866	bb.chr20.53109746	0.030299	0.059892	8	False
chr20	53718491	53718611	bb.chr20.53718491	0.028063	0.057324	8	False
chr20	54350574	54350694	bb.chr20.54350574	0.007058	0.077811	8	False
chr20	55237475	55237595	bb.chr20.55237475	0.039056	0.105860	8	False
chr20	56177361	56177481	bb.chr20.56177361	0.010331	0.064503	8	False
chr20	56803335	56803455	bb.chr20.56803335	-0.020402	0.081147	8	False
chr20	57716722	57716842	bb.chr20.57716722	-0.022619	0.093259	8	False
chr20	58627864	58627984	bb.chr20.58627864	0.035552	0.088681	8	False
chr20	58891420	58891642	GNAS_exon_1	0.013541	0.241459	8	False
chr20	58891642	58891864	GNAS_exon_1	0.052581	0.175610	8	False
chr20	58895607	58895727	GNAS_exon_2	0.010630	0.062363	8	False
chr20	58898896	58899016	GNAS_exon_3	0.005226	0.034130	8	False
chr20	58903509	58903629	GNAS_exon_4	-0.013101	0.065817	8	False
chr20	58903670	58903790	GNAS_exon_5	0.012558	0.087118	8	False
chr20	58905369	58905489	GNAS_exon_6	0.008604	0.064536	8	False
chr20	58909100	58909220	GNAS_exon_7	0.031700	0.050946	8	False
chr20	58909311	58909431	GNAS_exon_8	-0.001337	0.065258	8	False
chr20	58909514	58909634	GNAS_exon_9	0.036827	0.060590	8	False
chr20	58909682	58909802	GNAS_exon_10	-0.010101	0.082111	8	False
chr20	58909954	58910074	GNAS_exon_11	-0.059208	0.056654	8	False
chr20	58910309	58910429	GNAS_exon_12	0.031816	0.074847	8	False
chr20	58910681	58911080	GNAS_exon_13	0.024239	0.052094	8	False
chr20	59234599	59234719	bb.chr20.59234599	-0.003414	0.048556	8	False
chr20	60136628	60136748	bb.chr20.60136628	0.015884	0.042483	8	False
chr20	61341112	61341232	bb.chr20.61341112	0.013371	0.091224	8	False
chr20	61948662	61948782	bb.chr20.61948662	0.077655	0.341538	8	True
chr20	62806747	62806867	bb.chr20.62806747	-0.040923	0.140969	8	False
chr20	64064611	64064731	bb.chr20.64064611	0.003582	0.065241	8	False
chr21	9163912	9164032	bb.chr21.9163912	-0.084102	0.569788	8	True
chr21	14317704	14317824	bb.chr21.14317704	0.011547	0.062453	8	False
chr21	15380402	15380522	bb.chr21.15380402	-0.004617	0.182065	8	False
chr21	17060910	17061030	bb.chr21.17060910	-0.011654	0.101229	8	False
chr21	18033592	18033712	bb.chr21.18033592	0.007857	0.136722	8	False
chr21	18719866	18719986	bb.chr21.18719866	-0.059733	0.454545	8	True
chr21	19362238	19362358	bb.chr21.19362238	-0.006011	0.085147	8	False
chr21	19966205	19966325	bb.chr21.19966205	-0.056201	0.203689	8	False
chr21	20810212	20810332	bb.chr21.20810212	-0.005866	0.121930	8	False
chr21	22065545	22065665	bb.chr21.22065545	0.033958	0.063388	8	False
chr21	23102546	23102666	bb.chr21.23102546	0.004284	0.081057	8	False
chr21	24146104	24146224	bb.chr21.24146104	-0.092657	0.258983	8	False
chr21	25199609	25199729	bb.chr21.25199609	-0.025121	0.132258	8	False
chr21	26070220	26070340	bb.chr21.26070220	0.011858	0.064415	8	False
chr21	26672295	26672415	bb.chr21.26672295	-0.123592	0.402180	8	True
chr21	27514978	27515098	bb.chr21.27514978	0.001134	0.044420	8	False
chr21	28136836	28136956	bb.chr21.28136836	-0.033946	0.160994	8	False
chr21	28764486	28764606	bb.chr21.28764486	-0.043924	0.237798	8	False
chr21	30482922	30483042	bb.chr21.30482922	0.009186	0.161865	8	False
chr21	31230030	31230150	bb.chr21.31230030	0.006582	0.070908	8	False
chr21	31959781	31959901	bb.chr21.31959781	0.023173	0.072020	8	False
chr21	32951910	32952030	bb.chr21.32951910	-0.016448	0.084126	8	False
chr21	33834516	33834636	bb.chr21.33834516	0.000538	0.087433	8	False
chr21	34620661	34620781	bb.chr21.34620661	0.006580	0.067049	8	False
chr21	34787799	34788039	RUNX1_exon_9	0.025584	0.049672	8	False
chr21	34788040	34788400	RUNX1_exon_9	-0.050076	0.038872	8	False
chr21	34788401	34788641	RUNX1_exon_9	-0.105810	0.102241	8	False
chr21	34788641	34788881	RUNX1_exon_9	-0.076083	0.055706	8	False
chr21	34788882	34789122	RUNX1_exon_9	-0.069637	0.037343	8	False
chr21	34789122	34789362	RUNX1_exon_9	-0.062384	0.070307	8	False
chr21	34789363	34789603	RUNX1_exon_9	-0.078071	0.068508	8	False
chr21	34789603	34789843	RUNX1_exon_9	-0.046808	0.045351	8	False
chr21	34789844	34790084	RUNX1_exon_9	-0.050959	0.078468	8	False
chr21	34790084	34790324	RUNX1_exon_9	-0.072418	0.020582	8	False
chr21	34790325	34790685	RUNX1_exon_9	-0.034791	0.047504	8	False
chr21	34790686	34790926	RUNX1_exon_9	-0.044507	0.031921	8	False
chr21	34790926	34791166	RUNX1_exon_9	-0.069350	0.049772	8	False
chr21	34791167	34791407	RUNX1_exon_9	-0.072676	0.108267	8	False
chr21	34791407	34791647	RUNX1_exon_9	-0.075968	0.101600	8	False
chr21	34791648	34791888	RUNX1_exon_9	-0.086398	0.047957	8	False
chr21	34791888	34792128	RUNX1_exon_9	-0.059765	0.138316	8	False
chr21	34792129	34792369	RUNX1_exon_9	-0.106430	0.141504	8	False
chr21	34792369	34792609	RUNX1_exon_9	-0.006299	0.069580	8	False
chr21	34799299	34799461	RUNX1_exon_8	-0.029656	0.050455	8	False
chr21	34834408	34834600	RUNX1_exon_7	-0.119746	0.117225	8	False
chr21	34859464	34859584	RUNX1_exon_6	0.018002	0.078118	8	False
chr21	34880555	34880712	RUNX1_exon_5	-0.012239	0.042602	8	False
chr21	34886841	34887095	RUNX1_exon_4	-0.034177	0.080900	8	False
chr21	34892906	34893026	RUNX1_exon_3	-0.012776	0.073420	8	False
chr21	35048838	35048958	RUNX1_exon_2	0.016950	0.069363	8	False
chr21	35049166	35049301	RUNX1_exon_1	-0.002567	0.070688	8	False
chr21	35273922	35274042	bb.chr21.35273922	-0.048772	0.121861	8	False
chr21	35940363	35940483	bb.chr21.35940363	0.012696	0.048819	8	False
chr21	36716189	36716309	bb.chr21.36716189	-0.022481	0.215222	8	False
chr21	37338818	37338938	bb.chr21.37338818	-0.119276	0.275267	8	False
chr21	37966449	37966569	bb.chr21.37966449	0.022078	0.088142	8	False
chr21	38380034	38380293	ERG_exon_10	-0.058535	0.078512	8	False
chr21	38380293	38380552	ERG_exon_10	-0.061144	0.047167	8	False
chr21	38380552	38380811	ERG_exon_10	0.001678	0.102588	8	False
chr21	38380811	38381070	ERG_exon_10	-0.050831	0.057957	8	False
chr21	38381070	38381330	ERG_exon_10	0.026564	0.043656	8	False
chr21	38381330	38381589	ERG_exon_10	-0.005830	0.044463	8	False
chr21	38381589	38381848	ERG_exon_10	0.046195	0.029638	8	False
chr21	38381848	38382107	ERG_exon_10	0.030349	0.050731	8	False
chr21	38382107	38382366	ERG_exon_10	-0.000603	0.045491	8	False
chr21	38382366	38382626	ERG_exon_10	-0.031833	0.047898	8	False
chr21	38382626	38382885	ERG_exon_10	-0.025054	0.045451	8	False
chr21	38382885	38383144	ERG_exon_10	0.012756	0.054254	8	False
chr21	38383144	38383403	ERG_exon_10	-0.020283	0.048586	8	False
chr21	38383403	38383662	ERG_exon_10	-0.048482	0.115642	8	False
chr21	38383662	38383922	ERG_exon_10	-0.057497	0.069367	8	False
chr21	38390980	38391100	ERG_exon_9	-0.000544	0.077881	8	False
chr21	38391607	38391727	ERG_exon_8	0.017775	0.065231	8	False
chr21	38392360	38392480	ERG_exon_7	-0.010646	0.057478	8	False
chr21	38400529	38400649	ERG_exon_6	-0.006555	0.056012	8	False
chr21	38402519	38402639	ERG_exon_5	-0.009402	0.058226	8	False
chr21	38403504	38403708	ERG_exon_4	0.011875	0.047061	8	False
chr21	38423408	38423560	ERG_exon_3	0.004853	0.057277	8	False
chr21	38445402	38445620	ERG_exon_2	0.054165	0.059943	8	False
chr21	38498358	38498478	ERG_exon_1	0.025089	0.118143	8	False
chr21	38599360	38599480	bb.chr21.38599360	0.004377	0.047454	8	False
chr21	39445085	39445205	bb.chr21.39445085	0.029479	0.139820	8	False
chr21	40061948	40062068	bb.chr21.40061948	0.001896	0.086202	8	False
chr21	40689491	40689611	bb.chr21.40689491	-0.005823	0.068958	8	False
chr21	41317296	41317416	bb.chr21.41317296	-0.007522	0.099876	8	False
chr21	41898687	41898807	bb.chr21.41898687	-0.002637	0.091388	8	False
chr21	42942734	42942854	bb.chr21.42942734	0.019210	0.078771	8	False
chr21	43092954	43093248	U2AF1_exon_8	0.006224	0.043330	8	False
chr21	43094445	43094565	U2AF1_exon_7	0.025480	0.095651	8	False
chr21	43094653	43094787	U2AF1_exon_6	0.031796	0.050813	8	False
chr21	43095434	43095554	U2AF1_exon_5	0.024829	0.050015	8	False
chr21	43095648	43095768	U2AF1_exon_4	0.026008	0.091802	8	False
chr21	43100408	43100528	U2AF1_exon_3	0.018864	0.076659	8	False
chr21	43104302	43104422	U2AF1_exon_2	0.000645	0.047890	8	False
chr21	43107449	43107569	U2AF1_exon_1	-0.016458	0.080192	8	False
chr21	44204193	44204313	bb.chr21.44204193	-0.022643	0.172183	8	False
chr21	44844400	44844520	bb.chr21.44844400	0.000316	0.082065	8	False
chr21	46295132	46295252	bb.chr21.46295132	0.009373	0.092502	8	False
chr22	15923208	15923328	bb.chr22.15923208	0.194368	0.552723	8	True
chr22	16397011	16397131	bb.chr22.16397011	0.029144	0.117956	8	False
chr22	17190183	17190303	bb.chr22.17190183	0.011860	0.077804	8	False
chr22	17946868	17946988	bb.chr22.17946868	0.010554	0.058236	8	False
chr22	19479303	19479423	bb.chr22.19479303	-0.050307	0.153537	8	False
chr22	20252648	20252768	bb.chr22.20252648	0.022679	0.083828	8	False
chr22	20962812	20962932	bb.chr22.20962812	0.012147	0.082779	8	False
chr22	21739243	21739363	bb.chr22.21739243	0.001044	0.073140	8	False
chr22	23112634	23112754	bb.chr22.23112634	0.031738	0.093317	8	False
chr22	23746077	23746197	bb.chr22.23746077	0.024439	0.119053	8	False
chr22	24786597	24786717	bb.chr22.24786597	-0.032108	0.054686	8	False
chr22	25548451	25548571	bb.chr22.25548451	0.011256	0.060481	8	False
chr22	26341985	26342105	bb.chr22.26341985	0.018684	0.066505	8	False
chr22	27111109	27111229	bb.chr22.27111109	0.015935	0.097089	8	False
chr22	27748275	27748552	MN1_exon_2	-0.005793	0.069240	8	False
chr22	27748552	27748829	MN1_exon_2	-0.028328	0.046464	8	False
chr22	27748829	27749107	MN1_exon_2	0.010277	0.033029	8	False
chr22	27749107	27749384	MN1_exon_2	0.002597	0.057546	8	False
chr22	27749384	27749661	MN1_exon_2	-0.031742	0.082594	8	False
chr22	27749661	27749939	MN1_exon_2	-0.008466	0.072349	8	False
chr22	27749939	27750216	MN1_exon_2	0.005277	0.061165	8	False
chr22	27750216	27750494	MN1_exon_2	0.019846	0.055061	8	False
chr22	27750506	27750800	MN1_exon_2	-0.025714	0.035027	8	False
chr22	27750800	27751095	MN1_exon_2	0.062496	0.043603	8	False
chr22	27796761	27797023	MN1_exon_1	-0.043797	0.057988	8	False
chr22	27797023	27797286	MN1_exon_1	0.015626	0.081455	8	False
chr22	27797286	27797549	MN1_exon_1	-0.022588	0.089920	8	False
chr22	27797549	27797812	MN1_exon_1	-0.002016	0.085627	8	False
chr22	27797812	27798075	MN1_exon_1	0.001026	0.076282	8	False
chr22	27798075	27798338	MN1_exon_1	-0.003643	0.141239	8	False
chr22	27798338	27798600	MN1_exon_1	-0.014769	0.164100	8	False
chr22	27798600	27798863	MN1_exon_1	-0.020737	0.185956	8	False
chr22	27798863	27799126	MN1_exon_1	-0.027544	0.087655	8	False
chr22	27799126	27799389	MN1_exon_1	0.023084	0.080734	8	False
chr22	27799389	27799652	MN1_exon_1	-0.015187	0.083582	8	False
chr22	27799652	27799915	MN1_exon_1	0.004496	0.106219	8	False
chr22	27799915	27800177	MN1_exon_1	-0.042241	0.111002	8	False
chr22	27800177	27800440	MN1_exon_1	0.010157	0.082867	8	False
chr22	27800440	27800703	MN1_exon_1	-0.038730	0.123232	8	False
chr22	27800703	27800966	MN1_exon_1	0.009295	0.109552	8	False
chr22	27800966	27801229	MN1_exon_1	0.015181	0.147635	8	False
chr22	27801229	27801492	MN1_exon_1	-0.011125	0.154204	8	False
chr22	27801492	27801755	MN1_exon_1	-0.044859	0.134620	8	False
chr22	27905695	27905815	bb.chr22.27905695	-0.028096	0.080142	8	False
chr22	29331817	29331937	bb.chr22.29331817	-0.040329	0.132881	8	False
chr22	29994332	29994452	bb.chr22.29994332	0.026716	0.035765	8	False
chr22	30331986	30332256	SF3A1_exon_16	-0.030622	0.106758	8	False
chr22	30332256	30332527	SF3A1_exon_16	0.011210	0.053901	8	False
chr22	30332527	30332798	SF3A1_exon_16	-0.039815	0.069055	8	False
chr22	30332798	30333069	SF3A1_exon_16	-0.017877	0.088093	8	False
chr22	30333069	30333340	SF3A1_exon_16	0.023767	0.049267	8	False
chr22	30333340	30333610	SF3A1_exon_16	-0.004697	0.052134	8	False
chr22	30333610	30333881	SF3A1_exon_16	-0.032442	0.065430	8	False
chr22	30333881	30334152	SF3A1_exon_16	0.004248	0.008935	8	False
chr22	30334152	30334423	SF3A1_exon_16	0.036678	0.028736	8	False
chr22	30334423	30334694	SF3A1_exon_16	-0.036603	0.060672	8	False
chr22	30335441	30335561	SF3A1_exon_15	0.014680	0.104510	8	False
chr22	30335641	30335761	SF3A1_exon_14	0.029924	0.080432	8	False
chr22	30337024	30337179	SF3A1_exon_13	-0.056282	0.144491	8	False
chr22	30337688	30337896	SF3A1_exon_12	0.011344	0.064681	8	False
chr22	30338787	30338907	SF3A1_exon_11	0.005595	0.067265	8	False
chr22	30338913	30339033	SF3A1_exon_11	0.022284	0.070645	8	False
chr22	30339129	30339249	SF3A1_exon_10	0.014658	0.093015	8	False
chr22	30340194	30340380	SF3A1_exon_9	-0.071953	0.077523	8	False
chr22	30340692	30340812	SF3A1_exon_8	0.015036	0.100615	8	False
chr22	30341690	30341884	SF3A1_exon_7	-0.055980	0.066221	8	False
chr22	30342198	30342349	SF3A1_exon_6	0.008955	0.063484	8	False
chr22	30342762	30342882	SF3A1_exon_5	-0.000634	0.049483	8	False
chr22	30344931	30345189	SF3A1_exon_4	-0.008760	0.052341	8	False
chr22	30346310	30346518	SF3A1_exon_3	0.017639	0.052047	8	False
chr22	30352950	30353070	SF3A1_exon_2	-0.001667	0.075434	8	False
chr22	30356728	30356893	SF3A1_exon_1	-0.054389	0.098256	8	False
chr22	30974287	30974407	bb.chr22.30974287	0.044015	0.038867	8	False
chr22	32177396	32177516	bb.chr22.32177396	-0.026928	0.079145	8	False
chr22	33061838	33061958	bb.chr22.33061838	-0.002730	0.050554	8	False
chr22	34179967	34180087	bb.chr22.34179967	0.014718	0.087288	8	False
chr22	34881696	34881816	bb.chr22.34881696	0.023147	0.063685	8	False
chr22	35640971	35641091	bb.chr22.35640971	0.003556	0.055620	8	False
chr22	36575850	36575970	bb.chr22.36575850	0.013253	0.095053	8	False
chr22	37245310	37245430	bb.chr22.37245310	-0.009175	0.055597	8	False
chr22	38266218	38266338	bb.chr22.38266218	-0.004389	0.045297	8	False
chr22	39099605	39099725	bb.chr22.39099605	-0.007725	0.071682	8	False
chr22	40196564	40196684	bb.chr22.40196564	-0.000188	0.448764	8	True
chr22	41003327	41003447	bb.chr22.41003327	0.021367	0.061286	8	False
chr22	42698274	42698394	bb.chr22.42698274	0.025259	0.058249	8	False
chr22	43476846	43476966	bb.chr22.43476846	-0.027106	0.062511	8	False
chr22	44518771	44518891	bb.chr22.44518771	-0.005133	0.077394	8	False
chr22	45839165	45839285	bb.chr22.45839165	0.011044	0.071245	8	False
chr22	46463046	46463166	bb.chr22.46463046	0.020375	0.053289	8	False
chr22	47112617	47112737	bb.chr22.47112617	0.073813	0.086443	8	False
chr22	47883588	47883708	bb.chr22.47883588	0.034292	0.060958	8	False
chr22	48920168	48920288	bb.chr22.48920168	0.010474	0.064344	8	False
chr22	49533188	49533308	bb.chr22.49533188	0.016142	0.132748	8	False
chr22	50183725	50183845	bb.chr22.50183725	0.033207	0.097179	8	False
chrX	2842683	2842803	bb.chrX.2842683	-0.011755	0.092537	8	False
chrX	4684609	4684729	bb.chrX.4684609	-0.001867	0.078012	8	False
chrX	7465247	7465367	bb.chrX.7465247	-0.003062	0.076867	8	False
chrX	9277648	9277768	bb.chrX.9277648	0.012511	0.057536	8	False
chrX	10097248	10097368	bb.chrX.10097248	0.018340	0.127873	8	False
chrX	11899323	11899443	bb.chrX.11899323	0.022064	0.099360	8	False
chrX	12820755	12820875	bb.chrX.12820755	-0.009847	0.074762	8	False
chrX	13757573	13757693	bb.chrX.13757573	-0.004825	0.068594	8	False
chrX	15150284	15150404	bb.chrX.15150284	-0.041056	0.133623	8	False
chrX	15319454	15319685	PIGA_exon_6	-0.033673	0.085407	8	False
chrX	15319685	15319916	PIGA_exon_6	-0.098933	0.224452	8	False
chrX	15319916	15320147	PIGA_exon_6	0.041318	0.069570	8	False
chrX	15320164	15320431	PIGA_exon_6	0.049640	0.049177	8	False
chrX	15320431	15320699	PIGA_exon_6	0.024067	0.027553	8	False
chrX	15320699	15320967	PIGA_exon_6	0.008376	0.049934	8	False
chrX	15320967	15321235	PIGA_exon_6	0.011831	0.069057	8	False
chrX	15321235	15321503	PIGA_exon_6	-0.010521	0.056042	8	False
chrX	15321503	15321771	PIGA_exon_6	-0.018488	0.037968	8	False
chrX	15324663	15324870	PIGA_exon_5	0.052602	0.066149	8	False
chrX	15325018	15325151	PIGA_exon_4	-0.079038	0.066792	8	False
chrX	15325912	15326045	PIGA_exon_3	0.034133	0.057430	8	False
chrX	15331214	15331473	PIGA_exon_2	-0.038185	0.070808	8	False
chrX	15331473	15331732	PIGA_exon_2	0.020505	0.064168	8	False
chrX	15331732	15331991	PIGA_exon_2	-0.030422	0.053466	8	False
chrX	15335463	15335583	PIGA_exon_1	0.004914	0.138645	8	False
chrX	15790439	15790559	ZRSR2_exon_1	0.003691	0.078992	8	False
chrX	15790900	15791020	ZRSR2_exon_2	0.001141	0.069002	8	False
chrX	15799865	15799985	ZRSR2_exon_3	0.009760	0.044029	8	False
chrX	15803680	15803800	ZRSR2_exon_4	-0.016742	0.078317	8	False
chrX	15804109	15804229	ZRSR2_exon_5	0.012616	0.085311	8	False
chrX	15808153	15808273	ZRSR2_exon_6	-0.027008	0.035999	8	False
chrX	15809197	15809317	ZRSR2_exon_7	0.015480	0.068662	8	False
chrX	15815675	15815889	ZRSR2_exon_8	0.037335	0.057263	8	False
chrX	15818561	15818681	ZRSR2_exon_9	0.009789	0.047367	8	False
chrX	15820200	15820320	ZRSR2_exon_10	0.091265	0.061680	8	False
chrX	15822729	15822994	ZRSR2_exon_11	-0.064143	0.027834	8	False
chrX	15822994	15823259	ZRSR2_exon_11	-0.044777	0.071243	8	False
chrX	16467117	16467237	bb.chrX.16467117	0.009710	0.071455	8	False
chrX	17593496	17593616	bb.chrX.17593496	-0.005359	0.086584	8	False
chrX	18304486	18304606	bb.chrX.18304486	-0.185466	0.649391	8	True
chrX	21816606	21816726	bb.chrX.21816606	-0.053564	0.162033	8	False
chrX	23686998	23687118	bb.chrX.23686998	-0.027731	0.084959	8	False
chrX	24863198	24863318	bb.chrX.24863198	0.011978	0.078060	8	False
chrX	25715129	25715249	bb.chrX.25715129	0.013607	0.093912	8	False
chrX	26675328	26675448	bb.chrX.26675328	-0.042359	0.251270	8	False
chrX	27432545	27432665	bb.chrX.27432545	0.011779	0.078749	8	False
chrX	28482997	28483117	bb.chrX.28482997	-0.001243	0.064506	8	False
chrX	30293262	30293382	bb.chrX.30293262	-0.019142	0.068246	8	False
chrX	31217820	31217940	bb.chrX.31217820	-0.332935	0.974915	8	True
chrX	32154407	32154527	bb.chrX.32154407	-0.099514	0.330590	8	True
chrX	33030852	33030972	bb.chrX.33030852	0.011796	0.053896	8	False
chrX	33967456	33967576	bb.chrX.33967456	-0.004448	0.046565	8	False
chrX	34883580	34883700	bb.chrX.34883580	0.017293	0.072042	8	False
chrX	38652717	38652837	bb.chrX.38652717	0.002743	0.060811	8	False
chrX	39390630	39390750	bb.chrX.39390630	-0.024408	0.083938	8	False
chrX	40051249	40051536	BCOR_exon_15	0.073468	0.044568	8	False
chrX	40051536	40051824	BCOR_exon_15	-0.009948	0.044561	8	False
chrX	40051824	40052111	BCOR_exon_15	-0.019546	0.068295	8	False
chrX	40052111	40052399	BCOR_exon_15	0.075325	0.042522	8	False
chrX	40053884	40054041	BCOR_exon_14	-0.085960	0.059298	8	False
chrX	40054223	40054343	BCOR_exon_13	0.017378	0.047575	8	False
chrX	40055366	40055512	BCOR_exon_12	0.010263	0.078186	8	False
chrX	40057153	40057320	BCOR_exon_11	-0.078051	0.072129	8	False
chrX	40062137	40062392	BCOR_exon_10	-0.023860	0.071695	8	False
chrX	40062744	40063070	BCOR_exon_9	0.012209	0.071676	8	False
chrX	40063606	40063951	BCOR_exon_8	0.002257	0.063010	8	False
chrX	40064334	40064598	BCOR_exon_7	-0.001931	0.036313	8	False
chrX	40070971	40071158	BCOR_exon_6	-0.080936	0.069897	8	False
chrX	40071619	40071739	BCOR_exon_5	0.026007	0.092744	8	False
chrX	40072347	40072604	BCOR_exon_4	-0.014463	0.044462	8	False
chrX	40072604	40072861	BCOR_exon_4	0.002868	0.060401	8	False
chrX	40072861	40073119	BCOR_exon_4	0.019573	0.037493	8	False
chrX	40073119	40073376	BCOR_exon_4	-0.004112	0.030812	8	False
chrX	40073376	40073634	BCOR_exon_4	0.002232	0.055645	8	False
chrX	40073634	40073891	BCOR_exon_4	0.032556	0.054845	8	False
chrX	40073891	40074149	BCOR_exon_4	0.031593	0.046147	8	False
chrX	40074149	40074406	BCOR_exon_4	0.029028	0.052957	8	False
chrX	40074406	40074664	BCOR_exon_4	0.011574	0.054515	8	False
chrX	40074664	40074921	BCOR_exon_4	-0.002383	0.075202	8	False
chrX	40074921	40075179	BCOR_exon_4	-0.007160	0.045683	8	False
chrX	40076416	40076536	BCOR_exon_3	-0.006051	0.062023	8	False
chrX	40077845	40077965	BCOR_exon_2	0.028226	0.103562	8	False
chrX	40097213	40097474	BCOR_exon_1	-0.038986	0.139831	8	False
chrX	40097474	40097735	BCOR_exon_1	-0.035383	0.132106	8	False
chrX	40097746	40097957	BCOR_exon_1	0.020224	0.113938	8	False
chrX	40777952	40778072	bb.chrX.40777952	0.037065	0.091915	8	False
chrX	41334160	41334296	DDX3X_exon_1	0.025800	0.091112	8	False
chrX	41337370	41337490	DDX3X_exon_2	0.010746	0.082008	8	False
chrX	41339030	41339150	DDX3X_exon_3	-0.014517	0.098528	8	False
chrX	41341482	41341615	DDX3X_exon_4	0.030425	0.078254	8	False
chrX	41342493	41342652	DDX3X_exon_5	-0.007787	0.071177	8	False
chrX	41342733	41342853	DDX3X_exon_6	0.048697	0.073556	8	False
chrX	41343214	41343350	DDX3X_exon_7	0.026163	0.058441	8	False
chrX	41343707	41343827	DDX3X_exon_8	0.018590	0.072728	8	False
chrX	41344027	41344147	DDX3X_exon_9	0.023539	0.062958	8	False
chrX	41344237	41344398	DDX3X_exon_10	0.030377	0.068331	8	False
chrX	41345178	41345323	DDX3X_exon_11	-0.021130	0.055456	8	False
chrX	41345402	41345547	DDX3X_exon_12	-0.029054	0.077861	8	False
chrX	41346227	41346409	DDX3X_exon_13	-0.001994	0.073354	8	False
chrX	41346502	41346622	DDX3X_exon_14	0.062862	0.052593	8	False
chrX	41346857	41347011	DDX3X_exon_15	-0.033029	0.054412	8	False
chrX	41347310	41347450	DDX3X_exon_16	-0.025082	0.075102	8	False
chrX	41347638	41347901	DDX3X_exon_17	0.001926	0.046354	8	False
chrX	41347901	41348165	DDX3X_exon_17	-0.070700	0.055740	8	False
chrX	41348165	41348428	DDX3X_exon_17	0.021887	0.072861	8	False
chrX	41348428	41348692	DDX3X_exon_17	0.001367	0.045415	8	False
chrX	41348692	41348955	DDX3X_exon_17	-0.033391	0.080277	8	False
chrX	41348955	41349219	DDX3X_exon_17	0.026558	0.081529	8	False
chrX	41349219	41349482	DDX3X_exon_17	-0.000075	0.057959	8	False
chrX	41349482	41349746	DDX3X_exon_17	-0.010058	0.076918	8	False
chrX	41349746	41350009	DDX3X_exon_17	-0.032561	0.059876	8	False
chrX	41350009	41350273	DDX3X_exon_17	-0.062155	0.049977	8	False
chrX	41419232	41419352	bb.chrX.41419232	0.003052	0.072125	8	False
chrX	42150098	42150218	bb.chrX.42150098	0.030355	0.081771	8	False
chrX	44194184	44194304	bb.chrX.44194184	-0.032939	0.138467	8	False
chrX	44873186	44873448	KDM6A_exon_1	-0.082742	0.119545	8	False
chrX	44873448	44873711	KDM6A_exon_1	0.078456	0.108680	8	False
chrX	44873882	44874002	KDM6A_exon_2	0.018806	0.091923	8	False
chrX	44961276	44961396	KDM6A_exon_3	0.014665	0.072012	8	False
chrX	44974641	44974761	KDM6A_exon_4	0.007336	0.049559	8	False
chrX	45010945	45011065	KDM6A_exon_5	-0.015151	0.044335	8	False
chrX	45020608	45020728	KDM6A_exon_6	-0.006583	0.060964	8	False
chrX	45034911	45035031	KDM6A_exon_7	-0.009482	0.058804	8	False
chrX	45037575	45037695	KDM6A_exon_8	0.016315	0.052819	8	False
chrX	45051683	45051803	KDM6A_exon_9	0.010145	0.064933	8	False
chrX	45053830	45053950	KDM6A_exon_10	-0.007557	0.063867	8	False
chrX	45058991	45059111	KDM6A_exon_11	-0.071438	0.085113	8	False
chrX	45059245	45059465	KDM6A_exon_12	-0.022819	0.044787	8	False
chrX	45060020	45060155	KDM6A_exon_13	0.007902	0.075802	8	False
chrX	45060607	45060763	KDM6A_exon_14	-0.018045	0.056018	8	False
chrX	45061310	45061430	KDM6A_exon_15	-0.034670	0.044430	8	False
chrX	45062639	45062759	KDM6A_exon_16	-0.017792	0.060960	8	False
chrX	45063420	45063816	KDM6A_exon_17	0.029613	0.048622	8	False
chrX	45069577	45069836	KDM6A_exon_18	-0.038028	0.047188	8	False
chrX	45069836	45070096	KDM6A_exon_18	-0.015864	0.047713	8	False
chrX	45070096	45070356	KDM6A_exon_18	-0.041693	0.046315	8	False
chrX	45076700	45076820	KDM6A_exon_19	0.020575	0.080541	8	False
chrX	45078391	45078511	KDM6A_exon_20	0.012376	0.069881	8	False
chrX	45079144	45079350	KDM6A_exon_21	0.018988	0.069100	8	False
chrX	45082528	45082648	KDM6A_exon_22	-0.011440	0.062851	8	False
chrX	45082681	45082801	KDM6A_exon_23	-0.010849	0.086000	8	False
chrX	45083458	45083607	KDM6A_exon_24	-0.005068	0.078632	8	False
chrX	45085860	45085980	KDM6A_exon_25	-0.007659	0.086913	8	False
chrX	45089741	45089929	KDM6A_exon_26	-0.100410	0.049923	8	False
chrX	45090721	45090863	KDM6A_exon_27	0.014434	0.041942	8	False
chrX	45107411	45107531	KDM6A_exon_28	0.032704	0.084180	8	False
chrX	45110077	45110248	KDM6A_exon_29	-0.073466	0.057058	8	False
chrX	45111380	45111691	KDM6A_exon_30	0.048772	0.062040	8	False
chrX	45111691	45112002	KDM6A_exon_30	0.039619	0.088205	8	False
chrX	45112002	45112313	KDM6A_exon_30	-0.027842	0.073624	8	False
chrX	45112326	45112552	KDM6A_exon_30	0.052251	0.100685	8	False
chrX	45112552	45112778	KDM6A_exon_30	0.027488	0.058453	8	False
chrX	47193827	47194023	UBA1_exon_1	-0.058199	0.102372	8	False
chrX	47198799	47198919	UBA1_exon_2	0.032769	0.064702	8	False
chrX	47198990	47199110	UBA1_exon_3	0.010896	0.042872	8	False
chrX	47199207	47199376	UBA1_exon_4	0.009002	0.044569	8	False
chrX	47199478	47199613	UBA1_exon_5	0.032184	0.033337	8	False
chrX	47200885	47201005	UBA1_exon_6	0.006368	0.076819	8	False
chrX	47201260	47201380	UBA1_exon_7	0.038774	0.065357	8	False
chrX	47201476	47201609	UBA1_exon_8	0.036502	0.087031	8	False
chrX	47202144	47202264	UBA1_exon_9	0.047554	0.047550	8	False
chrX	47202356	47202503	UBA1_exon_10	0.007193	0.040898	8	False
chrX	47202636	47202813	UBA1_exon_11	0.016028	0.068157	8	False
chrX	47202933	47203053	UBA1_exon_12	-0.021613	0.058876	8	False
chrX	47203115	47203235	UBA1_exon_13	-0.032731	0.054436	8	False
chrX	47203539	47203695	UBA1_exon_14	-0.017186	0.056702	8	False
chrX	47205946	47206112	UBA1_exon_15	0.023256	0.054594	8	False
chrX	47206246	47206443	UBA1_exon_16	0.044197	0.054532	8	False
chrX	47209582	47209702	UBA1_exon_17	-0.003531	0.091232	8	False
chrX	47209926	47210122	UBA1_exon_18	-0.043446	0.054059	8	False
chrX	47210813	47210933	UBA1_exon_19	0.003217	0.061273	8	False
chrX	47211034	47211224	UBA1_exon_20	-0.014517	0.049170	8	False
chrX	47212398	47212518	UBA1_exon_21	0.065545	0.056656	8	False
chrX	47212755	47212875	UBA1_exon_22	-0.040003	0.049882	8	False
chrX	47212988	47213180	UBA1_exon_23	0.019608	0.037551	8	False
chrX	47214322	47214442	UBA1_exon_24	0.034531	0.045248	8	False
chrX	47214529	47214649	UBA1_exon_25	-0.023214	0.073751	8	False
chrX	47214792	47215127	UBA1_exon_26	0.010005	0.032797	8	False
chrX	47840298	47840418	bb.chrX.47840298	-0.001271	0.100822	8	False
chrX	48786589	48786709	GATA1_exon_1	-0.046068	0.142147	8	False
chrX	48791089	48791328	GATA1_exon_2	0.019509	0.094438	8	False
chrX	48791842	48792220	GATA1_exon_3	0.026266	0.030950	8	False
chrX	48792321	48792467	GATA1_exon_4	0.034496	0.059941	8	False
chrX	48793173	48793293	GATA1_exon_5	-0.018801	0.120671	8	False
chrX	48793791	48794050	GATA1_exon_6	-0.045398	0.036891	8	False
chrX	48794050	48794310	GATA1_exon_6	-0.035845	0.062229	8	False
chrX	49627824	49627944	bb.chrX.49627824	0.100046	0.088593	8	False
chrX	53374147	53374408	SMC1A_exon_25	-0.053943	0.041697	8	False
chrX	53374408	53374669	SMC1A_exon_25	0.012921	0.025325	8	False
chrX	53374669	53374930	SMC1A_exon_25	-0.001908	0.030830	8	False
chrX	53374930	53375191	SMC1A_exon_25	-0.001462	0.057627	8	False
chrX	53375191	53375453	SMC1A_exon_25	0.011404	0.052177	8	False
chrX	53375453	53375714	SMC1A_exon_25	0.036076	0.083178	8	False
chrX	53375714	53375975	SMC1A_exon_25	0.011289	0.061997	8	False
chrX	53375975	53376236	SMC1A_exon_25	0.065829	0.058136	8	False
chrX	53376236	53376497	SMC1A_exon_25	0.000500	0.068715	8	False
chrX	53376497	53376759	SMC1A_exon_25	0.020434	0.032798	8	False
chrX	53376759	53377020	SMC1A_exon_25	-0.000584	0.058665	8	False
chrX	53377020	53377281	SMC1A_exon_25	-0.008565	0.064157	8	False
chrX	53377281	53377542	SMC1A_exon_25	-0.007634	0.041373	8	False
chrX	53377542	53377804	SMC1A_exon_25	0.052235	0.044967	8	False
chrX	53377818	53378078	SMC1A_exon_25	0.047361	0.077422	8	False
chrX	53378078	53378338	SMC1A_exon_25	0.041210	0.062828	8	False
chrX	53378338	53378599	SMC1A_exon_25	-0.055515	0.055625	8	False
chrX	53378599	53378859	SMC1A_exon_25	0.006248	0.035857	8	False
chrX	53378859	53379120	SMC1A_exon_25	0.029771	0.077790	8	False
chrX	53379237	53379474	SMC1A_exon_25	0.039998	0.072240	8	False
chrX	53379474	53379711	SMC1A_exon_25	-0.038383	0.072007	8	False
chrX	53379711	53379948	SMC1A_exon_25	-0.036264	0.098434	8	False
chrX	53379948	53380185	SMC1A_exon_25	0.007471	0.047231	8	False
chrX	53380613	53380733	SMC1A_exon_24	0.002665	0.051812	8	False
chrX	53381000	53381120	SMC1A_exon_23	0.002953	0.087399	8	False
chrX	53382230	53382382	SMC1A_exon_22	0.014884	0.075872	8	False
chrX	53382504	53382659	SMC1A_exon_21	0.022226	0.055751	8	False
chrX	53383095	53383252	SMC1A_exon_20	-0.017025	0.037141	8	False
chrX	53394771	53394891	SMC1A_exon_19	0.020406	0.074929	8	False
chrX	53396225	53396379	SMC1A_exon_18	0.022217	0.067983	8	False
chrX	53396470	53396616	SMC1A_exon_17	0.043242	0.056254	8	False
chrX	53399587	53399729	SMC1A_exon_16	0.026184	0.049689	8	False
chrX	53403557	53403677	SMC1A_exon_15	0.023099	0.040750	8	False
chrX	53403773	53403893	SMC1A_exon_14	0.042133	0.073965	8	False
chrX	53405010	53405148	SMC1A_exon_13	0.047220	0.072625	8	False
chrX	53405243	53405390	SMC1A_exon_12	-0.011118	0.089403	8	False
chrX	53405491	53405671	SMC1A_exon_11	0.008197	0.052429	8	False
chrX	53405769	53405955	SMC1A_exon_10	-0.017100	0.052569	8	False
chrX	53409060	53409268	SMC1A_exon_9	-0.022206	0.048384	8	False
chrX	53409388	53409508	SMC1A_exon_8	-0.112549	0.052111	8	False
chrX	53411759	53411900	SMC1A_exon_7	0.048333	0.064367	8	False
chrX	53411993	53412252	SMC1A_exon_6	0.002687	0.072684	8	False
chrX	53412898	53413137	SMC1A_exon_5	0.011402	0.051895	8	False
chrX	53413230	53413434	SMC1A_exon_4	-0.009070	0.051527	8	False
chrX	53414752	53414872	SMC1A_exon_3	0.022268	0.052774	8	False
chrX	53414979	53415168	SMC1A_exon_2	0.002315	0.048271	8	False
chrX	53422490	53422653	SMC1A_exon_1	-0.032939	0.058773	8	False
chrX	53863231	53863351	bb.chrX.53863231	0.012797	0.089602	8	False
chrX	55009053	55009342	ALAS2_exon_11	-0.002613	0.050764	8	False
chrX	55013484	55013647	ALAS2_exon_10	-0.050943	0.052874	8	False
chrX	55014745	55015014	ALAS2_exon_9	0.017804	0.056315	8	False
chrX	55015576	55015741	ALAS2_exon_8	-0.080947	0.055200	8	False
chrX	55017484	55017664	ALAS2_exon_7	-0.054521	0.043764	8	False
chrX	55020318	55020503	ALAS2_exon_6	-0.086494	0.048180	8	False
chrX	55021050	55021273	ALAS2_exon_5	0.061798	0.069351	8	False
chrX	55023750	55023870	ALAS2_exon_4	-0.001057	0.049761	8	False
chrX	55024717	55024837	ALAS2_exon_3	-0.018882	0.070732	8	False
chrX	55025818	55026014	ALAS2_exon_2	-0.048740	0.056933	8	False
chrX	55030902	55031022	ALAS2_exon_1	0.032868	0.062078	8	False
chrX	55113356	55113476	bb.chrX.55113356	0.008808	0.067471	8	False
chrX	56621913	56622033	bb.chrX.56621913	-0.018724	0.072911	8	False
chrX	57448760	57448880	bb.chrX.57448760	-0.000609	0.052773	8	False
chrX	70082856	70082976	bb.chrX.70082856	0.014304	0.056483	8	False
chrX	72085404	72085524	bb.chrX.72085404	-0.023863	0.078076	8	False
chrX	75678470	75678590	bb.chrX.75678470	-0.018683	0.064700	8	False
chrX	77925858	77925978	bb.chrX.77925858	-0.007950	0.086827	8	False
chrX	79182101	79182221	bb.chrX.79182101	0.061318	0.094225	8	False
chrX	80333590	80333710	bb.chrX.80333590	0.051420	0.079279	8	False
chrX	82534753	82534873	bb.chrX.82534753	0.041455	0.183153	8	False
chrX	83463949	83464069	bb.chrX.83463949	-0.036699	0.124374	8	False
chrX	84270551	84270671	bb.chrX.84270551	0.028569	0.055175	8	False
chrX	85120899	85121019	bb.chrX.85120899	0.006696	0.095365	8	False
chrX	87044365	87044485	bb.chrX.87044365	0.025280	0.130181	8	False
chrX	89856594	89856714	bb.chrX.89856594	-0.048000	0.260838	8	False
chrX	93554363	93554483	bb.chrX.93554363	-0.012849	0.179416	8	False
chrX	95784751	95784871	bb.chrX.95784751	0.030185	0.114308	8	False
chrX	97215305	97215425	bb.chrX.97215305	0.007629	0.222091	8	False
chrX	100404092	100404212	bb.chrX.100404092	0.041568	0.067412	8	False
chrX	101349448	101349701	BTK_exon_19	-0.050519	0.061997	8	False
chrX	101349701	101349955	BTK_exon_19	-0.037188	0.048595	8	False
chrX	101353192	101353350	BTK_exon_18	-0.016232	0.044287	8	False
chrX	101353867	101353987	BTK_exon_17	0.024027	0.069442	8	False
chrX	101354616	101354736	BTK_exon_16	-0.008418	0.051527	8	False
chrX	101356050	101356267	BTK_exon_15	0.047902	0.035876	8	False
chrX	101356782	101356954	BTK_exon_14	-0.057932	0.074929	8	False
chrX	101357466	101357586	BTK_exon_13	0.024640	0.081362	8	False
chrX	101358312	101358432	BTK_exon_12	-0.029644	0.069887	8	False
chrX	101358587	101358707	BTK_exon_11	-0.017950	0.065488	8	False
chrX	101359253	101359373	BTK_exon_10	0.018854	0.033469	8	False
chrX	101360085	101360205	BTK_exon_9	0.023521	0.077883	8	False
chrX	101360566	101360754	BTK_exon_8	-0.094310	0.045936	8	False
chrX	101362152	101362272	BTK_exon_7	0.031486	0.061262	8	False
chrX	101362563	101362683	BTK_exon_6	-0.006526	0.052102	8	False
chrX	101369994	101370114	BTK_exon_5	0.025487	0.049979	8	False
chrX	101371589	101371709	BTK_exon_4	0.035687	0.101425	8	False
chrX	101374522	101374642	BTK_exon_3	-0.014096	0.052510	8	False
chrX	101375142	101375313	BTK_exon_2	-0.049897	0.062075	8	False
chrX	101386065	101386185	BTK_exon_1	0.014810	0.071499	8	False
chrX	101445341	101445461	bb.chrX.101445341	0.035827	0.109338	8	False
chrX	103172130	103172250	bb.chrX.103172130	-0.004314	0.078840	8	False
chrX	104524377	104524497	bb.chrX.104524377	0.008723	0.030842	8	False
chrX	112437162	112437282	bb.chrX.112437162	0.113619	0.090205	8	False
chrX	115554182	115554302	bb.chrX.115554182	-0.063300	0.203383	8	False
chrX	116622344	116622464	bb.chrX.116622344	0.002054	0.149675	8	False
chrX	118499811	118499931	bb.chrX.118499811	-0.009178	0.052628	8	False
chrX	120331241	120331361	bb.chrX.120331241	-0.001771	0.035226	8	False
chrX	121339405	121339525	bb.chrX.121339405	-0.050965	0.160549	8	False
chrX	122090104	122090224	bb.chrX.122090104	0.000482	0.073602	8	False
chrX	123202536	123202656	bb.chrX.123202536	0.006457	0.046615	8	False
chrX	123900317	123900437	bb.chrX.123900317	0.031198	0.085110	8	False
chrX	123961720	123961855	STAG2_exon_1	0.016383	0.084654	8	False
chrX	124021365	124021485	STAG2_exon_2	-0.035222	0.100375	8	False
chrX	124022529	124022670	STAG2_exon_3	-0.004880	0.068060	8	False
chrX	124025807	124025927	STAG2_exon_4	0.010983	0.050559	8	False
chrX	124030959	124031124	STAG2_exon_5	-0.044284	0.053245	8	False
chrX	124037513	124037633	STAG2_exon_6	0.001394	0.032513	8	False
chrX	124042545	124042665	STAG2_exon_7	-0.037827	0.056676	8	False
chrX	124045162	124045367	STAG2_exon_8	0.014342	0.026561	8	False
chrX	124047352	124047504	STAG2_exon_9	-0.000862	0.088735	8	False
chrX	124048972	124049092	STAG2_exon_10	0.007067	0.121005	8	False
chrX	124050186	124050306	STAG2_exon_11	0.019580	0.079451	8	False
chrX	124051115	124051235	STAG2_exon_12	-0.006458	0.078838	8	False
chrX	124051303	124051423	STAG2_exon_13	-0.014599	0.105126	8	False
chrX	124056120	124056240	STAG2_exon_14	0.002070	0.073774	8	False
chrX	124057860	124057980	STAG2_exon_15	-0.029773	0.052340	8	False
chrX	124061221	124061341	STAG2_exon_16	0.009903	0.054085	8	False
chrX	124061769	124061889	STAG2_exon_17	0.027323	0.056002	8	False
chrX	124062887	124063007	STAG2_exon_18	0.048498	0.054306	8	False
chrX	124063094	124063214	STAG2_exon_19	0.016907	0.079534	8	False
chrX	124063846	124064050	STAG2_exon_20	0.024492	0.087435	8	False
chrX	124065867	124065987	STAG2_exon_21	-0.022361	0.056892	8	False
chrX	124066167	124066287	STAG2_exon_22	-0.014920	0.082755	8	False
chrX	124066335	124066455	STAG2_exon_23	-0.045535	0.049727	8	False
chrX	124068557	124068677	STAG2_exon_24	0.002020	0.078127	8	False
chrX	124071147	124071322	STAG2_exon_25	-0.055342	0.055059	8	False
chrX	124076330	124076470	STAG2_exon_26	0.015086	0.024031	8	False
chrX	124077955	124078075	STAG2_exon_27	0.012653	0.048716	8	False
chrX	124081378	124081527	STAG2_exon_28	0.022050	0.074136	8	False
chrX	124083423	124083543	STAG2_exon_29	0.047215	0.069315	8	False
chrX	124086545	124086769	STAG2_exon_30	0.059531	0.036739	8	False
chrX	124090573	124090763	STAG2_exon_31	-0.006250	0.091989	8	False
chrX	124090847	124090967	STAG2_exon_32	0.052393	0.061360	8	False
chrX	124094019	124094139	STAG2_exon_33	0.016969	0.093369	8	False
chrX	124095356	124095476	STAG2_exon_34	0.001326	0.049162	8	False
chrX	124100572	124100832	STAG2_exon_35	-0.048026	0.068492	8	False
chrX	124100832	124101092	STAG2_exon_35	0.010957	0.067540	8	False
chrX	124101092	124101353	STAG2_exon_35	0.002649	0.038707	8	False
chrX	124101353	124101613	STAG2_exon_35	0.003231	0.077627	8	False
chrX	124101613	124101873	STAG2_exon_35	-0.027329	0.048171	8	False
chrX	124101873	124102134	STAG2_exon_35	-0.010219	0.045986	8	False
chrX	124102134	124102394	STAG2_exon_35	-0.010255	0.054599	8	False
chrX	124102394	124102655	STAG2_exon_35	-0.042326	0.100147	8	False
chrX	125146800	125146920	bb.chrX.125146800	0.072109	0.067163	8	False
chrX	126405702	126405822	bb.chrX.126405702	-0.004112	0.071704	8	False
chrX	129361654	129361774	bb.chrX.129361654	0.021561	0.058905	8	False
chrX	129982637	129982757	BCORL1_exon_1	0.010663	0.077659	8	False
chrX	130005191	130005311	BCORL1_exon_2	0.017598	0.075683	8	False
chrX	130012568	130012688	BCORL1_exon_3	0.022974	0.085806	8	False
chrX	130012948	130013220	BCORL1_exon_4	-0.014716	0.059621	8	False
chrX	130013220	130013492	BCORL1_exon_4	-0.001262	0.076420	8	False
chrX	130013492	130013764	BCORL1_exon_4	0.003442	0.096050	8	False
chrX	130013764	130014036	BCORL1_exon_4	-0.067613	0.143738	8	False
chrX	130014036	130014308	BCORL1_exon_4	0.013781	0.079618	8	False
chrX	130014308	130014580	BCORL1_exon_4	-0.011794	0.049688	8	False
chrX	130014580	130014852	BCORL1_exon_4	0.012508	0.091653	8	False
chrX	130014852	130015124	BCORL1_exon_4	0.028615	0.059300	8	False
chrX	130015124	130015396	BCORL1_exon_4	0.028147	0.065368	8	False
chrX	130015396	130015668	BCORL1_exon_4	0.032609	0.051834	8	False
chrX	130015668	130015940	BCORL1_exon_4	0.020637	0.060773	8	False
chrX	130015940	130016212	BCORL1_exon_4	-0.016533	0.045631	8	False
chrX	130020983	130021149	BCORL1_exon_5	-0.032291	0.048748	8	False
chrX	130022876	130022996	BCORL1_exon_6	0.036323	0.048625	8	False
chrX	130024988	130025378	BCORL1_exon_7	0.023029	0.035986	8	False
chrX	130028633	130028860	BCORL1_exon_8	0.043129	0.062682	8	False
chrX	130034453	130034675	BCORL1_exon_9	0.061098	0.064184	8	False
chrX	130037365	130037532	BCORL1_exon_10	-0.050520	0.050324	8	False
chrX	130039135	130039281	BCORL1_exon_11	0.008548	0.069595	8	False
chrX	130050694	130050814	BCORL1_exon_12	0.017722	0.040741	8	False
chrX	130051858	130052015	BCORL1_exon_13	-0.015615	0.031863	8	False
chrX	130055852	130056101	BCORL1_exon_14	-0.019127	0.052383	8	False
chrX	130056101	130056350	BCORL1_exon_14	0.045450	0.062224	8	False
chrX	130056350	130056599	BCORL1_exon_14	-0.008611	0.075054	8	False
chrX	130056599	130056848	BCORL1_exon_14	-0.004518	0.081311	8	False
chrX	130056848	130057097	BCORL1_exon_14	-0.080741	0.098257	8	False
chrX	130057097	130057346	BCORL1_exon_14	-0.063465	0.091603	8	False
chrX	130057346	130057596	BCORL1_exon_14	0.052032	0.040549	8	False
chrX	130057617	130057843	BCORL1_exon_14	0.039198	0.078852	8	False
chrX	130057843	130058070	BCORL1_exon_14	0.021852	0.073784	8	False
chrX	131281784	131281904	bb.chrX.131281784	0.006813	0.061630	8	False
chrX	132020051	132020171	bb.chrX.132020051	-0.002683	0.053312	8	False
chrX	132874855	132874975	bb.chrX.132874855	-0.008749	0.063612	8	False
chrX	134108581	134108701	bb.chrX.134108581	0.016591	0.096264	8	False
chrX	134373310	134373466	PHF6_exon_1	-0.025134	0.066101	8	False
chrX	134377570	134377754	PHF6_exon_2	-0.059603	0.058825	8	False
chrX	134378003	134378123	PHF6_exon_3	0.041882	0.059260	8	False
chrX	134393499	134393633	PHF6_exon_4	-0.000978	0.047627	8	False
chrX	134393906	134394026	PHF6_exon_5	0.035526	0.048509	8	False
chrX	134413489	134413656	PHF6_exon_6	-0.083806	0.076831	8	False
chrX	134413821	134413965	PHF6_exon_7	-0.080260	0.055849	8	False
chrX	134415006	134415126	PHF6_exon_8	0.034085	0.063226	8	False
chrX	134417167	134417301	PHF6_exon_9	0.004283	0.054524	8	False
chrX	134425204	134425324	PHF6_exon_10	0.006602	0.055859	8	False
chrX	134425659	134425899	PHF6_exon_11	0.017856	0.056186	8	False
chrX	134425900	134426140	PHF6_exon_11	-0.035333	0.049507	8	False
chrX	134426141	134426381	PHF6_exon_11	-0.010705	0.063392	8	False
chrX	134426382	134426742	PHF6_exon_11	-0.061469	0.041870	8	False
chrX	134426743	134426983	PHF6_exon_11	-0.013799	0.026276	8	False
chrX	134426984	134427344	PHF6_exon_11	-0.035862	0.053613	8	False
chrX	134427345	134427585	PHF6_exon_11	-0.024120	0.053592	8	False
chrX	134427586	134427826	PHF6_exon_11	-0.046051	0.024633	8	False
chrX	134427827	134428187	PHF6_exon_11	-0.051793	0.058744	8	False
chrX	134428188	134428428	PHF6_exon_11	-0.064202	0.073346	8	False
chrX	134428429	134428789	PHF6_exon_11	0.033006	0.056961	8	False
chrX	134954135	134954255	bb.chrX.134954135	0.024025	0.104593	8	False
chrX	137206375	137206495	bb.chrX.137206375	-0.003316	0.123218	8	False
chrX	137811554	137811674	bb.chrX.137811554	-0.007612	0.045054	8	False
chrX	139605096	139605216	bb.chrX.139605096	0.003404	0.045320	8	False
chrX	140709389	140709509	bb.chrX.140709389	-0.017081	0.056995	8	False
chrX	141456032	141456152	bb.chrX.141456032	0.032809	0.106435	8	False
chrX	142378710	142378830	bb.chrX.142378710	-0.052669	0.380722	8	True
chrX	143348164	143348284	bb.chrX.143348164	0.009253	0.092037	8	False
chrX	146082806	146082926	bb.chrX.146082806	0.019183	0.083522	8	False
chrX	146971667	146971787	bb.chrX.146971667	-0.044600	0.305349	8	True
chrX	147957349	147957469	bb.chrX.147957349	-0.006881	0.089463	8	False
chrX	149486681	149486801	bb.chrX.149486681	0.002474	0.063913	8	False
chrX	150558578	150558698	bb.chrX.150558578	0.009684	0.067945	8	False
chrX	151706100	151706220	bb.chrX.151706100	-0.015383	0.058408	8	False
chrX	152449471	152449591	bb.chrX.152449471	-0.003734	0.044220	8	False
chrX	153337199	153337319	bb.chrX.153337199	-0.013029	0.072970	8	False
