chromosome	start	end	gene	mean_log2	stdev_log2	n_samples	is_noisy
chr1	629966	630086	bb.chr1.629966	0.023824	0.453195	23	True
chr1	1785284	1785514	GNB1_exon_12	0.044772	0.055131	23	False
chr1	1785514	1785744	GNB1_exon_12	0.215080	0.077052	23	False
chr1	1785772	1786028	GNB1_exon_12	0.169692	0.039395	23	False
chr1	1786028	1786284	GNB1_exon_12	0.032757	0.059972	23	False
chr1	1786284	1786540	GNB1_exon_12	-0.033230	0.056001	23	False
chr1	1786540	1786796	GNB1_exon_12	-0.016918	0.076814	23	False
chr1	1786796	1787052	GNB1_exon_12	0.044313	0.104420	23	False
chr1	1787318	1787438	GNB1_exon_11	0.043253	0.127636	23	False
chr1	1789051	1789268	GNB1_exon_10	0.083984	0.075427	23	False
chr1	1790393	1790595	GNB1_exon_9	0.010691	0.060837	23	False
chr1	1793231	1793351	GNB1_exon_8	0.044097	0.117749	23	False
chr1	1804417	1804580	GNB1_exon_7	-0.062835	0.044101	23	False
chr1	1806442	1806562	GNB1_exon_6	-0.027208	0.076978	23	False
chr1	1815747	1815867	GNB1_exon_5	0.012861	0.080681	23	False
chr1	1817803	1817923	GNB1_exon_4	-0.030707	0.101303	23	False
chr1	1825388	1825508	GNB1_exon_3	0.035179	0.066594	23	False
chr1	1839159	1839279	GNB1_exon_2	0.015086	0.087525	23	False
chr1	1890818	1891086	GNB1_exon_1	-0.061655	0.358563	23	True
chr1	2396316	2396436	bb.chr1.2396316	-0.011625	0.089894	23	False
chr1	3082374	3082494	bb.chr1.3082374	-0.016173	0.156638	23	False
chr1	3775616	3775736	bb.chr1.3775616	-0.015643	0.118523	23	False
chr1	4303615	4303735	bb.chr1.4303615	0.019111	0.057993	23	False
chr1	5269983	5270103	bb.chr1.5269983	-0.001047	0.078363	23	False
chr1	6110304	6110424	bb.chr1.6110304	0.026350	0.120185	23	False
chr1	7868061	7868181	bb.chr1.7868061	-0.006620	0.071546	23	False
chr1	8949325	8949445	bb.chr1.8949325	0.008469	0.125023	23	False
chr1	10258931	10259051	bb.chr1.10258931	-0.041973	0.190900	23	False
chr1	10904053	10904173	bb.chr1.10904053	0.026770	0.115373	23	False
chr1	11712409	11712529	bb.chr1.11712409	0.028215	0.133825	23	False
chr1	12597991	12598111	bb.chr1.12597991	0.012455	0.078819	23	False
chr1	13460094	13460214	bb.chr1.13460094	-0.009480	0.106291	23	False
chr1	14303771	14303891	bb.chr1.14303771	0.114619	0.244335	23	False
chr1	15286922	15287042	bb.chr1.15286922	-0.009018	0.101642	23	False
chr1	16374238	16374358	bb.chr1.16374238	-0.047055	0.068390	23	False
chr1	17603425	17603545	bb.chr1.17603425	0.008746	0.127020	23	False
chr1	18325392	18325512	bb.chr1.18325392	-0.003763	0.112052	23	False
chr1	19004939	19005059	bb.chr1.19004939	-0.010168	0.086829	23	False
chr1	20305614	20305734	bb.chr1.20305614	-0.012665	0.089881	23	False
chr1	21345632	21345752	bb.chr1.21345632	-0.004220	0.166687	23	False
chr1	22325948	22326068	bb.chr1.22325948	-0.007923	0.070863	23	False
chr1	22983932	22984052	bb.chr1.22983932	-0.019263	0.106955	23	False
chr1	23646059	23646179	bb.chr1.23646059	-0.041919	0.073018	23	False
chr1	24308620	24308740	bb.chr1.24308620	0.023903	0.079050	23	False
chr1	24982708	24982828	bb.chr1.24982708	0.021493	0.096648	23	False
chr1	26168335	26168455	bb.chr1.26168335	0.000534	0.101793	23	False
chr1	26696025	26696236	ARID1A_exon_1	-0.014912	0.159722	23	False
chr1	26696249	26696507	ARID1A_exon_1	0.166414	0.191789	23	False
chr1	26696507	26696765	ARID1A_exon_1	-0.023245	0.200030	23	False
chr1	26696765	26697023	ARID1A_exon_1	-0.013209	0.156332	23	False
chr1	26697023	26697281	ARID1A_exon_1	0.000849	0.149811	23	False
chr1	26697281	26697539	ARID1A_exon_1	0.075089	0.131262	23	False
chr1	26729649	26729862	ARID1A_exon_2	0.024457	0.065703	23	False
chr1	26731150	26731376	ARID1A_exon_3	0.056814	0.086697	23	False
chr1	26731376	26731603	ARID1A_exon_3	0.051921	0.095072	23	False
chr1	26732672	26732792	ARID1A_exon_4	-0.023718	0.068354	23	False
chr1	26760854	26760974	ARID1A_exon_5	-0.070044	0.062669	23	False
chr1	26760975	26761095	ARID1A_exon_5	-0.044136	0.084947	23	False
chr1	26761353	26761473	ARID1A_exon_6	-0.020662	0.093050	23	False
chr1	26762150	26762318	ARID1A_exon_7	-0.058227	0.069021	23	False
chr1	26762971	26763284	ARID1A_exon_8	0.002631	0.055196	23	False
chr1	26766219	26766365	ARID1A_exon_9	0.044642	0.077898	23	False
chr1	26766450	26766570	ARID1A_exon_10	0.081270	0.061468	23	False
chr1	26767788	26767998	ARID1A_exon_11	0.040436	0.049153	23	False
chr1	26771117	26771325	ARID1A_exon_12	0.033099	0.049773	23	False
chr1	26772498	26772631	ARID1A_exon_13	-0.011721	0.089646	23	False
chr1	26772810	26772986	ARID1A_exon_14	-0.147807	0.065676	23	False
chr1	26773344	26773495	ARID1A_exon_15	0.047029	0.065421	23	False
chr1	26773578	26773716	ARID1A_exon_16	0.024211	0.060663	23	False
chr1	26773783	26773903	ARID1A_exon_17	0.040282	0.070840	23	False
chr1	26774327	26774624	ARID1A_exon_18	0.035418	0.095967	23	False
chr1	26774624	26774921	ARID1A_exon_18	0.067146	0.105196	23	False
chr1	26774921	26775219	ARID1A_exon_18	-0.008498	0.081851	23	False
chr1	26775580	26775700	ARID1A_exon_19	0.074105	0.124496	23	False
chr1	26779021	26779278	ARID1A_exon_20	0.084343	0.099164	23	False
chr1	26779278	26779535	ARID1A_exon_20	0.018669	0.065240	23	False
chr1	26779535	26779793	ARID1A_exon_20	-0.018091	0.071821	23	False
chr1	26779793	26780050	ARID1A_exon_20	0.023154	0.089199	23	False
chr1	26780050	26780307	ARID1A_exon_20	0.074348	0.093747	23	False
chr1	26780307	26780565	ARID1A_exon_20	-0.070035	0.089624	23	False
chr1	26780565	26780822	ARID1A_exon_20	0.041312	0.128745	23	False
chr1	26780822	26781079	ARID1A_exon_20	0.051415	0.092698	23	False
chr1	26781079	26781337	ARID1A_exon_20	-0.043597	0.122818	23	False
chr1	26781337	26781594	ARID1A_exon_20	0.060264	0.061019	23	False
chr1	26781594	26781852	ARID1A_exon_20	0.112285	0.084798	23	False
chr1	26781872	26782103	ARID1A_exon_20	0.005363	0.134506	23	False
chr1	27885079	27885199	bb.chr1.27885079	0.003047	0.094905	23	False
chr1	29118942	29119062	bb.chr1.29118942	-0.007846	0.082396	23	False
chr1	29811183	29811303	bb.chr1.29811183	-0.002330	0.066104	23	False
chr1	30515623	30515743	bb.chr1.30515623	-0.006371	0.164959	23	False
chr1	31236307	31236427	bb.chr1.31236307	-0.064386	0.127004	23	False
chr1	31848639	31848759	bb.chr1.31848639	-0.003229	0.155310	23	False
chr1	32733706	32733826	bb.chr1.32733706	0.037417	0.111848	23	False
chr1	33848750	33848870	bb.chr1.33848750	-0.017012	0.128456	23	False
chr1	34523293	34523413	bb.chr1.34523293	-0.032181	0.074770	23	False
chr1	36150676	36150796	bb.chr1.36150676	-0.018528	0.105529	23	False
chr1	36466041	36466302	CSF3R_exon_17	0.049867	0.090766	23	False
chr1	36466302	36466564	CSF3R_exon_17	-0.045482	0.141728	23	False
chr1	36466564	36466826	CSF3R_exon_17	0.037390	0.064162	23	False
chr1	36467200	36467320	CSF3R_exon_16	0.020181	0.080792	23	False
chr1	36467531	36467651	CSF3R_exon_15	0.018994	0.110150	23	False
chr1	36467820	36467961	CSF3R_exon_14	0.052805	0.092070	23	False
chr1	36468073	36468220	CSF3R_exon_13	0.049545	0.100843	23	False
chr1	36469145	36469265	CSF3R_exon_12	-0.017896	0.056733	23	False
chr1	36469650	36469839	CSF3R_exon_11	-0.156465	0.073807	23	False
chr1	36471431	36471645	CSF3R_exon_10	0.027491	0.061849	23	False
chr1	36472040	36472160	CSF3R_exon_9	0.049751	0.129419	23	False
chr1	36472236	36472390	CSF3R_exon_8	-0.021195	0.071138	23	False
chr1	36472515	36472685	CSF3R_exon_7	0.032960	0.110670	23	False
chr1	36473433	36473621	CSF3R_exon_6	0.078913	0.067452	23	False
chr1	36473764	36473884	CSF3R_exon_5	-0.068676	0.094976	23	False
chr1	36475375	36475672	CSF3R_exon_4	-0.002421	0.057369	23	False
chr1	36479424	36479544	CSF3R_exon_3	-0.044229	0.065722	23	False
chr1	36481417	36481537	CSF3R_exon_2	0.051555	0.089015	23	False
chr1	36482802	36482922	CSF3R_exon_1	0.021346	0.115549	23	False
chr1	37047842	37047962	bb.chr1.37047842	-0.159400	0.294321	23	False
chr1	37762525	37762645	bb.chr1.37762525	-0.016607	0.135859	23	False
chr1	38495305	38495425	bb.chr1.38495305	-0.023116	0.094272	23	False
chr1	39453502	39453622	bb.chr1.39453502	0.007178	0.106326	23	False
chr1	40075417	40075537	bb.chr1.40075417	-0.078718	0.412323	23	True
chr1	40987721	40987841	bb.chr1.40987721	0.015135	0.079002	23	False
chr1	41865448	41865568	bb.chr1.41865448	0.043943	0.116465	23	False
chr1	42843652	42843772	bb.chr1.42843652	0.104911	0.143665	23	False
chr1	43337811	43337931	MPL_exon_1	-0.015645	0.143619	23	False
chr1	43338097	43338230	MPL_exon_2	-0.026232	0.086401	23	False
chr1	43338540	43338719	MPL_exon_3	-0.091702	0.063248	23	False
chr1	43339269	43339568	MPL_exon_4	-0.009849	0.047462	23	False
chr1	43339962	43340125	MPL_exon_5	-0.047196	0.064020	23	False
chr1	43340388	43340508	MPL_exon_6	0.051740	0.103228	23	False
chr1	43346443	43346628	MPL_exon_7	0.000919	0.047415	23	False
chr1	43346790	43346933	MPL_exon_8	-0.091796	0.128232	23	False
chr1	43348841	43349001	MPL_exon_9	-0.046621	0.105781	23	False
chr1	43349242	43349362	MPL_exon_10	0.061467	0.094461	23	False
chr1	43352195	43352315	MPL_exon_11	0.032852	0.083512	23	False
chr1	43352516	43352780	MPL_exon_12	-0.020313	0.067028	23	False
chr1	43352780	43353044	MPL_exon_12	0.088820	0.095760	23	False
chr1	43353044	43353308	MPL_exon_12	-0.025660	0.077532	23	False
chr1	43353893	43354179	MPL_exon_12	0.061552	0.065217	23	False
chr1	43354179	43354465	MPL_exon_12	0.068586	0.050945	23	False
chr1	43787284	43787404	bb.chr1.43787284	0.038089	0.129720	23	False
chr1	44540268	44540388	bb.chr1.44540268	0.000041	0.190199	23	False
chr1	45508196	45508316	bb.chr1.45508196	0.054055	0.118270	23	False
chr1	46163921	46164041	bb.chr1.46163921	0.016795	0.132780	23	False
chr1	47180263	47180383	bb.chr1.47180263	-0.043221	0.088858	23	False
chr1	47852957	47853077	bb.chr1.47852957	0.026628	0.189964	23	False
chr1	48531147	48531267	bb.chr1.48531147	-0.016708	0.105008	23	False
chr1	50178904	50179024	bb.chr1.50178904	0.042103	0.090988	23	False
chr1	52785183	52785303	bb.chr1.52785183	-0.010507	0.088882	23	False
chr1	53538015	53538135	bb.chr1.53538015	-0.040812	0.064001	23	False
chr1	54190918	54191038	bb.chr1.54190918	0.017132	0.077494	23	False
chr1	55206597	55206717	bb.chr1.55206597	-0.013399	0.183148	23	False
chr1	55826229	55826349	bb.chr1.55826229	0.009970	0.081310	23	False
chr1	56496024	56496144	bb.chr1.56496024	0.060900	0.140315	23	False
chr1	57829032	57829152	bb.chr1.57829032	-0.041673	0.260355	23	False
chr1	58460464	58460584	bb.chr1.58460464	-0.004319	0.121807	23	False
chr1	59485973	59486093	bb.chr1.59485973	0.021553	0.102799	23	False
chr1	60476632	60476752	bb.chr1.60476632	0.081273	0.352803	23	True
chr1	61810166	61810286	bb.chr1.61810166	0.079632	0.101244	23	False
chr1	62840501	62840621	bb.chr1.62840501	-0.037025	0.261205	23	False
chr1	63652512	63652632	bb.chr1.63652512	-0.018750	0.107198	23	False
chr1	64437752	64437872	bb.chr1.64437752	0.025871	0.168537	23	False
chr1	65197238	65197358	bb.chr1.65197238	-0.341987	1.085734	23	True
chr1	66153835	66153955	bb.chr1.66153835	-0.003018	0.083993	23	False
chr1	66826735	66826855	bb.chr1.66826735	-0.009497	0.285537	23	False
chr1	67833548	67833668	bb.chr1.67833548	-0.006656	0.114296	23	False
chr1	68435114	68435234	bb.chr1.68435114	0.058569	0.177051	23	False
chr1	69148839	69148959	bb.chr1.69148839	0.043807	0.115347	23	False
chr1	70130792	70130912	bb.chr1.70130792	-0.048754	0.101708	23	False
chr1	70790764	70790884	bb.chr1.70790764	0.016905	0.100851	23	False
chr1	71491517	71491637	bb.chr1.71491517	0.008762	0.078180	23	False
chr1	73891356	73891476	bb.chr1.73891356	-0.027459	0.145855	23	False
chr1	74561648	74561768	bb.chr1.74561648	0.003635	0.114749	23	False
chr1	75552566	75552686	bb.chr1.75552566	-0.021540	0.138160	23	False
chr1	76318891	76319011	bb.chr1.76318891	-0.016954	0.094805	23	False
chr1	77082086	77082206	bb.chr1.77082086	0.013181	0.084928	23	False
chr1	78828070	78828190	bb.chr1.78828070	0.032558	0.138947	23	False
chr1	79524150	79524270	bb.chr1.79524150	0.075118	0.174392	23	False
chr1	80163411	80163531	bb.chr1.80163411	0.004165	0.221908	23	False
chr1	80801780	80801900	bb.chr1.80801780	-0.037127	0.230149	23	False
chr1	81802410	81802530	bb.chr1.81802410	0.010702	0.083482	23	False
chr1	83490232	83490352	bb.chr1.83490232	-0.000120	0.447008	23	True
chr1	84452453	84452573	bb.chr1.84452453	-0.000185	0.065738	23	False
chr1	85117419	85117539	bb.chr1.85117419	-0.000579	0.100166	23	False
chr1	85814296	85814416	bb.chr1.85814296	-0.105949	0.579762	23	True
chr1	86482004	86482124	bb.chr1.86482004	-0.012895	0.135034	23	False
chr1	87233815	87233935	bb.chr1.87233815	-0.020095	0.094662	23	False
chr1	88505918	88506038	bb.chr1.88505918	-0.161241	0.607684	23	True
chr1	89469482	89469602	bb.chr1.89469482	0.010544	0.256494	23	False
chr1	90482352	90482472	bb.chr1.90482352	-0.006646	0.121598	23	False
chr1	91139874	91139994	bb.chr1.91139874	-0.565697	1.024691	20	True
chr1	91815968	91816088	bb.chr1.91815968	0.028772	0.148959	23	False
chr1	92473041	92473310	GFI1_exon_7	-0.017068	0.074149	23	False
chr1	92473310	92473580	GFI1_exon_7	0.035777	0.076629	23	False
chr1	92473580	92473850	GFI1_exon_7	0.073787	0.049442	23	False
chr1	92473861	92474121	GFI1_exon_7	0.176542	0.054884	23	False
chr1	92474121	92474382	GFI1_exon_7	0.041451	0.087627	23	False
chr1	92474382	92474642	GFI1_exon_7	0.020823	0.066904	23	False
chr1	92474642	92474903	GFI1_exon_7	-0.012713	0.054286	23	False
chr1	92474903	92475163	GFI1_exon_7	0.014996	0.063512	23	False
chr1	92475163	92475424	GFI1_exon_7	-0.011948	0.058804	23	False
chr1	92475424	92475684	GFI1_exon_7	-0.003460	0.054973	23	False
chr1	92475684	92475945	GFI1_exon_7	0.017083	0.049550	23	False
chr1	92475945	92476206	GFI1_exon_7	0.046069	0.063057	23	False
chr1	92478586	92478752	GFI1_exon_6	-0.070090	0.078450	23	False
chr1	92480346	92480484	GFI1_exon_5	0.022101	0.121163	23	False
chr1	92480599	92480719	GFI1_exon_4	-0.025261	0.127375	23	False
chr1	92480722	92480842	GFI1_exon_4	0.032641	0.163795	23	False
chr1	92480845	92480965	GFI1_exon_4	0.040759	0.123186	23	False
chr1	92480967	92481087	GFI1_exon_4	-0.026389	0.056950	23	False
chr1	92482862	92483045	GFI1_exon_3	-0.098614	0.085673	23	False
chr1	92483371	92483585	GFI1_exon_2	0.036494	0.064204	23	False
chr1	92486724	92486924	GFI1_exon_1	-0.008165	0.108025	23	False
chr1	93845078	93845198	bb.chr1.93845078	-0.027362	0.118790	23	False
chr1	95142070	95142190	bb.chr1.95142070	-0.045998	0.140289	23	False
chr1	96144718	96144838	bb.chr1.96144718	-0.016249	0.101405	23	False
chr1	96819223	96819343	bb.chr1.96819223	-0.039220	0.254710	23	False
chr1	97486353	97486473	bb.chr1.97486353	-0.023305	0.274572	23	False
chr1	98149458	98149578	bb.chr1.98149458	-0.035985	0.239768	23	False
chr1	99123808	99123928	bb.chr1.99123808	0.010788	0.184516	23	False
chr1	99811983	99812103	bb.chr1.99811983	-0.031493	0.154988	23	False
chr1	100504730	100504850	bb.chr1.100504730	0.055759	0.109683	23	False
chr1	101155472	101155592	bb.chr1.101155472	-0.040440	0.200278	23	False
chr1	101808332	101808452	bb.chr1.101808332	-0.032336	0.109026	23	False
chr1	102853304	102853424	bb.chr1.102853304	0.002916	0.123163	23	False
chr1	103505642	103505762	bb.chr1.103505642	-0.080973	0.418158	23	True
chr1	104401917	104402037	bb.chr1.104401917	-0.120360	0.595870	23	True
chr1	105095739	105095859	bb.chr1.105095739	-0.038842	0.185569	23	False
chr1	105763500	105763620	bb.chr1.105763500	-0.024543	0.088608	23	False
chr1	107393711	107393831	bb.chr1.107393711	-0.057320	0.148351	23	False
chr1	110049366	110049486	bb.chr1.110049366	-0.010197	0.140716	23	False
chr1	110733894	110734014	bb.chr1.110733894	0.005056	0.111673	23	False
chr1	111720534	111720654	bb.chr1.111720534	-0.017322	0.098051	23	False
chr1	112356054	112356174	bb.chr1.112356054	-0.003890	0.078840	23	False
chr1	113057285	113057405	bb.chr1.113057285	-0.015717	0.110220	23	False
chr1	113829650	113829770	bb.chr1.113829650	0.043986	0.109131	23	False
chr1	114704467	114704762	NRAS_exon_7	0.079194	0.100340	23	False
chr1	114704762	114705057	NRAS_exon_7	0.039784	0.100911	23	False
chr1	114705057	114705352	NRAS_exon_7	-0.023430	0.073110	23	False
chr1	114705352	114705648	NRAS_exon_7	0.026392	0.054936	23	False
chr1	114705790	114706072	NRAS_exon_7	0.028002	0.078784	23	False
chr1	114706072	114706354	NRAS_exon_7	0.048025	0.087013	23	False
chr1	114706354	114706637	NRAS_exon_7	0.051098	0.091485	23	False
chr1	114706637	114706919	NRAS_exon_7	0.009363	0.047527	23	False
chr1	114706919	114707201	NRAS_exon_7	0.005350	0.147098	23	False
chr1	114707201	114707484	NRAS_exon_7	0.015327	0.084589	23	False
chr1	114707484	114707766	NRAS_exon_7	0.015289	0.079976	23	False
chr1	114707766	114708049	NRAS_exon_7	0.128636	0.044776	23	False
chr1	114708152	114708272	NRAS_exon_6	0.013153	0.132884	23	False
chr1	114708531	114708651	NRAS_exon_5	-0.026056	0.061527	23	False
chr1	114709567	114709727	NRAS_exon_4	-0.043372	0.068885	23	False
chr1	114713798	114713977	NRAS_exon_3	-0.125108	0.080498	23	False
chr1	114716052	114716172	NRAS_exon_2	0.018438	0.104997	23	False
chr1	114716653	114716773	NRAS_exon_1	0.089033	0.085369	23	False
chr1	114726530	114726650	bb.chr1.114726530	-0.367120	1.119306	23	True
chr1	115399293	115399413	bb.chr1.115399293	-0.066316	0.072293	23	False
chr1	116397799	116397919	bb.chr1.116397799	-0.034648	0.066313	23	False
chr1	117026708	117026828	bb.chr1.117026708	-0.175863	0.794853	23	True
chr1	117712376	117712496	bb.chr1.117712376	0.006811	0.213962	23	False
chr1	119035154	119035274	bb.chr1.119035154	-0.051554	0.170103	23	False
chr1	119699854	119699974	bb.chr1.119699854	-0.229135	0.821945	23	True
chr1	121548376	121548496	bb.chr1.121548376	-0.000427	0.255048	23	False
chr1	143997796	143997915	bb.chr1.143997796	-0.050563	0.499197	23	True
chr1	145879366	145879486	bb.chr1.145879366	-0.054842	0.113346	23	False
chr1	147078257	147078377	bb.chr1.147078257	0.054505	0.133038	23	False
chr1	147777713	147777833	bb.chr1.147777713	0.063113	0.100226	23	False
chr1	149940160	149940280	bb.chr1.149940160	0.028361	0.101259	23	False
chr1	150563644	150563764	bb.chr1.150563644	-0.005084	0.088231	23	False
chr1	151291246	151291366	bb.chr1.151291246	0.037084	0.080270	23	False
chr1	151980349	151980469	bb.chr1.151980349	-0.022986	0.097569	23	False
chr1	152617651	152617771	bb.chr1.152617651	-0.008220	0.099171	23	False
chr1	153262512	153262632	bb.chr1.153262512	0.015113	0.085308	23	False
chr1	154272976	154273096	bb.chr1.154272976	0.021466	0.095644	23	False
chr1	155288901	155289021	bb.chr1.155288901	-0.014577	0.115377	23	False
chr1	155897806	155898098	RIT1_exon_6	0.087810	0.060267	23	False
chr1	155898098	155898391	RIT1_exon_6	0.016597	0.113006	23	False
chr1	155898524	155898785	RIT1_exon_6	0.001822	0.104733	23	False
chr1	155898785	155899047	RIT1_exon_6	-0.042550	0.138885	23	False
chr1	155899047	155899308	RIT1_exon_6	0.044460	0.061921	23	False
chr1	155899308	155899570	RIT1_exon_6	0.003488	0.056760	23	False
chr1	155899570	155899832	RIT1_exon_6	-0.038243	0.051133	23	False
chr1	155899832	155900093	RIT1_exon_6	-0.014603	0.073217	23	False
chr1	155900093	155900355	RIT1_exon_6	-0.011673	0.072792	23	False
chr1	155900355	155900617	RIT1_exon_6	0.053647	0.076862	23	False
chr1	155904309	155904501	RIT1_exon_5	-0.129578	0.067776	23	False
chr1	155904728	155904848	RIT1_exon_4	0.025770	0.065241	23	False
chr1	155910432	155910552	RIT1_exon_3	0.033644	0.068488	23	False
chr1	155910654	155910803	RIT1_exon_2	0.067220	0.062746	23	False
chr1	155911234	155911354	RIT1_exon_1	0.015889	0.151519	23	False
chr1	156246048	156246168	bb.chr1.156246048	-0.020045	0.184252	23	False
chr1	157587851	157587971	bb.chr1.157587851	-0.235681	0.994123	23	True
chr1	158196981	158197101	bb.chr1.158196981	-0.107580	0.607017	23	True
chr1	158849474	158849594	bb.chr1.158849474	-0.014036	0.180136	23	False
chr1	159683089	159683209	bb.chr1.159683089	-0.038267	0.134863	23	False
chr1	160295665	160295785	bb.chr1.160295665	0.063847	0.124686	23	False
chr1	161269293	161269413	bb.chr1.161269293	-0.015925	0.161753	23	False
chr1	161993757	161993877	bb.chr1.161993757	-0.073298	0.108652	23	False
chr1	162622852	162622972	bb.chr1.162622852	-0.007060	0.097110	23	False
chr1	163319721	163319841	bb.chr1.163319721	-0.021509	0.192384	23	False
chr1	163940959	163941079	bb.chr1.163940959	-0.152859	0.883174	23	True
chr1	164935276	164935396	bb.chr1.164935276	0.004442	0.103454	23	False
chr1	165998123	165998243	bb.chr1.165998123	0.019181	0.097239	23	False
chr1	166930510	166930630	bb.chr1.166930510	-0.026362	0.256817	23	False
chr1	167600433	167600553	bb.chr1.167600433	0.003603	0.115959	23	False
chr1	168261033	168261153	bb.chr1.168261033	0.041764	0.182887	23	False
chr1	169124100	169124220	bb.chr1.169124100	0.031550	0.105633	23	False
chr1	170262398	170262518	bb.chr1.170262398	-0.011581	0.118598	23	False
chr1	171249756	171249876	bb.chr1.171249756	0.040383	0.116525	23	False
chr1	172638749	172638869	bb.chr1.172638749	-0.021820	0.097712	23	False
chr1	173254664	173254784	bb.chr1.173254664	-0.022569	0.169868	23	False
chr1	173863574	173863694	bb.chr1.173863574	-0.033009	0.089290	23	False
chr1	175624885	175625005	bb.chr1.175624885	-0.005551	0.081728	23	False
chr1	176442425	176442545	bb.chr1.176442425	-0.030435	0.106308	23	False
chr1	177267192	177267312	bb.chr1.177267192	-0.033450	0.082578	23	False
chr1	178621199	178621319	bb.chr1.178621199	-0.025641	0.093018	23	False
chr1	180927734	180927854	bb.chr1.180927734	-0.029348	0.115154	23	False
chr1	181580351	181580471	bb.chr1.181580351	0.011301	0.078309	23	False
chr1	182611962	182612082	bb.chr1.182611962	0.003482	0.109503	23	False
chr1	183609659	183609779	bb.chr1.183609659	-0.028641	0.126166	23	False
chr1	184555617	184555737	bb.chr1.184555617	-0.009294	0.161145	23	False
chr1	185250488	185250608	bb.chr1.185250488	0.017968	0.081812	23	False
chr1	187307287	187307407	bb.chr1.187307287	-0.004133	0.124270	23	False
chr1	188250703	188250823	bb.chr1.188250703	-0.103196	0.493146	23	True
chr1	188974535	188974655	bb.chr1.188974535	-0.914625	1.603199	10	True
chr1	190097656	190097902	BRINP3_exon_8	0.003965	0.139259	23	False
chr1	190097902	190098148	BRINP3_exon_8	0.037511	0.057685	23	False
chr1	190098148	190098394	BRINP3_exon_8	-0.055762	0.073792	23	False
chr1	190098394	190098640	BRINP3_exon_8	0.055433	0.074817	23	False
chr1	190098640	190098886	BRINP3_exon_8	0.025992	0.106690	23	False
chr1	190098886	190099133	BRINP3_exon_8	0.010578	0.083600	23	False
chr1	190160666	190160889	BRINP3_exon_7	0.080013	0.060536	23	False
chr1	190215034	190215154	bb.chr1.190215034	-0.065308	0.739340	23	True
chr1	190226080	190226317	BRINP3_exon_6	0.044537	0.094066	23	False
chr1	190234363	190234483	BRINP3_exon_5	0.128030	0.054349	23	False
chr1	190264863	190265054	BRINP3_exon_4	-0.145198	0.058155	23	False
chr1	190281558	190281749	BRINP3_exon_3	-0.135508	0.065558	23	False
chr1	190454653	190454939	BRINP3_exon_2	0.016897	0.078841	23	False
chr1	190477446	190477654	BRINP3_exon_1	0.028645	0.060192	23	False
chr1	190477654	190477863	BRINP3_exon_1	0.053013	0.046915	23	False
chr1	191593967	191594087	bb.chr1.191593967	-0.646700	1.703181	16	True
chr1	193469585	193469705	bb.chr1.193469585	-0.055122	0.122159	23	False
chr1	194513114	194513234	bb.chr1.194513114	-0.056260	0.064543	23	False
chr1	195248961	195249081	bb.chr1.195248961	-0.203557	0.786908	23	True
chr1	196713156	196713276	bb.chr1.196713156	-0.033950	0.389642	23	True
chr1	198126443	198126563	bb.chr1.198126443	0.009995	0.137393	23	False
chr1	200233043	200233163	bb.chr1.200233043	0.042587	0.113422	23	False
chr1	201253794	201253914	bb.chr1.201253794	0.012220	0.099801	23	False
chr1	202208947	202209067	bb.chr1.202208947	-0.001392	0.124064	23	False
chr1	202331655	202331959	UBE2T_exon_7	-0.028083	0.070273	23	False
chr1	202332986	202333106	UBE2T_exon_6	-0.026315	0.124878	23	False
chr1	202333217	202333337	UBE2T_exon_5	-0.000621	0.071549	23	False
chr1	202333441	202333561	UBE2T_exon_4	0.018108	0.070018	23	False
chr1	202334948	202335068	UBE2T_exon_3	-0.015982	0.058687	23	False
chr1	202335644	202335817	UBE2T_exon_2	-0.107002	0.060326	23	False
chr1	202341827	202341947	UBE2T_exon_1	-0.023431	0.078069	23	False
chr1	203601619	203601739	bb.chr1.203601619	-0.042047	0.090354	23	False
chr1	204244424	204244544	bb.chr1.204244424	0.011082	0.070867	23	False
chr1	204915648	204915768	bb.chr1.204915648	-0.014763	0.247896	23	False
chr1	206224328	206224448	bb.chr1.206224328	0.002126	0.110503	23	False
chr1	206705717	206705837	bb.chr1.206705717	-0.052173	0.093159	23	False
chr1	207375221	207375341	bb.chr1.207375221	-0.002870	0.097320	23	False
chr1	208065771	208065891	bb.chr1.208065771	-0.028251	0.093967	23	False
chr1	209035760	209035880	bb.chr1.209035760	-0.017383	0.085107	23	False
chr1	209659942	209660062	bb.chr1.209659942	-0.026200	0.151644	23	False
chr1	210381583	210381703	bb.chr1.210381583	-0.035378	0.166694	23	False
chr1	211371942	211372062	bb.chr1.211371942	-0.056851	0.152595	23	False
chr1	212365940	212366060	bb.chr1.212365940	0.022548	0.120966	23	False
chr1	213036899	213037019	bb.chr1.213036899	-0.025213	0.174430	23	False
chr1	213982762	213982882	bb.chr1.213982762	-0.017923	0.171181	23	False
chr1	215301503	215301623	bb.chr1.215301503	-0.030293	0.072665	23	False
chr1	216500914	216501034	bb.chr1.216500914	-0.065358	0.125694	23	False
chr1	217798578	217798698	bb.chr1.217798578	-0.000379	0.093874	23	False
chr1	218685332	218685452	bb.chr1.218685332	0.122758	0.168832	23	False
chr1	219385055	219385175	bb.chr1.219385055	-0.043722	0.155899	23	False
chr1	219991760	219991880	bb.chr1.219991760	-0.036006	0.237325	23	False
chr1	221030661	221030781	bb.chr1.221030661	-0.057410	0.217444	23	False
chr1	221692916	221693036	bb.chr1.221692916	-0.024990	0.119678	23	False
chr1	222742747	222742867	bb.chr1.222742747	0.005993	0.151735	23	False
chr1	223344744	223344864	bb.chr1.223344744	-0.027236	0.065963	23	False
chr1	224175608	224175728	bb.chr1.224175608	-0.041965	0.122576	23	False
chr1	225689947	225690067	bb.chr1.225689947	0.010660	0.107317	23	False
chr1	226484256	226484376	bb.chr1.226484256	0.089353	0.120925	23	False
chr1	228348796	228348916	bb.chr1.228348796	-0.006405	0.078112	23	False
chr1	229065160	229065280	bb.chr1.229065160	-0.020344	0.075111	23	False
chr1	229715604	229715724	bb.chr1.229715604	-0.011041	0.111632	23	False
chr1	230716310	230716430	bb.chr1.230716310	-0.013466	0.079836	23	False
chr1	231363754	231364029	EGLN1_exon_5	-0.038703	0.121334	23	False
chr1	231364029	231364305	EGLN1_exon_5	0.018847	0.080360	23	False
chr1	231364305	231364581	EGLN1_exon_5	0.052608	0.057476	23	False
chr1	231364581	231364857	EGLN1_exon_5	0.005734	0.106746	23	False
chr1	231364857	231365133	EGLN1_exon_5	0.016565	0.066074	23	False
chr1	231365133	231365409	EGLN1_exon_5	0.002110	0.082120	23	False
chr1	231365661	231365932	EGLN1_exon_5	-0.137961	0.564064	23	True
chr1	231365932	231366203	EGLN1_exon_5	0.018908	0.163012	23	False
chr1	231366203	231366474	EGLN1_exon_5	-0.066062	0.065498	23	False
chr1	231367517	231367637	EGLN1_exon_4	-0.050119	0.086367	23	False
chr1	231370560	231370697	EGLN1_exon_3	0.044775	0.077681	23	False
chr1	231373978	231374098	EGLN1_exon_2	-0.011557	0.098541	23	False
chr1	231400074	231400194	bb.chr1.231400074	0.144703	0.436377	23	True
chr1	231420996	231421254	EGLN1_exon_1	0.075141	0.075845	23	False
chr1	231421254	231421512	EGLN1_exon_1	0.056977	0.121205	23	False
chr1	231421512	231421770	EGLN1_exon_1	0.081036	0.125940	23	False
chr1	231421770	231422028	EGLN1_exon_1	0.057897	0.150434	23	False
chr1	231422028	231422286	EGLN1_exon_1	0.052282	0.134112	23	False
chr1	232392152	232392272	bb.chr1.232392152	-0.331719	0.990006	23	True
chr1	233087017	233087137	bb.chr1.233087017	-0.030509	0.077694	23	False
chr1	234028245	234028365	bb.chr1.234028245	0.122218	0.098913	23	False
chr1	234726061	234726181	bb.chr1.234726061	-0.009003	0.076222	23	False
chr1	235457658	235457778	bb.chr1.235457658	-0.050353	0.335337	23	True
chr1	236410907	236411027	bb.chr1.236410907	0.015017	0.099405	23	False
chr1	237307721	237307841	bb.chr1.237307721	0.054525	0.145835	23	False
chr1	239052497	239052617	bb.chr1.239052497	-0.053345	0.286003	23	False
chr1	240361220	240361340	bb.chr1.240361220	0.046882	0.096864	23	False
chr1	241701354	241701474	bb.chr1.241701354	0.004078	0.263155	23	False
chr1	242383011	242383131	bb.chr1.242383011	-0.010247	0.096023	23	False
chr1	243159250	243159370	bb.chr1.243159250	-0.462537	1.099113	14	True
chr1	244728310	244728430	bb.chr1.244728310	0.069103	0.081105	23	False
chr1	245386600	245386720	bb.chr1.245386600	0.017040	0.102456	23	False
chr1	246947700	246947820	bb.chr1.246947700	-0.039047	0.165499	23	False
chr1	248360900	248361020	bb.chr1.248360900	-0.022039	0.102046	23	False
chr2	615950	616070	bb.chr2.615950	0.136964	0.073382	23	False
chr2	2113038	2113158	bb.chr2.2113038	-0.004007	0.071560	23	False
chr2	2751505	2751625	bb.chr2.2751505	-0.003159	0.083016	23	False
chr2	3724688	3724808	bb.chr2.3724688	0.050484	0.157003	23	False
chr2	4852990	4853110	bb.chr2.4852990	-0.184913	0.710581	23	True
chr2	5363007	5363127	bb.chr2.5363007	-0.029505	0.146205	23	False
chr2	5987017	5987137	bb.chr2.5987017	0.007523	0.267266	23	False
chr2	7210302	7210422	bb.chr2.7210302	-0.002380	0.077134	23	False
chr2	7861391	7861511	bb.chr2.7861391	-0.020802	0.100599	23	False
chr2	9139202	9139322	bb.chr2.9139202	0.015733	0.088246	23	False
chr2	10873496	10873616	bb.chr2.10873496	0.006339	0.092451	23	False
chr2	11800633	11800753	bb.chr2.11800633	-0.030426	0.098551	23	False
chr2	12420996	12421116	bb.chr2.12420996	0.109529	0.107791	23	False
chr2	13339814	13339934	bb.chr2.13339814	-0.030868	0.110766	23	False
chr2	13941720	13941840	bb.chr2.13941720	-0.160187	0.401335	23	True
chr2	15166677	15166797	bb.chr2.15166677	0.009781	0.129908	23	False
chr2	15772742	15772862	bb.chr2.15772742	-0.010211	0.102556	23	False
chr2	15940548	15940742	MYCN_exon_1	-0.120926	0.100102	23	False
chr2	15941946	15942248	MYCN_exon_2	0.004698	0.077741	23	False
chr2	15942248	15942550	MYCN_exon_2	-0.002109	0.118304	23	False
chr2	15942550	15942853	MYCN_exon_2	-0.010557	0.176873	23	False
chr2	15945491	15945743	MYCN_exon_3	0.000153	0.059277	23	False
chr2	15945743	15945995	MYCN_exon_3	0.050841	0.093245	23	False
chr2	15945995	15946247	MYCN_exon_3	0.004279	0.071530	23	False
chr2	15946247	15946499	MYCN_exon_3	-0.027817	0.051381	23	False
chr2	15946499	15946751	MYCN_exon_3	0.014282	0.105447	23	False
chr2	15946751	15947003	MYCN_exon_3	-0.050618	0.540388	23	True
chr2	16809926	16810046	bb.chr2.16809926	-0.006000	0.087136	23	False
chr2	17864911	17865031	bb.chr2.17864911	0.006008	0.259534	23	False
chr2	19346974	19347094	bb.chr2.19346974	0.004228	0.111445	23	False
chr2	20006594	20006714	bb.chr2.20006594	0.107457	0.104693	23	False
chr2	20626846	20626966	bb.chr2.20626846	-0.013346	0.083458	23	False
chr2	21231790	21231910	bb.chr2.21231790	-0.047779	0.272481	23	False
chr2	22329765	22329885	bb.chr2.22329765	-0.029523	0.190708	23	False
chr2	23642978	23643098	bb.chr2.23642978	0.021711	0.143996	23	False
chr2	24433698	24433818	bb.chr2.24433698	0.035294	0.160684	23	False
chr2	25227872	25228216	DNMT3A_exon_23	-0.026517	0.064391	23	False
chr2	25228364	25228636	DNMT3A_exon_23	0.024420	0.072338	23	False
chr2	25228636	25228908	DNMT3A_exon_23	-0.009598	0.080508	23	False
chr2	25228908	25229180	DNMT3A_exon_23	-0.040080	0.069986	23	False
chr2	25229180	25229453	DNMT3A_exon_23	0.016869	0.058040	23	False
chr2	25229453	25229725	DNMT3A_exon_23	0.032441	0.069924	23	False
chr2	25229725	25229997	DNMT3A_exon_23	0.014844	0.056208	23	False
chr2	25229997	25230270	DNMT3A_exon_23	0.064656	0.102833	23	False
chr2	25230270	25230542	DNMT3A_exon_23	-0.060334	0.094414	23	False
chr2	25230542	25230814	DNMT3A_exon_23	-0.013103	0.140428	23	False
chr2	25230814	25231087	DNMT3A_exon_23	0.024622	0.104695	23	False
chr2	25231087	25231359	DNMT3A_exon_23	0.019794	0.087333	23	False
chr2	25231359	25231631	DNMT3A_exon_23	0.010728	0.079986	23	False
chr2	25231631	25231903	DNMT3A_exon_23	-0.003086	0.066986	23	False
chr2	25231903	25232176	DNMT3A_exon_23	-0.000313	0.072872	23	False
chr2	25232176	25232448	DNMT3A_exon_23	0.008139	0.122824	23	False
chr2	25232448	25232720	DNMT3A_exon_23	-0.004769	0.063072	23	False
chr2	25232720	25232993	DNMT3A_exon_23	0.004043	0.075757	23	False
chr2	25232993	25233265	DNMT3A_exon_23	-0.007427	0.066374	23	False
chr2	25233265	25233537	DNMT3A_exon_23	0.035162	0.085791	23	False
chr2	25233537	25233810	DNMT3A_exon_23	0.151694	0.104257	23	False
chr2	25233823	25234121	DNMT3A_exon_23	0.137338	0.084850	23	False
chr2	25234121	25234419	DNMT3A_exon_23	0.018457	0.051548	23	False
chr2	25235704	25235824	DNMT3A_exon_22	-0.024295	0.082085	23	False
chr2	25236928	25237048	DNMT3A_exon_21	-0.009015	0.074249	23	False
chr2	25239119	25239239	DNMT3A_exon_20	-0.011307	0.095649	23	False
chr2	25240300	25240449	DNMT3A_exon_19	-0.062522	0.054262	23	False
chr2	25240623	25240743	DNMT3A_exon_18	-0.007029	0.096180	23	False
chr2	25241560	25241706	DNMT3A_exon_17	-0.013572	0.101015	23	False
chr2	25243892	25244012	DNMT3A_exon_16	-0.092307	0.095672	23	False
chr2	25244153	25244337	DNMT3A_exon_15	0.092219	0.069159	23	False
chr2	25244534	25244654	DNMT3A_exon_14	0.030804	0.099957	23	False
chr2	25245228	25245348	DNMT3A_exon_13	0.022920	0.123556	23	False
chr2	25245944	25246064	DNMT3A_exon_12	0.045996	0.069714	23	False
chr2	25246158	25246308	DNMT3A_exon_11	0.050779	0.058718	23	False
chr2	25246618	25246775	DNMT3A_exon_10	-0.005954	0.107371	23	False
chr2	25247043	25247163	DNMT3A_exon_9	0.012739	0.130693	23	False
chr2	25247589	25247748	DNMT3A_exon_8	-0.030716	0.065415	23	False
chr2	25248035	25248251	DNMT3A_exon_7	0.059698	0.072500	23	False
chr2	25274939	25275086	DNMT3A_exon_6	-0.046120	0.105236	23	False
chr2	25275454	25275574	DNMT3A_exon_5	0.021752	0.122241	23	False
chr2	25282439	25282710	DNMT3A_exon_4	0.025920	0.061237	23	False
chr2	25300129	25300249	DNMT3A_exon_3	0.020236	0.125341	23	False
chr2	25313911	25314031	DNMT3A_exon_2	-0.010192	0.076979	23	False
chr2	25314040	25314160	DNMT3A_exon_2	-0.001821	0.104756	23	False
chr2	25341805	25341925	DNMT3A_exon_1	-0.058873	0.418937	23	True
chr2	25733751	25734013	ASXL2_exon_13	0.037034	0.082514	23	False
chr2	25734013	25734275	ASXL2_exon_13	-0.005397	0.110044	23	False
chr2	25734275	25734537	ASXL2_exon_13	0.028170	0.064390	23	False
chr2	25734537	25734799	ASXL2_exon_13	-0.074510	0.184334	23	False
chr2	25734799	25735062	ASXL2_exon_13	0.008133	0.092175	23	False
chr2	25735062	25735324	ASXL2_exon_13	0.045616	0.107441	23	False
chr2	25735324	25735586	ASXL2_exon_13	0.042229	0.064478	23	False
chr2	25735586	25735848	ASXL2_exon_13	0.055745	0.077931	23	False
chr2	25735848	25736110	ASXL2_exon_13	0.020315	0.096513	23	False
chr2	25736110	25736373	ASXL2_exon_13	-0.067220	0.059309	23	False
chr2	25736373	25736635	ASXL2_exon_13	0.061553	0.111169	23	False
chr2	25736635	25736897	ASXL2_exon_13	0.014035	0.126293	23	False
chr2	25736897	25737159	ASXL2_exon_13	0.000928	0.063091	23	False
chr2	25737159	25737421	ASXL2_exon_13	0.000126	0.091756	23	False
chr2	25737421	25737684	ASXL2_exon_13	0.018923	0.081696	23	False
chr2	25737802	25738060	ASXL2_exon_13	0.033441	0.110901	23	False
chr2	25738060	25738319	ASXL2_exon_13	-0.094649	0.182010	23	False
chr2	25738319	25738578	ASXL2_exon_13	0.047237	0.070995	23	False
chr2	25738578	25738836	ASXL2_exon_13	0.047453	0.068421	23	False
chr2	25738836	25739095	ASXL2_exon_13	-0.013141	0.056112	23	False
chr2	25739095	25739354	ASXL2_exon_13	0.030116	0.068700	23	False
chr2	25739354	25739613	ASXL2_exon_13	0.040109	0.070442	23	False
chr2	25739613	25739871	ASXL2_exon_13	-0.002624	0.050804	23	False
chr2	25739871	25740130	ASXL2_exon_13	0.046162	0.063282	23	False
chr2	25740130	25740389	ASXL2_exon_13	-0.085053	0.088489	23	False
chr2	25740389	25740648	ASXL2_exon_13	0.137468	0.097530	23	False
chr2	25740670	25740941	ASXL2_exon_13	0.111949	0.071246	23	False
chr2	25740941	25741213	ASXL2_exon_13	-0.014822	0.061450	23	False
chr2	25741213	25741485	ASXL2_exon_13	0.003538	0.057759	23	False
chr2	25741485	25741757	ASXL2_exon_13	-0.026030	0.075886	23	False
chr2	25741757	25742028	ASXL2_exon_13	0.027926	0.055433	23	False
chr2	25742028	25742300	ASXL2_exon_13	-0.062808	0.084033	23	False
chr2	25742300	25742572	ASXL2_exon_13	0.012898	0.083049	23	False
chr2	25742572	25742844	ASXL2_exon_13	0.031643	0.064281	23	False
chr2	25742844	25743116	ASXL2_exon_13	-0.004672	0.059478	23	False
chr2	25743116	25743387	ASXL2_exon_13	-0.011860	0.068566	23	False
chr2	25743387	25743659	ASXL2_exon_13	-0.016806	0.062293	23	False
chr2	25743659	25743931	ASXL2_exon_13	-0.011655	0.070461	23	False
chr2	25743931	25744203	ASXL2_exon_13	0.019312	0.076707	23	False
chr2	25744203	25744475	ASXL2_exon_13	-0.058214	0.084592	23	False
chr2	25749694	25749933	ASXL2_exon_12	0.073784	0.061771	23	False
chr2	25749933	25750172	ASXL2_exon_12	-0.037517	0.068656	23	False
chr2	25750172	25750412	ASXL2_exon_12	0.039783	0.066171	23	False
chr2	25753525	25753645	ASXL2_exon_11	-0.001508	0.084684	23	False
chr2	25756005	25756125	ASXL2_exon_10	0.065500	0.098959	23	False
chr2	25759480	25759644	ASXL2_exon_9	-0.075576	0.049179	23	False
chr2	25767581	25767725	ASXL2_exon_8	0.002115	0.056897	23	False
chr2	25768743	25768863	ASXL2_exon_7	0.034299	0.079480	23	False
chr2	25771434	25771554	ASXL2_exon_6	-0.015390	0.055243	23	False
chr2	25799383	25799534	ASXL2_exon_5	0.000186	0.047222	23	False
chr2	25806221	25806341	ASXL2_exon_4	-0.014059	0.075682	23	False
chr2	25835531	25835651	ASXL2_exon_3	-0.004138	0.121906	23	False
chr2	25845457	25845577	ASXL2_exon_2	-0.058053	0.185028	23	False
chr2	25878164	25878486	ASXL2_exon_1	-0.029063	0.101436	23	False
chr2	26318499	26318619	bb.chr2.26318499	-0.006174	0.193096	23	False
chr2	27161651	27161771	bb.chr2.27161651	-0.002723	0.089036	23	False
chr2	27959079	27959199	bb.chr2.27959079	-0.000872	0.095717	23	False
chr2	28578967	28579087	bb.chr2.28578967	-0.005351	0.082314	23	False
chr2	29232898	29233018	bb.chr2.29232898	0.028761	0.120821	23	False
chr2	30039616	30039736	bb.chr2.30039616	-0.006114	0.079775	23	False
chr2	30713648	30713768	bb.chr2.30713648	-0.006068	0.121035	23	False
chr2	31369397	31369517	bb.chr2.31369397	-0.007474	0.279928	23	False
chr2	32232408	32232528	bb.chr2.32232408	0.005348	0.102992	23	False
chr2	32837354	32837474	bb.chr2.32837354	-0.030004	0.120146	23	False
chr2	33474894	33475014	bb.chr2.33474894	-0.044677	0.111705	23	False
chr2	34080327	34080447	bb.chr2.34080327	-0.027173	0.167534	23	False
chr2	34850875	34850995	bb.chr2.34850875	-0.072505	0.498152	23	True
chr2	35605775	35605895	bb.chr2.35605775	-0.015752	0.139664	23	False
chr2	36838815	36838935	bb.chr2.36838815	-0.017812	0.166923	23	False
chr2	37760637	37760757	bb.chr2.37760637	0.007345	0.104789	23	False
chr2	38446486	38446606	bb.chr2.38446486	-0.023633	0.097302	23	False
chr2	39879552	39879672	bb.chr2.39879552	0.011752	0.095886	23	False
chr2	40797101	40797221	bb.chr2.40797101	-0.041430	0.305934	23	True
chr2	41733046	41733166	bb.chr2.41733046	-0.174593	0.797089	23	True
chr2	42497854	42497974	bb.chr2.42497854	-0.031100	0.226789	23	False
chr2	43220346	43220466	bb.chr2.43220346	0.001467	0.152666	23	False
chr2	44169845	44169965	bb.chr2.44169845	0.018396	0.104440	23	False
chr2	45088576	45088696	bb.chr2.45088576	0.026478	0.127003	23	False
chr2	46017981	46018101	bb.chr2.46017981	-0.029551	0.100202	23	False
chr2	46297405	46297670	EPAS1_exon_1	-0.039861	0.099626	23	False
chr2	46297670	46297936	EPAS1_exon_1	-0.049397	0.068167	23	False
chr2	46346871	46347062	EPAS1_exon_2	-0.135429	0.081819	23	False
chr2	46356149	46356301	EPAS1_exon_3	0.001670	0.174715	23	False
chr2	46356722	46356842	EPAS1_exon_4	-0.012705	0.086262	23	False
chr2	46360635	46360755	EPAS1_exon_5	-0.106229	0.067734	23	False
chr2	46360883	46361089	EPAS1_exon_6	0.062507	0.063622	23	False
chr2	46369818	46369938	EPAS1_exon_7	0.030405	0.113684	23	False
chr2	46375688	46375836	EPAS1_exon_8	-0.009543	0.110883	23	False
chr2	46376537	46376752	EPAS1_exon_9	0.027420	0.047746	23	False
chr2	46377892	46378086	EPAS1_exon_10	-0.114077	0.127119	23	False
chr2	46378650	46378770	EPAS1_exon_11	-0.018515	0.094215	23	False
chr2	46380225	46380345	EPAS1_exon_12	-0.014700	0.066266	23	False
chr2	46380349	46380469	EPAS1_exon_12	0.040900	0.088463	23	False
chr2	46380473	46380593	EPAS1_exon_12	0.038478	0.063631	23	False
chr2	46380596	46380716	EPAS1_exon_12	-0.038431	0.083373	23	False
chr2	46381597	46381717	EPAS1_exon_13	-0.010371	0.130157	23	False
chr2	46381970	46382090	EPAS1_exon_14	-0.001213	0.115367	23	False
chr2	46382423	46382597	EPAS1_exon_15	-0.092715	0.078989	23	False
chr2	46384507	46384780	EPAS1_exon_16	-0.026282	0.061908	23	False
chr2	46384780	46385054	EPAS1_exon_16	-0.001856	0.054834	23	False
chr2	46385054	46385327	EPAS1_exon_16	0.011091	0.105923	23	False
chr2	46385327	46385601	EPAS1_exon_16	0.058149	0.076418	23	False
chr2	46385601	46385875	EPAS1_exon_16	0.052760	0.107231	23	False
chr2	46385875	46386148	EPAS1_exon_16	0.039071	0.100620	23	False
chr2	46386148	46386422	EPAS1_exon_16	0.025415	0.053226	23	False
chr2	46386422	46386696	EPAS1_exon_16	-0.022166	0.061573	23	False
chr2	48560720	48560840	bb.chr2.48560720	0.098760	0.102356	23	False
chr2	49369322	49369442	bb.chr2.49369322	-0.005356	0.101594	23	False
chr2	50004092	50004212	bb.chr2.50004092	-0.025222	0.198181	23	False
chr2	51225881	51226001	bb.chr2.51225881	0.020017	0.096386	23	False
chr2	52097060	52097180	bb.chr2.52097060	-0.098867	0.626673	23	True
chr2	53032453	53032573	bb.chr2.53032453	-0.021204	0.146941	23	False
chr2	54572024	54572144	bb.chr2.54572024	0.013044	0.089284	23	False
chr2	55216396	55216516	bb.chr2.55216396	-0.062633	0.451476	23	True
chr2	56127769	56127889	bb.chr2.56127769	-0.003693	0.089796	23	False
chr2	57045598	57045718	bb.chr2.57045598	0.016556	0.119701	23	False
chr2	57904909	57905029	bb.chr2.57904909	-0.057862	0.665023	23	True
chr2	58583489	58583609	bb.chr2.58583489	-0.045887	0.189867	23	False
chr2	59518342	59518462	bb.chr2.59518342	0.013858	0.066324	23	False
chr2	60434809	60434929	bb.chr2.60434809	-0.008001	0.138002	23	False
chr2	61118938	61119058	bb.chr2.61118938	0.017864	0.084112	23	False
chr2	61734456	61734576	bb.chr2.61734456	-0.042554	0.245426	23	False
chr2	63398706	63398826	bb.chr2.63398706	0.036762	0.085518	23	False
chr2	64104621	64104741	bb.chr2.64104621	-0.004260	0.149117	23	False
chr2	66228674	66228794	bb.chr2.66228674	0.015444	0.109062	23	False
chr2	67144732	67144852	bb.chr2.67144732	0.022041	0.107294	23	False
chr2	67781515	67781635	bb.chr2.67781515	-2.088338	2.427222	11	True
chr2	68691490	68691610	bb.chr2.68691490	-0.124330	0.706310	23	True
chr2	69294504	69294624	bb.chr2.69294504	-0.066416	0.082042	23	False
chr2	70200265	70200385	bb.chr2.70200265	-0.136198	0.285842	23	False
chr2	70975318	70975438	bb.chr2.70975318	-0.028761	0.070923	23	False
chr2	71778153	71778273	bb.chr2.71778153	-0.037182	0.085296	23	False
chr2	73220587	73220707	bb.chr2.73220587	-0.018412	0.104718	23	False
chr2	74095057	74095177	bb.chr2.74095057	-0.013979	0.062956	23	False
chr2	74814130	74814250	bb.chr2.74814130	-0.007285	0.090867	23	False
chr2	76276724	76276844	bb.chr2.76276724	0.019817	0.134841	23	False
chr2	76994903	76995023	bb.chr2.76994903	-0.025276	0.160986	23	False
chr2	79423532	79423652	bb.chr2.79423532	-0.066948	0.633499	23	True
chr2	80296993	80297113	bb.chr2.80296993	0.005406	0.086733	23	False
chr2	83756151	83756271	bb.chr2.83756151	-0.069382	0.238577	23	False
chr2	85535578	85535698	bb.chr2.85535578	0.159178	0.084882	23	False
chr2	86138616	86138736	bb.chr2.86138616	-0.062221	0.139289	23	False
chr2	87131946	87132066	bb.chr2.87131946	-0.023478	0.088813	23	False
chr2	87662226	87662346	bb.chr2.87662226	-0.019197	0.138464	23	False
chr2	88502177	88502297	bb.chr2.88502177	-0.004245	0.094539	23	False
chr2	89955561	89955681	bb.chr2.89955561	-0.110137	0.337755	23	True
chr2	91892275	91892395	bb.chr2.91892275	-0.165461	0.834801	23	True
chr2	95196928	95197048	bb.chr2.95196928	0.036896	0.126186	23	False
chr2	95856284	95856404	bb.chr2.95856284	0.030342	0.089218	23	False
chr2	98368131	98368251	bb.chr2.98368131	0.119434	0.093259	23	False
chr2	99337753	99337873	bb.chr2.99337753	-0.009667	0.124072	23	False
chr2	100147482	100147602	bb.chr2.100147482	-0.020557	0.113049	23	False
chr2	101049307	101049427	bb.chr2.101049307	-0.007834	0.111634	23	False
chr2	101984499	101984619	bb.chr2.101984499	-0.031312	0.119560	23	False
chr2	102593702	102593822	bb.chr2.102593702	0.076005	0.105365	23	False
chr2	103963548	103963668	bb.chr2.103963548	0.015304	0.145579	23	False
chr2	105049477	105049597	bb.chr2.105049477	-0.122355	0.507708	23	True
chr2	105966147	105966267	bb.chr2.105966147	-0.043132	0.081792	23	False
chr2	106582877	106582997	bb.chr2.106582877	0.001971	0.159245	23	False
chr2	107798487	107798607	bb.chr2.107798487	-0.041243	0.080483	23	False
chr2	109031525	109031645	bb.chr2.109031525	-0.063360	0.149830	23	False
chr2	109499152	109499272	bb.chr2.109499152	0.036313	0.118240	23	False
chr2	110273001	110273121	bb.chr2.110273001	0.011406	0.365748	23	True
chr2	111031157	111031277	bb.chr2.111031157	-0.025212	0.091604	23	False
chr2	111644173	111644293	bb.chr2.111644173	-0.023168	0.105593	23	False
chr2	112551836	112551956	bb.chr2.112551836	0.032767	0.155818	23	False
chr2	113176814	113176934	bb.chr2.113176814	-0.011646	0.099590	23	False
chr2	114039681	114039801	bb.chr2.114039681	-0.028470	0.073007	23	False
chr2	114709896	114710016	bb.chr2.114709896	0.005415	0.110982	23	False
chr2	115620896	115621016	bb.chr2.115620896	-0.095153	0.321341	23	True
chr2	116245780	116245900	bb.chr2.116245780	-0.036011	0.166228	23	False
chr2	117092483	117092603	bb.chr2.117092483	0.006268	0.160122	23	False
chr2	117772369	117772489	bb.chr2.117772369	-0.041067	0.320634	23	True
chr2	118942460	118942580	bb.chr2.118942460	0.135694	0.146127	23	False
chr2	120218195	120218315	bb.chr2.120218195	0.071554	0.099460	23	False
chr2	120821905	120822025	bb.chr2.120821905	-0.044900	0.116195	23	False
chr2	121816381	121816501	bb.chr2.121816381	-0.006431	0.053374	23	False
chr2	122638369	122638489	bb.chr2.122638369	0.002202	0.119321	23	False
chr2	123298120	123298240	bb.chr2.123298120	-0.036424	0.194910	23	False
chr2	123907814	123907934	bb.chr2.123907814	0.013238	0.089169	23	False
chr2	124509295	124509415	bb.chr2.124509295	-0.168892	0.758347	23	True
chr2	125726340	125726460	bb.chr2.125726340	0.037704	0.150995	23	False
chr2	126365766	126365886	bb.chr2.126365766	0.026629	0.219208	23	False
chr2	126981206	126981326	bb.chr2.126981206	-0.033160	0.129184	23	False
chr2	127637123	127637243	bb.chr2.127637123	0.003874	0.182268	23	False
chr2	128540082	128540202	bb.chr2.128540082	-0.009727	0.107191	23	False
chr2	129362272	129362392	bb.chr2.129362272	0.006979	0.078907	23	False
chr2	130317460	130317580	bb.chr2.130317460	0.015049	0.102764	23	False
chr2	131536435	131536555	bb.chr2.131536435	0.026750	0.125528	23	False
chr2	133090729	133090849	bb.chr2.133090729	-0.013756	0.231582	23	False
chr2	134008238	134008358	bb.chr2.134008238	0.008638	0.070865	23	False
chr2	134919841	134919961	bb.chr2.134919841	-0.069752	0.302053	23	True
chr2	135798029	135798149	bb.chr2.135798029	0.126042	0.090224	23	False
chr2	136494805	136494925	bb.chr2.136494805	0.015192	0.098186	23	False
chr2	137673093	137673213	bb.chr2.137673093	0.009699	0.087902	23	False
chr2	138279433	138279553	bb.chr2.138279433	-0.042178	0.180925	23	False
chr2	139192960	139193080	bb.chr2.139192960	-0.050181	0.254004	23	False
chr2	139808668	139808788	bb.chr2.139808668	-0.034788	0.458350	23	True
chr2	140423187	140423307	bb.chr2.140423187	-0.016327	0.316161	23	True
chr2	141036576	141036696	bb.chr2.141036576	0.010806	0.088917	23	False
chr2	141956942	141957062	bb.chr2.141956942	-0.036767	0.204340	23	False
chr2	142884021	142884141	bb.chr2.142884021	-0.069199	0.481539	23	True
chr2	143522889	143523009	bb.chr2.143522889	-0.077389	0.467256	23	True
chr2	144456980	144457100	bb.chr2.144456980	0.007816	0.111050	23	False
chr2	145335464	145335584	bb.chr2.145335464	0.012938	0.143011	23	False
chr2	145935928	145936048	bb.chr2.145935928	0.010798	0.066421	23	False
chr2	147530236	147530356	bb.chr2.147530236	-0.011947	0.077447	23	False
chr2	148935850	148935970	bb.chr2.148935850	-0.014972	0.261161	23	False
chr2	150148808	150148928	bb.chr2.150148808	-0.010979	0.094783	23	False
chr2	150763119	150763239	bb.chr2.150763119	0.071313	0.192519	23	False
chr2	151609231	151609351	bb.chr2.151609231	0.009233	0.148473	23	False
chr2	152379263	152379383	bb.chr2.152379263	-0.016600	0.101110	23	False
chr2	153142646	153142766	bb.chr2.153142646	-0.020419	0.137737	23	False
chr2	155025572	155025692	bb.chr2.155025572	-0.021337	0.215673	23	False
chr2	155682429	155682549	bb.chr2.155682429	-0.103651	0.420401	23	True
chr2	158046417	158046537	bb.chr2.158046417	0.042970	0.108568	23	False
chr2	158706334	158706454	bb.chr2.158706334	0.012421	0.089462	23	False
chr2	159533691	159533811	bb.chr2.159533691	-0.034280	0.116434	23	False
chr2	160495208	160495328	bb.chr2.160495208	0.013698	0.081159	23	False
chr2	161226800	161226920	bb.chr2.161226800	-0.008082	0.095483	23	False
chr2	161872497	161872617	bb.chr2.161872497	-0.039579	0.309346	23	True
chr2	163171218	163171338	bb.chr2.163171218	0.103235	0.221284	23	False
chr2	163917083	163917203	bb.chr2.163917083	-0.015192	0.158631	23	False
chr2	164790762	164790882	bb.chr2.164790762	-0.055442	0.276646	23	False
chr2	166959721	166959841	bb.chr2.166959721	-0.043673	0.176925	23	False
chr2	167692168	167692288	bb.chr2.167692168	-0.013807	0.095735	23	False
chr2	168429615	168429735	bb.chr2.168429615	-0.036550	0.089517	23	False
chr2	169115966	169116086	bb.chr2.169115966	-0.051598	0.073724	23	False
chr2	169766530	169766650	bb.chr2.169766530	0.007040	0.126737	23	False
chr2	170829989	170830109	bb.chr2.170829989	0.038906	0.106509	23	False
chr2	171574005	171574125	bb.chr2.171574005	-0.113526	0.454401	23	True
chr2	172479686	172479806	bb.chr2.172479686	0.082819	0.070674	23	False
chr2	173840757	173840877	bb.chr2.173840757	0.023843	0.078698	23	False
chr2	174784529	174784649	bb.chr2.174784529	-0.008147	0.098100	23	False
chr2	175557217	175557337	bb.chr2.175557217	0.005363	0.159494	23	False
chr2	176205338	176205458	bb.chr2.176205338	0.001555	0.111810	23	False
chr2	177060018	177060138	bb.chr2.177060018	-0.019759	0.082133	23	False
chr2	177998473	177998593	bb.chr2.177998473	0.003258	0.148265	23	False
chr2	178843890	178844010	bb.chr2.178843890	-0.032600	0.186623	23	False
chr2	179528798	179528918	bb.chr2.179528798	-0.032447	0.075060	23	False
chr2	180751089	180751209	bb.chr2.180751089	0.004875	0.108358	23	False
chr2	181371578	181371698	bb.chr2.181371578	-0.052862	0.093787	23	False
chr2	181988419	181988539	bb.chr2.181988419	-1.077013	1.496407	11	True
chr2	182597547	182597667	bb.chr2.182597547	-0.031869	0.107002	23	False
chr2	183513318	183513438	bb.chr2.183513318	-0.029055	0.073212	23	False
chr2	184131160	184131280	bb.chr2.184131160	0.005097	0.072480	23	False
chr2	185346280	185346400	bb.chr2.185346280	-0.018502	0.122416	23	False
chr2	186488763	186488883	bb.chr2.186488763	0.014577	0.072593	23	False
chr2	187599167	187599287	bb.chr2.187599167	0.019082	0.171528	23	False
chr2	189288249	189288369	bb.chr2.189288249	-0.061486	0.330972	23	True
chr2	190531402	190531522	bb.chr2.190531402	-0.008313	0.131373	23	False
chr2	191160199	191160319	bb.chr2.191160199	0.027165	0.177340	23	False
chr2	192094530	192094650	bb.chr2.192094530	0.021086	0.147480	23	False
chr2	192699492	192699612	bb.chr2.192699492	-0.104032	0.586247	23	True
chr2	194486173	194486293	bb.chr2.194486173	0.061144	0.441596	23	True
chr2	195452495	195452615	bb.chr2.195452495	-0.738154	1.571162	19	True
chr2	196246227	196246347	bb.chr2.196246227	-0.008744	0.086483	23	False
chr2	197301333	197301453	bb.chr2.197301333	0.001912	0.147860	23	False
chr2	197389782	197390054	SF3B1_exon_25	-0.060057	0.082006	23	False
chr2	197390054	197390327	SF3B1_exon_25	-0.019384	0.073025	23	False
chr2	197390327	197390600	SF3B1_exon_25	-0.020452	0.067832	23	False
chr2	197390845	197391114	SF3B1_exon_25	-0.023882	0.082780	23	False
chr2	197391114	197391383	SF3B1_exon_25	0.004882	0.070492	23	False
chr2	197391383	197391652	SF3B1_exon_25	0.010605	0.070704	23	False
chr2	197391652	197391921	SF3B1_exon_25	0.013692	0.074360	23	False
chr2	197391921	197392190	SF3B1_exon_25	0.027368	0.116006	23	False
chr2	197392190	197392460	SF3B1_exon_25	-0.054588	0.097380	23	False
chr2	197392970	197393187	SF3B1_exon_24	0.065359	0.060120	23	False
chr2	197396054	197396327	SF3B1_exon_23	0.032718	0.107345	23	False
chr2	197397983	197398115	SF3B1_exon_22	0.014507	0.084742	23	False
chr2	197398459	197398579	SF3B1_exon_21	-0.009937	0.088905	23	False
chr2	197400049	197400169	SF3B1_exon_20	0.069455	0.089962	23	False
chr2	197400250	197400433	SF3B1_exon_19	-0.001665	0.098455	23	False
chr2	197400713	197400935	SF3B1_exon_18	0.077519	0.090327	23	False
chr2	197401401	197401521	SF3B1_exon_17	0.027570	0.065071	23	False
chr2	197401740	197401887	SF3B1_exon_16	0.048368	0.103509	23	False
chr2	197401983	197402129	SF3B1_exon_15	0.074905	0.065428	23	False
chr2	197402554	197402825	SF3B1_exon_14	0.002255	0.061612	23	False
chr2	197402945	197403065	SF3B1_exon_13	-0.163244	0.115630	23	False
chr2	197403583	197403763	SF3B1_exon_12	-0.091981	0.060065	23	False
chr2	197405064	197405184	SF3B1_exon_11	0.057700	0.136476	23	False
chr2	197405273	197405471	SF3B1_exon_10	0.010355	0.097095	23	False
chr2	197407997	197408117	SF3B1_exon_9	0.171020	0.077445	23	False
chr2	197408367	197408580	SF3B1_exon_8	0.028422	0.058378	23	False
chr2	197409768	197410006	SF3B1_exon_7	0.046728	0.067022	23	False
chr2	197416739	197416910	SF3B1_exon_6	-0.107533	0.082624	23	False
chr2	197418488	197418608	SF3B1_exon_5	-0.027466	0.109322	23	False
chr2	197420423	197420543	SF3B1_exon_4	0.007261	0.093539	23	False
chr2	197421019	197421139	SF3B1_exon_3	-0.011373	0.095962	23	False
chr2	197423806	197423973	SF3B1_exon_2	-0.057239	0.068456	23	False
chr2	197434922	197435042	SF3B1_exon_1	0.015533	0.113485	23	False
chr2	199144111	199144231	bb.chr2.199144111	0.032624	0.144907	23	False
chr2	200050326	200050446	bb.chr2.200050326	-0.039442	0.266857	23	False
chr2	200794062	200794182	bb.chr2.200794062	-0.112276	0.432878	23	True
chr2	201636422	201636542	bb.chr2.201636422	0.000339	0.160589	23	False
chr2	202767727	202767847	bb.chr2.202767727	-0.030734	0.349214	23	True
chr2	203713122	203713242	bb.chr2.203713122	-0.003869	0.108653	23	False
chr2	204335548	204335668	bb.chr2.204335548	-0.035448	0.164142	23	False
chr2	204969155	204969275	bb.chr2.204969155	-0.027811	0.131282	23	False
chr2	206189111	206189231	bb.chr2.206189111	-0.040056	0.122868	23	False
chr2	207082509	207082629	bb.chr2.207082509	-0.018237	0.095317	23	False
chr2	208872831	208872951	bb.chr2.208872831	0.042543	0.152640	23	False
chr2	209829936	209830056	bb.chr2.209829936	-0.013849	0.108691	23	False
chr2	211690369	211690489	bb.chr2.211690369	0.112866	0.078350	23	False
chr2	212710722	212710842	bb.chr2.212710722	-0.020610	0.106041	23	False
chr2	214127328	214127448	bb.chr2.214127328	-0.012372	0.164448	23	False
chr2	214749444	214749564	bb.chr2.214749444	-0.056937	0.164996	23	False
chr2	215662639	215662759	bb.chr2.215662639	-0.066549	0.327056	23	True
chr2	216283634	216283754	bb.chr2.216283634	0.000420	0.138164	23	False
chr2	216897557	216897677	bb.chr2.216897557	-0.006002	0.094162	23	False
chr2	217526234	217526354	bb.chr2.217526234	-0.032557	0.077864	23	False
chr2	218403130	218403250	bb.chr2.218403130	0.016977	0.130301	23	False
chr2	219028314	219028434	bb.chr2.219028314	-0.025993	0.143542	23	False
chr2	219916658	219916778	bb.chr2.219916658	-0.020449	0.080511	23	False
chr2	220587561	220587681	bb.chr2.220587561	0.005924	0.100588	23	False
chr2	221817284	221817404	bb.chr2.221817284	0.008188	0.120259	23	False
chr2	222806729	222806849	bb.chr2.222806729	0.018063	0.105110	23	False
chr2	223721591	223721711	bb.chr2.223721591	-0.008979	0.090335	23	False
chr2	224557462	224557582	bb.chr2.224557462	-0.112518	0.530181	23	True
chr2	225498511	225498631	bb.chr2.225498511	-0.012587	0.222806	23	False
chr2	226334487	226334607	bb.chr2.226334487	-0.007869	0.118984	23	False
chr2	227002609	227002729	bb.chr2.227002609	-0.018669	0.171056	23	False
chr2	227609625	227609745	bb.chr2.227609625	-0.015139	0.093634	23	False
chr2	228227445	228227565	bb.chr2.228227445	-0.006736	0.106593	23	False
chr2	228914047	228914167	bb.chr2.228914047	-0.005904	0.117217	23	False
chr2	230326981	230327101	bb.chr2.230326981	-0.001718	0.100911	23	False
chr2	230982065	230982185	bb.chr2.230982065	-0.006221	0.110544	23	False
chr2	231600388	231600508	bb.chr2.231600388	-0.009791	0.139046	23	False
chr2	233133711	233133831	bb.chr2.233133711	0.035724	0.105853	23	False
chr2	234001407	234001527	bb.chr2.234001407	0.035569	0.242535	23	False
chr2	234954939	234955059	bb.chr2.234954939	0.034590	0.108982	23	False
chr2	235825509	235825629	bb.chr2.235825509	-0.011340	0.298900	23	False
chr2	237035875	237035995	bb.chr2.237035875	-0.023549	0.119270	23	False
chr2	237992489	237992609	bb.chr2.237992489	-0.101472	0.619636	23	True
chr2	238596921	238597041	bb.chr2.238596921	0.012062	0.086251	23	False
chr2	239191638	239191758	bb.chr2.239191638	0.016612	0.126200	23	False
chr2	239811266	239811386	bb.chr2.239811266	0.002131	0.168154	23	False
chr2	240704224	240704344	bb.chr2.240704224	0.042131	0.207769	23	False
chr2	241324908	241325028	bb.chr2.241324908	-0.057204	0.264471	23	False
chr3	540505	540625	bb.chr3.540505	-0.348651	1.084511	23	True
chr3	2034282	2034402	bb.chr3.2034282	0.026211	0.118419	23	False
chr3	2664316	2664436	bb.chr3.2664316	-0.229690	0.693042	23	True
chr3	3266240	3266360	bb.chr3.3266240	-0.088167	0.848397	23	True
chr3	4182987	4183107	bb.chr3.4182987	-0.004858	0.136122	23	False
chr3	5071788	5071908	bb.chr3.5071788	-0.083598	0.470528	23	True
chr3	5678114	5678234	bb.chr3.5678114	0.005408	0.111434	23	False
chr3	7168981	7169101	bb.chr3.7168981	-0.035004	0.256557	23	False
chr3	7820873	7820993	bb.chr3.7820873	-0.033097	0.390083	23	True
chr3	8996225	8996345	bb.chr3.8996225	-0.018187	0.068976	23	False
chr3	9603782	9603902	bb.chr3.9603782	-0.028858	0.079958	23	False
chr3	10498578	10498698	bb.chr3.10498578	-0.026492	0.082808	23	False
chr3	11392609	11392729	bb.chr3.11392609	0.027366	0.093115	23	False
chr3	12435496	12435616	bb.chr3.12435496	-0.033492	0.104970	23	False
chr3	13213580	13213700	bb.chr3.13213580	-0.005393	0.204425	23	False
chr3	14116660	14116780	bb.chr3.14116660	-0.000595	0.086857	23	False
chr3	15110495	15110615	bb.chr3.15110495	0.051316	0.156433	23	False
chr3	16210428	16210548	bb.chr3.16210428	0.061089	0.143203	23	False
chr3	17092805	17092925	bb.chr3.17092805	-0.001404	0.119828	23	False
chr3	18248981	18249101	bb.chr3.18248981	-0.020740	0.108734	23	False
chr3	18873249	18873369	bb.chr3.18873249	0.000094	0.165178	23	False
chr3	19523881	19524001	bb.chr3.19523881	-0.018259	0.222801	23	False
chr3	20423656	20423776	bb.chr3.20423656	-0.027795	0.145690	23	False
chr3	21632557	21632677	bb.chr3.21632557	-0.024878	0.162410	23	False
chr3	22246443	22246563	bb.chr3.22246443	0.003020	0.156112	23	False
chr3	22859064	22859184	bb.chr3.22859064	-0.013011	0.228058	23	False
chr3	23727315	23727435	bb.chr3.23727315	0.052179	0.139767	23	False
chr3	24624742	24624862	bb.chr3.24624742	0.043026	0.162613	23	False
chr3	25555947	25556067	bb.chr3.25555947	0.016856	0.105983	23	False
chr3	26414347	26414467	bb.chr3.26414347	0.002106	0.087367	23	False
chr3	27622160	27622280	bb.chr3.27622160	-0.029660	0.113437	23	False
chr3	29164357	29164477	bb.chr3.29164357	-0.224815	0.937566	23	True
chr3	30077167	30077287	bb.chr3.30077167	0.121553	0.103775	23	False
chr3	31159479	31159599	bb.chr3.31159479	0.014150	0.110046	23	False
chr3	31878025	31878145	bb.chr3.31878025	0.071369	0.217744	23	False
chr3	32842044	32842164	bb.chr3.32842044	-0.002958	0.073462	23	False
chr3	33957284	33957404	bb.chr3.33957284	-0.000646	0.079905	23	False
chr3	34565636	34565756	bb.chr3.34565636	-0.013700	0.058035	23	False
chr3	35187666	35187786	bb.chr3.35187666	-0.054239	0.135705	23	False
chr3	36945532	36945652	bb.chr3.36945532	-0.022935	0.096120	23	False
chr3	37570309	37570429	bb.chr3.37570309	0.113762	0.065316	23	False
chr3	38138659	38138779	MYD88_exon_1	-0.025716	0.089990	23	False
chr3	38138783	38138903	MYD88_exon_1	0.035061	0.106977	23	False
chr3	38138907	38139027	MYD88_exon_1	-0.027700	0.087265	23	False
chr3	38139862	38139997	MYD88_exon_2	0.030735	0.082400	23	False
chr3	38140386	38140567	MYD88_exon_3	-0.135597	0.048891	23	False
chr3	38140752	38140872	MYD88_exon_4	0.047034	0.115099	23	False
chr3	38141130	38141400	MYD88_exon_5	-0.042857	0.094836	23	False
chr3	38141400	38141670	MYD88_exon_5	0.029802	0.111982	23	False
chr3	38141670	38141940	MYD88_exon_5	0.008078	0.097317	23	False
chr3	38141940	38142210	MYD88_exon_5	0.000669	0.074883	23	False
chr3	38142210	38142480	MYD88_exon_5	-0.011053	0.076355	23	False
chr3	38142480	38142750	MYD88_exon_5	-0.117480	0.066889	23	False
chr3	38142750	38143021	MYD88_exon_5	-0.060448	0.046841	23	False
chr3	38499767	38499887	bb.chr3.38499767	-0.015256	0.103936	23	False
chr3	39172761	39172881	bb.chr3.39172761	-0.004993	0.108844	23	False
chr3	40294675	40294795	bb.chr3.40294675	-0.017423	0.108109	23	False
chr3	41127056	41127176	bb.chr3.41127056	-0.018625	0.129778	23	False
chr3	41199503	41199669	CTNNB1_exon_1	-0.083924	0.098012	23	False
chr3	41224019	41224139	CTNNB1_exon_2	-0.081667	0.090062	23	False
chr3	41224524	41224752	CTNNB1_exon_3	0.047695	0.054761	23	False
chr3	41224952	41225206	CTNNB1_exon_4	0.003305	0.074519	23	False
chr3	41225332	41225571	CTNNB1_exon_5	-0.034167	0.061917	23	False
chr3	41225658	41225860	CTNNB1_exon_6	0.036600	0.060017	23	False
chr3	41227206	41227351	CTNNB1_exon_7	-0.008661	0.115743	23	False
chr3	41233336	41233456	CTNNB1_exon_8	0.037321	0.064469	23	False
chr3	41233527	41233866	CTNNB1_exon_9	0.064314	0.063144	23	False
chr3	41234137	41234296	CTNNB1_exon_10	-0.037485	0.085533	23	False
chr3	41235722	41235842	CTNNB1_exon_11	0.006387	0.074962	23	False
chr3	41236347	41236498	CTNNB1_exon_12	0.067785	0.077490	23	False
chr3	41236587	41236707	CTNNB1_exon_13	0.064407	0.064391	23	False
chr3	41237986	41238106	CTNNB1_exon_14	-0.025848	0.080807	23	False
chr3	41239132	41239394	CTNNB1_exon_15	0.042523	0.059135	23	False
chr3	41239394	41239656	CTNNB1_exon_15	-0.012037	0.069595	23	False
chr3	41239656	41239918	CTNNB1_exon_15	0.029292	0.085199	23	False
chr3	41239918	41240180	CTNNB1_exon_15	-0.034145	0.414857	23	True
chr3	41240180	41240442	CTNNB1_exon_15	0.052880	0.082254	23	False
chr3	42099701	42099821	bb.chr3.42099701	-0.024520	0.120789	23	False
chr3	43135468	43135588	bb.chr3.43135468	-0.058572	0.356254	23	True
chr3	43924049	43924169	bb.chr3.43924049	-0.036276	0.162712	23	False
chr3	46107610	46107730	bb.chr3.46107610	-0.035689	0.096585	23	False
chr3	46921485	46921605	bb.chr3.46921485	-0.001201	0.099810	23	False
chr3	47016434	47016707	SETD2_exon_21	-0.035886	0.078383	23	False
chr3	47016707	47016980	SETD2_exon_21	0.017335	0.056229	23	False
chr3	47016980	47017253	SETD2_exon_21	-0.036354	0.057858	23	False
chr3	47017626	47017746	SETD2_exon_20	0.001007	0.088812	23	False
chr3	47019721	47019841	SETD2_exon_19	0.014014	0.106642	23	False
chr3	47037660	47037780	SETD2_exon_18	-0.009514	0.089413	23	False
chr3	47042559	47042699	SETD2_exon_17	-0.001097	0.071894	23	False
chr3	47046485	47046620	SETD2_exon_16	0.008085	0.065990	23	False
chr3	47056819	47057042	SETD2_exon_15	0.136264	0.056666	23	False
chr3	47057042	47057265	SETD2_exon_15	0.012149	0.076901	23	False
chr3	47057265	47057489	SETD2_exon_15	0.106720	0.048886	23	False
chr3	47062161	47062345	SETD2_exon_14	-0.114239	0.109560	23	False
chr3	47067037	47067157	SETD2_exon_13	0.006186	0.120346	23	False
chr3	47083718	47084049	SETD2_exon_12	0.027493	0.063834	23	False
chr3	47084049	47084381	SETD2_exon_12	0.041298	0.053157	23	False
chr3	47086193	47086313	SETD2_exon_11	0.017575	0.098128	23	False
chr3	47088111	47088246	SETD2_exon_10	0.029005	0.073981	23	False
chr3	47097956	47098076	SETD2_exon_9	0.044790	0.080482	23	False
chr3	47101446	47101566	SETD2_exon_8	-0.017558	0.062810	23	False
chr3	47103316	47103436	SETD2_exon_7	-0.005267	0.084408	23	False
chr3	47105997	47106117	SETD2_exon_6	-0.000855	0.055346	23	False
chr3	47113878	47113998	SETD2_exon_5	0.014033	0.075714	23	False
chr3	47116621	47116753	SETD2_exon_4	0.026999	0.097515	23	False
chr3	47120180	47120452	SETD2_exon_3	-0.056779	0.081482	23	False
chr3	47120452	47120725	SETD2_exon_3	-0.093972	0.057386	23	False
chr3	47120725	47120998	SETD2_exon_3	-0.005609	0.053342	23	False
chr3	47120998	47121271	SETD2_exon_3	0.004342	0.078971	23	False
chr3	47121271	47121544	SETD2_exon_3	-0.002571	0.067100	23	False
chr3	47121544	47121817	SETD2_exon_3	0.008033	0.065628	23	False
chr3	47121817	47122090	SETD2_exon_3	-0.007473	0.042205	23	False
chr3	47122090	47122363	SETD2_exon_3	0.011828	0.077113	23	False
chr3	47122363	47122636	SETD2_exon_3	-0.012961	0.067844	23	False
chr3	47122636	47122909	SETD2_exon_3	-0.083188	0.114329	23	False
chr3	47122909	47123182	SETD2_exon_3	0.031321	0.076427	23	False
chr3	47123182	47123455	SETD2_exon_3	0.038148	0.063244	23	False
chr3	47123455	47123728	SETD2_exon_3	0.025778	0.085767	23	False
chr3	47123728	47124001	SETD2_exon_3	0.014896	0.080987	23	False
chr3	47124001	47124274	SETD2_exon_3	-0.049793	0.098751	23	False
chr3	47124274	47124547	SETD2_exon_3	-0.024382	0.066012	23	False
chr3	47126572	47126692	SETD2_exon_2	-0.030004	0.235650	23	False
chr3	47163852	47164128	SETD2_exon_1	0.014348	0.150532	23	False
chr3	47565020	47565140	bb.chr3.47565020	-0.040074	0.089787	23	False
chr3	48445309	48445429	bb.chr3.48445309	-0.037292	0.150504	23	False
chr3	50578048	50578168	bb.chr3.50578048	-0.035049	0.099738	23	False
chr3	51592373	51592493	bb.chr3.51592373	-0.027316	0.106977	23	False
chr3	52304776	52304896	bb.chr3.52304776	-0.026989	0.098171	23	False
chr3	53238238	53238358	bb.chr3.53238238	-0.010594	0.189248	23	False
chr3	53852825	53852945	bb.chr3.53852825	-0.025696	0.078927	23	False
chr3	55031680	55031800	bb.chr3.55031680	-0.094181	0.296467	23	False
chr3	55973268	55973388	bb.chr3.55973268	-0.069250	0.216033	23	False
chr3	57126224	57126344	bb.chr3.57126224	-0.052672	0.075159	23	False
chr3	57851292	57851412	bb.chr3.57851292	-0.061683	0.491811	23	True
chr3	58624143	58624263	bb.chr3.58624143	-0.004834	0.074781	23	False
chr3	59919025	59919145	bb.chr3.59919025	-0.041398	0.186156	23	False
chr3	62017111	62017231	bb.chr3.62017111	-0.012907	0.095869	23	False
chr3	63278799	63278919	bb.chr3.63278799	-0.023871	0.102377	23	False
chr3	64135554	64135674	bb.chr3.64135554	-0.010675	0.075472	23	False
chr3	65258243	65258363	bb.chr3.65258243	-0.043005	0.070817	23	False
chr3	66151128	66151248	bb.chr3.66151128	0.023442	0.112592	23	False
chr3	66793282	66793402	bb.chr3.66793282	-0.010642	0.089776	23	False
chr3	67681402	67681522	bb.chr3.67681402	-0.050284	0.403343	23	True
chr3	68550290	68550410	bb.chr3.68550290	0.099499	0.103348	23	False
chr3	69225103	69225223	bb.chr3.69225103	-0.268455	0.864222	23	True
chr3	70648283	70648403	bb.chr3.70648283	-0.045971	0.440249	23	True
chr3	71251356	71251476	bb.chr3.71251356	-0.021128	0.096342	23	False
chr3	71895032	71895152	bb.chr3.71895032	0.011456	0.198967	23	False
chr3	72501709	72501829	bb.chr3.72501709	-0.020445	0.145446	23	False
chr3	73686910	73687030	bb.chr3.73686910	-0.014132	0.075215	23	False
chr3	74500448	74500568	bb.chr3.74500448	-0.021404	0.182413	23	False
chr3	75490946	75491066	bb.chr3.75490946	-0.079297	0.255066	23	False
chr3	76422844	76422964	bb.chr3.76422844	-0.393439	1.160121	23	True
chr3	77337644	77337764	bb.chr3.77337644	-0.670037	1.667488	11	True
chr3	78275754	78275874	bb.chr3.78275754	-0.001085	0.132906	23	False
chr3	79422930	79423050	bb.chr3.79422930	-0.038300	0.155238	23	False
chr3	80980023	80980143	bb.chr3.80980023	-0.033848	0.155927	23	False
chr3	81664379	81664499	bb.chr3.81664379	0.022718	0.207641	23	False
chr3	83955484	83955604	bb.chr3.83955484	0.000060	0.181478	23	False
chr3	84610513	84610633	bb.chr3.84610513	-0.035740	0.111281	23	False
chr3	86001396	86001516	bb.chr3.86001396	-0.190703	0.800585	23	True
chr3	86673613	86673733	bb.chr3.86673613	-0.116112	0.333240	23	True
chr3	89057619	89057739	bb.chr3.89057619	0.000256	0.097348	23	False
chr3	93988726	93988846	bb.chr3.93988726	0.023572	0.105154	23	False
chr3	94926881	94927001	bb.chr3.94926881	0.039167	0.401753	23	True
chr3	95985311	95985431	bb.chr3.95985311	-0.010977	0.131030	23	False
chr3	97777751	97777871	bb.chr3.97777751	-0.036118	0.190013	23	False
chr3	98434174	98434294	bb.chr3.98434174	-0.037245	0.092508	23	False
chr3	99439714	99439834	bb.chr3.99439714	0.042672	0.111937	23	False
chr3	100315945	100316065	bb.chr3.100315945	-0.035503	0.273940	23	False
chr3	101124243	101124363	bb.chr3.101124243	-0.042951	0.104510	23	False
chr3	102171991	102172111	bb.chr3.102171991	0.025588	0.223323	23	False
chr3	103138427	103138547	bb.chr3.103138427	0.021873	0.128677	23	False
chr3	103838091	103838211	bb.chr3.103838091	-0.092066	0.393374	23	True
chr3	105655459	105655750	CBLB_exon_19	0.083929	0.102183	23	False
chr3	105655750	105656042	CBLB_exon_19	-0.008302	0.098007	23	False
chr3	105656042	105656333	CBLB_exon_19	0.025657	0.104496	23	False
chr3	105656333	105656625	CBLB_exon_19	0.067720	0.105242	23	False
chr3	105656637	105656896	CBLB_exon_19	0.127957	0.081665	23	False
chr3	105656896	105657155	CBLB_exon_19	-0.000638	0.059470	23	False
chr3	105657155	105657414	CBLB_exon_19	0.015199	0.078818	23	False
chr3	105657414	105657673	CBLB_exon_19	0.012836	0.099588	23	False
chr3	105657673	105657932	CBLB_exon_19	0.016464	0.064873	23	False
chr3	105657932	105658191	CBLB_exon_19	0.038872	0.103790	23	False
chr3	105658191	105658450	CBLB_exon_19	0.034103	0.072692	23	False
chr3	105658450	105658709	CBLB_exon_19	0.040941	0.078553	23	False
chr3	105658709	105658968	CBLB_exon_19	-0.022527	0.054625	23	False
chr3	105658968	105659228	CBLB_exon_19	0.057254	0.076989	23	False
chr3	105670231	105670351	CBLB_exon_18	0.023154	0.093171	23	False
chr3	105678429	105678570	CBLB_exon_17	0.019390	0.058643	23	False
chr3	105681477	105681609	CBLB_exon_16	0.030449	0.042306	23	False
chr3	105681716	105681836	CBLB_exon_15	0.011522	0.081231	23	False
chr3	105685318	105685465	CBLB_exon_14	-0.027879	0.088260	23	False
chr3	105693471	105693591	CBLB_exon_13	0.031423	0.098184	23	False
chr3	105702092	105702212	CBLB_exon_12	-0.029615	0.066338	23	False
chr3	105702215	105702335	CBLB_exon_12	0.038752	0.083477	23	False
chr3	105702338	105702458	CBLB_exon_12	-0.036110	0.105846	23	False
chr3	105703986	105704172	CBLB_exon_11	-0.105879	0.059818	23	False
chr3	105720045	105720249	CBLB_exon_10	0.038588	0.059590	23	False
chr3	105734007	105734139	CBLB_exon_9	0.032386	0.054336	23	False
chr3	105737153	105737273	CBLB_exon_8	0.033820	0.108046	23	False
chr3	105740492	105740630	CBLB_exon_7	0.034760	0.058470	23	False
chr3	105745916	105746036	CBLB_exon_6	0.051258	0.067729	23	False
chr3	105751460	105751617	CBLB_exon_5	-0.010218	0.089407	23	False
chr3	105776394	105776541	CBLB_exon_4	-0.024685	0.076986	23	False
chr3	105853412	105853532	CBLB_exon_3	-0.023109	0.092372	23	False
chr3	105853543	105853663	CBLB_exon_3	-0.031483	0.115728	23	False
chr3	105867408	105867590	CBLB_exon_2	-0.120071	0.059835	23	False
chr3	105868734	105869011	CBLB_exon_1	0.017570	0.065036	23	False
chr3	106529025	106529145	bb.chr3.106529025	-0.040154	0.102166	23	False
chr3	107365694	107365814	bb.chr3.107365694	-0.048370	0.083456	23	False
chr3	108046485	108046605	bb.chr3.108046485	-0.033726	0.168173	23	False
chr3	110399915	110400035	bb.chr3.110399915	-0.022010	0.210521	23	False
chr3	111314087	111314207	bb.chr3.111314087	-0.009628	0.122875	23	False
chr3	113437401	113437521	bb.chr3.113437401	0.000839	0.132715	23	False
chr3	115382021	115382141	bb.chr3.115382021	-0.045714	0.163198	23	False
chr3	116138763	116138883	bb.chr3.116138763	-0.005326	0.119779	23	False
chr3	116777844	116777964	bb.chr3.116777844	0.004032	0.112266	23	False
chr3	117413312	117413432	bb.chr3.117413312	0.061340	0.154816	23	False
chr3	118284570	118284690	bb.chr3.118284570	-0.053325	0.442769	23	True
chr3	118888239	118888359	bb.chr3.118888239	0.010937	0.101854	23	False
chr3	120271911	120272031	bb.chr3.120271911	0.023215	0.102650	23	False
chr3	122492815	122492935	bb.chr3.122492815	-0.022815	0.122777	23	False
chr3	123120969	123121089	bb.chr3.123120969	-0.016017	0.083082	23	False
chr3	123799481	123799601	bb.chr3.123799481	-0.014122	0.074076	23	False
chr3	125209064	125209184	bb.chr3.125209064	0.002618	0.062522	23	False
chr3	126110749	126110869	bb.chr3.126110749	-0.000424	0.123276	23	False
chr3	126764253	126764373	bb.chr3.126764253	-0.010536	0.098938	23	False
chr3	127684115	127684235	bb.chr3.127684115	0.012828	0.122317	23	False
chr3	128479425	128479695	GATA2_exon_6	-0.047328	0.070003	23	False
chr3	128479695	128479965	GATA2_exon_6	0.010319	0.092874	23	False
chr3	128479965	128480235	GATA2_exon_6	0.014538	0.068601	23	False
chr3	128480235	128480506	GATA2_exon_6	0.019234	0.062518	23	False
chr3	128480506	128480776	GATA2_exon_6	0.033204	0.075926	23	False
chr3	128480776	128481046	GATA2_exon_6	0.026863	0.091259	23	False
chr3	128481046	128481317	GATA2_exon_6	-0.043189	0.084050	23	False
chr3	128481820	128481940	GATA2_exon_5	-0.023933	0.099973	23	False
chr3	128482979	128483279	GATA2_intron4	0.011892	0.077634	23	False
chr3	128483279	128483579	GATA2_intron4	0.018092	0.069941	23	False
chr3	128483858	128484004	GATA2_exon_4	-0.035034	0.084546	23	False
chr3	128485725	128486046	GATA2_exon_3	0.032451	0.065928	23	False
chr3	128486046	128486367	GATA2_exon_3	0.024507	0.078399	23	False
chr3	128486801	128487075	GATA2_exon_2	0.034472	0.062213	23	False
chr3	128492897	128493200	GATA2_exon_1	-0.014014	0.095046	23	False
chr3	128861671	128861791	bb.chr3.128861671	-0.000768	0.106421	23	False
chr3	129992899	129993019	bb.chr3.129992899	-0.055228	0.110749	23	False
chr3	131453037	131453157	bb.chr3.131453037	0.003300	0.104796	23	False
chr3	132502172	132502292	bb.chr3.132502172	0.001278	0.135275	23	False
chr3	133354823	133354943	bb.chr3.133354823	-0.016041	0.363900	23	True
chr3	134389637	134389757	bb.chr3.134389637	-0.021439	0.114320	23	False
chr3	135160652	135160772	bb.chr3.135160652	-0.013419	0.082772	23	False
chr3	137854405	137854525	bb.chr3.137854405	-0.016553	0.100948	23	False
chr3	138455404	138455524	bb.chr3.138455404	0.020557	0.126631	23	False
chr3	139122535	139122655	bb.chr3.139122535	-0.018236	0.080996	23	False
chr3	140301792	140301912	bb.chr3.140301792	-0.003908	0.093749	23	False
chr3	141279312	141279432	bb.chr3.141279312	0.030079	0.103821	23	False
chr3	142991162	142991282	bb.chr3.142991162	-0.019218	0.173775	23	False
chr3	143974060	143974180	bb.chr3.143974060	-0.019674	0.160126	23	False
chr3	144765711	144765831	bb.chr3.144765711	0.011925	0.191096	23	False
chr3	146883982	146884102	bb.chr3.146883982	-0.103087	0.451916	23	True
chr3	148245276	148245396	bb.chr3.148245276	-0.053268	0.396115	23	True
chr3	148968794	148968914	bb.chr3.148968794	-0.020647	0.269474	23	False
chr3	150469467	150469587	bb.chr3.150469467	0.068270	0.118439	23	False
chr3	151092698	151092818	bb.chr3.151092698	0.030957	0.075408	23	False
chr3	152305041	152305161	bb.chr3.152305041	0.007572	0.156251	23	False
chr3	152913880	152914000	bb.chr3.152913880	0.067386	0.303233	23	True
chr3	153807562	153807682	bb.chr3.153807562	-0.102996	0.226210	23	False
chr3	154417636	154417756	bb.chr3.154417636	-0.027419	0.187931	23	False
chr3	155313306	155313426	bb.chr3.155313306	0.008054	0.151065	23	False
chr3	156291765	156291885	bb.chr3.156291765	-0.006554	0.089950	23	False
chr3	157437012	157437132	bb.chr3.157437012	-0.031001	0.113822	23	False
chr3	158332347	158332467	bb.chr3.158332347	-2.501340	0.005820	2	False
chr3	159115594	159115714	bb.chr3.159115594	0.012597	0.178533	23	False
chr3	159817327	159817447	bb.chr3.159817327	-0.017797	0.054330	23	False
chr3	160694327	160694447	bb.chr3.160694327	-0.026619	0.115907	23	False
chr3	161330126	161330246	bb.chr3.161330126	0.021391	0.077045	23	False
chr3	162554811	162554931	bb.chr3.162554811	-0.022976	0.105398	23	False
chr3	163439534	163439654	bb.chr3.163439534	-0.080907	0.275653	23	False
chr3	164041165	164041285	bb.chr3.164041165	-0.005058	0.107367	23	False
chr3	165254992	165255112	bb.chr3.165254992	-0.019293	0.096368	23	False
chr3	167348877	167348997	bb.chr3.167348877	-0.013964	0.149056	23	False
chr3	168185985	168186105	bb.chr3.168185985	-0.015655	0.084885	23	False
chr3	168863643	168863763	bb.chr3.168863643	0.027153	0.111954	23	False
chr3	169744975	169745095	bb.chr3.169744975	-0.050818	0.654507	23	True
chr3	169764399	169764666	TERC	-0.031227	0.080481	23	False
chr3	169764666	169764933	TERC	0.025022	0.121598	23	False
chr3	169764933	169765200	TERC	0.036957	0.120404	23	False
chr3	169765200	169765467	TERC	0.030682	0.069065	23	False
chr3	169765467	169765734	TERC	-0.050090	0.070394	23	False
chr3	171263020	171263140	bb.chr3.171263020	0.050615	0.106300	23	False
chr3	172467808	172467928	bb.chr3.172467808	-0.031339	0.162754	23	False
chr3	173395191	173395311	bb.chr3.173395191	0.010960	0.088952	23	False
chr3	174278078	174278198	bb.chr3.174278078	-0.002293	0.153861	23	False
chr3	177589794	177589914	bb.chr3.177589794	-0.002124	0.161143	23	False
chr3	178774363	178774483	bb.chr3.178774363	-0.012891	0.144425	23	False
chr3	179973849	179973969	bb.chr3.179973849	-0.003525	0.098984	23	False
chr3	180821544	180821664	bb.chr3.180821544	-0.005469	0.071275	23	False
chr3	181504820	181504940	bb.chr3.181504820	-0.020021	0.108450	23	False
chr3	182708360	182708480	bb.chr3.182708360	-0.011935	0.086177	23	False
chr3	183919997	183920117	bb.chr3.183919997	-0.016538	0.126557	23	False
chr3	184805765	184805885	bb.chr3.184805765	0.024994	0.068253	23	False
chr3	185710857	185710977	bb.chr3.185710857	-1.476741	1.643448	8	True
chr3	186320796	186320916	bb.chr3.186320796	-0.036226	0.064815	23	False
chr3	187241194	187241314	bb.chr3.187241194	-0.036619	0.061864	23	False
chr3	188459779	188459899	bb.chr3.188459779	-0.026652	0.164574	23	False
chr3	189331919	189332039	bb.chr3.189331919	-0.304875	1.079664	23	True
chr3	190233117	190233237	bb.chr3.190233117	-0.000097	0.115666	23	False
chr3	190850089	190850209	bb.chr3.190850089	-0.015915	0.164220	23	False
chr3	191753116	191753236	bb.chr3.191753116	-0.014007	0.096316	23	False
chr3	192369435	192369555	bb.chr3.192369435	0.018897	0.134116	23	False
chr3	193548610	193548730	bb.chr3.193548610	-0.052128	0.091188	23	False
chr3	194512711	194512831	bb.chr3.194512711	-0.008751	0.137702	23	False
chr3	195185443	195185563	bb.chr3.195185443	-0.034101	0.117591	23	False
chr3	195947326	195947446	bb.chr3.195947326	-0.125653	0.317040	23	True
chr3	196631912	196632032	bb.chr3.196631912	-0.003419	0.094627	23	False
chr3	198052242	198052362	bb.chr3.198052242	-0.078106	0.399735	23	True
chr4	670059	670179	bb.chr4.670059	0.010614	0.072227	23	False
chr4	1359473	1359593	bb.chr4.1359473	-0.012463	0.125049	23	False
chr4	2267590	2267710	bb.chr4.2267590	0.059887	0.121932	23	False
chr4	2936864	2936984	bb.chr4.2936864	0.033859	0.141542	23	False
chr4	3751630	3751750	bb.chr4.3751630	-0.007930	0.121350	23	False
chr4	4555463	4555583	bb.chr4.4555463	0.016216	0.093745	23	False
chr4	5676902	5677022	bb.chr4.5676902	0.047865	0.093579	23	False
chr4	6723996	6724116	bb.chr4.6723996	-0.011012	0.102297	23	False
chr4	8046012	8046132	bb.chr4.8046012	-0.011505	0.085777	23	False
chr4	8881739	8881859	bb.chr4.8881739	-0.037414	0.091070	23	False
chr4	9994167	9994287	bb.chr4.9994167	0.016012	0.169856	23	False
chr4	10691546	10691666	bb.chr4.10691546	-0.006824	0.154645	23	False
chr4	11745614	11745734	bb.chr4.11745614	-0.021158	0.148367	23	False
chr4	12353523	12353643	bb.chr4.12353523	-0.122412	0.785171	23	True
chr4	13150256	13150376	bb.chr4.13150256	-0.034526	0.096255	23	False
chr4	13786535	13786655	bb.chr4.13786535	-0.007570	0.190011	23	False
chr4	14943801	14943921	bb.chr4.14943801	-0.008430	0.072513	23	False
chr4	15848303	15848423	bb.chr4.15848303	-0.058633	0.071071	23	False
chr4	16653675	16653795	bb.chr4.16653675	-0.020128	0.074432	23	False
chr4	17941792	17941912	bb.chr4.17941792	-0.004791	0.083399	23	False
chr4	18797161	18797281	bb.chr4.18797161	-0.041379	0.097002	23	False
chr4	19597554	19597674	bb.chr4.19597554	-0.019815	0.094108	23	False
chr4	20983455	20983575	bb.chr4.20983455	-0.010208	0.108591	23	False
chr4	22139547	22139667	bb.chr4.22139547	-0.003436	0.375486	23	True
chr4	23349429	23349549	bb.chr4.23349429	-0.061041	0.210091	23	False
chr4	24132748	24132868	bb.chr4.24132748	-0.023712	0.089228	23	False
chr4	24527473	24527756	DHX15_exon_14	0.044662	0.089432	23	False
chr4	24527756	24528040	DHX15_exon_14	0.063033	0.064157	23	False
chr4	24529599	24529769	DHX15_exon_13	-0.083573	0.045303	23	False
chr4	24532862	24533053	DHX15_exon_12	-0.167674	0.109736	23	False
chr4	24537050	24537170	DHX15_exon_11	-0.000173	0.101783	23	False
chr4	24540106	24540298	DHX15_exon_10	-0.137902	0.079711	23	False
chr4	24540832	24540952	DHX15_exon_9	-0.046702	0.104274	23	False
chr4	24541871	24542021	DHX15_exon_8	0.006938	0.061197	23	False
chr4	24542922	24543042	DHX15_exon_7	-0.024317	0.086522	23	False
chr4	24548853	24549021	DHX15_exon_6	-0.062583	0.065577	23	False
chr4	24554723	24554942	DHX15_exon_5	0.072477	0.082132	23	False
chr4	24556249	24556409	DHX15_exon_4	-0.036079	0.055897	23	False
chr4	24570652	24570846	DHX15_exon_3	-0.123082	0.049562	23	False
chr4	24576241	24576459	DHX15_exon_2	0.107368	0.066014	23	False
chr4	24576459	24576677	DHX15_exon_2	0.097297	0.055919	23	False
chr4	24584321	24584553	DHX15_exon_1	0.044913	0.069619	23	False
chr4	24992775	24992895	bb.chr4.24992775	-0.004610	0.171065	23	False
chr4	25773542	25773662	bb.chr4.25773542	0.008437	0.098332	23	False
chr4	27101848	27101968	bb.chr4.27101848	0.001952	0.088688	23	False
chr4	27919283	27919403	bb.chr4.27919283	-0.012365	0.178053	23	False
chr4	28706286	28706406	bb.chr4.28706286	-0.047531	0.372076	23	True
chr4	29337348	29337468	bb.chr4.29337348	0.009413	0.174455	23	False
chr4	30621566	30621686	bb.chr4.30621566	0.059736	0.182740	23	False
chr4	31397378	31397498	bb.chr4.31397378	-0.006034	0.214592	23	False
chr4	32221498	32221618	bb.chr4.32221498	-0.007337	0.208781	23	False
chr4	32927511	32927631	bb.chr4.32927511	-0.006393	0.308912	23	True
chr4	34919102	34919222	bb.chr4.34919102	-0.026507	0.206144	23	False
chr4	36012213	36012333	bb.chr4.36012213	-0.041526	0.194576	23	False
chr4	36738207	36738327	bb.chr4.36738207	-0.174511	0.392472	23	True
chr4	38396392	38396512	bb.chr4.38396392	-0.024936	0.086467	23	False
chr4	39133187	39133307	bb.chr4.39133187	-0.201327	0.892144	23	True
chr4	40253821	40253941	bb.chr4.40253821	-0.015450	0.161941	23	False
chr4	41133467	41133587	bb.chr4.41133467	-0.014634	0.098110	23	False
chr4	43230558	43230678	bb.chr4.43230558	-0.009913	0.104399	23	False
chr4	43945160	43945280	bb.chr4.43945160	-0.086057	0.318953	23	True
chr4	44578235	44578355	bb.chr4.44578235	0.007324	0.125789	23	False
chr4	45793818	45793938	bb.chr4.45793818	0.064520	0.157876	23	False
chr4	47560120	47560240	bb.chr4.47560120	-0.027210	0.094827	23	False
chr4	48334908	48335028	bb.chr4.48334908	-0.005174	0.106948	23	False
chr4	49616454	49616574	bb.chr4.49616454	-0.485134	1.365062	23	True
chr4	52112515	52112635	bb.chr4.52112515	-0.015373	0.106096	23	False
chr4	52958017	52958137	bb.chr4.52958017	-0.001956	0.104463	23	False
chr4	53708828	53708948	bb.chr4.53708828	0.000366	0.113939	23	False
chr4	54435481	54435601	bb.chr4.54435481	-0.031650	0.113238	23	False
chr4	54657957	54658077	KIT_exon_1	-0.051484	0.116058	23	False
chr4	54695510	54695780	KIT_exon_2	0.034391	0.076125	23	False
chr4	54698282	54698564	KIT_exon_3	0.006517	0.073158	23	False
chr4	54699628	54699765	KIT_exon_4	0.042797	0.058670	23	False
chr4	54703722	54703891	KIT_exon_5	-0.073173	0.071346	23	False
chr4	54707096	54707286	KIT_exon_6	-0.147278	0.076359	23	False
chr4	54709420	54709540	KIT_exon_7	0.003233	0.075436	23	False
chr4	54723579	54723699	KIT_exon_8	0.005362	0.100306	23	False
chr4	54725855	54726049	KIT_exon_9	-0.117396	0.067404	23	False
chr4	54727209	54727329	KIT_exon_10	0.074962	0.066987	23	False
chr4	54727417	54727537	KIT_exon_11	0.047951	0.080417	23	False
chr4	54727813	54727933	KIT_exon_12	0.037975	0.062214	23	False
chr4	54728004	54728124	KIT_exon_13	0.039537	0.054748	23	False
chr4	54729333	54729484	KIT_exon_14	-0.007078	0.075663	23	False
chr4	54731320	54731440	KIT_exon_15	-0.031195	0.105501	23	False
chr4	54731873	54731993	KIT_exon_16	0.050011	0.086474	23	False
chr4	54733069	54733189	KIT_exon_17	-0.019519	0.084922	23	False
chr4	54736492	54736612	KIT_exon_18	0.047311	0.062175	23	False
chr4	54736706	54736826	KIT_exon_19	0.046540	0.063234	23	False
chr4	54737166	54737286	KIT_exon_20	0.008223	0.104702	23	False
chr4	54738427	54738667	KIT_exon_21	0.048664	0.060332	23	False
chr4	54738668	54738908	KIT_exon_21	0.043832	0.074349	23	False
chr4	54738909	54739149	KIT_exon_21	0.032834	0.085783	23	False
chr4	54739150	54739510	KIT_exon_21	0.015464	0.074716	23	False
chr4	54739511	54739751	KIT_exon_21	0.027664	0.087350	23	False
chr4	54739752	54740112	KIT_exon_21	0.002198	0.062709	23	False
chr4	54740113	54740353	KIT_exon_21	0.027741	0.090642	23	False
chr4	54740354	54740714	KIT_exon_21	0.007137	0.148650	23	False
chr4	55157972	55158092	bb.chr4.55157972	-0.034870	0.113993	23	False
chr4	56105045	56105165	bb.chr4.56105045	-1.162737	2.018395	19	True
chr4	56878610	56878730	bb.chr4.56878610	0.016341	0.080726	23	False
chr4	58017012	58017132	bb.chr4.58017012	-0.012013	0.112331	23	False
chr4	61182957	61183077	bb.chr4.61182957	-0.028348	0.101034	23	False
chr4	61914044	61914164	bb.chr4.61914044	-0.052966	0.359251	23	True
chr4	62564976	62565096	bb.chr4.62564976	0.004146	0.121866	23	False
chr4	63311081	63311201	bb.chr4.63311081	-0.074818	0.422942	23	True
chr4	64438653	64438773	bb.chr4.64438653	-0.007035	0.188252	23	False
chr4	65081746	65081866	bb.chr4.65081746	-0.088078	0.797005	23	True
chr4	65984151	65984271	bb.chr4.65984151	-1.528047	1.903642	18	True
chr4	67075357	67075477	bb.chr4.67075357	-0.098917	0.428352	23	True
chr4	69079644	69079764	bb.chr4.69079644	0.078910	0.123617	23	False
chr4	69735548	69735668	bb.chr4.69735548	-0.001309	0.078282	23	False
chr4	70557132	70557252	bb.chr4.70557132	0.061179	0.116008	23	False
chr4	71406585	71406705	bb.chr4.71406585	-0.011149	0.158963	23	False
chr4	72188021	72188141	bb.chr4.72188021	-0.260078	1.253517	23	True
chr4	73275671	73275791	bb.chr4.73275671	-0.024369	0.177783	23	False
chr4	74545970	74546090	bb.chr4.74545970	-0.106800	0.501470	23	True
chr4	75303072	75303192	bb.chr4.75303072	0.024149	0.082620	23	False
chr4	76211866	76211986	bb.chr4.76211866	0.024648	0.108396	23	False
chr4	77208174	77208294	bb.chr4.77208174	0.036236	0.115151	23	False
chr4	78012958	78013078	bb.chr4.78012958	-0.013666	0.306835	23	True
chr4	80191673	80191793	bb.chr4.80191673	-0.046103	0.416120	23	True
chr4	81961877	81961997	bb.chr4.81961877	0.025436	0.076608	23	False
chr4	82680937	82681057	bb.chr4.82680937	-0.000091	0.115099	23	False
chr4	84161081	84161201	bb.chr4.84161081	-0.020526	0.153939	23	False
chr4	85012237	85012357	bb.chr4.85012237	-0.083235	0.435365	23	True
chr4	86337793	86337913	bb.chr4.86337793	-0.002519	0.125073	23	False
chr4	87393583	87393703	bb.chr4.87393583	-0.070807	0.730351	23	True
chr4	88249620	88249740	bb.chr4.88249620	-0.020930	0.126415	23	False
chr4	89295536	89295656	bb.chr4.89295536	-0.025967	0.118698	23	False
chr4	90645516	90645636	bb.chr4.90645516	-1.078028	1.688110	20	True
chr4	91763757	91763877	bb.chr4.91763757	0.017432	0.155486	23	False
chr4	93620375	93620495	bb.chr4.93620375	0.006319	0.110352	23	False
chr4	94364161	94364281	bb.chr4.94364161	-0.118854	0.616670	23	True
chr4	95216301	95216421	bb.chr4.95216301	-0.005253	0.066736	23	False
chr4	96002272	96002392	bb.chr4.96002272	-0.105191	0.300579	23	True
chr4	96891059	96891179	bb.chr4.96891059	-0.024572	0.099903	23	False
chr4	98045042	98045162	bb.chr4.98045042	-0.005214	0.127511	23	False
chr4	98878711	98878831	bb.chr4.98878711	-0.035392	0.288365	23	False
chr4	100095178	100095298	bb.chr4.100095178	-0.003860	0.148310	23	False
chr4	100762283	100762403	bb.chr4.100762283	-0.031152	0.234510	23	False
chr4	102193235	102193355	bb.chr4.102193235	-0.034166	0.323744	23	True
chr4	103021281	103021401	bb.chr4.103021281	-0.040350	0.105353	23	False
chr4	103800531	103800651	bb.chr4.103800531	-0.362577	0.967198	23	True
chr4	104576246	104576366	bb.chr4.104576246	-0.009338	0.153529	23	False
chr4	105146863	105146983	TET2_exon_1	0.102157	0.093537	23	False
chr4	105185136	105185256	bb.chr4.105185136	-0.299578	0.855385	23	True
chr4	105190358	105190504	TET2_exon_2	-0.021605	0.068117	23	False
chr4	105233895	105234160	TET2_exon_3	-0.035538	0.072577	23	False
chr4	105234160	105234426	TET2_exon_3	0.024267	0.058210	23	False
chr4	105234426	105234692	TET2_exon_3	0.026885	0.077815	23	False
chr4	105234692	105234958	TET2_exon_3	-0.016954	0.077318	23	False
chr4	105234958	105235223	TET2_exon_3	0.031857	0.071677	23	False
chr4	105235223	105235489	TET2_exon_3	0.054640	0.084020	23	False
chr4	105235489	105235755	TET2_exon_3	0.061197	0.097848	23	False
chr4	105235755	105236021	TET2_exon_3	0.047332	0.089917	23	False
chr4	105236021	105236286	TET2_exon_3	-0.074308	0.082232	23	False
chr4	105236286	105236552	TET2_exon_3	0.030549	0.085370	23	False
chr4	105236552	105236818	TET2_exon_3	0.025791	0.078693	23	False
chr4	105236818	105237084	TET2_exon_3	0.001557	0.073514	23	False
chr4	105237084	105237350	TET2_exon_3	-0.036413	0.055892	23	False
chr4	105241335	105241455	TET2_exon_4	-0.021303	0.080517	23	False
chr4	105242818	105242938	TET2_exon_5	0.001141	0.090984	23	False
chr4	105243568	105243777	TET2_exon_6	0.042657	0.054057	23	False
chr4	105259617	105259768	TET2_exon_7	-0.005764	0.049745	23	False
chr4	105261753	105261873	TET2_exon_8	0.007964	0.088150	23	False
chr4	105269608	105269746	TET2_exon_9	0.038289	0.069453	23	False
chr4	105272562	105272917	TET2_exon_10	-0.044820	0.059700	23	False
chr4	105275046	105275328	TET2_exon_11	0.065027	0.068055	23	False
chr4	105275328	105275611	TET2_exon_11	-0.038405	0.063138	23	False
chr4	105275611	105275893	TET2_exon_11	0.035813	0.090518	23	False
chr4	105275893	105276176	TET2_exon_11	0.016927	0.069233	23	False
chr4	105276176	105276459	TET2_exon_11	-0.012442	0.055437	23	False
chr4	105276459	105276741	TET2_exon_11	0.033497	0.077030	23	False
chr4	105276741	105277024	TET2_exon_11	-0.033494	0.167037	23	False
chr4	105277024	105277307	TET2_exon_11	0.072964	0.113513	23	False
chr4	105277424	105277662	TET2_exon_11	0.022552	0.058072	23	False
chr4	105277662	105277900	TET2_exon_11	0.012175	0.082490	23	False
chr4	105277900	105278139	TET2_exon_11	0.093136	0.102015	23	False
chr4	105278154	105278428	TET2_exon_11	0.145761	0.147801	23	False
chr4	105278428	105278703	TET2_exon_11	-0.049487	0.163837	23	False
chr4	105278703	105278978	TET2_exon_11	0.042790	0.087044	23	False
chr4	105278978	105279252	TET2_exon_11	0.034181	0.104368	23	False
chr4	105279252	105279527	TET2_exon_11	0.037668	0.079571	23	False
chr4	105279527	105279802	TET2_exon_11	-0.052433	0.108210	23	False
chr4	106463067	106463187	bb.chr4.106463067	-0.172162	0.644817	23	True
chr4	107552451	107552571	bb.chr4.107552451	0.003682	0.083009	23	False
chr4	108625801	108625921	bb.chr4.108625801	-0.005617	0.172970	23	False
chr4	109268495	109268615	bb.chr4.109268495	-0.132492	0.563017	23	True
chr4	109959148	109959268	bb.chr4.109959148	-0.016432	0.074246	23	False
chr4	110798192	110798312	bb.chr4.110798192	-0.006474	0.066406	23	False
chr4	112146976	112147096	bb.chr4.112146976	-0.048179	0.160124	23	False
chr4	112845262	112845382	bb.chr4.112845262	-0.113206	0.656129	23	True
chr4	113467890	113468010	bb.chr4.113467890	0.018078	0.142055	23	False
chr4	114534895	114535015	bb.chr4.114534895	0.013458	0.057327	23	False
chr4	116107360	116107480	bb.chr4.116107360	-0.012640	0.078807	23	False
chr4	116949076	116949196	bb.chr4.116949076	-0.009896	0.097443	23	False
chr4	118294352	118294472	bb.chr4.118294352	-0.029179	0.082028	23	False
chr4	119130731	119130851	bb.chr4.119130731	0.002821	0.074102	23	False
chr4	120174938	120175058	bb.chr4.120174938	-0.007068	0.121440	23	False
chr4	120936742	120936862	bb.chr4.120936742	0.024243	0.141704	23	False
chr4	122078746	122078866	bb.chr4.122078746	-0.012962	0.125018	23	False
chr4	123118108	123118228	bb.chr4.123118108	-0.125272	0.431310	23	True
chr4	123930295	123930415	bb.chr4.123930295	-0.033462	0.224377	23	False
chr4	124742727	124742847	bb.chr4.124742727	-0.041447	0.204419	23	False
chr4	127705835	127705955	bb.chr4.127705835	-0.028009	0.226962	23	False
chr4	128931940	128932060	bb.chr4.128931940	-0.125425	0.822664	23	True
chr4	129567863	129567983	bb.chr4.129567863	-0.006833	0.138697	23	False
chr4	130516541	130516661	bb.chr4.130516541	-0.035733	0.219352	23	False
chr4	131130383	131130503	bb.chr4.131130383	0.008935	0.175431	23	False
chr4	132523166	132523286	bb.chr4.132523166	0.021767	0.213561	23	False
chr4	133302754	133302874	bb.chr4.133302754	-0.027479	0.079247	23	False
chr4	133999778	133999898	bb.chr4.133999778	-2.750418	0.889550	5	True
chr4	135205008	135205128	bb.chr4.135205008	-0.058573	0.386386	23	True
chr4	136769291	136769411	bb.chr4.136769291	-0.059795	0.266785	23	False
chr4	138961674	138961794	bb.chr4.138961674	-0.030230	0.076394	23	False
chr4	139756890	139757010	bb.chr4.139756890	-0.006688	0.093322	23	False
chr4	140380036	140380156	bb.chr4.140380036	0.019219	0.106122	23	False
chr4	141061181	141061301	bb.chr4.141061181	0.001805	0.222220	23	False
chr4	142434029	142434149	bb.chr4.142434029	-0.026908	0.456870	23	True
chr4	143506407	143506527	bb.chr4.143506407	-0.223081	0.936495	23	True
chr4	144356903	144357023	bb.chr4.144356903	0.025643	0.138671	23	False
chr4	145042595	145042715	bb.chr4.145042595	-0.065671	0.476331	23	True
chr4	145888786	145888906	bb.chr4.145888786	-0.133445	0.353901	23	True
chr4	146745585	146745705	bb.chr4.146745585	-0.000961	0.133021	23	False
chr4	147557356	147557476	bb.chr4.147557356	-0.209305	0.760093	23	True
chr4	148362926	148363046	bb.chr4.148362926	-0.038159	0.143383	23	False
chr4	149146511	149146631	bb.chr4.149146511	0.007836	0.098368	23	False
chr4	150310159	150310279	bb.chr4.150310159	-0.053583	0.317752	23	True
chr4	151622571	151622691	bb.chr4.151622571	-0.006923	0.170239	23	False
chr4	152662544	152662664	bb.chr4.152662544	0.020802	0.096468	23	False
chr4	153502913	153503033	bb.chr4.153502913	-0.007579	0.125989	23	False
chr4	155075215	155075335	bb.chr4.155075215	-0.058559	0.354225	23	True
chr4	156689980	156690100	bb.chr4.156689980	-0.019529	0.203038	23	False
chr4	158965460	158965580	bb.chr4.158965460	0.075465	0.139364	23	False
chr4	159948493	159948613	bb.chr4.159948493	0.006064	0.229083	23	False
chr4	160711735	160711855	bb.chr4.160711735	-0.168722	0.750522	23	True
chr4	161512099	161512219	bb.chr4.161512099	-0.156246	0.687337	23	True
chr4	162322032	162322152	bb.chr4.162322032	-0.039251	0.266314	23	False
chr4	163128667	163128893	NAF1_exon_8	0.034520	0.153547	23	False
chr4	163128893	163129120	NAF1_exon_8	0.024713	0.163208	23	False
chr4	163129120	163129347	NAF1_exon_8	0.064574	0.110894	23	False
chr4	163133145	163133265	NAF1_exon_7	0.046554	0.064808	23	False
chr4	163137154	163137274	NAF1_exon_6	-0.018610	0.071964	23	False
chr4	163140221	163140382	NAF1_exon_5	-0.050315	0.134779	23	False
chr4	163145747	163145867	NAF1_exon_4	-0.000837	0.125873	23	False
chr4	163148325	163148445	NAF1_exon_3	-0.008080	0.132264	23	False
chr4	163164215	163164390	NAF1_exon_2	-0.113548	0.109410	23	False
chr4	163166361	163166625	NAF1_exon_1	-0.006251	0.083498	23	False
chr4	163166625	163166889	NAF1_exon_1	0.016750	0.061736	23	False
chr4	163403870	163403990	bb.chr4.163403870	-0.250277	0.861244	23	True
chr4	164189322	164189442	bb.chr4.164189322	0.101953	0.060326	23	False
chr4	165061345	165061465	bb.chr4.165061345	-0.004927	0.121237	23	False
chr4	165842831	165842951	bb.chr4.165842831	0.002779	0.132651	23	False
chr4	166485885	166486005	bb.chr4.166485885	-0.061332	0.288143	23	False
chr4	167118805	167118925	bb.chr4.167118805	-0.022784	0.170110	23	False
chr4	168769603	168769723	bb.chr4.168769603	-0.019870	0.121854	23	False
chr4	170405970	170406090	bb.chr4.170405970	-0.089007	0.514401	23	True
chr4	171118276	171118396	bb.chr4.171118276	-0.057663	0.319233	23	True
chr4	172586415	172586535	bb.chr4.172586415	-0.015015	0.163397	23	False
chr4	173421356	173421476	bb.chr4.173421356	0.154190	0.388281	23	True
chr4	175015470	175015590	bb.chr4.175015470	-0.021059	0.249272	23	False
chr4	176544267	176544387	bb.chr4.176544267	-0.474783	1.407566	23	True
chr4	177351896	177352016	bb.chr4.177351896	0.021002	0.223770	23	False
chr4	178438017	178438137	bb.chr4.178438017	-0.200977	0.852973	23	True
chr4	179793797	179793917	bb.chr4.179793797	-0.003128	0.092359	23	False
chr4	180865481	180865601	bb.chr4.180865481	-0.133522	0.509744	23	True
chr4	181660473	181660593	bb.chr4.181660473	-0.024144	0.202965	23	False
chr4	182444454	182444574	bb.chr4.182444454	0.005589	0.266711	23	False
chr4	183532981	183533101	bb.chr4.183532981	0.004247	0.094685	23	False
chr4	184344188	184344308	bb.chr4.184344188	0.029414	0.125939	23	False
chr4	185162406	185162526	bb.chr4.185162406	-0.010443	0.354079	23	True
chr4	186228326	186228446	bb.chr4.186228326	0.004181	0.105929	23	False
chr4	187292489	187292609	bb.chr4.187292489	0.031589	0.208533	23	False
chr4	187934119	187934239	bb.chr4.187934119	0.014416	0.096944	23	False
chr4	188644380	188644500	bb.chr4.188644380	-0.008948	0.187018	23	False
chr4	189446440	189446560	bb.chr4.189446440	-0.028665	0.228128	23	False
chr5	202107	202227	bb.chr5.202107	0.008133	0.107808	23	False
chr5	1076346	1076466	bb.chr5.1076346	0.006973	0.128595	23	False
chr5	1882212	1882332	bb.chr5.1882212	0.088493	0.140477	23	False
chr5	2693894	2694014	bb.chr5.2693894	-0.000202	0.134939	23	False
chr5	3488288	3488408	bb.chr5.3488288	0.015412	0.077400	23	False
chr5	4297857	4297977	bb.chr5.4297857	0.036346	0.739480	23	True
chr5	4949111	4949231	bb.chr5.4949111	-0.050382	0.326966	23	True
chr5	5910365	5910485	bb.chr5.5910365	0.022498	0.083468	23	False
chr5	6989560	6989680	bb.chr5.6989560	-0.093736	0.548507	23	True
chr5	9401891	9402011	bb.chr5.9401891	-0.034042	0.133928	23	False
chr5	10150761	10150881	bb.chr5.10150761	-0.023183	0.066718	23	False
chr5	10964499	10964619	bb.chr5.10964499	-0.246206	1.085686	23	True
chr5	11869966	11870086	bb.chr5.11869966	-0.010406	0.093498	23	False
chr5	12551597	12551717	bb.chr5.12551597	-1.911528	0.635218	5	True
chr5	13185593	13185713	bb.chr5.13185593	-0.030836	0.446359	23	True
chr5	13986934	13987054	bb.chr5.13986934	0.012159	0.072118	23	False
chr5	14779993	14780113	bb.chr5.14779993	0.009391	0.111536	23	False
chr5	15850249	15850369	bb.chr5.15850249	-0.013467	0.145191	23	False
chr5	16924362	16924482	bb.chr5.16924362	-0.020519	0.081538	23	False
chr5	18329869	18329989	bb.chr5.18329869	-0.044974	0.380963	23	True
chr5	19373164	19373284	bb.chr5.19373164	-0.450888	1.478210	23	True
chr5	20613663	20613783	bb.chr5.20613663	-0.747264	1.745819	13	True
chr5	22005516	22005636	bb.chr5.22005516	0.007781	0.122333	23	False
chr5	23620841	23620961	bb.chr5.23620841	-0.013907	0.230944	23	False
chr5	24512464	24512584	bb.chr5.24512464	-0.045681	0.082541	23	False
chr5	25247051	25247171	bb.chr5.25247051	0.073207	0.093710	23	False
chr5	26028220	26028340	bb.chr5.26028220	-0.497098	1.293485	23	True
chr5	26861935	26862055	bb.chr5.26861935	-0.051604	0.204437	23	False
chr5	28210308	28210428	bb.chr5.28210308	0.009033	0.267758	23	False
chr5	28933853	28933973	bb.chr5.28933853	-0.144871	0.666079	23	True
chr5	29582964	29583084	bb.chr5.29582964	-0.165293	0.790587	23	True
chr5	30895656	30895776	bb.chr5.30895656	-0.120780	0.897032	23	True
chr5	31951795	31951915	bb.chr5.31951795	-0.035473	0.162815	23	False
chr5	32831773	32831893	bb.chr5.32831773	-0.011937	0.093147	23	False
chr5	33581465	33581585	bb.chr5.33581465	0.001560	0.079419	23	False
chr5	34861451	34861571	bb.chr5.34861451	-0.029568	0.125291	23	False
chr5	35856889	35857058	IL7R_exon_1	-0.077054	0.081044	23	False
chr5	35860850	35860989	IL7R_exon_2	0.034388	0.080970	23	False
chr5	35867304	35867462	IL7R_exon_3	-0.011875	0.079293	23	False
chr5	35871054	35871212	IL7R_exon_4	-0.030916	0.071201	23	False
chr5	35873478	35873647	IL7R_exon_5	-0.074554	0.059607	23	False
chr5	35874434	35874554	IL7R_exon_6	0.124615	0.093830	23	False
chr5	35875468	35875588	IL7R_exon_7	-0.047023	0.076154	23	False
chr5	35875981	35876239	IL7R_exon_8	0.067348	0.075771	23	False
chr5	35876239	35876498	IL7R_exon_8	-0.072592	0.055788	23	False
chr5	35876498	35876756	IL7R_exon_8	0.004837	0.063552	23	False
chr5	35876756	35877015	IL7R_exon_8	0.020957	0.064058	23	False
chr5	35877015	35877274	IL7R_exon_8	-0.046817	0.043257	23	False
chr5	35877274	35877532	IL7R_exon_8	0.034481	0.074981	23	False
chr5	35877532	35877791	IL7R_exon_8	-0.061098	0.078011	23	False
chr5	35877791	35878050	IL7R_exon_8	-0.011206	0.060125	23	False
chr5	35878050	35878308	IL7R_exon_8	0.032937	0.096377	23	False
chr5	35878308	35878567	IL7R_exon_8	0.037001	0.119501	23	False
chr5	35878567	35878826	IL7R_exon_8	0.031544	0.097311	23	False
chr5	35878826	35879084	IL7R_exon_8	-0.014632	0.178393	23	False
chr5	35879084	35879343	IL7R_exon_8	0.014824	0.075679	23	False
chr5	35879343	35879602	IL7R_exon_8	0.062599	0.088053	23	False
chr5	36049886	36050006	bb.chr5.36049886	0.011682	0.231223	23	False
chr5	36819233	36819353	bb.chr5.36819233	-0.073555	0.348831	23	True
chr5	37612184	37612304	bb.chr5.37612184	-1.255253	1.858260	17	True
chr5	38264573	38264693	bb.chr5.38264573	-0.011505	0.074920	23	False
chr5	39259281	39259401	bb.chr5.39259281	0.007447	0.083867	23	False
chr5	40286491	40286611	bb.chr5.40286491	0.014755	0.298423	23	False
chr5	40916503	40916623	bb.chr5.40916503	-0.011106	0.139846	23	False
chr5	44048729	44048849	bb.chr5.44048729	-0.026654	0.122227	23	False
chr5	44865824	44865944	bb.chr5.44865824	-0.563802	1.330502	23	True
chr5	45690025	45690145	bb.chr5.45690025	0.020720	0.194418	23	False
chr5	51158838	51158958	bb.chr5.51158838	-0.022171	0.291666	23	False
chr5	52282169	52282289	bb.chr5.52282169	-0.000259	0.114363	23	False
chr5	53087942	53088062	bb.chr5.53087942	-0.028746	0.058963	23	False
chr5	54437326	54437446	bb.chr5.54437326	-0.011037	0.095758	23	False
chr5	55247942	55248062	bb.chr5.55247942	-0.016764	0.055799	23	False
chr5	56149242	56149362	bb.chr5.56149242	0.091445	0.152933	23	False
chr5	57028487	57028607	bb.chr5.57028487	0.022063	0.075844	23	False
chr5	57653372	57653492	bb.chr5.57653372	-0.092053	0.304821	23	True
chr5	58454463	58454583	bb.chr5.58454463	-0.018612	0.085777	23	False
chr5	59586445	59586565	bb.chr5.59586445	-0.040994	0.200658	23	False
chr5	60631024	60631144	bb.chr5.60631024	-0.018889	0.083927	23	False
chr5	61969996	61970116	bb.chr5.61969996	0.000559	0.266119	23	False
chr5	62769426	62769546	bb.chr5.62769426	-0.009402	0.095557	23	False
chr5	64568878	64568998	bb.chr5.64568878	0.016305	0.112730	23	False
chr5	65192593	65192713	bb.chr5.65192593	-0.200540	0.596877	23	True
chr5	65907911	65908031	bb.chr5.65907911	0.029796	0.132980	23	False
chr5	66533979	66534099	bb.chr5.66533979	-0.085703	0.756629	23	True
chr5	67478904	67479024	bb.chr5.67478904	-0.079695	0.366868	23	True
chr5	68365000	68365120	bb.chr5.68365000	-0.012491	0.205330	23	False
chr5	71456881	71457001	bb.chr5.71456881	-0.012535	0.214936	23	False
chr5	72150104	72150224	bb.chr5.72150104	-0.061793	0.319742	23	True
chr5	73152457	73152577	bb.chr5.73152457	0.009874	0.106750	23	False
chr5	73776067	73776187	bb.chr5.73776067	0.006936	0.092357	23	False
chr5	74588002	74588122	bb.chr5.74588002	0.005009	0.109036	23	False
chr5	75656976	75657096	bb.chr5.75656976	-0.020324	0.069868	23	False
chr5	76485405	76485525	bb.chr5.76485405	-0.026311	0.321527	23	True
chr5	77275333	77275453	bb.chr5.77275333	-0.056174	0.353559	23	True
chr5	77981217	77981337	bb.chr5.77981217	0.114186	0.105616	23	False
chr5	78885967	78886087	bb.chr5.78885967	0.002485	0.106348	23	False
chr5	79713636	79713756	bb.chr5.79713636	-0.032091	0.138301	23	False
chr5	80514046	80514166	bb.chr5.80514046	-0.214633	0.771561	23	True
chr5	81857034	81857154	bb.chr5.81857034	0.020637	0.110254	23	False
chr5	82909973	82910093	bb.chr5.82909973	-0.014672	0.116232	23	False
chr5	83965059	83965179	bb.chr5.83965059	-0.038200	0.454978	23	True
chr5	85329923	85330043	bb.chr5.85329923	-0.013762	0.199414	23	False
chr5	86133237	86133357	bb.chr5.86133237	0.000910	0.081785	23	False
chr5	87276247	87276367	bb.chr5.87276247	0.081421	0.436037	23	True
chr5	88839585	88839705	bb.chr5.88839585	-0.005616	0.182459	23	False
chr5	89673255	89673375	bb.chr5.89673255	-0.042130	0.150846	23	False
chr5	90441310	90441430	bb.chr5.90441310	-0.038906	0.236166	23	False
chr5	91323338	91323458	bb.chr5.91323338	0.025574	0.177164	23	False
chr5	92104294	92104414	bb.chr5.92104294	-0.042501	0.242978	23	False
chr5	92865313	92865433	bb.chr5.92865313	-0.021136	0.073163	23	False
chr5	93682182	93682302	bb.chr5.93682182	-0.016074	0.408980	23	True
chr5	94390056	94390176	bb.chr5.94390056	-0.015740	0.175665	23	False
chr5	95241597	95241717	bb.chr5.95241597	-0.080344	0.302366	23	True
chr5	96064643	96064763	bb.chr5.96064643	0.027603	0.216739	23	False
chr5	97117541	97117661	bb.chr5.97117541	-0.031992	0.187147	23	False
chr5	98134198	98134318	bb.chr5.98134198	-0.416853	1.167589	23	True
chr5	98781701	98781821	bb.chr5.98781701	-0.081804	0.354251	23	True
chr5	99975166	99975286	bb.chr5.99975166	-0.271667	0.704759	23	True
chr5	101240788	101240908	bb.chr5.101240788	-0.018455	0.215581	23	False
chr5	101997083	101997203	bb.chr5.101997083	-0.147027	0.511683	23	True
chr5	105770297	105770417	bb.chr5.105770297	0.002443	0.185716	23	False
chr5	107316106	107316226	bb.chr5.107316106	-0.035686	0.138849	23	False
chr5	109204797	109204917	bb.chr5.109204797	0.004062	0.157254	23	False
chr5	110016519	110016639	bb.chr5.110016519	-0.007972	0.090696	23	False
chr5	111081744	111081864	bb.chr5.111081744	-0.045845	0.160189	23	False
chr5	112689068	112689188	bb.chr5.112689068	0.000880	0.176666	23	False
chr5	113791140	113791260	bb.chr5.113791140	-0.010666	0.113210	23	False
chr5	114460605	114460725	bb.chr5.114460605	0.008878	0.107515	23	False
chr5	115402372	115402492	bb.chr5.115402372	0.129341	0.061710	23	False
chr5	116052787	116052907	bb.chr5.116052787	-0.063259	0.346694	23	True
chr5	116993464	116993584	bb.chr5.116993464	-0.005571	0.211095	23	False
chr5	117919233	117919353	bb.chr5.117919233	-0.015656	0.114854	23	False
chr5	119410255	119410375	bb.chr5.119410255	-0.007904	0.084121	23	False
chr5	120198429	120198549	bb.chr5.120198429	-0.069316	0.316281	23	True
chr5	120910810	120910930	bb.chr5.120910810	-0.006853	0.159325	23	False
chr5	122415469	122415589	bb.chr5.122415469	-0.031391	0.163392	23	False
chr5	123173895	123174015	bb.chr5.123173895	-0.019381	0.166103	23	False
chr5	124013363	124013483	bb.chr5.124013363	-0.049257	0.233953	23	False
chr5	124781799	124781919	bb.chr5.124781799	-0.157664	0.470562	23	True
chr5	126426697	126426817	bb.chr5.126426697	0.016326	0.190655	23	False
chr5	127486195	127486315	bb.chr5.127486195	-0.015439	0.088703	23	False
chr5	128186401	128186521	bb.chr5.128186401	-0.001554	0.146605	23	False
chr5	128854177	128854297	bb.chr5.128854177	-0.683397	1.703136	20	True
chr5	129623189	129623309	bb.chr5.129623189	-0.045753	0.216073	23	False
chr5	130599890	130600010	bb.chr5.130599890	-0.368226	1.415690	23	True
chr5	131771628	131771748	bb.chr5.131771628	-0.007575	0.128773	23	False
chr5	132481607	132481836	IRF1_exon_10	0.067528	0.084628	23	False
chr5	132481836	132482065	IRF1_exon_10	0.062165	0.069463	23	False
chr5	132482914	132483204	IRF1_exon_10	0.085768	0.085344	23	False
chr5	132483204	132483494	IRF1_exon_10	0.002370	0.092159	23	False
chr5	132483494	132483784	IRF1_exon_10	0.013955	0.080914	23	False
chr5	132483784	132484074	IRF1_exon_10	0.099524	0.068161	23	False
chr5	132484360	132484496	IRF1_exon_9	0.026945	0.095387	23	False
chr5	132485624	132485744	IRF1_exon_8	0.019485	0.122464	23	False
chr5	132486250	132486370	IRF1_exon_7	0.021351	0.110914	23	False
chr5	132486560	132486680	IRF1_exon_6	0.020889	0.076101	23	False
chr5	132486728	132486848	IRF1_exon_5	0.018384	0.072187	23	False
chr5	132486952	132487129	IRF1_exon_4	0.043194	0.071162	23	False
chr5	132487923	132488043	IRF1_exon_3	-0.020624	0.133007	23	False
chr5	132489384	132489504	IRF1_exon_2	-0.011782	0.097214	23	False
chr5	132490543	132490772	IRF1_exon_1	0.069912	0.095226	23	False
chr5	133399470	133399590	bb.chr5.133399470	0.017599	0.104653	23	False
chr5	134060069	134060189	bb.chr5.134060069	0.039624	0.103130	23	False
chr5	135008049	135008169	bb.chr5.135008049	-0.012612	0.111537	23	False
chr5	136638808	136638928	bb.chr5.136638808	0.000895	0.085635	23	False
chr5	137662433	137662553	bb.chr5.137662433	-0.064236	0.096574	23	False
chr5	138393025	138393145	bb.chr5.138393025	-0.023799	0.075901	23	False
chr5	139471260	139471380	bb.chr5.139471260	0.031718	0.148984	23	False
chr5	140322275	140322395	bb.chr5.140322275	-0.022099	0.081267	23	False
chr5	142628900	142629020	bb.chr5.142628900	0.021173	0.089590	23	False
chr5	143793180	143793300	bb.chr5.143793180	-0.004024	0.124373	23	False
chr5	144458967	144459087	bb.chr5.144458967	-0.015420	0.130184	23	False
chr5	145225608	145225728	bb.chr5.145225608	-0.041634	0.073662	23	False
chr5	145942448	145942568	bb.chr5.145942448	0.060643	0.067245	23	False
chr5	146878973	146879093	bb.chr5.146878973	-0.028114	0.065913	23	False
chr5	147847360	147847480	bb.chr5.147847360	-0.020764	0.100158	23	False
chr5	148487856	148487976	bb.chr5.148487856	-0.582187	1.602249	23	True
chr5	149492966	149493086	CSNK1A1_exon_10	-0.037979	0.062529	23	False
chr5	149493338	149493608	CSNK1A1_exon_10	-0.048577	0.080551	23	False
chr5	149493608	149493879	CSNK1A1_exon_10	0.043986	0.057381	23	False
chr5	149493879	149494150	CSNK1A1_exon_10	-0.025807	0.085416	23	False
chr5	149494150	149494421	CSNK1A1_exon_10	0.024527	0.119454	23	False
chr5	149494421	149494692	CSNK1A1_exon_10	0.005129	0.063124	23	False
chr5	149494692	149494963	CSNK1A1_exon_10	0.013783	0.057661	23	False
chr5	149494963	149495233	CSNK1A1_exon_10	0.028301	0.088457	23	False
chr5	149495233	149495504	CSNK1A1_exon_10	-0.000059	0.137560	23	False
chr5	149495504	149495775	CSNK1A1_exon_10	0.036391	0.085180	23	False
chr5	149495775	149496046	CSNK1A1_exon_10	-0.030194	0.182880	23	False
chr5	149496046	149496317	CSNK1A1_exon_10	0.001769	0.142872	23	False
chr5	149496317	149496588	CSNK1A1_exon_10	0.015377	0.079675	23	False
chr5	149496588	149496859	CSNK1A1_exon_10	-0.042346	0.056975	23	False
chr5	149505445	149505594	CSNK1A1_exon_9	-0.008428	0.052971	23	False
chr5	149507018	149507138	CSNK1A1_exon_8	-0.000022	0.078136	23	False
chr5	149509877	149509997	CSNK1A1_exon_7	0.019310	0.122537	23	False
chr5	149511770	149511890	CSNK1A1_exon_6	-0.012104	0.103988	23	False
chr5	149513068	149513208	CSNK1A1_exon_5	0.013179	0.045561	23	False
chr5	149520274	149520394	CSNK1A1_exon_4	-0.032260	0.161703	23	False
chr5	149525046	149525166	CSNK1A1_exon_3	0.010093	0.102606	23	False
chr5	149550066	149550186	CSNK1A1_exon_2	0.009432	0.081044	23	False
chr5	149550840	149551139	CSNK1A1_exon_1	-0.007795	0.053553	23	False
chr5	149551139	149551438	CSNK1A1_exon_1	-0.010472	0.091912	23	False
chr5	149732543	149732663	bb.chr5.149732543	-0.011491	0.066017	23	False
chr5	150053293	150053603	CSF1R_exon_21	0.041716	0.084536	23	False
chr5	150053603	150053913	CSF1R_exon_21	0.013609	0.116978	23	False
chr5	150053913	150054223	CSF1R_exon_21	0.144034	0.089726	23	False
chr5	150054314	150054434	CSF1R_exon_20	0.069226	0.117079	23	False
chr5	150055225	150055345	CSF1R_exon_19	-0.032215	0.083862	23	False
chr5	150056020	150056140	CSF1R_exon_18	0.044277	0.061167	23	False
chr5	150056218	150056338	CSF1R_exon_17	0.053292	0.053048	23	False
chr5	150057275	150057395	CSF1R_exon_16	0.016888	0.072494	23	False
chr5	150057491	150057611	CSF1R_exon_15	0.024209	0.091924	23	False
chr5	150059698	150059861	CSF1R_exon_14	-0.051081	0.064105	23	False
chr5	150060855	150060975	CSF1R_exon_13	0.025712	0.116172	23	False
chr5	150061481	150061601	CSF1R_exon_12	-0.138877	0.139822	23	False
chr5	150061724	150061844	CSF1R_exon_11	-0.119279	0.082001	23	False
chr5	150068211	150068331	CSF1R_exon_10	-0.027751	0.122266	23	False
chr5	150069871	150070062	CSF1R_exon_9	0.058524	0.065413	23	False
chr5	150070180	150070300	CSF1R_exon_8	0.043747	0.084630	23	False
chr5	150070452	150070572	CSF1R_exon_7	-0.028160	0.074945	23	False
chr5	150073299	150073492	CSF1R_exon_6	-0.132254	0.051798	23	False
chr5	150077274	150077434	CSF1R_exon_5	-0.026299	0.075400	23	False
chr5	150078110	150078247	CSF1R_exon_4	0.037244	0.067790	23	False
chr5	150080050	150080335	CSF1R_exon_3	0.022129	0.057046	23	False
chr5	150080765	150081023	CSF1R_exon_2	0.050790	0.045581	23	False
chr5	150086377	150086553	CSF1R_exon_1	-0.101815	0.063021	23	False
chr5	150520270	150520390	bb.chr5.150520270	-0.005838	0.114663	23	False
chr5	151640700	151640820	bb.chr5.151640700	-0.030457	0.070482	23	False
chr5	152431486	152431606	bb.chr5.152431486	-0.005390	0.173809	23	False
chr5	153123240	153123360	bb.chr5.153123240	-0.044897	0.323203	23	True
chr5	153739028	153739148	bb.chr5.153739028	-0.033510	0.148878	23	False
chr5	154559955	154560075	bb.chr5.154559955	-0.022366	0.093972	23	False
chr5	155593511	155593631	bb.chr5.155593511	-0.032656	0.288315	23	False
chr5	156388564	156388684	bb.chr5.156388564	0.009857	0.096719	23	False
chr5	157045992	157046112	bb.chr5.157045992	0.002019	0.137762	23	False
chr5	157751151	157751271	bb.chr5.157751151	0.003165	0.114960	23	False
chr5	158374228	158374348	bb.chr5.158374228	-0.041513	0.097095	23	False
chr5	159115697	159115817	bb.chr5.159115697	-0.012281	0.120427	23	False
chr5	159739549	159739669	bb.chr5.159739549	-0.005278	0.135581	23	False
chr5	160434274	160434394	bb.chr5.160434274	-0.006014	0.097323	23	False
chr5	161821467	161821587	bb.chr5.161821467	-0.011347	0.185733	23	False
chr5	162571750	162571870	bb.chr5.162571750	-0.113234	0.536366	23	True
chr5	163244640	163244760	bb.chr5.163244640	-0.026226	0.653562	23	True
chr5	164743663	164743783	bb.chr5.164743663	-0.013874	0.111780	23	False
chr5	165551564	165551684	bb.chr5.165551564	-0.115620	0.598997	23	True
chr5	166325185	166325305	bb.chr5.166325185	-0.017056	0.223884	23	False
chr5	167097961	167098081	bb.chr5.167097961	-0.295380	0.813579	23	True
chr5	167947123	167947243	bb.chr5.167947123	-0.034497	0.066041	23	False
chr5	168756638	168756758	bb.chr5.168756638	0.001098	0.081399	23	False
chr5	169911260	169911380	bb.chr5.169911260	-0.004829	0.071330	23	False
chr5	170788426	170788546	bb.chr5.170788426	0.008699	0.081812	23	False
chr5	171387847	171388005	NPM1_exon_1	-0.009753	0.084230	23	False
chr5	171390015	171390135	NPM1_exon_2	0.011869	0.097444	23	False
chr5	171391303	171391423	NPM1_exon_3	-0.008694	0.076879	23	False
chr5	171391680	171391800	NPM1_exon_4	0.002626	0.081037	23	False
chr5	171392701	171392821	NPM1_exon_5	0.006832	0.100122	23	False
chr5	171392864	171392984	NPM1_exon_6	0.006895	0.167181	23	False
chr5	171400118	171400238	NPM1_exon_7	-0.020588	0.079926	23	False
chr5	171400834	171400954	NPM1_exon_8	0.006288	0.083260	23	False
chr5	171405298	171405418	NPM1_exon_9	0.000008	0.128514	23	False
chr5	171407675	171407795	NPM1_exon_10	0.005040	0.072653	23	False
chr5	171410511	171410631	NPM1_exon_11	0.063114	0.234517	23	False
chr5	171410711	171410899	NPM1_exon_11	0.002258	0.098889	23	False
chr5	171442518	171442638	bb.chr5.171442518	-0.021958	0.087922	23	False
chr5	172235139	172235259	bb.chr5.172235139	0.006632	0.160780	23	False
chr5	172994697	172994817	bb.chr5.172994697	0.017595	0.167069	23	False
chr5	174192557	174192677	bb.chr5.174192557	0.002136	0.112023	23	False
chr5	175202564	175202684	bb.chr5.175202564	0.008061	0.085207	23	False
chr5	176260553	176260673	bb.chr5.176260553	0.006781	0.320497	23	True
chr5	176861761	176861881	bb.chr5.176861761	-0.007275	0.134175	23	False
chr5	177511575	177511926	DDX41_exon_17	-0.031120	0.036360	23	False
chr5	177512089	177512209	DDX41_exon_16	-0.012974	0.133088	23	False
chr5	177512296	177512416	DDX41_exon_15	-0.007598	0.098585	23	False
chr5	177512494	177512644	DDX41_exon_14	-0.005383	0.058104	23	False
chr5	177512775	177512895	DDX41_exon_13	0.003088	0.130001	23	False
chr5	177513001	177513121	DDX41_exon_12	0.009616	0.099821	23	False
chr5	177513351	177513483	DDX41_exon_11	-0.007486	0.073072	23	False
chr5	177513683	177513846	DDX41_exon_10	-0.091587	0.080409	23	False
chr5	177514699	177514836	DDX41_exon_9	0.060959	0.086515	23	False
chr5	177514914	177515068	DDX41_exon_8	-0.055597	0.075712	23	False
chr5	177515183	177515303	DDX41_exon_7	-0.107941	0.080276	23	False
chr5	177515683	177515820	DDX41_exon_6	0.040788	0.053069	23	False
chr5	177515898	177516018	DDX41_exon_5	-0.046306	0.072379	23	False
chr5	177516106	177516226	DDX41_exon_4	0.038156	0.065142	23	False
chr5	177516286	177516446	DDX41_exon_3	0.033035	0.053451	23	False
chr5	177516718	177516838	DDX41_exon_2	0.060948	0.100978	23	False
chr5	177516907	177517027	DDX41_exon_1	0.045612	0.049514	23	False
chr5	177630376	177630496	bb.chr5.177630376	-0.004483	0.167535	23	False
chr5	178387721	178387841	bb.chr5.178387721	0.016743	0.140509	23	False
chr5	179218249	179218369	bb.chr5.179218249	0.005468	0.092381	23	False
chr5	179818689	179818809	bb.chr5.179818689	-0.019544	0.101819	23	False
chr5	181108560	181108680	bb.chr5.181108560	-0.016731	0.106479	23	False
chr6	500896	501016	bb.chr6.500896	-0.038048	0.247170	23	False
chr6	1426453	1426573	bb.chr6.1426453	-0.007623	0.081507	23	False
chr6	2097392	2097512	bb.chr6.2097392	0.038892	0.118413	23	False
chr6	2841262	2841382	bb.chr6.2841262	0.020409	0.092163	23	False
chr6	3572254	3572374	bb.chr6.3572254	-0.018340	0.094326	23	False
chr6	4518002	4518122	bb.chr6.4518002	-0.067783	0.471415	23	True
chr6	5177691	5177811	bb.chr6.5177691	0.021844	0.123650	23	False
chr6	5946846	5946966	bb.chr6.5946846	-0.028422	0.092096	23	False
chr6	6637568	6637688	bb.chr6.6637568	-0.002429	0.084968	23	False
chr6	7355177	7355297	bb.chr6.7355177	-0.233149	1.157805	23	True
chr6	8083685	8083805	bb.chr6.8083685	-0.006395	0.188359	23	False
chr6	8787237	8787357	bb.chr6.8787237	-0.248599	0.812525	23	True
chr6	9518995	9519115	bb.chr6.9518995	-0.030128	0.228414	23	False
chr6	10223334	10223454	bb.chr6.10223334	-0.021973	0.072333	23	False
chr6	10923229	10923349	bb.chr6.10923229	0.008352	0.109760	23	False
chr6	11617874	11617994	bb.chr6.11617874	-0.016090	0.229932	23	False
chr6	12514677	12514797	bb.chr6.12514677	-0.026408	0.354445	23	True
chr6	13139053	13139173	bb.chr6.13139053	-0.002976	0.149707	23	False
chr6	14668376	14668496	bb.chr6.14668376	0.001242	0.067594	23	False
chr6	15414484	15414604	bb.chr6.15414484	-0.032383	0.350969	23	True
chr6	16399266	16399386	bb.chr6.16399266	-0.021958	0.138243	23	False
chr6	17295881	17296001	bb.chr6.17295881	-0.031768	0.140054	23	False
chr6	18023287	18023407	bb.chr6.18023287	-0.054165	0.332999	23	True
chr6	18975256	18975376	bb.chr6.18975256	-0.023627	0.129897	23	False
chr6	19670695	19670815	bb.chr6.19670695	-0.011724	0.078053	23	False
chr6	20396136	20396256	bb.chr6.20396136	-0.215230	0.728986	23	True
chr6	21103377	21103497	bb.chr6.21103377	0.092286	0.392018	23	True
chr6	21808315	21808435	bb.chr6.21808315	-0.020425	0.074513	23	False
chr6	22541500	22541620	bb.chr6.22541500	0.015572	0.128793	23	False
chr6	23492787	23492907	bb.chr6.23492787	-0.009270	0.103402	23	False
chr6	24112249	24112369	bb.chr6.24112249	-0.003228	0.091835	23	False
chr6	25395684	25395804	bb.chr6.25395684	0.001207	0.115423	23	False
chr6	26091048	26091168	bb.chr6.26091048	-0.005180	0.073469	23	False
chr6	27344239	27344359	bb.chr6.27344239	0.131732	0.099910	23	False
chr6	28443466	28443586	bb.chr6.28443466	-0.029179	0.081401	23	False
chr6	33673542	33673662	bb.chr6.33673542	0.080550	0.101700	23	False
chr6	34833351	34833471	bb.chr6.34833351	-0.014739	0.167629	23	False
chr6	35611165	35611285	bb.chr6.35611165	0.013053	0.215399	23	False
chr6	36321308	36321428	bb.chr6.36321308	-0.009378	0.100315	23	False
chr6	37761909	37762029	bb.chr6.37761909	0.103578	0.109129	23	False
chr6	38428296	38428416	bb.chr6.38428296	0.002438	0.115810	23	False
chr6	39375945	39376065	bb.chr6.39375945	-0.050998	0.064344	23	False
chr6	40383136	40383256	bb.chr6.40383136	-0.030203	0.118506	23	False
chr6	41308046	41308166	bb.chr6.41308046	-0.024823	0.091776	23	False
chr6	41934950	41935239	CCND3_exon_5	0.077247	0.055829	23	False
chr6	41935239	41935528	CCND3_exon_5	-0.023561	0.072288	23	False
chr6	41935528	41935817	CCND3_exon_5	-0.060279	0.112059	23	False
chr6	41935817	41936106	CCND3_exon_5	0.080785	0.095795	23	False
chr6	41936557	41936694	CCND3_exon_4	0.045226	0.085524	23	False
chr6	41937233	41937393	CCND3_exon_3	-0.041053	0.053196	23	False
chr6	41940368	41940584	CCND3_exon_2	0.046568	0.079339	23	False
chr6	41941450	41941807	CCND3_exon_1	-0.046265	0.121108	23	False
chr6	42509008	42509128	bb.chr6.42509008	-0.017878	0.099304	23	False
chr6	43428527	43428647	bb.chr6.43428527	0.013695	0.108759	23	False
chr6	44154619	44154739	bb.chr6.44154619	-0.014095	0.126021	23	False
chr6	44805465	44805585	bb.chr6.44805465	-0.084355	0.393458	23	True
chr6	45556150	45556270	bb.chr6.45556150	0.020592	0.100378	23	False
chr6	46708222	46708342	bb.chr6.46708222	-0.052747	0.369100	23	True
chr6	47476344	47476464	bb.chr6.47476344	-0.021764	0.079344	23	False
chr6	49369465	49369585	bb.chr6.49369465	0.106983	0.197534	23	False
chr6	50113529	50113649	bb.chr6.50113529	-0.036905	0.095983	23	False
chr6	51619103	51619223	bb.chr6.51619103	0.017118	0.087502	23	False
chr6	52566427	52566547	bb.chr6.52566427	0.021453	0.096828	23	False
chr6	53273345	53273465	bb.chr6.53273345	-0.026793	0.204717	23	False
chr6	53982814	53982934	bb.chr6.53982814	-0.013125	0.122950	23	False
chr6	54687001	54687121	bb.chr6.54687001	-0.016634	0.241515	23	False
chr6	55677577	55677697	bb.chr6.55677577	-0.054007	0.421193	23	True
chr6	56426015	56426135	bb.chr6.56426015	0.000604	0.107609	23	False
chr6	58275628	58275748	bb.chr6.58275628	-0.019979	0.088302	23	False
chr6	60720331	60720451	bb.chr6.60720331	-0.030347	0.183744	23	False
chr6	61920898	61921018	bb.chr6.61920898	-0.066526	0.263919	23	False
chr6	62833573	62833693	bb.chr6.62833573	-0.040366	0.172344	23	False
chr6	63574309	63574429	bb.chr6.63574309	0.023578	0.158384	23	False
chr6	64800120	64800240	bb.chr6.64800120	-0.027649	0.131418	23	False
chr6	65476176	65476296	bb.chr6.65476176	-0.046171	0.195217	23	False
chr6	66429927	66430047	bb.chr6.66429927	-0.095382	0.348473	23	True
chr6	68487298	68487418	bb.chr6.68487298	-0.193600	1.071289	23	True
chr6	69398463	69398583	bb.chr6.69398463	-0.030700	0.107596	23	False
chr6	70371613	70371733	bb.chr6.70371613	-0.019606	0.104057	23	False
chr6	71105114	71105234	bb.chr6.71105114	0.171581	0.096275	23	False
chr6	71875703	71875823	bb.chr6.71875703	0.003936	0.201899	23	False
chr6	72639826	72639946	bb.chr6.72639826	-0.015474	0.139664	23	False
chr6	73348223	73348343	bb.chr6.73348223	-0.028919	0.077012	23	False
chr6	74016177	74016297	bb.chr6.74016177	-0.049841	0.418534	23	True
chr6	75134824	75134944	bb.chr6.75134824	-0.015228	0.103208	23	False
chr6	75937799	75937919	bb.chr6.75937799	-0.052168	0.175876	23	False
chr6	77104920	77105040	bb.chr6.77104920	-0.154488	0.646695	23	True
chr6	78037711	78037831	bb.chr6.78037711	-0.002864	0.194550	23	False
chr6	78691636	78691756	bb.chr6.78691636	-0.000177	0.160498	23	False
chr6	79466720	79466840	bb.chr6.79466720	0.013136	0.132926	23	False
chr6	81136941	81137061	bb.chr6.81136941	0.014508	0.102311	23	False
chr6	81832276	81832396	bb.chr6.81832276	0.013976	0.120378	23	False
chr6	82777781	82777901	bb.chr6.82777781	-0.000466	0.177051	23	False
chr6	83474693	83474813	bb.chr6.83474693	-0.021249	0.144461	23	False
chr6	84448431	84448551	bb.chr6.84448431	-0.024983	0.087252	23	False
chr6	85115909	85116029	bb.chr6.85115909	0.005106	0.089479	23	False
chr6	85768959	85769079	bb.chr6.85768959	0.008562	0.111374	23	False
chr6	87524765	87524885	bb.chr6.87524765	-0.668060	1.492095	23	True
chr6	88572699	88572819	bb.chr6.88572699	-0.011588	0.089865	23	False
chr6	89623279	89623399	bb.chr6.89623279	-0.010969	0.142782	23	False
chr6	90393927	90394047	bb.chr6.90393927	-0.064142	0.405488	23	True
chr6	91479285	91479405	bb.chr6.91479285	0.011026	0.092717	23	False
chr6	92275583	92275703	bb.chr6.92275583	-0.000048	0.143233	23	False
chr6	92987622	92987742	bb.chr6.92987622	-0.013387	0.122414	23	False
chr6	93653674	93653794	bb.chr6.93653674	-0.044512	0.207463	23	False
chr6	96086737	96086857	bb.chr6.96086737	0.011306	0.251719	23	False
chr6	97077572	97077692	bb.chr6.97077572	-0.003565	0.154724	23	False
chr6	98490898	98491018	bb.chr6.98490898	0.016012	0.205620	23	False
chr6	99377291	99377411	bb.chr6.99377291	-0.040459	0.151087	23	False
chr6	99542385	99542629	CCNC_exon_12	0.024916	0.095666	23	False
chr6	99542629	99542874	CCNC_exon_12	0.023781	0.090145	23	False
chr6	99542874	99543118	CCNC_exon_12	0.051280	0.090076	23	False
chr6	99543118	99543363	CCNC_exon_12	-0.000878	0.179404	23	False
chr6	99543363	99543608	CCNC_exon_12	0.012842	0.120033	23	False
chr6	99545109	99545229	CCNC_exon_11	-0.014988	0.072677	23	False
chr6	99546382	99546502	CCNC_exon_10	-0.022899	0.089368	23	False
chr6	99549479	99549599	CCNC_exon_9	-0.017686	0.081700	23	False
chr6	99550201	99550321	CCNC_exon_8	-0.018150	0.068432	23	False
chr6	99558485	99558605	CCNC_exon_5	-0.027256	0.093133	23	False
chr6	99561317	99561437	CCNC_exon_4	-0.107896	0.109997	23	False
chr6	99561578	99561698	CCNC_exon_3	-0.092652	0.107533	23	False
chr6	99562833	99562953	CCNC_exon_2	-0.019754	0.097566	23	False
chr6	99568494	99568659	CCNC_exon_1	-0.078931	0.067272	23	False
chr6	100315232	100315352	bb.chr6.100315232	-0.015436	0.176481	23	False
chr6	101360283	101360403	bb.chr6.101360283	-0.075536	0.528346	23	True
chr6	102401401	102401521	bb.chr6.102401401	-0.024277	0.118187	23	False
chr6	103331340	103331460	bb.chr6.103331340	-0.076278	0.333608	23	True
chr6	103959114	103959234	bb.chr6.103959114	0.001850	0.085158	23	False
chr6	104618521	104618641	bb.chr6.104618521	0.008456	0.078614	23	False
chr6	105822570	105822690	bb.chr6.105822570	-0.149932	0.521216	23	True
chr6	106796024	106796144	bb.chr6.106796024	-0.025693	0.127375	23	False
chr6	107555137	107555257	bb.chr6.107555137	0.009474	0.081825	23	False
chr6	108168336	108168456	bb.chr6.108168336	-0.019514	0.188991	23	False
chr6	109866060	109866180	bb.chr6.109866060	0.006898	0.097273	23	False
chr6	110607537	110607657	bb.chr6.110607537	-0.003000	0.185830	23	False
chr6	111785029	111785149	bb.chr6.111785029	0.019869	0.113410	23	False
chr6	112617544	112617664	bb.chr6.112617544	0.009955	0.147499	23	False
chr6	113276867	113276987	bb.chr6.113276867	0.012026	0.140748	23	False
chr6	113987566	113987686	bb.chr6.113987566	-0.024357	0.087209	23	False
chr6	114748324	114748444	bb.chr6.114748324	-0.005093	0.197045	23	False
chr6	116400433	116400553	bb.chr6.116400433	-0.074737	0.270374	23	False
chr6	117492046	117492166	bb.chr6.117492046	-0.039302	0.284819	23	False
chr6	118321528	118321648	bb.chr6.118321528	0.007086	0.142787	23	False
chr6	119025687	119025807	bb.chr6.119025687	-0.023339	0.109829	23	False
chr6	119897241	119897361	bb.chr6.119897241	0.071875	0.208842	23	False
chr6	120853442	120853562	bb.chr6.120853442	0.026552	0.098415	23	False
chr6	121600265	121600385	bb.chr6.121600265	-0.144454	0.883941	23	True
chr6	122581868	122581988	bb.chr6.122581868	0.007920	0.190683	23	False
chr6	123271630	123271750	bb.chr6.123271630	0.010044	0.173053	23	False
chr6	123972324	123972444	bb.chr6.123972324	-0.009695	0.222951	23	False
chr6	124666033	124666153	bb.chr6.124666033	0.015660	0.083952	23	False
chr6	125889189	125889309	bb.chr6.125889189	0.001292	0.095730	23	False
chr6	126819863	126819983	bb.chr6.126819863	-0.171321	0.603880	23	True
chr6	128715255	128715375	bb.chr6.128715255	-0.023608	0.236814	23	False
chr6	129432912	129433032	bb.chr6.129432912	0.010887	0.154277	23	False
chr6	130139113	130139233	bb.chr6.130139113	-0.023306	0.216875	23	False
chr6	131276176	131276296	bb.chr6.131276176	-0.334326	1.014827	23	True
chr6	132235318	132235438	bb.chr6.132235318	-1.570551	1.497556	9	True
chr6	132970349	132970469	bb.chr6.132970349	-0.024946	0.116081	23	False
chr6	134253736	134253856	bb.chr6.134253736	-0.000127	0.083795	23	False
chr6	135137993	135138113	bb.chr6.135137993	0.019580	0.117553	23	False
chr6	135181306	135181535	MYB_exon_1	0.078776	0.161699	23	False
chr6	135185900	135186020	MYB_exon_2	0.006999	0.076816	23	False
chr6	135187828	135187948	MYB_exon_3	-0.013431	0.106978	23	False
chr6	135189765	135189885	MYB_exon_4	0.063087	0.052698	23	False
chr6	135190125	135190346	MYB_exon_5	0.078019	0.057216	23	False
chr6	135192322	135192557	MYB_exon_6	0.056195	0.054341	23	False
chr6	135193799	135193919	MYB_exon_7	-0.010023	0.098323	23	False
chr6	135194346	135194466	MYB_exon_8	0.006993	0.071261	23	False
chr6	135195746	135196001	MYB_exon_9	0.010433	0.066118	23	False
chr6	135196959	135197079	MYB_exon_10	-0.039609	0.055734	23	False
chr6	135197081	135197201	MYB_exon_10	0.078376	0.060704	23	False
chr6	135197202	135197322	MYB_exon_10	-0.045338	0.080491	23	False
chr6	135198906	135199049	MYB_exon_11	-0.019073	0.082464	23	False
chr6	135200080	135200200	MYB_exon_12	0.059540	0.072161	23	False
chr6	135200291	135200411	MYB_exon_13	0.069814	0.069664	23	False
chr6	135201632	135201752	MYB_exon_14	-0.019621	0.076635	23	False
chr6	135203209	135203329	MYB_exon_15	-0.033856	0.097469	23	False
chr6	135217862	135218123	MYB_exon_16	0.040546	0.054195	23	False
chr6	135218123	135218385	MYB_exon_16	0.034445	0.143210	23	False
chr6	135218385	135218647	MYB_exon_16	-0.003133	0.198641	23	False
chr6	135218647	135218909	MYB_exon_16	0.056861	0.106507	23	False
chr6	135218909	135219171	MYB_exon_16	0.052410	0.064741	23	False
chr6	136067224	136067344	bb.chr6.136067224	-0.043927	0.311954	23	True
chr6	137487590	137487710	bb.chr6.137487590	0.120719	0.052528	23	False
chr6	138091415	138091535	bb.chr6.138091415	-0.041887	0.380579	23	True
chr6	139093717	139093837	bb.chr6.139093717	0.008976	0.076458	23	False
chr6	139869661	139869781	bb.chr6.139869661	0.012683	0.112815	23	False
chr6	140761884	140762004	bb.chr6.140761884	-0.040178	0.265755	23	False
chr6	141703981	141704101	bb.chr6.141703981	0.010809	0.198701	23	False
chr6	142476092	142476212	bb.chr6.142476092	0.151282	0.080551	23	False
chr6	143223450	143223570	bb.chr6.143223450	-0.013771	0.134275	23	False
chr6	143940669	143940789	bb.chr6.143940669	-0.014581	0.130660	23	False
chr6	144554059	144554179	bb.chr6.144554059	0.045458	0.124402	23	False
chr6	145343971	145344091	bb.chr6.145343971	-0.005469	0.262610	23	False
chr6	145993839	145993959	bb.chr6.145993839	-0.532271	1.382639	23	True
chr6	147511567	147511687	bb.chr6.147511567	-0.018675	0.142034	23	False
chr6	148154969	148155089	bb.chr6.148154969	-0.015062	0.124600	23	False
chr6	150072694	150072814	bb.chr6.150072694	-0.013851	0.115804	23	False
chr6	150800564	150800684	bb.chr6.150800564	0.003022	0.064731	23	False
chr6	151459827	151459947	bb.chr6.151459827	-0.038267	0.439793	23	True
chr6	152915255	152915375	bb.chr6.152915255	-0.061235	0.590566	23	True
chr6	153679182	153679302	bb.chr6.153679182	-0.034893	0.177411	23	False
chr6	154319616	154319736	bb.chr6.154319616	-0.037635	0.216969	23	False
chr6	155280808	155280928	bb.chr6.155280808	-0.012234	0.083765	23	False
chr6	156229486	156229606	bb.chr6.156229486	-0.015968	0.147370	23	False
chr6	156934252	156934372	bb.chr6.156934252	-0.013339	0.088855	23	False
chr6	157554082	157554202	bb.chr6.157554082	-0.030170	0.126530	23	False
chr6	158500632	158500752	bb.chr6.158500632	-0.036325	0.086049	23	False
chr6	159218438	159218558	bb.chr6.159218438	-0.003394	0.085568	23	False
chr6	159863158	159863278	bb.chr6.159863158	0.007370	0.105673	23	False
chr6	160864668	160864788	bb.chr6.160864668	0.005615	0.143544	23	False
chr6	162325267	162325387	bb.chr6.162325267	0.044142	0.117908	23	False
chr6	163016583	163016703	bb.chr6.163016583	-0.027415	0.300187	23	True
chr6	164197947	164198067	bb.chr6.164197947	-0.015718	0.155687	23	False
chr6	165267639	165267759	bb.chr6.165267639	0.026118	0.090465	23	False
chr6	165875485	165875605	bb.chr6.165875485	-0.088773	0.586872	23	True
chr6	166803830	166803950	bb.chr6.166803830	-0.031192	0.425146	23	True
chr6	167507394	167507514	bb.chr6.167507394	-0.013984	0.147838	23	False
chr6	168247696	168247816	bb.chr6.168247696	-0.042716	0.097181	23	False
chr6	168957569	168957689	bb.chr6.168957569	0.020263	0.123824	23	False
chr6	169780473	169780593	bb.chr6.169780473	-0.036322	0.121036	23	False
chr7	244803	244923	bb.chr7.244803	-0.035536	0.132495	23	False
chr7	1298926	1299046	bb.chr7.1298926	0.029313	0.254542	23	False
chr7	2119742	2119862	bb.chr7.2119742	0.070650	0.095099	23	False
chr7	2913739	2913859	bb.chr7.2913739	0.002902	0.061804	23	False
chr7	3616373	3616493	bb.chr7.3616373	-0.023772	0.103544	23	False
chr7	4520622	4520742	bb.chr7.4520622	-0.050114	0.078112	23	False
chr7	5836113	5836233	bb.chr7.5836113	-0.026728	0.191022	23	False
chr7	6831241	6831361	bb.chr7.6831241	-0.020571	0.161815	23	False
chr7	8817226	8817346	bb.chr7.8817226	-0.124558	0.329029	23	True
chr7	9619565	9619685	bb.chr7.9619565	-0.016777	0.209854	23	False
chr7	10477712	10477832	bb.chr7.10477712	-0.028057	0.061994	23	False
chr7	11251713	11251833	bb.chr7.11251713	-0.041462	0.332464	23	True
chr7	12039156	12039276	bb.chr7.12039156	-0.154395	0.347747	23	True
chr7	13097569	13097689	bb.chr7.13097569	0.003605	0.134056	23	False
chr7	14165831	14165951	bb.chr7.14165831	0.011087	0.125770	23	False
chr7	14985269	14985389	bb.chr7.14985269	0.012031	0.232678	23	False
chr7	15827519	15827639	bb.chr7.15827519	-0.004755	0.144129	23	False
chr7	16602064	16602184	bb.chr7.16602064	-0.023493	0.181120	23	False
chr7	17671767	17671887	bb.chr7.17671767	0.020172	0.176422	23	False
chr7	18695564	18695684	bb.chr7.18695564	-0.012125	0.134474	23	False
chr7	19729196	19729316	bb.chr7.19729196	0.027540	0.225086	23	False
chr7	20372517	20372637	bb.chr7.20372517	0.009674	0.087172	23	False
chr7	21160212	21160332	bb.chr7.21160212	-0.172453	0.819635	23	True
chr7	21960497	21960617	bb.chr7.21960497	-0.023186	0.133420	23	False
chr7	22820532	22820652	bb.chr7.22820532	0.015706	0.103563	23	False
chr7	23449059	23449179	bb.chr7.23449059	-0.062611	0.522869	23	True
chr7	24109613	24109733	bb.chr7.24109613	-0.340612	1.322648	23	True
chr7	24927076	24927196	bb.chr7.24927076	0.100964	0.106446	23	False
chr7	25616994	25617114	bb.chr7.25616994	-0.008666	0.112328	23	False
chr7	26545577	26545697	bb.chr7.26545577	-0.143664	0.610212	23	True
chr7	27548136	27548256	bb.chr7.27548136	-0.007523	0.139820	23	False
chr7	28258448	28258568	bb.chr7.28258448	-0.090484	0.420111	23	True
chr7	29158453	29158573	bb.chr7.29158453	-2.722036	0.458210	5	True
chr7	29890892	29891012	bb.chr7.29890892	0.042022	0.228309	23	False
chr7	30531679	30531799	bb.chr7.30531679	0.090128	0.174969	23	False
chr7	31309273	31309393	bb.chr7.31309273	0.097888	0.190768	23	False
chr7	32149868	32149988	bb.chr7.32149868	-0.005388	0.104743	23	False
chr7	33873427	33873547	bb.chr7.33873427	-0.018665	0.166593	23	False
chr7	35375099	35375219	bb.chr7.35375099	-0.017911	0.110440	23	False
chr7	36450929	36451049	bb.chr7.36450929	-0.084530	0.335539	23	True
chr7	37796405	37796525	bb.chr7.37796405	0.014275	0.179069	23	False
chr7	38553461	38553581	bb.chr7.38553461	-0.027603	0.238846	23	False
chr7	39228536	39228656	bb.chr7.39228536	-0.027696	0.064195	23	False
chr7	39870231	39870351	bb.chr7.39870231	0.006538	0.265636	23	False
chr7	41008236	41008356	bb.chr7.41008236	0.005062	0.063085	23	False
chr7	42264672	42264792	bb.chr7.42264672	0.034825	0.123756	23	False
chr7	43155606	43155726	bb.chr7.43155606	0.062870	0.212948	23	False
chr7	43966348	43966468	bb.chr7.43966348	0.020267	0.138320	23	False
chr7	44573094	44573214	bb.chr7.44573094	-0.011445	0.083556	23	False
chr7	45196681	45196801	bb.chr7.45196681	0.008619	0.056199	23	False
chr7	45861995	45862115	bb.chr7.45861995	-0.000021	0.092608	23	False
chr7	46637825	46637945	bb.chr7.46637825	-0.031906	0.067132	23	False
chr7	47408264	47408384	bb.chr7.47408264	-0.013749	0.097579	23	False
chr7	48312027	48312147	bb.chr7.48312027	-0.025888	0.101966	23	False
chr7	49023957	49024077	bb.chr7.49023957	-0.010099	0.064092	23	False
chr7	49781668	49781788	bb.chr7.49781668	-0.015455	0.134438	23	False
chr7	50304714	50304921	IKZF1_exon_1	0.024964	0.103209	23	False
chr7	50319040	50319160	IKZF1_exon_2	-0.028312	0.075133	23	False
chr7	50327636	50327756	IKZF1_exon_3	0.006455	0.094664	23	False
chr7	50376531	50376792	IKZF1_exon_4	0.005461	0.091213	23	False
chr7	50382538	50382706	IKZF1_exon_5	-0.044899	0.081239	23	False
chr7	50387346	50387466	IKZF1_exon_6	0.023974	0.087934	23	False
chr7	50391727	50391862	IKZF1_exon_7	0.020327	0.064683	23	False
chr7	50399916	50400188	IKZF1_exon_8	-0.052751	0.087701	23	False
chr7	50400188	50400461	IKZF1_exon_8	-0.090021	0.141616	23	False
chr7	50400461	50400734	IKZF1_exon_8	0.003172	0.097154	23	False
chr7	50400734	50401007	IKZF1_exon_8	-0.000262	0.064330	23	False
chr7	50401007	50401280	IKZF1_exon_8	-0.064309	0.098933	23	False
chr7	50401280	50401553	IKZF1_exon_8	0.012793	0.080268	23	False
chr7	50401553	50401825	IKZF1_exon_8	-0.003197	0.085570	23	False
chr7	50401825	50402098	IKZF1_exon_8	0.021456	0.083235	23	False
chr7	50402098	50402371	IKZF1_exon_8	-0.076548	0.085470	23	False
chr7	50402371	50402644	IKZF1_exon_8	0.027795	0.078081	23	False
chr7	50402644	50402917	IKZF1_exon_8	0.052462	0.080928	23	False
chr7	50402917	50403190	IKZF1_exon_8	0.008836	0.058447	23	False
chr7	50403190	50403462	IKZF1_exon_8	0.020807	0.074978	23	False
chr7	50403462	50403735	IKZF1_exon_8	0.023897	0.069497	23	False
chr7	50403735	50404008	IKZF1_exon_8	0.002062	0.081778	23	False
chr7	50404008	50404281	IKZF1_exon_8	0.003556	0.060696	23	False
chr7	50404281	50404554	IKZF1_exon_8	0.009053	0.095504	23	False
chr7	50404554	50404827	IKZF1_exon_8	-0.001276	0.098648	23	False
chr7	50404827	50405100	IKZF1_exon_8	-0.025667	0.066203	23	False
chr7	50640087	50640207	bb.chr7.50640087	-0.016985	0.070394	23	False
chr7	51451546	51451666	bb.chr7.51451546	0.016343	0.131855	23	False
chr7	52208911	52209031	bb.chr7.52208911	-0.018886	0.261463	23	False
chr7	53586249	53586369	bb.chr7.53586249	-0.027304	0.099308	23	False
chr7	54902306	54902426	bb.chr7.54902306	0.009806	0.093172	23	False
chr7	56053128	56053248	bb.chr7.56053128	-0.023425	0.152235	23	False
chr7	57349802	57349922	bb.chr7.57349802	0.020919	0.083504	23	False
chr7	63027235	63027355	bb.chr7.63027235	-0.037735	0.109887	23	False
chr7	64355183	64355303	bb.chr7.64355183	-0.016243	0.088485	23	False
chr7	65186165	65186285	bb.chr7.65186165	-0.023151	0.118234	23	False
chr7	67043299	67043419	bb.chr7.67043299	-0.042162	0.567053	23	True
chr7	67879063	67879183	bb.chr7.67879063	-0.016610	0.183763	23	False
chr7	68530242	68530362	bb.chr7.68530242	-0.032573	0.131009	23	False
chr7	69224555	69224675	bb.chr7.69224555	-0.023266	0.093866	23	False
chr7	70580397	70580517	bb.chr7.70580397	-0.016509	0.112362	23	False
chr7	71361030	71361150	bb.chr7.71361030	-0.005978	0.193173	23	False
chr7	72423516	72423636	bb.chr7.72423516	-0.016309	0.101138	23	False
chr7	73675029	73675149	bb.chr7.73675029	-0.035362	0.145744	23	False
chr7	74490482	74490602	bb.chr7.74490482	0.039198	0.196381	23	False
chr7	75543756	75543876	bb.chr7.75543756	-0.012814	0.126544	23	False
chr7	76606323	76606443	bb.chr7.76606323	-0.015183	0.208701	23	False
chr7	77416845	77416965	bb.chr7.77416845	-0.002533	0.110925	23	False
chr7	78173326	78173446	bb.chr7.78173326	-0.005628	0.122435	23	False
chr7	78996907	78997027	bb.chr7.78996907	-0.008393	0.357137	23	True
chr7	79690554	79690674	bb.chr7.79690554	-0.208911	0.755085	23	True
chr7	80414606	80414726	bb.chr7.80414606	-0.020712	0.091833	23	False
chr7	81744243	81744363	bb.chr7.81744243	-0.097487	0.477675	23	True
chr7	82430708	82430828	bb.chr7.82430708	-0.012859	0.090137	23	False
chr7	83090850	83090970	bb.chr7.83090850	-0.041165	0.395620	23	True
chr7	83778099	83778219	bb.chr7.83778099	-0.040634	0.232937	23	False
chr7	85154677	85154797	bb.chr7.85154677	-0.043127	0.609876	23	True
chr7	85776985	85777105	bb.chr7.85776985	-0.033489	0.155334	23	False
chr7	86473515	86473635	bb.chr7.86473515	-0.058367	0.111024	23	False
chr7	87315266	87315386	bb.chr7.87315266	-0.024158	0.082714	23	False
chr7	88421023	88421143	bb.chr7.88421023	-0.040982	0.338066	23	True
chr7	89151640	89151760	bb.chr7.89151640	-0.001135	0.113714	23	False
chr7	92413642	92413762	bb.chr7.92413642	-0.030680	0.082720	23	False
chr7	93018405	93018525	bb.chr7.93018405	-0.040424	0.107038	23	False
chr7	93099532	93099794	SAMD9_exon_3	0.015686	0.175867	23	False
chr7	93099794	93100057	SAMD9_exon_3	0.014262	0.100422	23	False
chr7	93100057	93100320	SAMD9_exon_3	-0.005857	0.094750	23	False
chr7	93100320	93100583	SAMD9_exon_3	-0.017471	0.081992	23	False
chr7	93100583	93100846	SAMD9_exon_3	-0.020976	0.076050	23	False
chr7	93100846	93101109	SAMD9_exon_3	0.010847	0.076879	23	False
chr7	93101109	93101372	SAMD9_exon_3	0.026024	0.090673	23	False
chr7	93101372	93101635	SAMD9_exon_3	0.016529	0.090362	23	False
chr7	93101635	93101897	SAMD9_exon_3	0.000165	0.069311	23	False
chr7	93101897	93102160	SAMD9_exon_3	0.033421	0.084846	23	False
chr7	93102160	93102423	SAMD9_exon_3	0.003867	0.117144	23	False
chr7	93102423	93102686	SAMD9_exon_3	0.014553	0.089466	23	False
chr7	93102686	93102949	SAMD9_exon_3	0.034485	0.049925	23	False
chr7	93102949	93103212	SAMD9_exon_3	0.033744	0.071537	23	False
chr7	93103212	93103475	SAMD9_exon_3	0.013561	0.100411	23	False
chr7	93103475	93103738	SAMD9_exon_3	-0.027872	0.053003	23	False
chr7	93103738	93104000	SAMD9_exon_3	0.027811	0.109819	23	False
chr7	93104000	93104263	SAMD9_exon_3	-0.097716	0.077628	23	False
chr7	93104263	93104526	SAMD9_exon_3	-0.001289	0.060130	23	False
chr7	93104526	93104789	SAMD9_exon_3	0.033272	0.061916	23	False
chr7	93104789	93105052	SAMD9_exon_3	0.013162	0.071688	23	False
chr7	93105052	93105315	SAMD9_exon_3	0.019593	0.074090	23	False
chr7	93105315	93105578	SAMD9_exon_3	0.016325	0.089187	23	False
chr7	93105578	93105841	SAMD9_exon_3	0.019099	0.063654	23	False
chr7	93105841	93106104	SAMD9_exon_3	0.035147	0.076302	23	False
chr7	93114787	93114907	SAMD9_exon_2	0.002332	0.103036	23	False
chr7	93117859	93117979	SAMD9_exon_1	-0.019851	0.098818	23	False
chr7	93130054	93130323	SAMD9L_exon_5	-0.010829	0.080489	23	False
chr7	93130323	93130593	SAMD9L_exon_5	0.002733	0.088454	23	False
chr7	93130593	93130863	SAMD9L_exon_5	-0.003745	0.094012	23	False
chr7	93130863	93131133	SAMD9L_exon_5	0.020401	0.073817	23	False
chr7	93131133	93131403	SAMD9L_exon_5	0.014591	0.084261	23	False
chr7	93131403	93131672	SAMD9L_exon_5	0.022024	0.056679	23	False
chr7	93131672	93131942	SAMD9L_exon_5	0.006639	0.079979	23	False
chr7	93131942	93132212	SAMD9L_exon_5	-0.035220	0.042492	23	False
chr7	93132212	93132482	SAMD9L_exon_5	0.012328	0.067089	23	False
chr7	93132482	93132752	SAMD9L_exon_5	0.041608	0.052048	23	False
chr7	93132752	93133022	SAMD9L_exon_5	-0.004618	0.075309	23	False
chr7	93133022	93133291	SAMD9L_exon_5	0.031947	0.069216	23	False
chr7	93133291	93133561	SAMD9L_exon_5	-0.009607	0.101050	23	False
chr7	93133561	93133831	SAMD9L_exon_5	-0.026538	0.052108	23	False
chr7	93133831	93134101	SAMD9L_exon_5	-0.092175	0.086938	23	False
chr7	93134101	93134371	SAMD9L_exon_5	0.033177	0.060662	23	False
chr7	93134371	93134640	SAMD9L_exon_5	0.020204	0.070402	23	False
chr7	93134640	93134910	SAMD9L_exon_5	0.001057	0.070077	23	False
chr7	93134910	93135180	SAMD9L_exon_5	0.000547	0.069364	23	False
chr7	93135180	93135450	SAMD9L_exon_5	-0.041099	0.059477	23	False
chr7	93135450	93135720	SAMD9L_exon_5	0.036590	0.089473	23	False
chr7	93135720	93135990	SAMD9L_exon_5	-0.045825	0.056748	23	False
chr7	93144731	93144851	SAMD9L_exon_4	0.128119	0.070023	23	False
chr7	93145383	93145711	SAMD9L_exon_3	0.030784	0.059708	23	False
chr7	93145711	93146039	SAMD9L_exon_3	0.022251	0.052500	23	False
chr7	93146881	93147145	SAMD9L_exon_2	0.008607	0.084676	23	False
chr7	93148192	93148384	SAMD9L_exon_1	-0.137146	0.086941	23	False
chr7	94003638	94003758	bb.chr7.94003638	0.003614	0.098030	23	False
chr7	94834516	94834636	bb.chr7.94834516	-0.009634	0.086500	23	False
chr7	96152376	96152496	bb.chr7.96152376	-0.037823	0.110534	23	False
chr7	96780878	96780998	bb.chr7.96780878	0.003255	0.079677	23	False
chr7	97758472	97758592	bb.chr7.97758472	-0.337823	0.898214	23	True
chr7	98540745	98540865	bb.chr7.98540745	-0.012037	0.127646	23	False
chr7	99969772	99969892	bb.chr7.99969772	-0.003952	0.206736	23	False
chr7	100603547	100603667	bb.chr7.100603547	-0.060422	0.218495	23	False
chr7	101235880	101236000	bb.chr7.101235880	-0.003594	0.119719	23	False
chr7	101668199	101668319	bb.chr7.101668199	0.009344	0.147500	23	False
chr7	101817608	101817728	CUX1_exon_1	-0.037709	0.121514	23	False
chr7	101916108	101916228	CUX1_exon_2	0.000944	0.087246	23	False
chr7	102028050	102028170	CUX1_exon_3	-0.016129	0.081638	23	False
chr7	102070334	102070454	CUX1_exon_4	-0.046468	0.090786	23	False
chr7	102097362	102097500	CUX1_exon_5	0.011835	0.092716	23	False
chr7	102104336	102104456	CUX1_exon_6	-0.008225	0.108270	23	False
chr7	102111675	102111795	CUX1_exon_7	-0.012745	0.097090	23	False
chr7	102115196	102115316	CUX1_exon_8	-0.045665	0.081843	23	False
chr7	102158527	102158647	CUX1_exon_9	0.011377	0.093114	23	False
chr7	102170436	102170556	CUX1_exon_10	0.000478	0.106067	23	False
chr7	102178467	102178656	CUX1_exon_11	-0.141922	0.070401	23	False
chr7	102189791	102189911	CUX1_exon_12	0.012733	0.085351	23	False
chr7	102193806	102193926	CUX1_exon_13	-0.005482	0.076653	23	False
chr7	102195492	102195612	CUX1_exon_14	-0.016016	0.163186	23	False
chr7	102196632	102196856	CUX1_exon_15	0.111528	0.056080	23	False
chr7	102196856	102197080	CUX1_exon_15	0.013510	0.132878	23	False
chr7	102197080	102197304	CUX1_exon_15	0.103176	0.073179	23	False
chr7	102198798	102198918	CUX1_exon_16	0.008331	0.068840	23	False
chr7	102200070	102200190	CUX1_exon_17	-0.033850	0.076466	23	False
chr7	102201358	102201478	CUX1_exon_18	-0.053535	0.073338	23	False
chr7	102201479	102201599	CUX1_exon_18	0.021045	0.082919	23	False
chr7	102201600	102201720	CUX1_exon_18	0.010007	0.097811	23	False
chr7	102201721	102201841	CUX1_exon_18	0.022924	0.071732	23	False
chr7	102201842	102201962	CUX1_exon_18	0.040770	0.106363	23	False
chr7	102201963	102202203	CUX1_exon_18	0.056809	0.095076	23	False
chr7	102204389	102204555	CUX1_exon_19	-0.062341	0.105281	23	False
chr7	102205075	102205195	CUX1_exon_20	0.002590	0.071925	23	False
chr7	102227365	102227668	CUX1_exon_21	-0.009367	0.056391	23	False
chr7	102234050	102234239	CUX1_exon_22	-0.151203	0.062402	23	False
chr7	102239318	102239583	CUX1_exon_23	0.021937	0.047990	23	False
chr7	102248410	102248687	CUX1_exon_24	0.033394	0.106107	23	False
chr7	102248687	102248964	CUX1_exon_24	-0.014481	0.198870	23	False
chr7	102248964	102249242	CUX1_exon_24	0.029967	0.130119	23	False
chr7	102249242	102249519	CUX1_exon_24	-0.044830	0.098247	23	False
chr7	102249519	102249796	CUX1_exon_24	-0.003456	0.109457	23	False
chr7	102249796	102250074	CUX1_exon_24	0.159315	0.052806	23	False
chr7	102250088	102250348	CUX1_exon_24	0.145960	0.063072	23	False
chr7	102250348	102250609	CUX1_exon_24	0.000173	0.065732	23	False
chr7	102250609	102250870	CUX1_exon_24	0.008417	0.054406	23	False
chr7	102250870	102251130	CUX1_exon_24	0.004220	0.157823	23	False
chr7	102251130	102251391	CUX1_exon_24	-0.042919	0.109762	23	False
chr7	102251391	102251652	CUX1_exon_24	-0.010688	0.088545	23	False
chr7	102251652	102251913	CUX1_exon_24	-0.007030	0.063616	23	False
chr7	102251913	102252173	CUX1_exon_24	0.011733	0.100978	23	False
chr7	102252173	102252434	CUX1_exon_24	0.019253	0.076283	23	False
chr7	102252434	102252695	CUX1_exon_24	0.010156	0.063814	23	False
chr7	102252695	102252956	CUX1_exon_24	0.046908	0.097270	23	False
chr7	102252956	102253216	CUX1_exon_24	0.024411	0.089726	23	False
chr7	102253216	102253477	CUX1_exon_24	0.053361	0.089065	23	False
chr7	102253477	102253738	CUX1_exon_24	0.031160	0.070784	23	False
chr7	102253738	102253998	CUX1_exon_24	0.048859	0.085213	23	False
chr7	102253998	102254259	CUX1_exon_24	0.029591	0.066764	23	False
chr7	102254259	102254520	CUX1_exon_24	-0.043304	0.093078	23	False
chr7	102254520	102254781	CUX1_exon_24	0.005015	0.062081	23	False
chr7	102254781	102255041	CUX1_exon_24	0.034820	0.074051	23	False
chr7	102255041	102255302	CUX1_exon_24	0.042207	0.098373	23	False
chr7	102255302	102255563	CUX1_exon_24	0.013782	0.110516	23	False
chr7	102255563	102255824	CUX1_exon_24	0.204944	0.062773	23	False
chr7	102255853	102256104	CUX1_exon_24	0.217429	0.039152	23	False
chr7	102256104	102256355	CUX1_exon_24	-0.017629	0.071882	23	False
chr7	102256355	102256606	CUX1_exon_24	0.002142	0.108840	23	False
chr7	102256606	102256857	CUX1_exon_24	-0.090488	0.080307	23	False
chr7	102256857	102257108	CUX1_exon_24	0.032173	0.064385	23	False
chr7	102257108	102257359	CUX1_exon_24	-0.000426	0.100171	23	False
chr7	102257359	102257610	CUX1_exon_24	-0.012637	0.073499	23	False
chr7	102257610	102257862	CUX1_exon_24	0.210078	0.064629	23	False
chr7	102257890	102258232	CUX1_exon_24	0.044103	0.075986	23	False
chr7	102337474	102337594	bb.chr7.102337474	-0.119786	0.317713	23	True
chr7	102991740	102991860	bb.chr7.102991740	0.058362	0.201060	23	False
chr7	103917491	103917611	bb.chr7.103917491	-0.011336	0.100461	23	False
chr7	104706447	104706567	bb.chr7.104706447	-0.004811	0.146726	23	False
chr7	105787001	105787121	bb.chr7.105787001	0.023302	0.101386	23	False
chr7	107678677	107678797	bb.chr7.107678677	-0.038643	0.095962	23	False
chr7	108292411	108292531	bb.chr7.108292411	-0.073294	0.378616	23	True
chr7	109009490	109009610	bb.chr7.109009490	-0.064264	0.466963	23	True
chr7	110093858	110093978	bb.chr7.110093858	-0.009722	0.068968	23	False
chr7	110876447	110876567	bb.chr7.110876447	-0.014813	0.076147	23	False
chr7	111717295	111717415	bb.chr7.111717295	-0.034329	0.101737	23	False
chr7	112449446	112449566	bb.chr7.112449446	-0.019400	0.094283	23	False
chr7	113492738	113492858	bb.chr7.113492738	-0.082888	0.531532	23	True
chr7	114112939	114113059	bb.chr7.114112939	-0.016832	0.133318	23	False
chr7	114955174	114955294	bb.chr7.114955174	-0.265318	0.994188	23	True
chr7	116260239	116260359	bb.chr7.116260239	-0.020444	0.098077	23	False
chr7	117040565	117040685	bb.chr7.117040565	-0.013709	0.162157	23	False
chr7	117872818	117872938	bb.chr7.117872818	-0.008620	0.111575	23	False
chr7	121076423	121076543	bb.chr7.121076423	-0.016577	0.090437	23	False
chr7	121901035	121901155	bb.chr7.121901035	-0.115302	0.937503	23	True
chr7	123239536	123239656	bb.chr7.123239536	-0.017038	0.216134	23	False
chr7	124308871	124308991	bb.chr7.124308871	-0.310074	0.963306	23	True
chr7	125121272	125121392	bb.chr7.125121272	-0.026185	0.355899	23	True
chr7	126980441	126980561	bb.chr7.126980441	-0.214153	0.568479	23	True
chr7	127886789	127886909	bb.chr7.127886789	-0.007337	0.127185	23	False
chr7	128592528	128592648	bb.chr7.128592528	-0.149375	0.439369	23	True
chr7	129941438	129941558	bb.chr7.129941438	0.019412	0.150082	23	False
chr7	130734447	130734567	bb.chr7.130734447	-0.001778	0.143485	23	False
chr7	131722786	131722906	bb.chr7.131722786	0.002173	0.096322	23	False
chr7	132578776	132578896	bb.chr7.132578776	0.003549	0.146786	23	False
chr7	133393141	133393261	bb.chr7.133393141	-0.245728	1.134160	23	True
chr7	134510406	134510526	bb.chr7.134510406	0.019663	0.093918	23	False
chr7	134646849	134646969	BPGM_exon_1	0.013167	0.087830	23	False
chr7	134661445	134661776	BPGM_exon_2	0.031130	0.044949	23	False
chr7	134661776	134662107	BPGM_exon_2	0.033404	0.059463	23	False
chr7	134678851	134678971	BPGM_exon_3	-0.039929	0.091038	23	False
chr7	134678972	134679092	BPGM_exon_3	0.035740	0.112228	23	False
chr7	134679093	134679333	BPGM_exon_3	0.033983	0.076617	23	False
chr7	134679334	134679454	BPGM_exon_3	0.017609	0.238378	23	False
chr7	134679455	134679815	BPGM_exon_3	0.021368	0.088661	23	False
chr7	135270039	135270159	bb.chr7.135270039	-0.005563	0.125325	23	False
chr7	136069602	136069722	bb.chr7.136069602	0.025690	0.125476	23	False
chr7	136943656	136943776	bb.chr7.136943656	-0.157504	0.566466	23	True
chr7	138197648	138197768	bb.chr7.138197648	-0.051190	0.080720	23	False
chr7	139023678	139023798	bb.chr7.139023678	0.001933	0.133996	23	False
chr7	139359892	139360106	LUC7L2_exon_1	0.059986	0.098841	23	False
chr7	139360106	139360321	LUC7L2_exon_1	0.117475	0.238581	23	False
chr7	139376045	139376165	LUC7L2_exon_2	0.107183	0.090385	23	False
chr7	139398587	139398707	LUC7L2_exon_3	-0.041119	0.079720	23	False
chr7	139402130	139402250	LUC7L2_exon_4	-0.010064	0.079568	23	False
chr7	139405642	139405786	LUC7L2_exon_5	0.009236	0.068786	23	False
chr7	139407172	139407349	LUC7L2_exon_6	-0.107787	0.058495	23	False
chr7	139409551	139409671	LUC7L2_exon_7	0.015737	0.105356	23	False
chr7	139412513	139412633	LUC7L2_exon_8	0.001151	0.125199	23	False
chr7	139417536	139417728	LUC7L2_exon_9	-0.137382	0.053900	23	False
chr7	139422161	139422419	LUC7L2_exon_10	0.074923	0.074092	23	False
chr7	139422419	139422677	LUC7L2_exon_10	0.004585	0.073188	23	False
chr7	139422677	139422936	LUC7L2_exon_10	0.018614	0.088695	23	False
chr7	139422936	139423194	LUC7L2_exon_10	0.012986	0.105109	23	False
chr7	139423194	139423453	LUC7L2_exon_10	0.053901	0.089622	23	False
chr7	139884197	139884317	bb.chr7.139884197	0.024173	0.081232	23	False
chr7	140505572	140505692	bb.chr7.140505572	-0.045146	0.078745	23	False
chr7	141420803	141420923	bb.chr7.141420803	-0.021834	0.064901	23	False
chr7	142216979	142217099	bb.chr7.142216979	-0.001021	0.119197	23	False
chr7	143345684	143345804	bb.chr7.143345684	-0.023502	0.121151	23	False
chr7	144218412	144218532	bb.chr7.144218412	-0.039171	0.434609	23	True
chr7	145175356	145175476	bb.chr7.145175356	-0.114911	0.378922	23	True
chr7	146496812	146496932	bb.chr7.146496812	0.001390	0.126091	23	False
chr7	147328791	147328911	bb.chr7.147328791	0.003540	0.096846	23	False
chr7	148136733	148136853	bb.chr7.148136733	-0.286650	0.951509	23	True
chr7	148807381	148807705	EZH2_exon_20	-0.033261	0.089671	23	False
chr7	148809065	148809185	EZH2_exon_19	0.077642	0.059601	23	False
chr7	148809271	148809391	EZH2_exon_18	0.080813	0.072688	23	False
chr7	148810296	148810416	EZH2_exon_17	-0.068023	0.081535	23	False
chr7	148811607	148811727	EZH2_exon_16	0.078141	0.088088	23	False
chr7	148813957	148814136	EZH2_exon_15	-0.109080	0.062714	23	False
chr7	148814915	148815035	EZH2_exon_14	-0.039766	0.067719	23	False
chr7	148815491	148815611	EZH2_exon_13	-0.034832	0.069528	23	False
chr7	148816672	148816792	EZH2_exon_12	-0.017616	0.107659	23	False
chr7	148817220	148817390	EZH2_exon_11	-0.082205	0.052021	23	False
chr7	148817875	148817995	EZH2_exon_10	-0.060863	0.097439	23	False
chr7	148817996	148818116	EZH2_exon_10	-0.061164	0.078037	23	False
chr7	148819571	148819691	EZH2_exon_9	0.021262	0.098179	23	False
chr7	148826452	148826631	EZH2_exon_8	-0.111591	0.049991	23	False
chr7	148827157	148827277	EZH2_exon_7	-0.027225	0.092758	23	False
chr7	148828738	148828879	EZH2_exon_6	0.008071	0.123839	23	False
chr7	148829726	148829846	EZH2_exon_5	-0.035253	0.216924	23	False
chr7	148832630	148832750	EZH2_exon_4	-0.005466	0.079612	23	False
chr7	148846472	148846592	EZH2_exon_3	-0.016869	0.078974	23	False
chr7	148847182	148847302	EZH2_exon_2	0.004024	0.083030	23	False
chr7	148884166	148884286	EZH2_exon_1	-0.025578	0.185929	23	False
chr7	148940613	148940733	bb.chr7.148940613	0.007676	0.125634	23	False
chr7	149802865	149802985	bb.chr7.149802865	-0.008339	0.135095	23	False
chr7	151659732	151659852	bb.chr7.151659732	-0.037525	0.129056	23	False
chr7	152644878	152644998	XRCC2_exon_3	-0.093530	0.088342	23	False
chr7	152645127	152645247	XRCC2_exon_3	0.015546	0.505711	23	True
chr7	152645378	152645599	XRCC2_exon_3	0.088475	0.135292	23	False
chr7	152645599	152645821	XRCC2_exon_3	0.070282	0.090195	23	False
chr7	152645950	152646306	XRCC2_exon_3	-0.001714	0.085069	23	False
chr7	152647848	152648173	XRCC2_exon_3	-0.078913	0.184431	23	False
chr7	152648554	152648823	XRCC2_exon_3	-0.025540	0.062697	23	False
chr7	152648823	152649092	XRCC2_exon_3	0.023837	0.070494	23	False
chr7	152649092	152649362	XRCC2_exon_3	-0.044490	0.065214	23	False
chr7	152660683	152660803	XRCC2_exon_2	-0.023741	0.116229	23	False
chr7	152676033	152676153	XRCC2_exon_1	0.008418	0.123556	23	False
chr7	152705476	152705596	bb.chr7.152705476	0.003552	0.322651	23	True
chr7	153763057	153763177	bb.chr7.153763057	-0.026222	0.227708	23	False
chr7	154516204	154516324	bb.chr7.154516204	-0.019728	0.077073	23	False
chr7	155275945	155276065	bb.chr7.155275945	-0.002601	0.275750	23	False
chr7	156075578	156075698	bb.chr7.156075578	-0.041271	0.089383	23	False
chr7	156892170	156892290	bb.chr7.156892170	0.004716	0.077270	23	False
chr7	157969479	157969599	bb.chr7.157969479	0.008509	0.119886	23	False
chr8	295087	295207	bb.chr8.295087	-0.002511	0.111759	23	False
chr8	1077542	1077662	bb.chr8.1077542	0.012687	0.277035	23	False
chr8	2112620	2112740	bb.chr8.2112620	-0.001018	0.096600	23	False
chr8	2935359	2935618	CSMD1_exon_70	0.053404	0.365119	23	True
chr8	2935618	2935878	CSMD1_exon_70	0.013774	0.064201	23	False
chr8	2935878	2936138	CSMD1_exon_70	-0.072735	0.073827	23	False
chr8	2936138	2936398	CSMD1_exon_70	0.154798	0.050638	23	False
chr8	2936409	2936668	CSMD1_exon_70	0.166767	0.064739	23	False
chr8	2936668	2936927	CSMD1_exon_70	-0.073732	0.098799	23	False
chr8	2936927	2937187	CSMD1_exon_70	0.001273	0.132349	23	False
chr8	2937187	2937446	CSMD1_exon_70	0.017843	0.130983	23	False
chr8	2937446	2937705	CSMD1_exon_70	0.019410	0.078398	23	False
chr8	2937705	2937965	CSMD1_exon_70	0.024983	0.159354	23	False
chr8	2937965	2938224	CSMD1_exon_70	0.013092	0.073349	23	False
chr8	2938224	2938483	CSMD1_exon_70	0.032065	0.070245	23	False
chr8	2938483	2938743	CSMD1_exon_70	0.054180	0.055449	23	False
chr8	2942470	2942603	CSMD1_exon_69	0.035121	0.077267	23	False
chr8	2949282	2949402	CSMD1_exon_68	-0.038078	0.089712	23	False
chr8	2950225	2950345	CSMD1_exon_67	-0.040386	0.099677	23	False
chr8	2951112	2951274	CSMD1_exon_66	-0.057163	0.045912	23	False
chr8	2954156	2954276	CSMD1_exon_65	-0.092626	0.211892	23	False
chr8	2955587	2955767	CSMD1_exon_64	-0.109937	0.055961	23	False
chr8	2957690	2957810	CSMD1_exon_63	-0.016371	0.072315	23	False
chr8	2961131	2961251	CSMD1_exon_62	-0.016809	0.070419	23	False
chr8	2962464	2962638	CSMD1_exon_61	-0.095504	0.058817	23	False
chr8	2963220	2963394	CSMD1_exon_60	-0.087545	0.060563	23	False
chr8	2965773	2965953	CSMD1_exon_59	-0.089997	0.063299	23	False
chr8	2966568	2966745	CSMD1_exon_58	-0.102659	0.073676	23	False
chr8	2973115	2973298	CSMD1_exon_57	-0.110885	0.042087	23	False
chr8	2974449	2974623	CSMD1_exon_56	-0.090648	0.063494	23	False
chr8	2978610	2978799	CSMD1_exon_55	-0.147515	0.060985	23	False
chr8	2998009	2998183	CSMD1_exon_54	-0.078686	0.077948	23	False
chr8	2999956	3000130	CSMD1_exon_53	-0.094569	0.035851	23	False
chr8	3018475	3018649	CSMD1_exon_52	-0.087686	0.048517	23	False
chr8	3029317	3029512	CSMD1_exon_51	-0.096182	0.053104	23	False
chr8	3052460	3052646	CSMD1_exon_50	-0.113881	0.049152	23	False
chr8	3087095	3087284	CSMD1_exon_49	-0.152842	0.040775	23	False
chr8	3091514	3091661	CSMD1_exon_48	-0.019268	0.066726	23	False
chr8	3096847	3097036	CSMD1_exon_47	-0.152765	0.063911	23	False
chr8	3106523	3106643	CSMD1_exon_46	-0.007726	0.082999	23	False
chr8	3107679	3107799	CSMD1_exon_45	-0.029906	0.074354	23	False
chr8	3108601	3108747	CSMD1_exon_44	-0.011996	0.060757	23	False
chr8	3110156	3110334	CSMD1_exon_43	-0.094302	0.040573	23	False
chr8	3118397	3118586	CSMD1_exon_42	-0.143111	0.054637	23	False
chr8	3142463	3142673	CSMD1_exon_41	0.030583	0.055585	23	False
chr8	3151393	3151513	CSMD1_exon_40	-0.004018	0.054111	23	False
chr8	3157867	3157987	CSMD1_exon_39	-0.051317	0.074715	23	False
chr8	3162156	3162276	CSMD1_exon_38	-0.017509	0.107081	23	False
chr8	3181100	3181220	CSMD1_exon_37	0.018918	0.115659	23	False
chr8	3187864	3187984	CSMD1_exon_36	0.001861	0.083710	23	False
chr8	3188887	3189007	CSMD1_exon_35	-0.012857	0.068419	23	False
chr8	3189910	3190114	CSMD1_exon_34	0.040690	0.058530	23	False
chr8	3199708	3199828	CSMD1_exon_33	0.007232	0.108896	23	False
chr8	3201607	3201727	CSMD1_exon_32	0.009808	0.102382	23	False
chr8	3205500	3205620	CSMD1_exon_31	-0.033388	0.059737	23	False
chr8	3214495	3214690	CSMD1_exon_30	-0.105193	0.062824	23	False
chr8	3219253	3219441	CSMD1_exon_29	-0.136739	0.066987	23	False
chr8	3223727	3223866	CSMD1_exon_28	0.015914	0.080908	23	False
chr8	3229702	3229822	bb.chr8.3229702	0.017801	0.622223	23	True
chr8	3230038	3230230	CSMD1_exon_27	-0.110384	0.057212	23	False
chr8	3284142	3284345	CSMD1_exon_26	0.029601	0.076237	23	False
chr8	3307696	3307816	CSMD1_exon_25	-0.019911	0.095782	23	False
chr8	3308310	3308502	CSMD1_exon_24	-0.130459	0.052022	23	False
chr8	3343292	3343449	CSMD1_exon_23	-0.022689	0.055840	23	False
chr8	3347990	3348160	CSMD1_exon_22	-0.086613	0.071608	23	False
chr8	3359150	3359339	CSMD1_exon_21	-0.147696	0.062194	23	False
chr8	3367030	3367246	CSMD1_exon_20	0.048219	0.062390	23	False
chr8	3369250	3369370	CSMD1_exon_19	0.156347	0.104847	23	False
chr8	3387492	3387681	CSMD1_exon_18	-0.152427	0.060931	23	False
chr8	3396192	3396380	CSMD1_exon_17	-0.128369	0.071523	23	False
chr8	3399389	3399528	CSMD1_exon_16	0.023912	0.046571	23	False
chr8	3406025	3406220	CSMD1_exon_15	-0.099601	0.040336	23	False
chr8	3407897	3408224	CSMD1_exon_14	-0.040169	0.054542	23	False
chr8	3409421	3409604	CSMD1_exon_13	-0.104422	0.047283	23	False
chr8	3468706	3468826	CSMD1_exon_12	-0.000047	0.100054	23	False
chr8	3493613	3493733	CSMD1_exon_11	-0.053777	0.099419	23	False
chr8	3574944	3575064	CSMD1_exon_10	-0.031690	0.091620	23	False
chr8	3586136	3586256	CSMD1_exon_9	-0.017361	0.055005	23	False
chr8	3616690	3616810	CSMD1_exon_8	-0.018945	0.060486	23	False
chr8	3708375	3708495	CSMD1_exon_7	-0.006912	0.069420	23	False
chr8	3753924	3754044	CSMD1_exon_6	0.060445	0.081734	23	False
chr8	3997901	3998109	CSMD1_exon_5	0.043760	0.045866	23	False
chr8	4031903	4032098	CSMD1_exon_4	-0.101374	0.044898	23	False
chr8	4247565	4247685	bb.chr8.4247565	-0.119619	0.932221	23	True
chr8	4419947	4420067	CSMD1_exon_3	-0.050362	0.070775	23	False
chr8	4637340	4637557	CSMD1_exon_2	0.067149	0.071968	23	False
chr8	4994330	4994621	CSMD1_exon_1	0.083915	0.077977	23	False
chr8	4994621	4994913	CSMD1_exon_1	0.081879	0.081314	23	False
chr8	5006054	5006174	bb.chr8.5006054	-0.034018	0.201589	23	False
chr8	6058922	6059042	bb.chr8.6058922	-0.022663	0.083556	23	False
chr8	6826555	6826675	bb.chr8.6826555	-0.011786	0.066287	23	False
chr8	7508393	7508513	bb.chr8.7508393	-0.118841	1.077764	18	True
chr8	9210257	9210377	bb.chr8.9210257	0.044955	0.060259	23	False
chr8	9952152	9952272	bb.chr8.9952152	0.007145	0.123459	23	False
chr8	11018943	11019063	bb.chr8.11018943	-0.036782	0.104702	23	False
chr8	11758978	11759098	bb.chr8.11758978	-0.011777	0.105066	23	False
chr8	12728692	12728812	bb.chr8.12728692	-0.029596	0.085320	23	False
chr8	13537516	13537636	bb.chr8.13537516	-0.009060	0.155456	23	False
chr8	14546241	14546361	bb.chr8.14546241	0.001185	0.077692	23	False
chr8	15573906	15574026	bb.chr8.15573906	-0.031379	0.186638	23	False
chr8	16308828	16308948	bb.chr8.16308828	-0.019896	0.184132	23	False
chr8	17127415	17127535	bb.chr8.17127415	-1.220270	2.096827	23	True
chr8	18119643	18119763	bb.chr8.18119643	-0.047833	0.129798	23	False
chr8	19172767	19172887	bb.chr8.19172767	0.074339	0.216609	23	False
chr8	19891819	19891939	bb.chr8.19891819	0.005043	0.106707	23	False
chr8	20954541	20954661	bb.chr8.20954541	-0.102069	0.329852	23	True
chr8	22043186	22043306	bb.chr8.22043186	-0.025796	0.086502	23	False
chr8	22776291	22776411	bb.chr8.22776291	-0.004258	0.145485	23	False
chr8	23551347	23551467	bb.chr8.23551347	0.026201	0.095431	23	False
chr8	24351274	24351394	bb.chr8.24351274	-0.004667	0.070874	23	False
chr8	25067507	25067627	bb.chr8.25067507	-0.048315	0.138787	23	False
chr8	25915548	25915668	bb.chr8.25915548	-0.021407	0.157839	23	False
chr8	26619145	26619265	bb.chr8.26619145	0.005919	0.081374	23	False
chr8	27672349	27672469	bb.chr8.27672349	0.019924	0.145849	23	False
chr8	28445188	28445308	bb.chr8.28445188	-0.150226	0.528784	23	True
chr8	29205595	29205715	bb.chr8.29205595	-0.013788	0.138516	23	False
chr8	30486868	30486988	bb.chr8.30486868	-0.224418	0.721869	23	True
chr8	31463297	31463417	bb.chr8.31463297	-0.344371	0.976013	23	True
chr8	32313191	32313311	bb.chr8.32313191	0.065402	0.119809	23	False
chr8	33147009	33147129	bb.chr8.33147009	-0.003855	0.105682	23	False
chr8	33833889	33834009	bb.chr8.33833889	-0.161637	0.826597	23	True
chr8	34934538	34934658	bb.chr8.34934538	-0.037296	0.116599	23	False
chr8	36561065	36561185	bb.chr8.36561065	-0.060483	0.082346	23	False
chr8	37361074	37361194	bb.chr8.37361074	0.024462	0.100000	23	False
chr8	38442137	38442257	bb.chr8.38442137	-0.010808	0.101919	23	False
chr8	40519286	40519406	bb.chr8.40519286	-0.008009	0.088636	23	False
chr8	41283929	41284049	bb.chr8.41283929	0.008015	0.114831	23	False
chr8	42037631	42037751	bb.chr8.42037631	0.019027	0.133536	23	False
chr8	47035758	47035878	bb.chr8.47035758	-0.041536	0.173440	23	False
chr8	48198540	48198660	bb.chr8.48198540	-0.018542	0.093452	23	False
chr8	51105185	51105305	bb.chr8.51105185	-0.036547	0.090627	23	False
chr8	52036622	52036742	bb.chr8.52036622	-0.405101	1.330632	23	True
chr8	52853643	52853763	bb.chr8.52853643	-0.008417	0.108038	23	False
chr8	53592479	53592599	bb.chr8.53592479	-0.028805	0.114904	23	False
chr8	54655391	54655511	bb.chr8.54655391	-3.740967	1.237363	11	True
chr8	55409505	55409625	bb.chr8.55409505	-0.022327	0.087770	23	False
chr8	56260208	56260328	bb.chr8.56260208	-0.176542	0.830123	23	True
chr8	56913779	56913899	bb.chr8.56913779	0.012167	0.159733	23	False
chr8	57726746	57726866	bb.chr8.57726746	-0.033486	0.154233	23	False
chr8	58505165	58505285	bb.chr8.58505165	-0.029878	0.344398	23	True
chr8	59610259	59610379	bb.chr8.59610259	-0.021280	0.096346	23	False
chr8	60274096	60274216	bb.chr8.60274096	-0.003360	0.112614	23	False
chr8	61079191	61079311	bb.chr8.61079191	0.018010	0.124226	23	False
chr8	62359594	62359714	bb.chr8.62359594	0.008074	0.075129	23	False
chr8	63124328	63124448	bb.chr8.63124328	-0.010197	0.368529	23	True
chr8	63898845	63898965	bb.chr8.63898845	-0.010601	0.138558	23	False
chr8	64891390	64891510	bb.chr8.64891390	-0.027529	0.243423	23	False
chr8	66471489	66471609	bb.chr8.66471489	0.007401	0.193326	23	False
chr8	67562026	67562146	bb.chr8.67562026	0.023822	0.068574	23	False
chr8	69083450	69083570	bb.chr8.69083450	-0.055441	0.244512	23	False
chr8	69815368	69815488	bb.chr8.69815368	-0.092027	0.412139	23	True
chr8	71089636	71089756	bb.chr8.71089636	0.008107	0.103952	23	False
chr8	71845217	71845337	bb.chr8.71845217	-0.011018	0.103001	23	False
chr8	72833495	72833615	bb.chr8.72833495	0.007277	0.131287	23	False
chr8	73975754	73975874	bb.chr8.73975754	-0.006734	0.157258	23	False
chr8	74660636	74660756	bb.chr8.74660636	-0.010600	0.153578	23	False
chr8	75415625	75415745	bb.chr8.75415625	-0.009360	0.107724	23	False
chr8	76187255	76187375	bb.chr8.76187255	-0.074645	0.330245	23	True
chr8	76681245	76681619	ZFHX4_exon_1	-0.031796	0.098019	23	False
chr8	76704041	76704304	ZFHX4_exon_2	0.029445	0.056929	23	False
chr8	76704304	76704568	ZFHX4_exon_2	0.036513	0.079518	23	False
chr8	76704568	76704831	ZFHX4_exon_2	-0.046128	0.073251	23	False
chr8	76704831	76705095	ZFHX4_exon_2	0.015309	0.066851	23	False
chr8	76705095	76705359	ZFHX4_exon_2	0.014052	0.080276	23	False
chr8	76705359	76705622	ZFHX4_exon_2	0.002811	0.083471	23	False
chr8	76705622	76705886	ZFHX4_exon_2	0.022524	0.062838	23	False
chr8	76705886	76706149	ZFHX4_exon_2	0.023480	0.076462	23	False
chr8	76706149	76706413	ZFHX4_exon_2	0.003229	0.086741	23	False
chr8	76706413	76706677	ZFHX4_exon_2	-0.002911	0.042165	23	False
chr8	76707544	76707795	ZFHX4_exon_3	-0.004405	0.060918	23	False
chr8	76707795	76708047	ZFHX4_exon_3	0.004406	0.054470	23	False
chr8	76778206	76778438	ZFHX4_exon_4	0.054686	0.072628	23	False
chr8	76833288	76833408	ZFHX4_exon_5	-0.003237	0.116102	23	False
chr8	76842651	76842771	ZFHX4_exon_6	0.114992	0.084776	23	False
chr8	76848993	76849127	ZFHX4_exon_7	0.011399	0.053918	23	False
chr8	76849510	76849711	ZFHX4_exon_8	0.009402	0.051447	23	False
chr8	76850242	76850362	ZFHX4_exon_9	0.021568	0.079290	23	False
chr8	76850884	76851154	ZFHX4_exon_10	-0.050438	0.080085	23	False
chr8	76851154	76851425	ZFHX4_exon_10	0.003387	0.070690	23	False
chr8	76851425	76851696	ZFHX4_exon_10	0.007691	0.065714	23	False
chr8	76851696	76851967	ZFHX4_exon_10	0.033252	0.061459	23	False
chr8	76851967	76852237	ZFHX4_exon_10	0.036972	0.072296	23	False
chr8	76852237	76852508	ZFHX4_exon_10	0.004813	0.067143	23	False
chr8	76852508	76852779	ZFHX4_exon_10	0.019418	0.071868	23	False
chr8	76852779	76853050	ZFHX4_exon_10	0.032596	0.086182	23	False
chr8	76853050	76853320	ZFHX4_exon_10	0.027358	0.125894	23	False
chr8	76853320	76853591	ZFHX4_exon_10	-0.007109	0.085867	23	False
chr8	76853591	76853862	ZFHX4_exon_10	-0.074040	0.065722	23	False
chr8	76853862	76854133	ZFHX4_exon_10	0.016546	0.072986	23	False
chr8	76854133	76854403	ZFHX4_exon_10	0.024621	0.082517	23	False
chr8	76854403	76854674	ZFHX4_exon_10	0.018554	0.072892	23	False
chr8	76854674	76854945	ZFHX4_exon_10	0.024435	0.053934	23	False
chr8	76854945	76855216	ZFHX4_exon_10	0.044059	0.057316	23	False
chr8	76855216	76855486	ZFHX4_exon_10	0.002550	0.061927	23	False
chr8	76855486	76855757	ZFHX4_exon_10	0.013461	0.067356	23	False
chr8	76855757	76856028	ZFHX4_exon_10	0.021768	0.068043	23	False
chr8	76856028	76856299	ZFHX4_exon_10	-0.043532	0.060175	23	False
chr8	76863092	76863353	ZFHX4_exon_11	0.041131	0.062457	23	False
chr8	76863353	76863615	ZFHX4_exon_11	0.013856	0.049392	23	False
chr8	76863615	76863877	ZFHX4_exon_11	0.015870	0.077158	23	False
chr8	76863877	76864139	ZFHX4_exon_11	0.013124	0.080232	23	False
chr8	76864139	76864400	ZFHX4_exon_11	0.010249	0.084879	23	False
chr8	76864400	76864662	ZFHX4_exon_11	-0.097850	0.094322	23	False
chr8	76864662	76864924	ZFHX4_exon_11	-0.023114	0.078388	23	False
chr8	76864924	76865186	ZFHX4_exon_11	0.025041	0.047492	23	False
chr8	76865186	76865447	ZFHX4_exon_11	-0.068736	0.066617	23	False
chr8	76865447	76865709	ZFHX4_exon_11	0.011521	0.071708	23	False
chr8	76865709	76865971	ZFHX4_exon_11	-0.063662	0.074654	23	False
chr8	76865971	76866233	ZFHX4_exon_11	0.021279	0.060475	23	False
chr8	76866233	76866494	ZFHX4_exon_11	-0.004935	0.121726	23	False
chr8	76866494	76866756	ZFHX4_exon_11	0.007780	0.088076	23	False
chr8	76866756	76867018	ZFHX4_exon_11	0.018904	0.119887	23	False
chr8	76867018	76867280	ZFHX4_exon_11	0.007722	0.261048	23	False
chr8	78038983	78039103	bb.chr8.78038983	-0.057196	0.129577	23	False
chr8	78717443	78717563	bb.chr8.78717443	0.002671	0.110871	23	False
chr8	79566662	79566782	bb.chr8.79566662	-0.034958	0.174553	23	False
chr8	80355860	80355980	bb.chr8.80355860	-0.030142	0.091339	23	False
chr8	81087996	81088116	bb.chr8.81087996	-0.291973	1.048145	23	True
chr8	81975798	81975918	bb.chr8.81975798	-0.013956	0.262968	23	False
chr8	82699086	82699206	bb.chr8.82699086	-2.585794	0.971632	5	True
chr8	83477576	83477696	bb.chr8.83477576	0.002253	0.118264	23	False
chr8	84209220	84209340	bb.chr8.84209220	-0.046966	0.089184	23	False
chr8	84966746	84966866	bb.chr8.84966746	-0.007398	0.247351	23	False
chr8	86176516	86176636	bb.chr8.86176516	-0.208530	0.606495	23	True
chr8	87240883	87241003	bb.chr8.87240883	0.007124	0.101994	23	False
chr8	88164324	88164444	bb.chr8.88164324	-0.035345	0.186647	23	False
chr8	89021041	89021161	bb.chr8.89021041	-0.012122	0.093166	23	False
chr8	90008546	90008666	bb.chr8.90008546	-0.022846	0.118849	23	False
chr8	91550926	91551046	bb.chr8.91550926	-0.046793	0.113219	23	False
chr8	93634349	93634469	bb.chr8.93634349	0.005624	0.104069	23	False
chr8	94401818	94401938	bb.chr8.94401818	-0.034887	0.114036	23	False
chr8	95458012	95458132	bb.chr8.95458012	0.069473	0.138444	23	False
chr8	96309610	96309730	bb.chr8.96309610	0.001059	0.137494	23	False
chr8	97013397	97013517	bb.chr8.97013397	-0.076530	0.316633	23	True
chr8	97748357	97748477	bb.chr8.97748357	0.054296	0.075984	23	False
chr8	98519438	98519558	bb.chr8.98519438	0.016170	0.084035	23	False
chr8	99179526	99179646	bb.chr8.99179526	-0.355486	0.808991	23	True
chr8	100788436	100788556	bb.chr8.100788436	-0.042743	0.523015	23	True
chr8	101602698	101602818	bb.chr8.101602698	-0.023524	0.102118	23	False
chr8	102373451	102373571	bb.chr8.102373451	-0.052575	0.182035	23	False
chr8	103142425	103142545	bb.chr8.103142425	-0.022687	0.071471	23	False
chr8	104173333	104173453	bb.chr8.104173333	0.039841	0.079078	23	False
chr8	104945732	104945852	bb.chr8.104945732	-0.035042	0.075605	23	False
chr8	105986482	105986602	bb.chr8.105986482	-0.054241	0.334155	23	True
chr8	106770107	106770227	bb.chr8.106770107	-0.026477	0.086971	23	False
chr8	108081290	108081410	bb.chr8.108081290	-0.035821	0.134430	23	False
chr8	108713127	108713247	bb.chr8.108713127	-0.037692	0.176256	23	False
chr8	109335113	109335233	bb.chr8.109335113	-0.007072	0.385194	23	True
chr8	111886291	111886411	bb.chr8.111886291	-0.084111	0.432456	23	True
chr8	112916650	112916770	bb.chr8.112916650	0.013067	0.130291	23	False
chr8	113687197	113687317	bb.chr8.113687197	-0.014429	0.147180	23	False
chr8	114348106	114348226	bb.chr8.114348106	-0.391388	1.007148	23	True
chr8	115233334	115233454	bb.chr8.115233334	0.009270	0.328797	23	True
chr8	116667404	116667524	bb.chr8.116667404	0.047527	0.333856	23	True
chr8	116845932	116846183	RAD21_exon_14	-0.079486	0.349550	23	True
chr8	116846183	116846434	RAD21_exon_14	0.018861	0.347636	23	True
chr8	116846434	116846685	RAD21_exon_14	0.020085	0.083877	23	False
chr8	116846685	116846936	RAD21_exon_14	0.039497	0.077693	23	False
chr8	116846936	116847187	RAD21_exon_14	0.015131	0.079227	23	False
chr8	116847187	116847438	RAD21_exon_14	-0.067958	0.059940	23	False
chr8	116847438	116847690	RAD21_exon_14	-0.010462	0.065201	23	False
chr8	116848928	116849048	RAD21_exon_13	0.042912	0.126284	23	False
chr8	116850616	116850766	RAD21_exon_12	-0.005018	0.089723	23	False
chr8	116851946	116852095	RAD21_exon_11	0.001960	0.059225	23	False
chr8	116852547	116852707	RAD21_exon_10	-0.053521	0.093277	23	False
chr8	116854243	116854467	RAD21_exon_9	0.088997	0.090009	23	False
chr8	116856165	116856285	RAD21_exon_8	-0.022320	0.079577	23	False
chr8	116856647	116856767	RAD21_exon_7	0.002083	0.071220	23	False
chr8	116857265	116857472	RAD21_exon_6	0.024122	0.058009	23	False
chr8	116858343	116858463	RAD21_exon_5	-0.014290	0.074065	23	False
chr8	116861829	116861949	RAD21_exon_4	0.004475	0.082645	23	False
chr8	116863133	116863253	RAD21_exon_3	0.010223	0.068277	23	False
chr8	116866584	116866760	RAD21_exon_2	-0.095099	0.039195	23	False
chr8	116874609	116874775	RAD21_exon_1	-0.079358	0.135169	23	False
chr8	117802984	117803104	bb.chr8.117802984	-0.002569	0.170767	23	False
chr8	118489970	118490090	bb.chr8.118489970	-0.035087	0.158946	23	False
chr8	119093148	119093268	bb.chr8.119093148	0.007897	0.080211	23	False
chr8	119834823	119834943	bb.chr8.119834823	-0.117923	0.455976	23	True
chr8	120677172	120677292	bb.chr8.120677172	-0.038428	0.137538	23	False
chr8	121950916	121951036	bb.chr8.121950916	0.022089	0.198011	23	False
chr8	122693856	122693976	bb.chr8.122693856	0.006288	0.163158	23	False
chr8	123460938	123461058	bb.chr8.123460938	-0.033537	0.075422	23	False
chr8	124228030	124228150	bb.chr8.124228030	0.013378	0.068539	23	False
chr8	124932640	124932760	bb.chr8.124932640	0.046304	0.135255	23	False
chr8	125971337	125971457	bb.chr8.125971337	0.090219	0.119985	23	False
chr8	126754822	126754942	bb.chr8.126754822	0.007281	0.157911	23	False
chr8	127584909	127585029	bb.chr8.127584909	-0.014340	0.098390	23	False
chr8	127736229	127736622	MYC_exon_1	0.006589	0.065933	23	False
chr8	127738246	127738503	MYC_exon_2	0.062135	0.046451	23	False
chr8	127738503	127738760	MYC_exon_2	0.045210	0.077117	23	False
chr8	127738760	127739018	MYC_exon_2	0.061873	0.046270	23	False
chr8	127740394	127740649	MYC_exon_3	0.039496	0.069782	23	False
chr8	127740649	127740905	MYC_exon_3	0.017930	0.072601	23	False
chr8	127740905	127741160	MYC_exon_3	0.017134	0.088969	23	False
chr8	127741160	127741416	MYC_exon_3	-0.074534	0.275322	23	False
chr8	127741416	127741672	MYC_exon_3	0.018191	0.070453	23	False
chr8	127741672	127741927	MYC_exon_3	0.014809	0.064207	23	False
chr8	127741927	127742183	MYC_exon_3	0.020116	0.052668	23	False
chr8	127742183	127742438	MYC_exon_3	-0.014799	0.061219	23	False
chr8	127742438	127742694	MYC_exon_3	-0.071948	0.081552	23	False
chr8	127742694	127742950	MYC_exon_3	0.055022	0.128716	23	False
chr8	128338567	128338687	bb.chr8.128338567	-0.012971	0.083923	23	False
chr8	129378094	129378214	bb.chr8.129378094	-0.003658	0.088983	23	False
chr8	130149265	130149385	bb.chr8.130149265	-0.386409	1.263923	23	True
chr8	130909650	130909770	bb.chr8.130909650	-0.050920	0.095327	23	False
chr8	131948826	131948946	bb.chr8.131948826	-0.033785	0.239356	23	False
chr8	132959101	132959221	bb.chr8.132959101	0.023472	0.168692	23	False
chr8	133773852	133773972	bb.chr8.133773852	-0.004284	0.167272	23	False
chr8	135203468	135203588	bb.chr8.135203468	-0.079542	0.386597	23	True
chr8	136328761	136328881	bb.chr8.136328761	0.030062	0.077410	23	False
chr8	137044246	137044366	bb.chr8.137044246	0.006458	0.136208	23	False
chr8	138133873	138133993	bb.chr8.138133873	-0.036470	0.229734	23	False
chr8	138906964	138907084	bb.chr8.138906964	-0.010334	0.083745	23	False
chr8	139677670	139677790	bb.chr8.139677670	0.108989	0.126599	23	False
chr8	140665772	140665892	bb.chr8.140665772	-0.029228	0.223716	23	False
chr8	141477696	141477816	bb.chr8.141477696	0.124665	0.129376	23	False
chr8	142680952	142681072	bb.chr8.142680952	-0.014927	0.176266	23	False
chr8	143711579	143711699	bb.chr8.143711579	-0.035145	0.151974	23	False
chr8	144281106	144281346	bb.chr8.144281106	0.064471	0.541385	23	True
chr8	144281346	144281586	bb.chr8.144281106	0.083075	0.496256	23	True
chr9	675540	675660	bb.chr9.675540	-0.033393	0.161254	23	False
chr9	1386297	1386417	bb.chr9.1386297	-0.010921	0.085435	23	False
chr9	2141132	2141252	bb.chr9.2141132	0.010360	0.078913	23	False
chr9	2798052	2798172	bb.chr9.2798052	-0.019874	0.093927	23	False
chr9	3573876	3573996	bb.chr9.3573876	-0.041916	0.267614	23	False
chr9	4191711	4191831	bb.chr9.4191711	-0.021314	0.102180	23	False
chr9	4864831	4864951	bb.chr9.4864831	0.014477	0.106987	23	False
chr9	5066672	5066792	JAK2_exon_10	-0.023962	0.076905	23	False
chr9	5069020	5069207	JAK2_exon_11	-0.126209	0.109539	23	False
chr9	5069927	5070047	JAK2_exon_12	-0.034055	0.095690	23	False
chr9	5072490	5072625	JAK2_exon_13	0.005349	0.115220	23	False
chr9	5073694	5073814	JAK2_exon_14	-0.041501	0.084982	23	False
chr9	5077455	5077575	JAK2_exon_15	-0.042486	0.243894	23	False
chr9	5078304	5078443	JAK2_exon_16	0.019457	0.059952	23	False
chr9	5610398	5610518	bb.chr9.5610398	0.014641	0.108039	23	False
chr9	6256232	6256352	bb.chr9.6256232	-0.390844	1.198604	23	True
chr9	6993788	6993908	bb.chr9.6993788	-0.030292	0.157054	23	False
chr9	8029790	8029910	bb.chr9.8029790	-0.004527	0.121953	23	False
chr9	9089750	9089870	bb.chr9.9089750	-0.117657	0.285441	23	False
chr9	9772551	9772671	bb.chr9.9772551	0.014203	0.161897	23	False
chr9	11190813	11190933	bb.chr9.11190813	0.027972	0.240678	23	False
chr9	11902036	11902156	bb.chr9.11902036	0.066185	0.073997	23	False
chr9	12956702	12956822	bb.chr9.12956702	-0.133992	0.862978	23	True
chr9	13649814	13649934	bb.chr9.13649814	-0.020138	0.229082	23	False
chr9	14694001	14694121	bb.chr9.14694001	-0.007836	0.077235	23	False
chr9	15370517	15370637	bb.chr9.15370517	0.053736	0.076930	23	False
chr9	16446098	16446218	bb.chr9.16446098	-0.013173	0.215074	23	False
chr9	17447388	17447508	bb.chr9.17447388	-0.000933	0.105354	23	False
chr9	18196006	18196126	bb.chr9.18196006	-0.012340	0.091156	23	False
chr9	18890217	18890337	bb.chr9.18890217	0.008395	0.093296	23	False
chr9	19752331	19752451	bb.chr9.19752331	-0.004340	0.105338	23	False
chr9	20631574	20631694	bb.chr9.20631574	-0.028248	0.103073	23	False
chr9	21967766	21967994	CDKN2A_exon_3	0.090731	0.076632	23	False
chr9	21967998	21968118	CDKN2A_exon_3	0.018430	0.136069	23	False
chr9	21968121	21968241	CDKN2A_exon_3	-0.050919	0.110531	23	False
chr9	21970900	21971207	CDKN2A_exon_2	-0.032655	0.090352	23	False
chr9	21974676	21974856	CDKN2A_exon_1	-0.065472	0.081778	23	False
chr9	22002901	22003158	CDKN2B_exon_2	0.052425	0.186993	23	False
chr9	22003158	22003415	CDKN2B_exon_2	-0.012188	0.188898	23	False
chr9	22003415	22003672	CDKN2B_exon_2	0.004371	0.142554	23	False
chr9	22003672	22003930	CDKN2B_exon_2	0.016586	0.119052	23	False
chr9	22003930	22004187	CDKN2B_exon_2	0.002268	0.048487	23	False
chr9	22004187	22004444	CDKN2B_exon_2	-0.045355	0.115984	23	False
chr9	22004444	22004702	CDKN2B_exon_2	0.039601	0.066025	23	False
chr9	22004702	22004959	CDKN2B_exon_2	-0.038134	0.064286	23	False
chr9	22004959	22005216	CDKN2B_exon_2	0.012957	0.071590	23	False
chr9	22005216	22005474	CDKN2B_exon_2	0.020967	0.071743	23	False
chr9	22005474	22005731	CDKN2B_exon_2	0.021713	0.071790	23	False
chr9	22005731	22005988	CDKN2B_exon_2	-0.023052	0.089640	23	False
chr9	22005988	22006246	CDKN2B_exon_2	0.051981	0.063397	23	False
chr9	22008796	22009050	CDKN2B_exon_1	0.005855	0.084790	23	False
chr9	22009050	22009304	CDKN2B_exon_1	0.006204	0.082005	23	False
chr9	22072660	22072780	bb.chr9.22072660	-0.007096	0.124745	23	False
chr9	23404073	23404193	bb.chr9.23404073	-0.001114	0.205095	23	False
chr9	24111185	24111305	bb.chr9.24111185	-0.031280	0.132734	23	False
chr9	24898868	24898988	bb.chr9.24898868	-0.073597	0.412985	23	True
chr9	25889671	25889791	bb.chr9.25889671	-0.019677	0.163879	23	False
chr9	26565855	26565975	bb.chr9.26565855	-0.029406	0.135678	23	False
chr9	27282555	27282675	bb.chr9.27282555	-0.002918	0.078789	23	False
chr9	27985752	27985872	bb.chr9.27985752	0.010549	0.142039	23	False
chr9	29399072	29399192	bb.chr9.29399072	0.014066	0.179104	23	False
chr9	30085352	30085472	bb.chr9.30085352	-0.724694	1.508064	23	True
chr9	31136895	31137015	bb.chr9.31136895	-0.139599	0.708550	23	True
chr9	32182127	32182247	bb.chr9.32182127	-0.004021	0.131942	23	False
chr9	33775309	33775429	bb.chr9.33775309	-0.010210	0.062147	23	False
chr9	34655379	34655499	bb.chr9.34655379	0.016404	0.119137	23	False
chr9	35682239	35682359	bb.chr9.35682239	0.023570	0.119806	23	False
chr9	36374147	36374267	bb.chr9.36374147	-0.011552	0.157440	23	False
chr9	36833267	36833558	PAX5_exon_10	0.087160	0.086952	23	False
chr9	36833558	36833849	PAX5_exon_10	0.120739	0.085092	23	False
chr9	36833878	36834160	PAX5_exon_10	0.149048	0.034944	23	False
chr9	36834160	36834443	PAX5_exon_10	0.137652	0.087294	23	False
chr9	36834459	36834727	PAX5_exon_10	0.141197	0.062453	23	False
chr9	36834727	36834996	PAX5_exon_10	0.008175	0.110232	23	False
chr9	36834996	36835264	PAX5_exon_10	-0.009781	0.075761	23	False
chr9	36835264	36835533	PAX5_exon_10	-0.095292	0.116901	23	False
chr9	36835533	36835801	PAX5_exon_10	0.017587	0.065430	23	False
chr9	36835801	36836070	PAX5_exon_10	0.005582	0.064069	23	False
chr9	36836070	36836338	PAX5_exon_10	0.005071	0.078363	23	False
chr9	36836338	36836607	PAX5_exon_10	0.043192	0.062748	23	False
chr9	36836607	36836875	PAX5_exon_10	0.006258	0.086464	23	False
chr9	36836875	36837144	PAX5_exon_10	0.012245	0.089377	23	False
chr9	36837144	36837412	PAX5_exon_10	0.020635	0.091767	23	False
chr9	36837412	36837681	PAX5_exon_10	0.013459	0.090785	23	False
chr9	36837681	36837949	PAX5_exon_10	0.006519	0.086909	23	False
chr9	36837949	36838218	PAX5_exon_10	0.017702	0.082225	23	False
chr9	36838218	36838486	PAX5_exon_10	0.010286	0.111658	23	False
chr9	36838486	36838755	PAX5_exon_10	0.016731	0.068859	23	False
chr9	36838755	36839023	PAX5_exon_10	-0.003192	0.079968	23	False
chr9	36839023	36839292	PAX5_exon_10	-0.008598	0.052163	23	False
chr9	36839292	36839560	PAX5_exon_10	0.040631	0.096647	23	False
chr9	36839560	36839829	PAX5_exon_10	0.027652	0.077290	23	False
chr9	36839829	36840097	PAX5_exon_10	-0.002490	0.089122	23	False
chr9	36840097	36840366	PAX5_exon_10	-0.059488	0.080939	23	False
chr9	36840366	36840635	PAX5_exon_10	0.000475	0.083006	23	False
chr9	36846835	36846955	PAX5_exon_9	0.018979	0.091980	23	False
chr9	36881994	36882114	PAX5_exon_8	0.019970	0.136726	23	False
chr9	36923358	36923478	PAX5_exon_7	0.027859	0.100016	23	False
chr9	36966547	36966723	PAX5_exon_6	-0.088201	0.098600	23	False
chr9	37002650	37002770	PAX5_exon_5	-0.026908	0.126117	23	False
chr9	37006464	37006584	PAX5_exon_4	0.024394	0.089789	23	False
chr9	37014995	37015193	PAX5_exon_3	-0.068651	0.039115	23	False
chr9	37020634	37020800	PAX5_exon_2	-0.058165	0.093921	23	False
chr9	37033984	37034267	PAX5_exon_1	-0.001502	0.166375	23	False
chr9	37081213	37081333	bb.chr9.37081213	-0.002495	0.176360	23	False
chr9	37782054	37782174	bb.chr9.37782054	0.003513	0.147756	23	False
chr9	38445304	38445424	bb.chr9.38445304	0.002549	0.095045	23	False
chr9	39100281	39100401	bb.chr9.39100281	-0.752134	1.495887	23	True
chr9	41673242	41673362	bb.chr9.41673242	-1.360814	2.663213	23	True
chr9	66902267	66902387	bb.chr9.66902267	0.014405	0.587776	23	True
chr9	68401417	68401537	bb.chr9.68401417	-0.009033	0.061425	23	False
chr9	69097248	69097368	bb.chr9.69097248	-0.001604	0.077138	23	False
chr9	70011775	70011895	bb.chr9.70011775	-0.007680	0.204062	23	False
chr9	70831066	70831186	bb.chr9.70831066	0.038506	0.203582	23	False
chr9	72250101	72250221	bb.chr9.72250101	-0.023943	0.080844	23	False
chr9	74671900	74672020	bb.chr9.74671900	0.018170	0.112443	23	False
chr9	75387922	75388042	bb.chr9.75387922	-0.022067	0.161462	23	False
chr9	76091975	76092095	bb.chr9.76091975	0.003961	0.127330	23	False
chr9	76802862	76802982	bb.chr9.76802862	-0.035640	0.308395	23	True
chr9	77522458	77522578	bb.chr9.77522458	-0.009743	0.099876	23	False
chr9	78533362	78533482	bb.chr9.78533362	0.009141	0.126839	23	False
chr9	79227007	79227127	bb.chr9.79227007	-0.063212	0.441242	23	True
chr9	81725875	81725995	bb.chr9.81725875	-0.008976	0.105104	23	False
chr9	82514856	82514976	bb.chr9.82514856	-0.003080	0.122719	23	False
chr9	83435277	83435397	bb.chr9.83435277	-0.005964	0.084542	23	False
chr9	83968081	83968352	HNRNPK_exon_17	-0.089325	0.127704	23	False
chr9	83968352	83968624	HNRNPK_exon_17	0.017872	0.148225	23	False
chr9	83968624	83968895	HNRNPK_exon_17	0.024039	0.057114	23	False
chr9	83968895	83969167	HNRNPK_exon_17	0.036677	0.084498	23	False
chr9	83969167	83969439	HNRNPK_exon_17	-0.054503	0.069802	23	False
chr9	83970160	83970330	HNRNPK_exon_16	-0.082711	0.066300	23	False
chr9	83970709	83970913	HNRNPK_exon_15,HNRNPK_exon_14	0.038262	0.089548	23	False
chr9	83971247	83971367	HNRNPK_exon_13	0.001635	0.079619	23	False
chr9	83971621	83971741	HNRNPK_exon_12	-0.113179	0.060590	23	False
chr9	83971880	83972188	HNRNPK_exon_11	-0.025697	0.042574	23	False
chr9	83972846	83972966	HNRNPK_exon_10	0.007556	0.095136	23	False
chr9	83973281	83973401	HNRNPK_exon_9	0.024713	0.074196	23	False
chr9	83973865	83973985	HNRNPK_exon_8	0.014241	0.093283	23	False
chr9	83974510	83974630	HNRNPK_exon_7	0.015474	0.137466	23	False
chr9	83975412	83975532	HNRNPK_exon_6	0.013212	0.083308	23	False
chr9	83976953	83977073	HNRNPK_exon_5	-0.028289	0.082715	23	False
chr9	83977685	83977805	HNRNPK_exon_4	0.017332	0.099708	23	False
chr9	83978185	83978305	HNRNPK_exon_3	0.004287	0.127616	23	False
chr9	83978351	83978471	HNRNPK_exon_2	0.012101	0.121901	23	False
chr9	83980095	83980215	HNRNPK_exon_1	-0.004727	0.138193	23	False
chr9	84587568	84587688	bb.chr9.84587568	-0.091212	0.307809	23	True
chr9	85237966	85238086	bb.chr9.85237966	0.014447	0.147741	23	False
chr9	86079886	86080006	bb.chr9.86079886	-0.027869	0.087199	23	False
chr9	87301304	87301424	bb.chr9.87301304	0.066254	0.201614	23	False
chr9	88264932	88265052	bb.chr9.88264932	0.017996	0.095029	23	False
chr9	88993074	88993194	bb.chr9.88993074	-0.011314	0.172715	23	False
chr9	89675899	89676019	bb.chr9.89675899	-0.023959	0.137929	23	False
chr9	90304802	90304922	bb.chr9.90304802	-0.031406	0.087405	23	False
chr9	90974632	90974752	bb.chr9.90974632	0.011632	0.089022	23	False
chr9	93059449	93059569	bb.chr9.93059449	0.003563	0.110326	23	False
chr9	93777412	93777532	bb.chr9.93777412	-0.074315	0.358124	23	True
chr9	95189468	95189588	bb.chr9.95189468	-0.001685	0.151156	23	False
chr9	96228961	96229081	bb.chr9.96228961	0.026153	0.115092	23	False
chr9	97649678	97649798	bb.chr9.97649678	0.064701	0.129661	23	False
chr9	98335106	98335226	bb.chr9.98335106	0.004582	0.173686	23	False
chr9	99061031	99061151	bb.chr9.99061031	-0.033343	0.134282	23	False
chr9	99870213	99870333	bb.chr9.99870213	-0.009318	0.106973	23	False
chr9	100782915	100783035	bb.chr9.100782915	0.026555	0.121839	23	False
chr9	101471476	101471596	bb.chr9.101471476	-0.064510	0.222761	23	False
chr9	102403327	102403447	bb.chr9.102403327	-0.297127	1.101908	23	True
chr9	103236531	103236651	bb.chr9.103236531	-0.033379	0.330376	23	True
chr9	104313485	104313605	bb.chr9.104313485	-0.011526	0.090763	23	False
chr9	104973466	104973586	bb.chr9.104973466	-0.014131	0.062352	23	False
chr9	105692002	105692122	bb.chr9.105692002	-0.181956	0.926155	23	True
chr9	106415230	106415350	bb.chr9.106415230	0.008633	0.104872	23	False
chr9	107072147	107072267	bb.chr9.107072147	-0.023942	0.115445	23	False
chr9	107727430	107727550	bb.chr9.107727430	0.002689	0.083692	23	False
chr9	108841027	108841147	bb.chr9.108841027	-0.016628	0.145242	23	False
chr9	109538030	109538150	bb.chr9.109538030	-0.064073	0.510459	23	True
chr9	110204164	110204284	bb.chr9.110204164	0.023711	0.081398	23	False
chr9	111655149	111655269	bb.chr9.111655149	0.045243	0.084248	23	False
chr9	112664974	112665094	bb.chr9.112664974	-0.005978	0.142057	23	False
chr9	113718507	113718627	bb.chr9.113718507	0.018481	0.094220	23	False
chr9	114693470	114693590	bb.chr9.114693470	-0.053379	0.101659	23	False
chr9	115394181	115394301	bb.chr9.115394181	-0.006961	0.113585	23	False
chr9	116170820	116170940	bb.chr9.116170820	-0.023148	0.126730	23	False
chr9	117227825	117227945	bb.chr9.117227825	-0.039344	0.102538	23	False
chr9	117921115	117921235	bb.chr9.117921115	-0.014104	0.103259	23	False
chr9	118999273	118999393	bb.chr9.118999273	-0.448367	1.151140	23	True
chr9	120096910	120097030	bb.chr9.120096910	-0.032376	0.087228	23	False
chr9	120876926	120877046	bb.chr9.120876926	-0.015517	0.187176	23	False
chr9	121786980	121787100	bb.chr9.121786980	-0.009689	0.164585	23	False
chr9	122615675	122615795	bb.chr9.122615675	-0.011852	0.128920	23	False
chr9	123435808	123435928	bb.chr9.123435808	-0.022252	0.083054	23	False
chr9	124594089	124594209	bb.chr9.124594089	-0.008345	0.154361	23	False
chr9	125967028	125967148	bb.chr9.125967028	0.033518	0.352982	23	True
chr9	127096179	127096299	bb.chr9.127096179	0.023527	0.097965	23	False
chr9	128431326	128431446	bb.chr9.128431326	0.006447	0.095075	23	False
chr9	129438714	129438834	bb.chr9.129438714	0.014733	0.082017	23	False
chr9	130157269	130157389	bb.chr9.130157269	0.009202	0.151065	23	False
chr9	131082312	131082432	bb.chr9.131082312	-0.014593	0.099422	23	False
chr9	132162363	132162483	bb.chr9.132162363	0.026501	0.112058	23	False
chr9	132888634	132888754	bb.chr9.132888634	-0.005958	0.100068	23	False
chr9	133538754	133538874	bb.chr9.133538754	0.011219	0.154492	23	False
chr9	134936744	134936864	bb.chr9.134936744	0.011978	0.128772	23	False
chr9	135637871	135637991	bb.chr9.135637871	-0.003380	0.117193	23	False
chr9	136494431	136494791	NOTCH1_exon_34	0.028680	0.056786	23	False
chr9	136494792	136495032	NOTCH1_exon_34	-0.025797	0.063902	23	False
chr9	136495032	136495272	NOTCH1_exon_34	-0.046037	0.061374	23	False
chr9	136495273	136495513	NOTCH1_exon_34	-0.039627	0.060272	23	False
chr9	136495513	136495753	NOTCH1_exon_34	-0.045972	0.068593	23	False
chr9	136495754	136495994	NOTCH1_exon_34	-0.054038	0.179823	23	False
chr9	136495994	136496234	NOTCH1_exon_34	-0.038546	0.064689	23	False
chr9	136496235	136496475	NOTCH1_exon_34	-0.034643	0.087812	23	False
chr9	136496475	136496715	NOTCH1_exon_34	-0.041991	0.093266	23	False
chr9	136496716	136496956	NOTCH1_exon_34	-0.029352	0.086324	23	False
chr9	136496956	136497196	NOTCH1_exon_34	-0.037570	0.090975	23	False
chr9	136497197	136497557	NOTCH1_exon_34	0.033929	0.108372	23	False
chr9	136498894	136499014	NOTCH1_exon_33	0.029310	0.092119	23	False
chr9	136499110	136499258	NOTCH1_exon_32	0.069495	0.099987	23	False
chr9	136500550	136500846	NOTCH1_exon_31	0.004663	0.080156	23	False
chr9	136501746	136501912	NOTCH1_exon_30	0.007280	0.074256	23	False
chr9	136501994	136502114	NOTCH1_exon_29	0.001964	0.124011	23	False
chr9	136502270	136502487	NOTCH1_exon_28	0.021643	0.099829	23	False
chr9	136503180	136503329	NOTCH1_exon_27	-0.001967	0.087885	23	False
chr9	136504671	136504887	NOTCH1_exon_26	0.096434	0.134185	23	False
chr9	136504887	136505103	NOTCH1_exon_26	0.101551	0.127566	23	False
chr9	136505308	136505594	NOTCH1_exon_25	0.069438	0.090859	23	False
chr9	136505594	136505880	NOTCH1_exon_25	0.050061	0.094333	23	False
chr9	136506521	136506641	NOTCH1_exon_24	0.047065	0.086883	23	False
chr9	136506714	136506972	NOTCH1_exon_23	-0.033594	0.105123	23	False
chr9	136507303	136507436	NOTCH1_exon_22	0.049013	0.090927	23	False
chr9	136507953	136508138	NOTCH1_exon_21	0.008563	0.083515	23	False
chr9	136508230	136508384	NOTCH1_exon_20	0.054921	0.106800	23	False
chr9	136508868	136509070	NOTCH1_exon_19	0.008736	0.107072	23	False
chr9	136509731	136509960	NOTCH1_exon_18	0.078182	0.095932	23	False
chr9	136510651	136510804	NOTCH1_exon_17	0.016276	0.116200	23	False
chr9	136511150	136511270	NOTCH1_exon_16	0.023409	0.158530	23	False
chr9	136513016	136513136	NOTCH1_exon_15	-0.002185	0.099976	23	False
chr9	136513390	136513536	NOTCH1_exon_14	0.000679	0.100243	23	False
chr9	136514508	136514701	NOTCH1_exon_13	-0.127129	0.085188	23	False
chr9	136515283	136515403	NOTCH1_exon_12	0.064297	0.085780	23	False
chr9	136515481	136515715	NOTCH1_exon_11	-0.012330	0.090713	23	False
chr9	136515976	136516096	NOTCH1_exon_10	0.021484	0.100129	23	False
chr9	136517267	136517387	NOTCH1_exon_9	0.029572	0.140594	23	False
chr9	136517750	136517936	NOTCH1_exon_8	-0.130245	0.091718	23	False
chr9	136518135	136518291	NOTCH1_exon_7	-0.089676	0.141431	23	False
chr9	136518589	136518823	NOTCH1_exon_6	0.058660	0.067533	23	False
chr9	136519442	136519562	NOTCH1_exon_5	0.029206	0.120518	23	False
chr9	136522848	136523187	NOTCH1_exon_4	-0.030197	0.087260	23	False
chr9	136523715	136523978	NOTCH1_exon_3	0.004936	0.090427	23	False
chr9	136544016	136544136	NOTCH1_exon_2	0.017839	0.134710	23	False
chr9	136545724	136546047	NOTCH1_exon_1	-0.094975	0.299797	23	False
chr9	136663714	136663834	bb.chr9.136663714	-0.028929	0.112012	23	False
chr9	138117259	138117379	bb.chr9.138117259	-0.028327	0.182043	23	False
chr10	970601	970721	bb.chr10.970601	-0.030858	0.107712	23	False
chr10	1704698	1704818	bb.chr10.1704698	-0.047294	0.129690	23	False
chr10	2698666	2698786	bb.chr10.2698666	-0.145163	0.691694	23	True
chr10	3980977	3981097	bb.chr10.3980977	-0.139324	0.800113	23	True
chr10	4977707	4977827	bb.chr10.4977707	-0.023278	0.084212	23	False
chr10	6491855	6491975	bb.chr10.6491855	0.004670	0.206209	23	False
chr10	7157032	7157152	bb.chr10.7157032	0.005198	0.106381	23	False
chr10	7984586	7984706	bb.chr10.7984586	-0.059097	0.329789	23	True
chr10	8733870	8733990	bb.chr10.8733870	-0.246927	0.725395	23	True
chr10	11111223	11111343	bb.chr10.11111223	-0.529276	1.387940	23	True
chr10	11772387	11772507	bb.chr10.11772387	0.013525	0.093583	23	False
chr10	12538530	12538650	bb.chr10.12538530	0.109437	0.109792	23	False
chr10	13321576	13321696	bb.chr10.13321576	-0.202285	0.662568	23	True
chr10	14547827	14547947	bb.chr10.14547827	-0.042681	0.093412	23	False
chr10	15236225	15236345	bb.chr10.15236225	-0.041433	0.187831	23	False
chr10	15946843	15946963	bb.chr10.15946843	-0.049797	0.074236	23	False
chr10	17099332	17099452	bb.chr10.17099332	-0.053240	0.351651	23	True
chr10	17785940	17786060	bb.chr10.17785940	-0.006889	0.087596	23	False
chr10	18340614	18340734	bb.chr10.18340614	0.083879	0.069389	23	False
chr10	19077461	19077581	bb.chr10.19077461	-0.035727	0.242593	23	False
chr10	19830680	19830800	bb.chr10.19830680	0.007364	0.091958	23	False
chr10	21681088	21681208	bb.chr10.21681088	-0.060455	0.430922	23	True
chr10	23110564	23110684	bb.chr10.23110564	-0.048632	0.790762	23	True
chr10	24149011	24149131	bb.chr10.24149011	-0.011333	0.113801	23	False
chr10	24867653	24867773	bb.chr10.24867653	-0.001840	0.212293	23	False
chr10	25652702	25652822	bb.chr10.25652702	-0.007115	0.098211	23	False
chr10	27004114	27004382	ANKRD26_exon_34	-0.021879	0.327467	23	True
chr10	27004382	27004650	ANKRD26_exon_34	-0.000655	0.130558	23	False
chr10	27004650	27004918	ANKRD26_exon_34	0.039855	0.090138	23	False
chr10	27004918	27005186	ANKRD26_exon_34	0.014245	0.082217	23	False
chr10	27005186	27005454	ANKRD26_exon_34	0.019383	0.096542	23	False
chr10	27005454	27005722	ANKRD26_exon_34	-0.018141	0.110058	23	False
chr10	27006896	27007016	ANKRD26_exon_33	-0.016354	0.174844	23	False
chr10	27012880	27013109	ANKRD26_exon_32	0.071401	0.078742	23	False
chr10	27014492	27014710	ANKRD26_exon_31	0.049618	0.173485	23	False
chr10	27017500	27017791	ANKRD26_exon_30	-0.027282	0.118484	23	False
chr10	27028828	27028948	ANKRD26_exon_27	-0.046809	0.201410	23	False
chr10	27029261	27029381	ANKRD26_exon_26	-0.011860	0.067518	23	False
chr10	27033223	27033376	ANKRD26_exon_25	0.009497	0.078391	23	False
chr10	27034794	27035033	ANKRD26_exon_24	0.074786	0.088375	23	False
chr10	27035033	27035272	ANKRD26_exon_24	-0.034751	0.091620	23	False
chr10	27035272	27035511	ANKRD26_exon_24	0.004490	0.073027	23	False
chr10	27035511	27035751	ANKRD26_exon_24	0.051387	0.130843	23	False
chr10	27037184	27037322	ANKRD26_exon_23	0.039492	0.078376	23	False
chr10	27037869	27038053	ANKRD26_exon_22	-0.120293	0.107081	23	False
chr10	27039963	27040177	ANKRD26_exon_21	0.010755	0.125486	23	False
chr10	27043424	27043566	ANKRD26_exon_20	0.011855	0.055510	23	False
chr10	27046351	27046522	ANKRD26_exon_18	-0.104546	0.070165	23	False
chr10	27048799	27048978	ANKRD26_exon_17	-0.111532	0.105224	23	False
chr10	27053318	27053438	ANKRD26_exon_16	0.032777	0.174681	23	False
chr10	27060307	27060427	ANKRD26_exon_15	0.067852	0.123844	23	False
chr10	27060508	27060628	ANKRD26_exon_14	0.050224	0.448726	23	True
chr10	27061125	27061245	ANKRD26_exon_13	-0.004958	0.104694	23	False
chr10	27063978	27064098	ANKRD26_exon_12	-0.004711	0.128497	23	False
chr10	27066464	27066584	ANKRD26_exon_11	-0.035418	0.137614	23	False
chr10	27067160	27067280	ANKRD26_exon_10	-0.000190	0.114170	23	False
chr10	27077336	27077539	ANKRD26_exon_9	-0.003926	0.078006	23	False
chr10	27077591	27077711	ANKRD26_exon_8	0.021983	0.123284	23	False
chr10	27079050	27079170	ANKRD26_exon_7	0.005282	0.084894	23	False
chr10	27082718	27082838	ANKRD26_exon_6	-0.065893	0.223467	23	False
chr10	27092397	27092517	ANKRD26_exon_4	-0.012171	0.096698	23	False
chr10	27093347	27093521	ANKRD26_exon_3	-0.065969	0.080225	23	False
chr10	27093680	27093800	ANKRD26_exon_2	-0.014054	0.069961	23	False
chr10	27155339	27155459	bb.chr10.27155339	-0.034629	0.148297	23	False
chr10	27877508	27877628	bb.chr10.27877508	-0.089166	0.623340	23	True
chr10	28904026	28904146	bb.chr10.28904026	-0.170491	0.965441	23	True
chr10	29939602	29939722	bb.chr10.29939602	-0.172218	0.659142	23	True
chr10	30893919	30894039	bb.chr10.30893919	-0.125680	0.711595	23	True
chr10	31686075	31686195	bb.chr10.31686075	0.000547	0.125158	23	False
chr10	32397555	32397675	bb.chr10.32397555	0.114221	0.263529	23	False
chr10	33102868	33102988	bb.chr10.33102868	-0.009136	0.141557	23	False
chr10	34167991	34168111	bb.chr10.34167991	-0.145061	0.753305	23	True
chr10	34931605	34931725	bb.chr10.34931605	-0.535744	1.398733	23	True
chr10	36425776	36425896	bb.chr10.36425776	0.033343	0.130679	23	False
chr10	37401255	37401375	bb.chr10.37401255	-0.034304	0.074597	23	False
chr10	38249783	38249903	bb.chr10.38249783	-0.007949	0.155897	23	False
chr10	43238098	43238218	bb.chr10.43238098	-0.021604	0.294408	23	False
chr10	44278448	44278568	bb.chr10.44278448	-0.017655	0.254010	23	False
chr10	44988800	44988920	bb.chr10.44988800	-0.002052	0.080489	23	False
chr10	45750792	45750912	bb.chr10.45750792	-0.015886	0.202512	23	False
chr10	45975053	45975173	bb.chr10.45975053	-0.050555	0.135644	23	False
chr10	47158927	47159047	bb.chr10.47158927	0.031228	0.093970	23	False
chr10	48341151	48341271	bb.chr10.48341151	0.104357	0.658447	23	True
chr10	49354683	49354803	bb.chr10.49354683	0.030582	0.129292	23	False
chr10	50343887	50344007	bb.chr10.50343887	-0.013505	0.109024	23	False
chr10	51053718	51053838	bb.chr10.51053718	-0.052326	0.221808	23	False
chr10	52066862	52066982	bb.chr10.52066862	-0.104404	0.454711	23	True
chr10	53095799	53095919	bb.chr10.53095799	-0.086233	0.338331	23	True
chr10	53717375	53717495	bb.chr10.53717375	-0.046121	0.242453	23	False
chr10	54464777	54464897	bb.chr10.54464777	-0.395781	1.124977	23	True
chr10	55126963	55127083	bb.chr10.55126963	0.004500	0.393486	23	True
chr10	56806247	56806367	bb.chr10.56806247	0.023338	0.194772	23	False
chr10	57607374	57607494	bb.chr10.57607374	-0.048546	0.115179	23	False
chr10	58347015	58347135	bb.chr10.58347015	-0.026536	0.067679	23	False
chr10	59346984	59347104	bb.chr10.59346984	-0.017466	0.183248	23	False
chr10	60131119	60131239	bb.chr10.60131119	-0.132573	0.443893	23	True
chr10	60893045	60893165	bb.chr10.60893045	-0.012391	0.145519	23	False
chr10	61563535	61563655	bb.chr10.61563535	-0.189610	0.519955	23	True
chr10	62471920	62472040	bb.chr10.62471920	0.006949	0.118389	23	False
chr10	63077758	63077878	bb.chr10.63077758	-0.002924	0.132833	23	False
chr10	63920664	63920784	bb.chr10.63920664	0.003925	0.080581	23	False
chr10	64653102	64653222	bb.chr10.64653102	-0.016063	0.128585	23	False
chr10	65896662	65896782	bb.chr10.65896662	-0.023479	0.118743	23	False
chr10	67151276	67151396	bb.chr10.67151276	-0.049727	0.446639	23	True
chr10	68174441	68174561	bb.chr10.68174441	-0.015789	0.080693	23	False
chr10	68994344	68994464	bb.chr10.68994344	-0.091977	0.390490	23	True
chr10	70426708	70426828	bb.chr10.70426708	0.012882	0.121298	23	False
chr10	71175445	71175565	bb.chr10.71175445	0.007663	0.108313	23	False
chr10	71796109	71796229	bb.chr10.71796109	0.007586	0.090709	23	False
chr10	72495173	72495293	bb.chr10.72495173	-0.168295	0.720359	23	True
chr10	74289773	74289893	bb.chr10.74289773	-0.025050	0.218682	23	False
chr10	75524556	75524676	bb.chr10.75524556	-0.061359	0.141552	23	False
chr10	76238737	76238857	bb.chr10.76238737	-0.032354	0.166075	23	False
chr10	77250206	77250326	bb.chr10.77250206	-0.014952	0.131636	23	False
chr10	78115392	78115512	bb.chr10.78115392	0.005866	0.092957	23	False
chr10	78718823	78718943	bb.chr10.78718823	0.005005	0.108800	23	False
chr10	79468140	79468260	bb.chr10.79468140	0.037905	0.077640	23	False
chr10	80664311	80664431	bb.chr10.80664311	0.000723	0.147564	23	False
chr10	81278449	81278569	bb.chr10.81278449	-0.001143	0.140881	23	False
chr10	82122945	82123065	bb.chr10.82122945	-0.001605	0.107291	23	False
chr10	82739518	82739638	bb.chr10.82739518	0.027017	0.122749	23	False
chr10	83806838	83806958	bb.chr10.83806838	-0.023073	0.092920	23	False
chr10	84536805	84536925	bb.chr10.84536805	0.000265	0.092168	23	False
chr10	85529133	85529253	bb.chr10.85529133	0.008874	0.082205	23	False
chr10	86199994	86200114	bb.chr10.86199994	0.013491	0.073246	23	False
chr10	87015927	87016047	bb.chr10.87015927	0.001824	0.121267	23	False
chr10	87863623	87863931	PTEN_exon_1	0.018378	0.096280	23	False
chr10	87863931	87864239	PTEN_exon_1	0.041200	0.144765	23	False
chr10	87864239	87864547	PTEN_exon_1	0.022845	0.048435	23	False
chr10	87894005	87894125	PTEN_exon_2	-0.028963	0.146282	23	False
chr10	87931032	87931152	PTEN_exon_4	-0.042383	0.129127	23	False
chr10	87933011	87933250	PTEN_exon_5	0.040423	0.095266	23	False
chr10	87952116	87952258	PTEN_exon_6	-0.006799	0.070517	23	False
chr10	87957851	87958018	PTEN_exon_7	-0.070563	0.046191	23	False
chr10	87960893	87961117	PTEN_exon_8	0.079108	0.119236	23	False
chr10	87965285	87965544	PTEN_exon_9	0.065347	0.102217	23	False
chr10	87965544	87965804	PTEN_exon_9	0.070568	0.085844	23	False
chr10	87965804	87966063	PTEN_exon_9	0.007716	0.056009	23	False
chr10	87966063	87966323	PTEN_exon_9	0.041120	0.068746	23	False
chr10	87966323	87966583	PTEN_exon_9	0.035049	0.104584	23	False
chr10	87966583	87966842	PTEN_exon_9	0.049583	0.115293	23	False
chr10	87966842	87967102	PTEN_exon_9	-0.077458	0.125090	23	False
chr10	87967102	87967362	PTEN_exon_9	0.026798	0.136466	23	False
chr10	87967362	87967621	PTEN_exon_9	-0.005486	0.207578	23	False
chr10	87967621	87967881	PTEN_exon_9	0.035935	0.093469	23	False
chr10	87967881	87968140	PTEN_exon_9	0.033693	0.082181	23	False
chr10	87968140	87968400	PTEN_exon_9	0.005217	0.068303	23	False
chr10	87968400	87968660	PTEN_exon_9	-0.004996	0.063111	23	False
chr10	87968660	87968919	PTEN_exon_9	-0.010558	0.106993	23	False
chr10	87968919	87969179	PTEN_exon_9	-0.063113	0.118495	23	False
chr10	87969179	87969439	PTEN_exon_9	0.018310	0.196400	23	False
chr10	87969556	87969830	PTEN_exon_9	0.053723	0.105153	23	False
chr10	87969830	87970105	PTEN_exon_9	0.000219	0.093210	23	False
chr10	87970105	87970380	PTEN_exon_9	-0.064027	0.078118	23	False
chr10	87970380	87970654	PTEN_exon_9	0.018296	0.117572	23	False
chr10	87970654	87970929	PTEN_exon_9	-0.009627	0.089052	23	False
chr10	87970929	87971204	PTEN_exon_9	0.144601	0.198553	23	False
chr10	87971233	87971465	PTEN_exon_9	0.179380	0.083161	23	False
chr10	87971465	87971697	PTEN_exon_9	0.020902	0.095714	23	False
chr10	87971697	87971929	PTEN_exon_9	0.013460	0.119140	23	False
chr10	89024938	89025058	bb.chr10.89024938	0.005712	0.131474	23	False
chr10	90039213	90039333	bb.chr10.90039213	0.007720	0.120165	23	False
chr10	90833983	90834103	bb.chr10.90833983	-0.018575	0.355647	23	True
chr10	91731244	91731364	bb.chr10.91731244	-0.085757	0.467999	23	True
chr10	93456806	93456926	bb.chr10.93456806	-0.085428	0.437472	23	True
chr10	94133235	94133355	bb.chr10.94133235	-0.028630	0.091323	23	False
chr10	94872436	94872556	bb.chr10.94872436	-0.003294	0.121791	23	False
chr10	95557523	95557643	bb.chr10.95557523	0.001794	0.075818	23	False
chr10	96621629	96621749	bb.chr10.96621629	0.012507	0.110108	23	False
chr10	97825603	97825723	bb.chr10.97825603	-0.031667	0.150378	23	False
chr10	98592969	98593089	bb.chr10.98592969	-0.034527	0.159398	23	False
chr10	99930233	99930353	bb.chr10.99930233	-0.001927	0.086157	23	False
chr10	100608342	100608462	bb.chr10.100608342	-0.025625	0.076958	23	False
chr10	101311592	101311712	bb.chr10.101311592	-0.017443	0.085041	23	False
chr10	102163079	102163199	bb.chr10.102163079	-0.006404	0.225734	23	False
chr10	103628873	103628993	bb.chr10.103628873	0.002037	0.124326	23	False
chr10	104419245	104419365	bb.chr10.104419245	0.013929	0.106077	23	False
chr10	105075560	105075680	bb.chr10.105075560	-0.015758	0.134190	23	False
chr10	107141386	107141506	bb.chr10.107141386	0.042932	0.223946	23	False
chr10	107839634	107839754	bb.chr10.107839634	-0.063931	0.237367	23	False
chr10	108646994	108647114	bb.chr10.108646994	0.019492	0.268909	23	False
chr10	109481362	109481482	bb.chr10.109481362	-0.098587	0.596448	23	True
chr10	110567693	110567830	SMC3_exon_1	0.028343	0.121570	23	False
chr10	110568900	110569020	SMC3_exon_2	0.045153	0.094993	23	False
chr10	110573680	110573800	SMC3_exon_3	0.007347	0.150119	23	False
chr10	110575303	110575423	SMC3_exon_4	-0.010660	0.092330	23	False
chr10	110577381	110577501	SMC3_exon_5	0.007264	0.108863	23	False
chr10	110577808	110577928	SMC3_exon_6	0.023386	0.098010	23	False
chr10	110578598	110578718	SMC3_exon_7	-0.003072	0.061569	23	False
chr10	110580901	110581021	SMC3_exon_8	-0.005348	0.081948	23	False
chr10	110581921	110582097	SMC3_exon_9	-0.089551	0.086712	23	False
chr10	110582543	110582663	SMC3_exon_10	-0.025023	0.095770	23	False
chr10	110583382	110583547	SMC3_exon_11	-0.071027	0.086808	23	False
chr10	110583840	110583960	SMC3_exon_12	0.023905	0.087233	23	False
chr10	110584181	110584395	SMC3_exon_13	0.051348	0.086163	23	False
chr10	110589598	110589718	SMC3_exon_14	-0.059655	0.158498	23	False
chr10	110589888	110590008	SMC3_exon_15	-0.037080	0.053750	23	False
chr10	110590410	110590571	SMC3_exon_16	-0.042500	0.073336	23	False
chr10	110590989	110591131	SMC3_exon_17	-0.002995	0.070283	23	False
chr10	110593071	110593222	SMC3_exon_18	-0.001075	0.057675	23	False
chr10	110596396	110596549	SMC3_exon_19	0.009526	0.088352	23	False
chr10	110598137	110598289	SMC3_exon_20	-0.007725	0.060788	23	False
chr10	110599652	110599811	SMC3_exon_21	-0.030162	0.049160	23	False
chr10	110600431	110600551	SMC3_exon_22	-0.020755	0.130752	23	False
chr10	110601014	110601134	SMC3_exon_23	0.065167	0.086936	23	False
chr10	110601635	110601755	SMC3_exon_24	-0.032999	0.128563	23	False
chr10	110601763	110601883	SMC3_exon_24	0.020023	0.096574	23	False
chr10	110601964	110602177	SMC3_exon_25	-0.000892	0.116927	23	False
chr10	110602472	110602664	SMC3_exon_26	0.027334	0.076457	23	False
chr10	110602823	110603001	SMC3_exon_27	0.076207	0.076561	23	False
chr10	110603175	110603295	SMC3_exon_28	0.005358	0.087577	23	False
chr10	110604229	110604459	SMC3_exon_29	0.023662	0.073487	23	False
chr10	110604459	110604689	SMC3_exon_29	0.031689	0.338852	23	True
chr10	110604796	110605075	SMC3_exon_29	0.095134	0.150828	23	False
chr10	110605075	110605354	SMC3_exon_29	0.069315	0.060969	23	False
chr10	110605474	110605760	SMC3_exon_29	0.074004	0.359746	23	True
chr10	110605760	110606047	SMC3_exon_29	0.032393	0.240783	23	False
chr10	111203334	111203454	bb.chr10.111203334	-0.036697	0.072814	23	False
chr10	111926527	111926647	bb.chr10.111926527	-0.010075	0.172357	23	False
chr10	112952164	112952284	bb.chr10.112952164	-0.049993	0.122452	23	False
chr10	114450151	114450271	bb.chr10.114450151	0.020211	0.459473	23	True
chr10	115951552	115951672	bb.chr10.115951552	-0.028532	0.154495	23	False
chr10	116800906	116801026	bb.chr10.116800906	-0.001890	0.079175	23	False
chr10	117714005	117714125	bb.chr10.117714005	-0.015723	0.123711	23	False
chr10	118457358	118457478	bb.chr10.118457358	-0.012265	0.126629	23	False
chr10	119218191	119218311	bb.chr10.119218191	-0.018463	0.077021	23	False
chr10	119977198	119977318	bb.chr10.119977198	0.045242	0.154473	23	False
chr10	120735101	120735221	bb.chr10.120735101	-0.004721	0.110860	23	False
chr10	121567072	121567192	bb.chr10.121567072	-0.001460	0.085048	23	False
chr10	122246801	122246921	bb.chr10.122246801	0.069205	0.132734	23	False
chr10	122954971	122955091	bb.chr10.122954971	0.034725	0.100554	23	False
chr10	123732889	123733009	bb.chr10.123732889	-0.036842	0.331153	23	True
chr10	124574396	124574516	bb.chr10.124574396	0.068422	0.102286	23	False
chr10	125425979	125426099	bb.chr10.125425979	-0.017964	0.145147	23	False
chr10	126338672	126338792	bb.chr10.126338672	0.028859	0.114063	23	False
chr10	126981634	126981754	bb.chr10.126981634	-0.003875	0.086734	23	False
chr10	127687909	127688029	bb.chr10.127687909	-0.873136	1.633083	18	True
chr10	128490322	128490442	bb.chr10.128490322	-0.014353	0.128260	23	False
chr10	130027782	130027902	bb.chr10.130027782	-0.012212	0.091361	23	False
chr10	131493071	131493191	bb.chr10.131493071	-0.073354	0.337913	23	True
chr10	132512514	132512634	bb.chr10.132512514	-0.018506	0.145664	23	False
chr10	133226719	133226839	bb.chr10.133226719	0.001461	0.106981	23	False
chr11	493025	493145	bb.chr11.493025	-0.016740	0.123159	23	False
chr11	532240	532521	HRAS_exon_6	-0.043840	0.044675	23	False
chr11	532631	532751	HRAS_exon_5	-0.014507	0.073709	23	False
chr11	533451	533611	HRAS_exon_4	-0.158623	0.086691	23	False
chr11	533764	533943	HRAS_exon_3	0.031576	0.093529	23	False
chr11	534210	534374	HRAS_exon_2	-0.072153	0.090004	23	False
chr11	535414	535591	HRAS_exon_1	-0.295052	0.543579	23	True
chr11	1642660	1642780	bb.chr11.1642660	0.019127	0.129886	23	False
chr11	2474225	2474345	bb.chr11.2474225	-0.032453	0.165721	23	False
chr11	3641911	3642031	bb.chr11.3641911	0.005874	0.169264	23	False
chr11	4409882	4410002	bb.chr11.4409882	-0.020430	0.230366	23	False
chr11	5248293	5248413	bb.chr11.5248293	-0.020355	0.094196	23	False
chr11	6631941	6632061	bb.chr11.6631941	-0.011697	0.140124	23	False
chr11	7507039	7507159	bb.chr11.7507039	0.005513	0.091305	23	False
chr11	8617718	8617838	bb.chr11.8617718	-0.007448	0.112147	23	False
chr11	9287798	9287918	bb.chr11.9287798	-0.017939	0.138297	23	False
chr11	9995215	9995335	bb.chr11.9995215	-0.014381	0.104110	23	False
chr11	11108494	11108614	bb.chr11.11108494	-0.020802	0.093063	23	False
chr11	11710397	11710517	bb.chr11.11710397	-0.028415	0.125935	23	False
chr11	12516303	12516423	bb.chr11.12516303	0.109766	0.112414	23	False
chr11	13346143	13346263	bb.chr11.13346143	-0.005307	0.104927	23	False
chr11	14191623	14191743	bb.chr11.14191623	-0.036095	0.433875	23	True
chr11	14277920	14278170	RRAS2_exon_6	0.014288	0.103775	23	False
chr11	14278170	14278421	RRAS2_exon_6	-0.016832	0.076659	23	False
chr11	14278421	14278671	RRAS2_exon_6	-0.034905	0.262611	23	False
chr11	14278671	14278922	RRAS2_exon_6	-0.012285	0.106264	23	False
chr11	14278922	14279172	RRAS2_exon_6	0.008214	0.084450	23	False
chr11	14279172	14279423	RRAS2_exon_6	-0.005646	0.129882	23	False
chr11	14281599	14281719	RRAS2_exon_5	0.019467	0.066780	23	False
chr11	14294463	14294583	RRAS2_exon_4	-0.013696	0.110742	23	False
chr11	14294750	14294870	RRAS2_exon_3	-0.010897	0.068307	23	False
chr11	14295749	14295869	RRAS2_exon_2	-0.007273	0.088523	23	False
chr11	14358761	14358971	RRAS2_exon_1	0.048359	0.146416	23	False
chr11	14358971	14359182	RRAS2_exon_1	0.067671	0.140187	23	False
chr11	14953898	14954018	bb.chr11.14953898	-0.031009	0.061673	23	False
chr11	16413087	16413207	bb.chr11.16413087	-0.022376	0.285567	23	False
chr11	17369248	17369368	bb.chr11.17369248	0.004410	0.111254	23	False
chr11	18607697	18607817	bb.chr11.18607697	-0.208536	0.703865	23	True
chr11	19228557	19228677	bb.chr11.19228557	-0.055048	0.182981	23	False
chr11	20041098	20041218	bb.chr11.20041098	-0.025866	0.108926	23	False
chr11	21714817	21714937	bb.chr11.21714817	0.003841	0.162702	23	False
chr11	22541367	22541487	bb.chr11.22541367	0.010144	0.212679	23	False
chr11	23405429	23405549	bb.chr11.23405429	-0.008722	0.111516	23	False
chr11	24152204	24152324	bb.chr11.24152204	-0.010217	0.111484	23	False
chr11	26197662	26197782	bb.chr11.26197662	0.000050	0.148741	23	False
chr11	27613712	27613832	bb.chr11.27613712	-0.007708	0.125990	23	False
chr11	28676648	28676768	bb.chr11.28676648	0.002232	0.130870	23	False
chr11	30025905	30026025	bb.chr11.30025905	-0.024721	0.182341	23	False
chr11	31110650	31110770	bb.chr11.31110650	-0.020054	0.082093	23	False
chr11	32356700	32356820	bb.chr11.32356700	0.035580	0.122964	23	False
chr11	32387773	32388054	WT1_exon_10	0.056327	0.102675	23	False
chr11	32388054	32388335	WT1_exon_10	0.031999	0.095179	23	False
chr11	32388335	32388616	WT1_exon_10	0.038381	0.059703	23	False
chr11	32388616	32388897	WT1_exon_10	0.052487	0.072435	23	False
chr11	32388897	32389178	WT1_exon_10	0.075351	0.054172	23	False
chr11	32391964	32392084	WT1_exon_9	-0.010394	0.084361	23	False
chr11	32392649	32392769	WT1_exon_8	-0.032347	0.073393	23	False
chr11	32396255	32396406	WT1_exon_7	0.003041	0.078698	23	False
chr11	32399947	32400067	WT1_exon_6	-0.021752	0.065956	23	False
chr11	32416456	32416576	WT1_exon_5	-0.027410	0.085095	23	False
chr11	32417542	32417662	WT1_exon_4	-0.054590	0.085883	23	False
chr11	32427947	32428067	WT1_exon_3	-0.021961	0.161915	23	False
chr11	32428496	32428616	WT1_exon_2	-0.052980	0.105219	23	False
chr11	32434698	32434978	WT1_exon_1	0.065855	0.074262	23	False
chr11	32434978	32435258	WT1_exon_1	-0.003948	0.147178	23	False
chr11	32435258	32435538	WT1_exon_1	0.060316	0.162792	23	False
chr11	33448274	33448394	bb.chr11.33448274	-0.004204	0.131216	23	False
chr11	34494643	34494763	bb.chr11.34494643	-0.006887	0.093253	23	False
chr11	35378368	35378488	bb.chr11.35378368	-0.007347	0.152304	23	False
chr11	36451442	36451562	bb.chr11.36451442	-0.015675	0.100361	23	False
chr11	37095205	37095325	bb.chr11.37095205	-0.053781	0.304342	23	True
chr11	37711698	37711818	bb.chr11.37711698	0.127513	0.197828	23	False
chr11	38486250	38486370	bb.chr11.38486250	-0.113962	0.294937	23	False
chr11	39589790	39589910	bb.chr11.39589790	0.012560	0.153292	23	False
chr11	40389310	40389430	bb.chr11.40389310	0.006364	0.084764	23	False
chr11	41143170	41143290	bb.chr11.41143170	-0.053405	0.295565	23	False
chr11	42348030	42348150	bb.chr11.42348030	0.022295	0.122447	23	False
chr11	43686535	43686655	bb.chr11.43686535	-0.039771	0.111501	23	False
chr11	44332986	44333106	bb.chr11.44332986	-0.008588	0.140181	23	False
chr11	45225258	45225378	bb.chr11.45225258	0.016807	0.076140	23	False
chr11	47867933	47868053	bb.chr11.47867933	-0.006635	0.103704	23	False
chr11	48489042	48489162	bb.chr11.48489042	0.022459	0.097679	23	False
chr11	49304360	49304480	bb.chr11.49304360	-0.032286	0.142729	23	False
chr11	50181206	50181326	bb.chr11.50181206	-0.039825	0.193892	23	False
chr11	55402806	55402926	bb.chr11.55402806	0.014016	0.291087	23	False
chr11	56270809	56270929	bb.chr11.56270809	0.029994	0.128199	23	False
chr11	57038736	57038856	bb.chr11.57038736	-0.919933	1.943937	21	True
chr11	58239208	58239328	bb.chr11.58239208	0.004003	0.085225	23	False
chr11	59716160	59716280	bb.chr11.59716160	-0.009751	0.079096	23	False
chr11	60770045	60770165	bb.chr11.60770045	-0.008843	0.168287	23	False
chr11	61669556	61669676	bb.chr11.61669556	-0.014853	0.096038	23	False
chr11	62411839	62411959	bb.chr11.62411839	-0.002626	0.103308	23	False
chr11	63220106	63220226	bb.chr11.63220106	-0.019723	0.115692	23	False
chr11	64376993	64377113	bb.chr11.64376993	-0.026849	0.148371	23	False
chr11	64764604	64764838	SF1_exon_13	0.068688	0.083642	23	False
chr11	64764838	64765072	SF1_exon_13	0.044540	0.086996	23	False
chr11	64765072	64765306	SF1_exon_13	0.206593	0.082485	23	False
chr11	64765335	64765678	SF1_exon_13	0.153081	0.047789	23	False
chr11	64765693	64765923	SF1_exon_13	0.056077	0.096616	23	False
chr11	64765923	64766154	SF1_exon_13	0.030965	0.129148	23	False
chr11	64766898	64767078	SF1_exon_12	0.013833	0.172806	23	False
chr11	64767175	64767295	SF1_exon_11	0.028566	0.052804	23	False
chr11	64767569	64767843	SF1_exon_10	0.033933	0.096968	23	False
chr11	64768104	64768285	SF1_exon_9	-0.095807	0.056536	23	False
chr11	64769014	64769134	SF1_exon_8	0.089875	0.057239	23	False
chr11	64769219	64769339	SF1_exon_7	-0.038744	0.040638	23	False
chr11	64769424	64769608	SF1_exon_6	0.041303	0.086315	23	False
chr11	64769960	64770080	SF1_exon_5	-0.000098	0.085109	23	False
chr11	64770254	64770407	SF1_exon_4	-0.113278	0.065981	23	False
chr11	64773411	64773531	SF1_exon_3	-0.006156	0.082896	23	False
chr11	64776500	64776620	SF1_exon_2	-0.001477	0.084155	23	False
chr11	64778360	64778541	SF1_exon_1	-0.092660	0.098908	23	False
chr11	65183896	65184016	bb.chr11.65183896	-0.037826	0.079851	23	False
chr11	65986531	65986651	bb.chr11.65986531	-0.012843	0.181366	23	False
chr11	66908459	66908579	bb.chr11.66908459	-0.033366	0.096332	23	False
chr11	67715231	67715351	bb.chr11.67715231	-0.001018	0.094620	23	False
chr11	68528373	68528493	bb.chr11.68528373	0.071453	0.421456	23	True
chr11	69861558	69861678	bb.chr11.69861558	-0.031905	0.120107	23	False
chr11	70673459	70673579	bb.chr11.70673459	-0.047623	0.259218	23	False
chr11	72474158	72474278	bb.chr11.72474158	-0.042707	0.128403	23	False
chr11	73234915	73235035	bb.chr11.73234915	0.022288	0.108300	23	False
chr11	74074221	74074341	bb.chr11.74074221	0.078092	0.076788	23	False
chr11	74680670	74680790	bb.chr11.74680670	0.012482	0.192038	23	False
chr11	75282973	75283093	bb.chr11.75282973	0.003999	0.140562	23	False
chr11	76647808	76647928	bb.chr11.76647808	-0.031604	0.097076	23	False
chr11	77927361	77927481	bb.chr11.77927361	0.014665	0.168648	23	False
chr11	78649064	78649184	bb.chr11.78649064	0.005565	0.146777	23	False
chr11	79716328	79716448	bb.chr11.79716328	-0.018465	0.071289	23	False
chr11	80556186	80556306	bb.chr11.80556186	-0.035752	0.159365	23	False
chr11	81389097	81389217	bb.chr11.81389097	-0.009144	0.135025	23	False
chr11	82229639	82229759	bb.chr11.82229639	-0.289593	0.770475	23	True
chr11	82846493	82846613	bb.chr11.82846493	-0.054258	0.349914	23	True
chr11	85114463	85114583	bb.chr11.85114463	-0.050610	0.155622	23	False
chr11	86244751	86245046	EED_exon_1	0.067274	0.062327	23	False
chr11	86245046	86245342	EED_exon_1	0.041518	0.066775	23	False
chr11	86250294	86250447	EED_exon_2	0.008451	0.061956	23	False
chr11	86252144	86252264	EED_exon_3	-0.005239	0.083830	23	False
chr11	86255184	86255304	EED_exon_4	0.003349	0.114702	23	False
chr11	86256388	86256508	EED_exon_5	-0.000390	0.088111	23	False
chr11	86257508	86257628	EED_exon_6	-0.005198	0.098612	23	False
chr11	86264170	86264290	EED_exon_7	0.004851	0.070189	23	False
chr11	86266081	86266215	EED_exon_8	0.007471	0.137572	23	False
chr11	86268447	86268567	EED_exon_9	-0.023472	0.065469	23	False
chr11	86276978	86277137	EED_exon_10	-0.030455	0.089238	23	False
chr11	86277916	86278036	EED_exon_11	0.001375	0.100323	23	False
chr11	86278397	86278603	EED_exon_12	0.055159	0.059475	23	False
chr11	86278603	86278809	EED_exon_12	0.048507	0.079881	23	False
chr11	87258288	87258408	bb.chr11.87258288	0.126969	0.105580	23	False
chr11	88550662	88550782	bb.chr11.88550662	0.000527	0.445319	23	True
chr11	89470218	89470338	bb.chr11.89470218	-0.024718	0.098480	23	False
chr11	90886838	90886958	bb.chr11.90886838	-0.028143	0.397377	23	True
chr11	91707429	91707549	bb.chr11.91707429	-0.013900	0.117195	23	False
chr11	92835326	92835446	bb.chr11.92835326	-0.019168	0.277919	23	False
chr11	93630024	93630144	bb.chr11.93630024	0.001312	0.109452	23	False
chr11	94456455	94456575	bb.chr11.94456455	-2.637860	0.000000	1	False
chr11	95583057	95583177	bb.chr11.95583057	0.060403	0.178303	23	False
chr11	96539394	96539514	bb.chr11.96539394	-0.008669	0.212071	23	False
chr11	97622716	97622836	bb.chr11.97622716	-0.056622	0.232125	23	False
chr11	98475317	98475437	bb.chr11.98475317	0.088100	0.151000	23	False
chr11	99344368	99344488	bb.chr11.99344368	-0.177083	0.697210	23	True
chr11	100558152	100558272	bb.chr11.100558152	0.004431	0.084577	23	False
chr11	102317451	102317571	BIRC3_exon_1	0.000638	0.098121	23	False
chr11	102321835	102322092	BIRC3_exon_2	0.057567	0.144830	23	False
chr11	102322092	102322349	BIRC3_exon_2	0.015832	0.075884	23	False
chr11	102322349	102322606	BIRC3_exon_2	0.007536	0.121988	23	False
chr11	102322606	102322864	BIRC3_exon_2	-0.106359	0.127330	23	False
chr11	102322864	102323121	BIRC3_exon_2	-0.082305	0.094090	23	False
chr11	102323121	102323378	BIRC3_exon_2	0.018034	0.146102	23	False
chr11	102323378	102323636	BIRC3_exon_2	0.053984	0.147721	23	False
chr11	102323636	102323893	BIRC3_exon_2	0.009813	0.351699	23	True
chr11	102323893	102324150	BIRC3_exon_2	0.042654	0.076165	23	False
chr11	102324150	102324408	BIRC3_exon_2	0.182891	0.067211	23	False
chr11	102324419	102324654	BIRC3_exon_2	0.118093	0.060659	23	False
chr11	102324654	102324890	BIRC3_exon_2	0.012150	0.070894	23	False
chr11	102324890	102325125	BIRC3_exon_2	0.032006	0.063402	23	False
chr11	102325125	102325361	BIRC3_exon_2	0.126705	0.047288	23	False
chr11	102325446	102325566	BIRC3_exon_3	0.059336	0.087571	23	False
chr11	102328049	102328169	BIRC3_exon_4	-0.015339	0.079424	23	False
chr11	102328890	102329010	BIRC3_exon_5	-0.040306	0.120640	23	False
chr11	102330997	102331117	BIRC3_exon_6	-0.035316	0.083978	23	False
chr11	102331120	102331240	BIRC3_exon_6	-0.019709	0.110005	23	False
chr11	102335964	102336219	BIRC3_exon_7	0.017581	0.126748	23	False
chr11	102336697	102336817	BIRC3_exon_8	0.049656	0.554696	23	True
chr11	102336907	102337198	BIRC3_exon_9	0.140635	0.108748	23	False
chr11	102337198	102337489	BIRC3_exon_9	0.013410	0.109785	23	False
chr11	102337620	102337858	BIRC3_exon_9	0.023593	0.103011	23	False
chr11	102337858	102338096	BIRC3_exon_9	-0.089761	0.047350	23	False
chr11	102338096	102338334	BIRC3_exon_9	-0.067393	0.098750	23	False
chr11	102338334	102338572	BIRC3_exon_9	0.084962	0.078991	23	False
chr11	102338587	102338858	BIRC3_exon_9	0.136487	0.041609	23	False
chr11	102338858	102339130	BIRC3_exon_9	0.026658	0.083301	23	False
chr11	102339130	102339402	BIRC3_exon_9	-0.034366	0.156935	23	False
chr11	102499363	102499483	bb.chr11.102499363	-0.018136	0.160682	23	False
chr11	103248632	103248752	bb.chr11.103248632	-0.156228	0.488803	23	True
chr11	104082199	104082319	bb.chr11.104082199	0.005608	0.099842	23	False
chr11	104824213	104824333	bb.chr11.104824213	-0.217416	1.000132	23	True
chr11	105478520	105478640	bb.chr11.105478520	-0.030830	0.350250	23	True
chr11	106447867	106447987	bb.chr11.106447867	-0.008363	0.060751	23	False
chr11	107719433	107719553	bb.chr11.107719433	0.007991	0.092140	23	False
chr11	108223065	108223185	ATM_exon_1	0.004825	0.089340	23	False
chr11	108227588	108227708	ATM_exon_2	0.020725	0.112722	23	False
chr11	108227770	108227890	ATM_exon_3	-0.000849	0.136944	23	False
chr11	108229176	108229322	ATM_exon_4	-0.022600	0.073313	23	False
chr11	108235668	108235833	ATM_exon_5	-0.077647	0.095679	23	False
chr11	108243951	108244117	ATM_exon_6	-0.068418	0.119298	23	False
chr11	108244786	108245025	ATM_exon_7	0.032191	0.083591	23	False
chr11	108246962	108247126	ATM_exon_8	-0.083701	0.128786	23	False
chr11	108248931	108249101	ATM_exon_9	-0.084045	0.108095	23	False
chr11	108250699	108251071	ATM_exon_10	-0.041239	0.087392	23	False
chr11	108251835	108252030	ATM_exon_11	-0.103983	0.088902	23	False
chr11	108252802	108252922	ATM_exon_12	0.002368	0.116247	23	False
chr11	108253812	108254038	ATM_exon_13	0.073216	0.089716	23	False
chr11	108256216	108256336	ATM_exon_14	0.001662	0.106670	23	False
chr11	108257482	108257602	ATM_exon_15	-0.007190	0.085486	23	False
chr11	108258981	108259101	ATM_exon_16	0.010990	0.084785	23	False
chr11	108267169	108267341	ATM_exon_17	-0.110762	0.069681	23	False
chr11	108268408	108268608	ATM_exon_18	-0.010433	0.071368	23	False
chr11	108271027	108271147	ATM_exon_19	0.027485	0.067110	23	False
chr11	108271249	108271405	ATM_exon_20	0.076917	0.074243	23	False
chr11	108272519	108272639	ATM_exon_21	0.080642	0.096312	23	False
chr11	108272725	108272845	ATM_exon_22	0.081732	0.082493	23	False
chr11	108279488	108279608	ATM_exon_23	0.019520	0.082652	23	False
chr11	108280993	108281167	ATM_exon_24	-0.091619	0.094158	23	False
chr11	108282708	108282878	ATM_exon_25	-0.091365	0.122781	23	False
chr11	108284225	108284345	ATM_exon_26	-0.023445	0.105989	23	False
chr11	108284352	108284472	ATM_exon_26	-0.033029	0.105498	23	False
chr11	108287596	108287716	ATM_exon_27	0.023634	0.064294	23	False
chr11	108288978	108289098	ATM_exon_28	-0.008672	0.077165	23	False
chr11	108289600	108289800	ATM_exon_29	-0.017988	0.111272	23	False
chr11	108292617	108292792	ATM_exon_30	-0.095300	0.053019	23	False
chr11	108293311	108293476	ATM_exon_31	-0.086104	0.117560	23	False
chr11	108294925	108295058	ATM_exon_32	0.028859	0.071852	23	False
chr11	108297285	108297405	ATM_exon_33	-0.019137	0.095242	23	False
chr11	108299712	108299884	ATM_exon_34	-0.112649	0.132017	23	False
chr11	108301646	108301788	ATM_exon_35	-0.000401	0.040215	23	False
chr11	108302851	108303028	ATM_exon_36	-0.104495	0.068308	23	False
chr11	108304673	108304851	ATM_exon_37	-0.115654	0.062242	23	False
chr11	108307865	108307985	ATM_exon_38	-0.016832	0.066355	23	False
chr11	108310158	108310314	ATM_exon_39	-0.031703	0.076251	23	False
chr11	108312393	108312513	ATM_exon_40	-0.022076	0.094149	23	False
chr11	108315803	108315923	ATM_exon_41	0.080823	0.066415	23	False
chr11	108316009	108316129	ATM_exon_42	0.084648	0.053553	23	False
chr11	108317371	108317520	ATM_exon_43	-0.021702	0.087446	23	False
chr11	108319944	108320064	ATM_exon_44	0.017429	0.105251	23	False
chr11	108321299	108321419	ATM_exon_45	0.014235	0.082988	23	False
chr11	108325308	108325543	ATM_exon_46	0.053845	0.093482	23	False
chr11	108326056	108326224	ATM_exon_47	-0.064685	0.066840	23	False
chr11	108327640	108327760	ATM_exon_48	-0.004096	0.090168	23	False
chr11	108329019	108329237	ATM_exon_49	0.081834	0.101045	23	False
chr11	108330212	108330420	ATM_exon_50	0.034882	0.068917	23	False
chr11	108331439	108331559	ATM_exon_51	-0.036480	0.117810	23	False
chr11	108331877	108332036	ATM_exon_52	-0.033617	0.051102	23	False
chr11	108332760	108332899	ATM_exon_53	0.019317	0.051687	23	False
chr11	108333850	108333970	ATM_exon_54	-0.047588	0.212359	23	False
chr11	108334967	108335108	ATM_exon_55	0.010968	0.054437	23	False
chr11	108335841	108335961	ATM_exon_56	-0.025040	0.081745	23	False
chr11	108343220	108343370	ATM_exon_57	0.006634	0.073998	23	False
chr11	108345741	108345907	ATM_exon_58	-0.060882	0.073633	23	False
chr11	108347251	108347371	ATM_exon_59	-0.021356	0.097822	23	False
chr11	108353761	108353881	ATM_exon_60	0.009510	0.093127	23	False
chr11	108354755	108354875	ATM_exon_61	-0.018560	0.074869	23	False
chr11	108365080	108365217	ATM_exon_62	0.051824	0.067437	23	False
chr11	108365323	108365553	ATM_exon_63	0.040182	0.075930	23	False
chr11	108365553	108365783	ATM_exon_63	0.038309	0.087854	23	False
chr11	108366047	108366357	ATM_exon_63	-0.027347	0.452099	23	True
chr11	108366357	108366667	ATM_exon_63	0.050752	0.097862	23	False
chr11	108366667	108366977	ATM_exon_63	0.029697	0.049176	23	False
chr11	108367329	108367639	ATM_exon_63	0.032101	0.070245	23	False
chr11	108367639	108367950	ATM_exon_63	0.025208	0.134453	23	False
chr11	108367950	108368261	ATM_exon_63	0.151498	0.117498	23	False
chr11	108368278	108368552	ATM_exon_63	0.093758	0.073283	23	False
chr11	108368552	108368826	ATM_exon_63	0.041869	0.062265	23	False
chr11	108368826	108369101	ATM_exon_63	-0.064470	0.428659	23	True
chr11	108474728	108474848	bb.chr11.108474728	-0.015975	0.115197	23	False
chr11	109076326	109076446	bb.chr11.109076326	-0.019716	0.091683	23	False
chr11	109938629	109938749	bb.chr11.109938629	-0.030863	0.393665	23	True
chr11	110773749	110773869	bb.chr11.110773749	0.003184	0.079596	23	False
chr11	111470504	111470624	bb.chr11.111470504	0.016452	0.115627	23	False
chr11	112167303	112167423	bb.chr11.112167303	-0.012482	0.122253	23	False
chr11	113836417	113836537	bb.chr11.113836417	0.004188	0.101480	23	False
chr11	114716372	114716492	bb.chr11.114716372	-0.009981	0.171013	23	False
chr11	116067374	116067494	bb.chr11.116067374	0.015318	0.104736	23	False
chr11	116941348	116941468	bb.chr11.116941348	-0.018332	0.201622	23	False
chr11	118277371	118277491	bb.chr11.118277371	-0.003253	0.133688	23	False
chr11	118436490	118436716	KMT2A_exon_1	-0.000899	0.255328	23	False
chr11	118436716	118436943	KMT2A_exon_1	0.029635	0.149652	23	False
chr11	118468762	118468882	KMT2A_exon_2	-0.003098	0.078931	23	False
chr11	118471660	118471925	KMT2A_exon_3	-0.033417	0.076624	23	False
chr11	118471925	118472190	KMT2A_exon_3	0.005932	0.100579	23	False
chr11	118472190	118472456	KMT2A_exon_3	0.029794	0.075559	23	False
chr11	118472456	118472721	KMT2A_exon_3	0.008299	0.065920	23	False
chr11	118472721	118472987	KMT2A_exon_3	-0.018038	0.096214	23	False
chr11	118472987	118473252	KMT2A_exon_3	-0.089099	0.065761	23	False
chr11	118473252	118473517	KMT2A_exon_3	-0.029058	0.091880	23	False
chr11	118473517	118473783	KMT2A_exon_3	0.032764	0.069866	23	False
chr11	118473783	118474048	KMT2A_exon_3	0.040173	0.104075	23	False
chr11	118474048	118474314	KMT2A_exon_3	-0.031484	0.051888	23	False
chr11	118476803	118476981	KMT2A_exon_4	-0.097631	0.040894	23	False
chr11	118477965	118478200	KMT2A_exon_5	0.050528	0.065532	23	False
chr11	118480158	118480278	KMT2A_exon_6	0.000708	0.080193	23	False
chr11	118481713	118482091	KMT2A_exon_7	-0.018075	0.064290	23	False
chr11	118482419	118482539	KMT2A_exon_8	-0.008912	0.106197	23	False
chr11	118484181	118484313	KMT2A_exon_9	0.027528	0.051642	23	False
chr11	118484857	118484977	KMT2A_exon_10	-0.010486	0.066785	23	False
chr11	118488612	118488759	KMT2A_exon_11	-0.027320	0.065004	23	False
chr11	118489787	118489907	KMT2A_exon_12	0.011742	0.093524	23	False
chr11	118490127	118490247	KMT2A_exon_13	0.068214	0.252910	23	False
chr11	118491195	118491315	KMT2A_exon_14	-0.002998	0.105859	23	False
chr11	118491742	118491927	KMT2A_exon_15	-0.102638	0.068109	23	False
chr11	118493055	118493229	KMT2A_exon_16	-0.096314	0.063377	23	False
chr11	118494281	118494401	KMT2A_exon_17	-0.044204	0.080530	23	False
chr11	118494690	118494810	KMT2A_exon_18	-0.006351	0.081853	23	False
chr11	118495698	118495892	KMT2A_exon_19	-0.124191	0.048344	23	False
chr11	118496252	118496372	KMT2A_exon_20	0.012726	0.099717	23	False
chr11	118497934	118498072	KMT2A_exon_21	0.037202	0.072674	23	False
chr11	118498368	118498527	KMT2A_exon_22	-0.029584	0.071270	23	False
chr11	118499300	118499420	KMT2A_exon_23	-0.006877	0.088972	23	False
chr11	118499827	118499947	KMT2A_exon_24	-0.003236	0.083234	23	False
chr11	118500985	118501146	KMT2A_exon_25	-0.043876	0.066653	23	False
chr11	118501670	118501856	KMT2A_exon_26	-0.117752	0.070004	23	False
chr11	118502396	118502661	KMT2A_exon_27	-0.033951	0.042315	23	False
chr11	118502661	118502927	KMT2A_exon_27	-0.007674	0.057587	23	False
chr11	118502927	118503192	KMT2A_exon_27	-0.004440	0.052209	23	False
chr11	118503192	118503458	KMT2A_exon_27	0.004100	0.053912	23	False
chr11	118503458	118503723	KMT2A_exon_27	-0.027666	0.049744	23	False
chr11	118503723	118503989	KMT2A_exon_27	-0.004920	0.056295	23	False
chr11	118503989	118504254	KMT2A_exon_27	0.025334	0.060009	23	False
chr11	118504254	118504520	KMT2A_exon_27	0.023462	0.055183	23	False
chr11	118504520	118504786	KMT2A_exon_27	0.019052	0.062110	23	False
chr11	118504786	118505051	KMT2A_exon_27	0.014798	0.070079	23	False
chr11	118505051	118505317	KMT2A_exon_27	0.037868	0.083885	23	False
chr11	118505317	118505582	KMT2A_exon_27	0.043526	0.073640	23	False
chr11	118505582	118505848	KMT2A_exon_27	-0.098722	0.046462	23	False
chr11	118505848	118506113	KMT2A_exon_27	0.010781	0.077681	23	False
chr11	118506113	118506379	KMT2A_exon_27	0.009706	0.073335	23	False
chr11	118506379	118506645	KMT2A_exon_27	-0.045117	0.058138	23	False
chr11	118507520	118507640	KMT2A_exon_28	0.002675	0.087981	23	False
chr11	118509130	118509250	KMT2A_exon_29	-0.002122	0.076531	23	False
chr11	118509946	118510117	KMT2A_exon_30	-0.108820	0.064514	23	False
chr11	118511941	118512061	KMT2A_exon_31	0.023753	0.103740	23	False
chr11	118519616	118519791	KMT2A_exon_32	-0.026550	0.060035	23	False
chr11	118519949	118520069	KMT2A_exon_33	-0.031772	0.058331	23	False
chr11	118520783	118520903	KMT2A_exon_34	-0.048788	0.084979	23	False
chr11	118521291	118521411	KMT2A_exon_35	-0.010253	0.100616	23	False
chr11	118521895	118522154	KMT2A_exon_36	0.068497	0.071872	23	False
chr11	118522154	118522414	KMT2A_exon_36	0.046383	0.066122	23	False
chr11	118522414	118522674	KMT2A_exon_36	-0.015511	0.071337	23	False
chr11	118522674	118522934	KMT2A_exon_36	0.032534	0.083834	23	False
chr11	118522934	118523193	KMT2A_exon_36	0.014970	0.064913	23	False
chr11	118523193	118523453	KMT2A_exon_36	0.025859	0.058258	23	False
chr11	118523453	118523713	KMT2A_exon_36	-0.084516	0.093060	23	False
chr11	118523713	118523973	KMT2A_exon_36	0.000282	0.064739	23	False
chr11	118523973	118524233	KMT2A_exon_36	-0.006498	0.071240	23	False
chr11	118524233	118524492	KMT2A_exon_36	-0.000273	0.051737	23	False
chr11	118524492	118524752	KMT2A_exon_36	-0.008123	0.090809	23	False
chr11	118524752	118525012	KMT2A_exon_36	0.013429	0.068712	23	False
chr11	118525012	118525272	KMT2A_exon_36	0.022975	0.063966	23	False
chr11	118525272	118525532	KMT2A_exon_36	0.016867	0.091519	23	False
chr11	118525532	118525791	KMT2A_exon_36	0.019679	0.160687	23	False
chr11	118525791	118526051	KMT2A_exon_36	0.022582	0.102460	23	False
chr11	118526051	118526311	KMT2A_exon_36	0.020462	0.071218	23	False
chr11	118526311	118526571	KMT2A_exon_36	-0.030514	0.106345	23	False
chr11	118526571	118526831	KMT2A_exon_36	0.040538	0.149990	23	False
chr11	118884969	118885089	bb.chr11.118884969	0.099862	0.092867	23	False
chr11	119206337	119206611	CBL_exon_1	0.030781	0.125043	23	False
chr11	119232446	119232566	CBL_exon_2	-0.030035	0.076299	23	False
chr11	119232574	119232694	CBL_exon_2	-0.007713	0.076629	23	False
chr11	119271733	119271880	CBL_exon_3	-0.027563	0.101702	23	False
chr11	119273866	119274023	CBL_exon_4	-0.003645	0.061982	23	False
chr11	119274831	119274951	CBL_exon_5	-0.004827	0.064906	23	False
chr11	119275995	119276133	CBL_exon_6	0.033955	0.058106	23	False
chr11	119277732	119277852	CBL_exon_7	-0.038801	0.053342	23	False
chr11	119278164	119278296	CBL_exon_8	0.037825	0.073593	23	False
chr11	119278508	119278712	CBL_exon_9	0.039773	0.049853	23	False
chr11	119284967	119285099	CBL_exon_10	0.068523	0.054542	23	False
chr11	119285187	119285565	CBL_exon_11	0.060804	0.054793	23	False
chr11	119287842	119287962	CBL_exon_12	-0.005534	0.098452	23	False
chr11	119296914	119297034	CBL_exon_13	-0.027477	0.076578	23	False
chr11	119297362	119297482	CBL_exon_14	0.100767	0.084266	23	False
chr11	119298356	119298539	CBL_exon_15	-0.109025	0.040989	23	False
chr11	119299493	119299767	CBL_exon_16	-0.022685	0.058148	23	False
chr11	119299767	119300042	CBL_exon_16	0.003932	0.060227	23	False
chr11	119300042	119300317	CBL_exon_16	0.007109	0.064503	23	False
chr11	119300317	119300591	CBL_exon_16	-0.019520	0.070234	23	False
chr11	119300591	119300866	CBL_exon_16	0.002807	0.051025	23	False
chr11	119300866	119301141	CBL_exon_16	0.121105	0.059309	23	False
chr11	119301158	119301422	CBL_exon_16	0.091849	0.075985	23	False
chr11	119301422	119301686	CBL_exon_16	0.026151	0.050539	23	False
chr11	119301686	119301950	CBL_exon_16	0.001882	0.048868	23	False
chr11	119301950	119302214	CBL_exon_16	0.013161	0.071728	23	False
chr11	119302214	119302479	CBL_exon_16	-0.003254	0.088763	23	False
chr11	119302479	119302743	CBL_exon_16	0.019147	0.084274	23	False
chr11	119302743	119303007	CBL_exon_16	0.017542	0.089687	23	False
chr11	119303007	119303271	CBL_exon_16	-0.001092	0.120090	23	False
chr11	119303271	119303536	CBL_exon_16	-0.011966	0.050886	23	False
chr11	119303536	119303800	CBL_exon_16	0.011761	0.078211	23	False
chr11	119303800	119304064	CBL_exon_16	-0.027579	0.068306	23	False
chr11	119304064	119304328	CBL_exon_16	-0.056785	0.065853	23	False
chr11	119304328	119304593	CBL_exon_16	-0.031819	0.067238	23	False
chr11	119304947	119305213	CBL_exon_16	-0.053625	0.049139	23	False
chr11	119305213	119305480	CBL_exon_16	0.043129	0.100161	23	False
chr11	119305480	119305747	CBL_exon_16	-0.084149	0.064212	23	False
chr11	119305747	119306014	CBL_exon_16	-0.016127	0.071569	23	False
chr11	119306014	119306280	CBL_exon_16	0.028566	0.071799	23	False
chr11	119306280	119306547	CBL_exon_16	-0.014931	0.092093	23	False
chr11	119306547	119306814	CBL_exon_16	0.029450	0.094027	23	False
chr11	119306814	119307081	CBL_exon_16	-0.026106	0.068582	23	False
chr11	119307081	119307347	CBL_exon_16	-0.052527	0.076983	23	False
chr11	119307347	119307614	CBL_exon_16	0.049333	0.099639	23	False
chr11	119307614	119307881	CBL_exon_16	0.055796	0.111945	23	False
chr11	119307881	119308148	CBL_exon_16	-0.039653	0.261901	23	False
chr11	119689679	119689799	bb.chr11.119689679	-0.024045	0.126287	23	False
chr11	120537302	120537422	bb.chr11.120537302	-0.015628	0.085095	23	False
chr11	121361044	121361164	bb.chr11.121361044	-0.033278	0.155728	23	False
chr11	122035835	122035955	bb.chr11.122035835	-0.018567	0.107719	23	False
chr11	122755666	122755786	bb.chr11.122755666	-0.001217	0.069071	23	False
chr11	123584341	123584461	bb.chr11.123584341	-0.029017	0.237587	23	False
chr11	124443122	124443242	bb.chr11.124443122	0.013764	0.093522	23	False
chr11	125097531	125097651	bb.chr11.125097531	0.014409	0.072185	23	False
chr11	126387128	126387248	bb.chr11.126387128	-0.001734	0.128700	23	False
chr11	127300005	127300125	bb.chr11.127300005	-0.004908	0.118133	23	False
chr11	128039441	128039561	bb.chr11.128039441	-0.018136	0.110751	23	False
chr11	128889213	128889333	bb.chr11.128889213	-0.000016	0.119883	23	False
chr11	129722525	129722645	bb.chr11.129722525	-0.018319	0.065698	23	False
chr11	130401723	130401843	bb.chr11.130401723	-0.028327	0.092037	23	False
chr11	131376607	131376727	bb.chr11.131376607	-0.050019	0.200343	23	False
chr11	132176308	132176428	bb.chr11.132176308	-0.026067	0.305367	23	True
chr11	132812262	132812382	bb.chr11.132812262	-0.015617	0.206054	23	False
chr11	133618960	133619080	bb.chr11.133618960	0.008048	0.097818	23	False
chr11	134466933	134467053	bb.chr11.134466933	0.027411	0.099492	23	False
chr12	189274	189394	bb.chr12.189274	-0.003806	0.112193	23	False
chr12	865129	865249	bb.chr12.865129	0.001517	0.115385	23	False
chr12	1498268	1498388	bb.chr12.1498268	0.031312	0.147251	23	False
chr12	2448703	2448823	bb.chr12.2448703	0.013161	0.088603	23	False
chr12	3460219	3460339	bb.chr12.3460219	-0.011690	0.079448	23	False
chr12	5247785	5247905	bb.chr12.5247785	0.006315	0.074806	23	False
chr12	5874671	5874791	bb.chr12.5874671	0.020683	0.094694	23	False
chr12	6789295	6789415	bb.chr12.6789295	0.006099	0.095870	23	False
chr12	7653910	7654030	bb.chr12.7653910	0.001234	0.207572	23	False
chr12	8842555	8842675	bb.chr12.8842555	0.013553	0.217976	23	False
chr12	9681553	9681673	bb.chr12.9681553	0.002034	0.109715	23	False
chr12	11519492	11519612	bb.chr12.11519492	-0.035365	0.289150	23	False
chr12	11649672	11649792	ETV6_exon_1	-0.044767	0.218889	23	False
chr12	11649794	11649914	ETV6_exon_1	0.058844	0.227266	23	False
chr12	11649917	11650037	ETV6_exon_1	0.048737	0.192849	23	False
chr12	11650039	11650159	ETV6_exon_1	-0.046364	0.114293	23	False
chr12	11752453	11752573	ETV6_exon_2	0.017621	0.063505	23	False
chr12	11839138	11839303	ETV6_exon_3	-0.066062	0.056418	23	False
chr12	11853425	11853560	ETV6_exon_4	0.020521	0.058856	23	False
chr12	11869422	11869695	ETV6_exon_5	-0.031518	0.087518	23	False
chr12	11869695	11869968	ETV6_exon_5	-0.019571	0.092198	23	False
chr12	11884443	11884586	ETV6_exon_6	-0.006740	0.059795	23	False
chr12	11885917	11886037	ETV6_exon_7	-0.047789	0.125695	23	False
chr12	11890939	11891214	ETV6_exon_8	-0.043374	0.035234	23	False
chr12	11891214	11891490	ETV6_exon_8	-0.077159	0.093469	23	False
chr12	11891490	11891766	ETV6_exon_8	-0.000964	0.099882	23	False
chr12	11891766	11892042	ETV6_exon_8	-0.108479	0.066545	23	False
chr12	11892042	11892318	ETV6_exon_8	-0.038250	0.104797	23	False
chr12	11892318	11892594	ETV6_exon_8	0.014661	0.122434	23	False
chr12	11892594	11892870	ETV6_exon_8	0.006076	0.063969	23	False
chr12	11892870	11893146	ETV6_exon_8	0.018123	0.064415	23	False
chr12	11893146	11893422	ETV6_exon_8	-0.038933	0.091784	23	False
chr12	11893422	11893698	ETV6_exon_8	0.010925	0.095412	23	False
chr12	11893945	11894231	ETV6_exon_8	0.066451	0.066663	23	False
chr12	11894231	11894517	ETV6_exon_8	0.005953	0.048678	23	False
chr12	11894517	11894803	ETV6_exon_8	0.010299	0.080900	23	False
chr12	11894803	11895089	ETV6_exon_8	0.020020	0.078135	23	False
chr12	11895089	11895376	ETV6_exon_8	0.070106	0.111969	23	False
chr12	12683094	12683214	bb.chr12.12683094	-0.600242	1.358364	22	True
chr12	12717366	12717602	CDKN1B_exon_1	0.056479	0.099433	23	False
chr12	12717602	12717839	CDKN1B_exon_1	-0.038396	0.084810	23	False
chr12	12717839	12718076	CDKN1B_exon_1	0.005139	0.113332	23	False
chr12	12718076	12718313	CDKN1B_exon_1	0.052150	0.053512	23	False
chr12	12718828	12718948	CDKN1B_exon_2	-0.017836	0.084305	23	False
chr12	12721034	12721300	CDKN1B_exon_3	-0.065648	0.082452	23	False
chr12	12721300	12721567	CDKN1B_exon_3	-0.031321	0.075988	23	False
chr12	12721567	12721834	CDKN1B_exon_3	0.031739	0.089690	23	False
chr12	12721834	12722101	CDKN1B_exon_3	0.045109	0.313137	23	True
chr12	12722101	12722368	CDKN1B_exon_3	-0.045875	0.102611	23	False
chr12	13527628	13527748	bb.chr12.13527628	0.093393	0.074847	23	False
chr12	14478117	14478237	bb.chr12.14478117	-0.076973	0.271427	23	False
chr12	15459846	15459966	bb.chr12.15459846	-0.031601	0.078285	23	False
chr12	16079088	16079208	bb.chr12.16079088	0.012075	0.084656	23	False
chr12	16848823	16848943	bb.chr12.16848823	-0.022991	0.142520	23	False
chr12	17462053	17462173	bb.chr12.17462053	-1.040344	1.928238	21	True
chr12	18404033	18404153	bb.chr12.18404033	-0.031735	0.281440	23	False
chr12	19553670	19553790	bb.chr12.19553670	0.009344	0.102797	23	False
chr12	20449854	20449974	bb.chr12.20449854	-0.003886	0.084253	23	False
chr12	21638417	21638537	bb.chr12.21638417	-0.070925	0.140721	23	False
chr12	22242850	22242970	bb.chr12.22242850	-0.049080	0.190238	23	False
chr12	22625169	22625377	ETNK1_exon_1	0.034661	0.086507	23	False
chr12	22625377	22625585	ETNK1_exon_1	0.026608	0.097701	23	False
chr12	22643761	22644021	ETNK1_exon_2	0.018115	0.096195	23	False
chr12	22659012	22659153	ETNK1_exon_3	0.015027	0.075541	23	False
chr12	22661061	22661204	ETNK1_exon_4	-0.014216	0.080630	23	False
chr12	22671252	22671372	ETNK1_exon_5	0.040575	0.172536	23	False
chr12	22673498	22673659	ETNK1_exon_6	-0.051806	0.072596	23	False
chr12	22684480	22684600	ETNK1_exon_7	0.071327	0.121365	23	False
chr12	22684880	22685150	ETNK1_exon_8	-0.063541	0.098093	23	False
chr12	22685150	22685420	ETNK1_exon_8	0.021170	0.120923	23	False
chr12	22685420	22685690	ETNK1_exon_8	-0.030004	0.308103	23	True
chr12	22685690	22685960	ETNK1_exon_8	0.029654	0.234834	23	False
chr12	22685960	22686230	ETNK1_exon_8	0.018827	0.096639	23	False
chr12	22686230	22686500	ETNK1_exon_8	0.055824	0.064510	23	False
chr12	22686500	22686770	ETNK1_exon_8	0.026668	0.500230	23	True
chr12	22686886	22687155	ETNK1_exon_8	0.030837	0.070851	23	False
chr12	22687155	22687425	ETNK1_exon_8	0.015743	0.085424	23	False
chr12	22687425	22687695	ETNK1_exon_8	0.011168	0.075418	23	False
chr12	22687695	22687965	ETNK1_exon_8	-0.020397	0.067170	23	False
chr12	22687965	22688235	ETNK1_exon_8	0.033883	0.118737	23	False
chr12	22688235	22688505	ETNK1_exon_8	0.017547	0.376454	23	True
chr12	22688505	22688774	ETNK1_exon_8	0.007589	0.084332	23	False
chr12	22688774	22689044	ETNK1_exon_8	0.002512	0.108422	23	False
chr12	22689044	22689314	ETNK1_exon_8	-0.000980	0.145502	23	False
chr12	22689314	22689584	ETNK1_exon_8	-0.036811	0.291412	23	False
chr12	22689584	22689854	ETNK1_exon_8	0.003207	0.054714	23	False
chr12	22689854	22690124	ETNK1_exon_8	0.012623	0.105706	23	False
chr12	22690124	22690394	ETNK1_exon_8	0.012325	0.147039	23	False
chr12	22690394	22690664	ETNK1_exon_8	-0.199648	0.669076	23	True
chr12	23057287	23057407	bb.chr12.23057287	-0.360360	1.179508	23	True
chr12	23738348	23738468	bb.chr12.23738348	0.008216	0.097862	23	False
chr12	25205244	25205496	KRAS_exon_5	-0.005018	0.089443	23	False
chr12	25205496	25205749	KRAS_exon_5	-0.074699	0.082111	23	False
chr12	25205749	25206001	KRAS_exon_5	-0.000626	0.529977	23	True
chr12	25206001	25206254	KRAS_exon_5	0.004617	0.200326	23	False
chr12	25206254	25206507	KRAS_exon_5	0.030867	0.232206	23	False
chr12	25206507	25206759	KRAS_exon_5	-0.027334	0.098383	23	False
chr12	25206759	25207012	KRAS_exon_5	-0.048136	0.161778	23	False
chr12	25207012	25207265	KRAS_exon_5	-0.005067	0.057195	23	False
chr12	25207518	25207783	KRAS_exon_5	-0.041077	0.090180	23	False
chr12	25207783	25208049	KRAS_exon_5	0.023270	0.080029	23	False
chr12	25208049	25208315	KRAS_exon_5	0.013624	0.109234	23	False
chr12	25208315	25208581	KRAS_exon_5	-0.059680	0.170786	23	False
chr12	25208581	25208846	KRAS_exon_5	0.020027	0.044136	23	False
chr12	25208846	25209112	KRAS_exon_5	0.012372	0.175245	23	False
chr12	25209112	25209378	KRAS_exon_5	-0.032823	0.109182	23	False
chr12	25209378	25209644	KRAS_exon_5	0.022027	0.106363	23	False
chr12	25209644	25209910	KRAS_exon_5	-0.065233	0.210632	23	False
chr12	25225612	25225772	KRAS_exon_4	-0.058335	0.078665	23	False
chr12	25227232	25227411	KRAS_exon_3	-0.111186	0.075348	23	False
chr12	25245273	25245393	KRAS_exon_2	-0.033810	0.084112	23	False
chr12	25250749	25250928	KRAS_exon_1	-0.110882	0.116906	23	False
chr12	25264300	25264420	bb.chr12.25264300	-0.032054	0.108712	23	False
chr12	26439295	26439415	bb.chr12.26439295	0.013947	0.163643	23	False
chr12	27621681	27621801	bb.chr12.27621681	0.017163	0.562268	23	True
chr12	28556707	28556827	bb.chr12.28556707	0.029715	0.104025	23	False
chr12	29415012	29415132	bb.chr12.29415012	-0.133095	0.663996	23	True
chr12	30346302	30346422	bb.chr12.30346302	-0.007970	0.133013	23	False
chr12	31195933	31196053	bb.chr12.31195933	-0.033140	0.449367	23	True
chr12	32079228	32079348	bb.chr12.32079228	-0.012974	0.104645	23	False
chr12	32882447	32882567	bb.chr12.32882447	-0.044010	0.129880	23	False
chr12	33581788	33581908	bb.chr12.33581788	-0.024513	0.123340	23	False
chr12	38329419	38329539	bb.chr12.38329419	-0.269252	1.047385	23	True
chr12	39181132	39181252	bb.chr12.39181132	-0.200612	0.678311	23	True
chr12	39796444	39796564	bb.chr12.39796444	0.004697	0.115247	23	False
chr12	40509238	40509358	bb.chr12.40509238	0.010670	0.099440	23	False
chr12	42904048	42904168	bb.chr12.42904048	-0.042632	0.173346	23	False
chr12	43547481	43547601	bb.chr12.43547481	0.025830	0.096305	23	False
chr12	44616378	44616498	bb.chr12.44616378	-0.292135	1.007904	23	True
chr12	46207213	46207333	bb.chr12.46207213	0.032007	0.224931	23	False
chr12	47088823	47088943	bb.chr12.47088823	-0.008018	0.144308	23	False
chr12	48151710	48151830	bb.chr12.48151710	-0.071728	0.364929	23	True
chr12	48883488	48883608	bb.chr12.48883488	-0.009602	0.126328	23	False
chr12	49623516	49623636	PRPF40B_exon_1	-0.046517	0.196616	23	False
chr12	49630522	49630642	PRPF40B_exon_2	-0.004733	0.162272	23	False
chr12	49631399	49631543	PRPF40B_exon_3	-0.003389	0.150927	23	False
chr12	49631819	49631939	PRPF40B_exon_4	-0.000811	0.092768	23	False
chr12	49632514	49632634	PRPF40B_exon_5	0.015090	0.124143	23	False
chr12	49632825	49632945	PRPF40B_exon_6	-0.007361	0.082217	23	False
chr12	49633007	49633127	PRPF40B_exon_7	0.029831	0.196760	23	False
chr12	49633425	49633545	PRPF40B_exon_8	0.008723	0.049773	23	False
chr12	49633588	49633708	PRPF40B_exon_9	-0.005392	0.071616	23	False
chr12	49633884	49634091	PRPF40B_exon_10	0.079686	0.078480	23	False
chr12	49634332	49634452	PRPF40B_exon_11	0.055536	0.044118	23	False
chr12	49634521	49634641	PRPF40B_exon_12	0.060664	0.088930	23	False
chr12	49635097	49635262	PRPF40B_exon_13	0.035060	0.047909	23	False
chr12	49635357	49635477	PRPF40B_exon_14	0.031168	0.061607	23	False
chr12	49635841	49635992	PRPF40B_exon_15	0.006726	0.064035	23	False
chr12	49636714	49636848	PRPF40B_exon_16	0.016876	0.060182	23	False
chr12	49637465	49637585	PRPF40B_exon_17	-0.136275	0.088661	23	False
chr12	49637707	49637827	PRPF40B_exon_18	-0.139927	0.176804	23	False
chr12	49641904	49642024	PRPF40B_exon_19	0.032519	0.103922	23	False
chr12	49642233	49642371	PRPF40B_exon_20	0.020853	0.084483	23	False
chr12	49642570	49642690	PRPF40B_exon_21	0.050535	0.088360	23	False
chr12	49642921	49643041	PRPF40B_exon_22	0.009643	0.060253	23	False
chr12	49643221	49643396	PRPF40B_exon_23	-0.148909	0.088258	23	False
chr12	49643689	49643809	PRPF40B_exon_24	0.029784	0.105890	23	False
chr12	49643859	49644003	PRPF40B_exon_25	0.056244	0.060118	23	False
chr12	49644098	49644381	PRPF40B_exon_26	0.137983	0.081923	23	False
chr12	49644381	49644664	PRPF40B_exon_26	0.051200	0.065521	23	False
chr12	49967257	49967377	bb.chr12.49967257	0.002924	0.091506	23	False
chr12	53289142	53289262	bb.chr12.53289142	0.053906	0.116808	23	False
chr12	54217186	54217306	bb.chr12.54217186	0.007339	0.136419	23	False
chr12	54292109	54292363	NFE2_exon_3	0.025866	0.065427	23	False
chr12	54292363	54292617	NFE2_exon_3	0.017314	0.079708	23	False
chr12	54292617	54292871	NFE2_exon_3	-0.004961	0.079340	23	False
chr12	54292871	54293125	NFE2_exon_3	0.007171	0.106474	23	False
chr12	54293125	54293380	NFE2_exon_3	0.048561	0.057056	23	False
chr12	54295133	54295303	NFE2_exon_2	-0.076489	0.088679	23	False
chr12	54300799	54301014	NFE2_exon_1	0.013954	0.070401	23	False
chr12	55368675	55368795	bb.chr12.55368675	0.026610	0.437784	23	True
chr12	57268720	57268840	bb.chr12.57268720	-0.239459	0.764066	23	True
chr12	58410346	58410466	bb.chr12.58410346	-0.003045	0.074911	23	False
chr12	59314986	59315106	bb.chr12.59314986	0.031999	0.172207	23	False
chr12	60187131	60187251	bb.chr12.60187131	-0.180878	0.688661	23	True
chr12	60877726	60877846	bb.chr12.60877726	-0.262883	0.730160	23	True
chr12	61987572	61987692	bb.chr12.61987572	-0.108017	0.526127	23	True
chr12	62610162	62610282	bb.chr12.62610162	-0.047083	0.152809	23	False
chr12	63439631	63439751	bb.chr12.63439631	-0.020838	0.130519	23	False
chr12	64109188	64109308	bb.chr12.64109188	-0.011482	0.224817	23	False
chr12	64992579	64992699	bb.chr12.64992579	-0.010977	0.124514	23	False
chr12	65838333	65838453	bb.chr12.65838333	-0.049507	0.133257	23	False
chr12	66795297	66795417	bb.chr12.66795297	-0.009093	0.080553	23	False
chr12	67885439	67885559	bb.chr12.67885439	-0.024961	0.066844	23	False
chr12	68488200	68488320	bb.chr12.68488200	-0.005299	0.103634	23	False
chr12	69179703	69179823	bb.chr12.69179703	-0.043413	0.365141	23	True
chr12	70622801	70622921	bb.chr12.70622801	-0.026282	0.179792	23	False
chr12	71351261	71351381	bb.chr12.71351261	-0.024978	0.186544	23	False
chr12	73135849	73135969	bb.chr12.73135849	-0.017535	0.492750	23	True
chr12	73780334	73780454	bb.chr12.73780334	-0.033327	0.336381	23	True
chr12	75448976	75449096	bb.chr12.75448976	-0.030419	0.297116	23	False
chr12	76882403	76882523	bb.chr12.76882403	0.023264	0.210358	23	False
chr12	77858869	77858989	bb.chr12.77858869	0.008005	0.103428	23	False
chr12	79303447	79303567	bb.chr12.79303447	-0.071255	0.741838	23	True
chr12	80744082	80744202	bb.chr12.80744082	0.001869	0.125081	23	False
chr12	82276671	82276791	bb.chr12.82276671	-0.018856	0.110334	23	False
chr12	82880402	82880522	bb.chr12.82880402	0.010284	0.099238	23	False
chr12	84833803	84833923	bb.chr12.84833803	-0.022968	0.175869	23	False
chr12	86259790	86259910	bb.chr12.86259790	-0.096531	0.427703	23	True
chr12	87329510	87329630	bb.chr12.87329510	0.043375	0.093929	23	False
chr12	87953320	87953440	bb.chr12.87953320	-0.055713	0.664845	23	True
chr12	91934947	91935067	bb.chr12.91934947	-0.900716	1.670207	23	True
chr12	92140276	92140536	BTG1_exon_2	0.039729	0.136631	23	False
chr12	92140536	92140797	BTG1_exon_2	0.012799	0.227715	23	False
chr12	92140797	92141057	BTG1_exon_2	0.017178	0.144677	23	False
chr12	92141057	92141318	BTG1_exon_2	0.003808	0.088452	23	False
chr12	92141318	92141579	BTG1_exon_2	0.014519	0.063390	23	False
chr12	92141579	92141839	BTG1_exon_2	-0.034996	0.054909	23	False
chr12	92141839	92142100	BTG1_exon_2	-0.022142	0.105062	23	False
chr12	92142100	92142361	BTG1_exon_2	0.030530	0.090112	23	False
chr12	92142361	92142621	BTG1_exon_2	-0.025434	0.096562	23	False
chr12	92142621	92142882	BTG1_exon_2	0.005925	0.076766	23	False
chr12	92142882	92143142	BTG1_exon_2	0.018481	0.202021	23	False
chr12	92143142	92143403	BTG1_exon_2	-0.004352	0.116722	23	False
chr12	92143403	92143664	BTG1_exon_2	-0.000098	0.084241	23	False
chr12	92143664	92143924	BTG1_exon_2	-0.011641	0.110630	23	False
chr12	92143924	92144185	BTG1_exon_2	-0.048281	0.078972	23	False
chr12	92144185	92144446	BTG1_exon_2	0.054006	0.098587	23	False
chr12	92145386	92145615	BTG1_exon_1	0.059685	0.077648	23	False
chr12	92145615	92145845	BTG1_exon_1	0.046649	0.093576	23	False
chr12	93362322	93362442	bb.chr12.93362322	0.007631	0.147194	23	False
chr12	94259391	94259511	bb.chr12.94259391	-0.256451	0.996969	23	True
chr12	96334188	96334308	bb.chr12.96334188	-0.344246	1.085719	23	True
chr12	96947644	96947764	bb.chr12.96947644	0.006998	0.075728	23	False
chr12	99420363	99420483	bb.chr12.99420363	-0.807659	1.684636	23	True
chr12	100833610	100833730	bb.chr12.100833610	-0.006674	0.107483	23	False
chr12	101749472	101749592	bb.chr12.101749472	0.111897	0.188019	23	False
chr12	103218467	103218587	bb.chr12.103218467	-0.027498	0.153352	23	False
chr12	103818793	103818913	bb.chr12.103818793	-0.012301	0.165954	23	False
chr12	104425269	104425389	bb.chr12.104425269	-0.025830	0.144106	23	False
chr12	105048348	105048468	bb.chr12.105048348	-0.033024	0.080527	23	False
chr12	105939002	105939122	bb.chr12.105939002	-0.086269	0.417284	23	True
chr12	106897545	106897665	bb.chr12.106897545	0.011098	0.157249	23	False
chr12	107713078	107713198	bb.chr12.107713078	0.006426	0.221826	23	False
chr12	108900215	108900335	bb.chr12.108900215	-0.019695	0.077476	23	False
chr12	109737525	109737645	bb.chr12.109737525	0.011117	0.128187	23	False
chr12	110820314	110820434	bb.chr12.110820314	0.056397	0.090711	23	False
chr12	111405921	111406276	SH2B3_exon_1	-0.031457	0.158748	23	False
chr12	111418117	111418370	SH2B3_exon_2	-0.004602	0.060778	23	False
chr12	111418370	111418623	SH2B3_exon_2	0.017585	0.130945	23	False
chr12	111418623	111418876	SH2B3_exon_2	-0.017298	0.115184	23	False
chr12	111446752	111446872	SH2B3_exon_3	0.011651	0.057245	23	False
chr12	111446920	111447040	SH2B3_exon_4	0.082830	0.063276	23	False
chr12	111447113	111447233	SH2B3_exon_5	-0.033423	0.048966	23	False
chr12	111447328	111447543	SH2B3_exon_6	-0.036481	0.075210	23	False
chr12	111447654	111447826	SH2B3_exon_7	-0.004719	0.069949	23	False
chr12	111447981	111448264	SH2B3_exon_8	0.034329	0.069591	23	False
chr12	111448264	111448547	SH2B3_exon_8	0.006691	0.058669	23	False
chr12	111448547	111448831	SH2B3_exon_8	0.020611	0.087442	23	False
chr12	111448831	111449114	SH2B3_exon_8	-0.008236	0.043027	23	False
chr12	111449114	111449398	SH2B3_exon_8	0.023703	0.069563	23	False
chr12	111449398	111449681	SH2B3_exon_8	0.025166	0.094210	23	False
chr12	111449681	111449965	SH2B3_exon_8	0.063795	0.070673	23	False
chr12	111450226	111450505	SH2B3_exon_8	0.070325	0.049345	23	False
chr12	111450505	111450784	SH2B3_exon_8	0.002452	0.084841	23	False
chr12	111450784	111451063	SH2B3_exon_8	0.017430	0.094723	23	False
chr12	111451063	111451342	SH2B3_exon_8	0.009877	0.071868	23	False
chr12	111451342	111451622	SH2B3_exon_8	0.075306	0.092698	23	False
chr12	112418945	112419124	PTPN11_exon_1	-0.113511	0.140082	23	False
chr12	112446275	112446395	PTPN11_exon_2	0.000734	0.061242	23	False
chr12	112450316	112450511	PTPN11_exon_3	-0.092188	0.077074	23	False
chr12	112453193	112453386	PTPN11_exon_4	-0.135010	0.102912	23	False
chr12	112454560	112454680	PTPN11_exon_5	0.080633	0.076249	23	False
chr12	112455945	112456065	PTPN11_exon_6	0.010989	0.065541	23	False
chr12	112472939	112473059	PTPN11_exon_7	0.073672	0.099767	23	False
chr12	112477611	112477731	PTPN11_exon_8	-0.121430	0.065547	23	False
chr12	112477855	112478014	PTPN11_exon_9	0.039923	0.076782	23	False
chr12	112482072	112482204	PTPN11_exon_10	0.033775	0.068830	23	False
chr12	112486473	112486628	PTPN11_exon_11	-0.018257	0.076230	23	False
chr12	112488415	112488535	PTPN11_exon_12	0.012322	0.083737	23	False
chr12	112489022	112489174	PTPN11_exon_13	-0.007767	0.050732	23	False
chr12	112502138	112502258	PTPN11_exon_14	0.096113	0.089916	23	False
chr12	112504681	112504801	PTPN11_exon_15	-0.006344	0.085299	23	False
chr12	112505823	112506095	PTPN11_exon_16	-0.082092	0.097477	23	False
chr12	112506095	112506368	PTPN11_exon_16	-0.001650	0.093589	23	False
chr12	112506368	112506641	PTPN11_exon_16	-0.011887	0.095615	23	False
chr12	112506641	112506914	PTPN11_exon_16	0.023725	0.074831	23	False
chr12	112506914	112507187	PTPN11_exon_16	0.006214	0.081244	23	False
chr12	112507187	112507460	PTPN11_exon_16	0.051265	0.077828	23	False
chr12	112507460	112507733	PTPN11_exon_16	0.005473	0.071000	23	False
chr12	112507733	112508006	PTPN11_exon_16	-0.048937	0.065716	23	False
chr12	112508006	112508279	PTPN11_exon_16	0.022899	0.043010	23	False
chr12	112508279	112508552	PTPN11_exon_16	-0.058257	0.067410	23	False
chr12	112508552	112508825	PTPN11_exon_16	-0.018579	0.089324	23	False
chr12	112508825	112509098	PTPN11_exon_16	-0.018667	0.059588	23	False
chr12	112509098	112509371	PTPN11_exon_16	0.009876	0.076582	23	False
chr12	112509371	112509644	PTPN11_exon_16	-0.006807	0.229500	23	False
chr12	112509644	112509917	PTPN11_exon_16	-0.050210	0.142192	23	False
chr12	113035850	113035970	bb.chr12.113035850	-0.004260	0.087824	23	False
chr12	113924941	113925061	bb.chr12.113924941	0.109579	0.070500	23	False
chr12	114539149	114539269	bb.chr12.114539149	0.058656	0.415928	23	True
chr12	115145935	115146055	bb.chr12.115145935	-0.000319	0.081849	23	False
chr12	115986800	115986920	bb.chr12.115986800	0.023874	0.119747	23	False
chr12	116904368	116904488	bb.chr12.116904368	0.037348	0.295603	23	False
chr12	117518167	117518287	bb.chr12.117518167	-0.026812	0.081710	23	False
chr12	118137231	118137351	bb.chr12.118137231	0.025241	0.063061	23	False
chr12	118938750	118938870	bb.chr12.118938750	0.012262	0.101782	23	False
chr12	119789556	119789676	bb.chr12.119789556	-0.277645	1.165780	23	True
chr12	120764801	120764921	bb.chr12.120764801	0.015492	0.102579	23	False
chr12	121392080	121392200	bb.chr12.121392080	-0.041690	0.192777	23	False
chr12	121803993	121804113	SETD1B_exon_1	-0.019721	0.178155	23	False
chr12	121804128	121804248	SETD1B_exon_1	-0.039646	0.276034	23	False
chr12	121804722	121804910	SETD1B_exon_2	-0.097621	0.153554	23	False
chr12	121805102	121805222	SETD1B_exon_3	0.003786	0.114410	23	False
chr12	121805833	121806104	SETD1B_exon_4	0.035469	0.071530	23	False
chr12	121808202	121808322	SETD1B_exon_5	0.000208	0.129234	23	False
chr12	121809601	121809847	SETD1B_exon_6	0.031052	0.065846	23	False
chr12	121809847	121810094	SETD1B_exon_6	0.012220	0.103990	23	False
chr12	121810094	121810340	SETD1B_exon_6	0.028718	0.115675	23	False
chr12	121810340	121810587	SETD1B_exon_6	-0.003705	0.098552	23	False
chr12	121810587	121810834	SETD1B_exon_6	0.011293	0.074675	23	False
chr12	121814104	121814379	SETD1B_exon_7	-0.035896	0.149097	23	False
chr12	121814379	121814654	SETD1B_exon_7	-0.003797	0.121172	23	False
chr12	121814654	121814929	SETD1B_exon_7	-0.039061	0.089065	23	False
chr12	121817031	121817293	SETD1B_exon_8	-0.036644	0.060496	23	False
chr12	121817368	121817703	SETD1B_exon_9	0.031189	0.080937	23	False
chr12	121817790	121817910	SETD1B_exon_10	0.064846	0.061511	23	False
chr12	121819402	121819648	SETD1B_exon_11	0.022836	0.066656	23	False
chr12	121819648	121819894	SETD1B_exon_11	0.014466	0.050377	23	False
chr12	121822488	121822740	SETD1B_exon_12	-0.004204	0.102427	23	False
chr12	121822740	121822992	SETD1B_exon_12	0.001607	0.104279	23	False
chr12	121822992	121823244	SETD1B_exon_12	-0.004007	0.135857	23	False
chr12	121823244	121823496	SETD1B_exon_12	0.013121	0.144729	23	False
chr12	121823496	121823748	SETD1B_exon_12	0.000513	0.062012	23	False
chr12	121825198	121825365	SETD1B_exon_13	-0.075981	0.038814	23	False
chr12	121827517	121827649	SETD1B_exon_14	0.061838	0.082438	23	False
chr12	121827733	121827853	SETD1B_exon_15	0.009596	0.048157	23	False
chr12	121827931	121828069	SETD1B_exon_16	0.065351	0.057028	23	False
chr12	121830064	121830316	SETD1B_exon_17	-0.002933	0.055823	23	False
chr12	121830316	121830569	SETD1B_exon_17	0.038362	0.100531	23	False
chr12	121830569	121830821	SETD1B_exon_17	0.003333	0.089358	23	False
chr12	121830821	121831074	SETD1B_exon_17	0.014192	0.093765	23	False
chr12	121831074	121831326	SETD1B_exon_17	-0.048747	0.137828	23	False
chr12	121831326	121831579	SETD1B_exon_17	-0.016230	0.158627	23	False
chr12	121831579	121831832	SETD1B_exon_17	0.028668	0.101602	23	False
chr12	121831948	121832183	SETD1B_exon_17	0.024930	0.055732	23	False
chr12	121832183	121832419	SETD1B_exon_17	0.033301	0.071690	23	False
chr12	121832419	121832655	SETD1B_exon_17	0.045535	0.063735	23	False
chr12	122023600	122023720	bb.chr12.122023600	-0.002353	0.103260	23	False
chr12	122717441	122717561	bb.chr12.122717441	-0.038021	0.268231	23	False
chr12	124632207	124632327	bb.chr12.124632207	0.004962	0.148829	23	False
chr12	125506969	125507089	bb.chr12.125506969	0.002715	0.083196	23	False
chr12	127025552	127025672	bb.chr12.127025552	-0.006433	0.151040	23	False
chr12	128197763	128197883	bb.chr12.128197763	0.022300	0.279789	23	False
chr12	130003521	130003641	bb.chr12.130003521	0.028942	0.104742	23	False
chr12	130618738	130618858	bb.chr12.130618738	-0.024534	0.102105	23	False
chr12	131492451	131492571	bb.chr12.131492451	0.030914	0.114342	23	False
chr12	132174562	132174682	bb.chr12.132174562	-0.006084	0.099204	23	False
chr12	133241707	133241827	bb.chr12.133241707	0.034224	0.092414	23	False
chr13	19124907	19125027	bb.chr13.19124907	-0.008279	0.142813	23	False
chr13	20492015	20492135	bb.chr13.20492015	-0.054663	0.083239	23	False
chr13	21203344	21203464	bb.chr13.21203344	0.025241	0.133960	23	False
chr13	21893790	21893910	bb.chr13.21893790	0.000161	0.175760	23	False
chr13	22703819	22703939	bb.chr13.22703819	-0.035873	0.126796	23	False
chr13	23493339	23493459	bb.chr13.23493339	-0.048597	0.210083	23	False
chr13	24196054	24196174	bb.chr13.24196054	-0.050522	0.304130	23	True
chr13	24878895	24879015	bb.chr13.24878895	0.051787	0.081377	23	False
chr13	25690116	25690236	bb.chr13.25690116	0.013453	0.355380	23	True
chr13	26973902	26974022	bb.chr13.26973902	0.004686	0.093036	23	False
chr13	27663872	27663992	bb.chr13.27663872	-0.000650	0.078150	23	False
chr13	28003272	28003572	FLT3_exon_24	0.011041	0.115328	23	False
chr13	28003572	28003872	FLT3_exon_24	-0.091698	0.087645	23	False
chr13	28003872	28004173	FLT3_exon_24	0.012610	0.065610	23	False
chr13	28014443	28014563	FLT3_exon_23	-0.008938	0.087166	23	False
chr13	28015143	28015263	FLT3_exon_22	0.013525	0.107664	23	False
chr13	28015584	28015704	FLT3_exon_21	-0.017172	0.094261	23	False
chr13	28018466	28018586	FLT3_exon_20	-0.004711	0.063886	23	False
chr13	28023352	28023472	FLT3_exon_19	0.039705	0.091446	23	False
chr13	28024824	28024944	FLT3_exon_18	-0.061427	0.098028	23	False
chr13	28027086	28027240	FLT3_exon_17	0.002021	0.082560	23	False
chr13	28028171	28028291	FLT3_exon_16	-0.028187	0.083595	23	False
chr13	28033877	28033997	FLT3_exon_15	0.068100	0.066491	23	False
chr13	28034080	28034213	FLT3_exon_14	0.006778	0.082330	23	False
chr13	28034292	28034412	FLT3_exon_13	0.056334	0.092529	23	False
chr13	28035493	28035672	FLT3_exon_12	-0.110428	0.047323	23	False
chr13	28035927	28036047	FLT3_exon_11	-0.011330	0.076947	23	False
chr13	28037169	28037289	FLT3_exon_10	-0.013277	0.082976	23	False
chr13	28048273	28048442	FLT3_exon_9	-0.063056	0.066729	23	False
chr13	28049382	28049536	FLT3_exon_8	0.070475	0.068398	23	False
chr13	28049633	28049773	FLT3_exon_7	0.071290	0.077587	23	False
chr13	28050097	28050217	FLT3_exon_6	-0.009506	0.085192	23	False
chr13	28052548	28052668	FLT3_exon_5	0.105499	0.070358	23	False
chr13	28057343	28057463	FLT3_exon_4	-0.026970	0.070211	23	False
chr13	28061865	28062068	FLT3_exon_3	0.037239	0.044163	23	False
chr13	28070490	28070610	FLT3_exon_2	0.019020	0.080847	23	False
chr13	28100460	28100580	FLT3_exon_1	-0.011479	0.202827	23	False
chr13	28375326	28375446	bb.chr13.28375326	0.018581	0.090907	23	False
chr13	29315617	29315737	bb.chr13.29315617	0.013850	0.111103	23	False
chr13	29974466	29974586	bb.chr13.29974466	-0.029496	0.088493	23	False
chr13	30744111	30744231	bb.chr13.30744111	-0.013977	0.159421	23	False
chr13	31369579	31369699	bb.chr13.31369579	-0.411576	1.214847	23	True
chr13	32054364	32054484	bb.chr13.32054364	-0.010872	0.125869	23	False
chr13	32979173	32979293	bb.chr13.32979173	-0.016546	0.093736	23	False
chr13	33688045	33688165	bb.chr13.33688045	-0.084294	0.315107	23	True
chr13	34373051	34373171	bb.chr13.34373051	-0.082190	0.677883	23	True
chr13	35090567	35090687	bb.chr13.35090567	-0.002942	0.231167	23	False
chr13	36251115	36251235	bb.chr13.36251115	0.039577	0.094161	23	False
chr13	36907962	36908082	bb.chr13.36907962	-0.007979	0.096902	23	False
chr13	37638167	37638287	bb.chr13.37638167	0.015772	0.288707	23	False
chr13	38338950	38339070	bb.chr13.38338950	-0.047245	0.161305	23	False
chr13	39471448	39471568	bb.chr13.39471448	-0.007431	0.077320	23	False
chr13	40169902	40170022	bb.chr13.40169902	-0.034128	0.251901	23	False
chr13	40809319	40809439	bb.chr13.40809319	-0.011121	0.118736	23	False
chr13	41740707	41740827	bb.chr13.41740707	0.002248	0.128717	23	False
chr13	42729844	42729964	bb.chr13.42729844	0.007129	0.145921	23	False
chr13	43370563	43370683	bb.chr13.43370563	0.007559	0.092653	23	False
chr13	44066119	44066239	bb.chr13.44066119	-0.316833	1.016703	23	True
chr13	44900678	44900798	bb.chr13.44900678	0.001469	0.092953	23	False
chr13	45523997	45524117	bb.chr13.45523997	-0.015833	0.110593	23	False
chr13	46183870	46183990	bb.chr13.46183870	0.003884	0.106142	23	False
chr13	46881668	46881788	bb.chr13.46881668	-0.017000	0.085652	23	False
chr13	47557650	47557770	bb.chr13.47557650	0.008266	0.147316	23	False
chr13	49187838	49187958	bb.chr13.49187838	-0.030898	0.232043	23	False
chr13	50354231	50354351	bb.chr13.50354231	-0.057977	0.192909	23	False
chr13	51040351	51040471	bb.chr13.51040351	-0.016810	0.156287	23	False
chr13	51972351	51972471	bb.chr13.51972351	0.034955	0.086965	23	False
chr13	52949908	52950028	bb.chr13.52949908	-0.036886	0.109011	23	False
chr13	53870661	53870781	bb.chr13.53870661	-0.004429	0.093243	23	False
chr13	54493138	54493258	bb.chr13.54493138	-0.015384	0.101166	23	False
chr13	55220229	55220349	bb.chr13.55220229	-0.092918	0.446454	23	True
chr13	55846990	55847110	bb.chr13.55846990	-0.088457	0.432164	23	True
chr13	56853170	56853290	bb.chr13.56853170	-0.031464	0.199767	23	False
chr13	57876236	57876356	bb.chr13.57876236	-0.021424	0.082869	23	False
chr13	58640110	58640230	bb.chr13.58640110	-0.075710	0.416841	23	True
chr13	59322340	59322460	bb.chr13.59322340	-0.008113	0.086408	23	False
chr13	60724115	60724235	bb.chr13.60724115	-0.002775	0.208989	23	False
chr13	61483420	61483540	bb.chr13.61483420	-0.096275	0.403247	23	True
chr13	62159471	62159591	bb.chr13.62159471	-0.016310	0.283181	23	False
chr13	63035442	63035562	bb.chr13.63035442	-0.151869	0.711686	23	True
chr13	63914374	63914494	bb.chr13.63914374	0.001305	0.145641	23	False
chr13	64701345	64701465	bb.chr13.64701345	0.002225	0.185639	23	False
chr13	65509344	65509464	bb.chr13.65509344	0.016678	0.247879	23	False
chr13	66359220	66359340	bb.chr13.66359220	-0.038643	0.281425	23	False
chr13	66992842	66992962	bb.chr13.66992842	0.012952	0.219186	23	False
chr13	67944639	67944759	bb.chr13.67944639	0.007570	0.089373	23	False
chr13	68659881	68660001	bb.chr13.68659881	-0.055240	0.465848	23	True
chr13	69334352	69334472	bb.chr13.69334352	-0.018633	0.343531	23	True
chr13	70959789	70959909	bb.chr13.70959789	-0.281065	0.888741	23	True
chr13	71758558	71758678	bb.chr13.71758558	-0.072530	0.568098	23	True
chr13	73075135	73075255	bb.chr13.73075135	-0.007061	0.135245	23	False
chr13	73772362	73772482	bb.chr13.73772362	-0.038395	0.137396	23	False
chr13	74573006	74573126	bb.chr13.74573006	-0.011537	0.121854	23	False
chr13	75353263	75353383	bb.chr13.75353263	0.049704	0.163336	23	False
chr13	76281807	76281927	bb.chr13.76281807	-2.207127	2.343898	11	True
chr13	77373012	77373132	bb.chr13.77373012	0.004129	0.135001	23	False
chr13	78135420	78135540	bb.chr13.78135420	-0.305487	0.669208	23	True
chr13	79744440	79744560	bb.chr13.79744440	0.019178	0.117225	23	False
chr13	80448672	80448792	bb.chr13.80448672	0.001719	0.096295	23	False
chr13	81115124	81115244	bb.chr13.81115124	-0.016244	0.230280	23	False
chr13	81836802	81836922	bb.chr13.81836802	-0.201651	0.573695	23	True
chr13	83236841	83236961	bb.chr13.83236841	-0.111532	0.622742	23	True
chr13	84408482	84408602	bb.chr13.84408482	-0.039558	0.113499	23	False
chr13	85445333	85445453	bb.chr13.85445333	0.007799	0.335209	23	True
chr13	86172122	86172242	bb.chr13.86172122	-0.012065	0.150757	23	False
chr13	87319021	87319141	bb.chr13.87319021	0.017865	0.154513	23	False
chr13	88251739	88251859	bb.chr13.88251739	-0.068158	0.329356	23	True
chr13	89273044	89273164	bb.chr13.89273044	-0.022209	0.167136	23	False
chr13	90055364	90055484	bb.chr13.90055364	-0.018287	0.083996	23	False
chr13	90791555	90791675	bb.chr13.90791555	-0.127064	0.675088	23	True
chr13	91488184	91488304	bb.chr13.91488184	-0.154284	0.634665	23	True
chr13	92627250	92627370	bb.chr13.92627250	-0.029825	0.120249	23	False
chr13	93320891	93321011	bb.chr13.93320891	-0.119663	0.710867	23	True
chr13	94496518	94496638	bb.chr13.94496518	-0.008839	0.102970	23	False
chr13	95190836	95190956	bb.chr13.95190836	0.020575	0.102735	23	False
chr13	95791897	95792017	bb.chr13.95791897	0.097814	0.123992	23	False
chr13	96987100	96987220	bb.chr13.96987100	0.041497	0.162891	23	False
chr13	98239941	98240061	bb.chr13.98239941	-0.010075	0.101347	23	False
chr13	98893476	98893596	bb.chr13.98893476	-0.018112	0.157855	23	False
chr13	99582973	99583093	bb.chr13.99582973	-0.027537	0.091057	23	False
chr13	100279184	100279304	bb.chr13.100279184	-0.409375	1.299696	23	True
chr13	101210414	101210534	bb.chr13.101210414	-0.330471	0.985416	23	True
chr13	102085253	102085373	bb.chr13.102085253	0.002077	0.109096	23	False
chr13	102827215	102827335	bb.chr13.102827215	0.014084	0.183290	23	False
chr13	103701601	103701721	bb.chr13.103701601	-0.015578	0.219941	23	False
chr13	104525858	104525978	bb.chr13.104525858	-0.034006	0.355774	23	True
chr13	105155436	105155556	bb.chr13.105155436	0.031166	0.236742	23	False
chr13	105910223	105910343	bb.chr13.105910223	-0.059552	0.396108	23	True
chr13	106543765	106543885	bb.chr13.106543765	-0.004571	0.149957	23	False
chr13	107227291	107227411	bb.chr13.107227291	-0.002209	0.094092	23	False
chr13	107962346	107962466	bb.chr13.107962346	-0.080420	0.316183	23	True
chr13	108207440	108207715	LIG4_exon_3	-0.059747	0.732195	23	True
chr13	108207715	108207990	LIG4_exon_3	-0.092880	0.475905	23	True
chr13	108207990	108208266	LIG4_exon_3	-0.025199	0.283681	23	False
chr13	108208266	108208541	LIG4_exon_3	0.007101	0.180438	23	False
chr13	108208541	108208816	LIG4_exon_3	0.004178	0.070545	23	False
chr13	108208816	108209092	LIG4_exon_3	0.011082	0.074276	23	False
chr13	108209092	108209367	LIG4_exon_3	0.008970	0.065808	23	False
chr13	108209367	108209642	LIG4_exon_3	-0.017156	0.056811	23	False
chr13	108209642	108209918	LIG4_exon_3	0.023956	0.110876	23	False
chr13	108209918	108210193	LIG4_exon_3	-0.003396	0.118881	23	False
chr13	108210193	108210468	LIG4_exon_3	0.010101	0.086388	23	False
chr13	108210468	108210744	LIG4_exon_3	-0.005255	0.050382	23	False
chr13	108210744	108211019	LIG4_exon_3	0.023045	0.081351	23	False
chr13	108211019	108211295	LIG4_exon_3	-0.008108	0.079747	23	False
chr13	108214515	108214635	LIG4_exon_2	-0.011040	0.079886	23	False
chr13	108215440	108215560	LIG4_exon_1	0.041197	0.189304	23	False
chr13	108612116	108612236	bb.chr13.108612116	-0.004537	0.100841	23	False
chr13	109310171	109310291	bb.chr13.109310171	-0.006151	0.065755	23	False
chr13	109999535	109999655	bb.chr13.109999535	0.078185	0.162013	23	False
chr13	110988939	110989059	bb.chr13.110988939	0.070866	0.168511	23	False
chr13	111624241	111624361	bb.chr13.111624241	-0.005780	0.082714	23	False
chr13	113146248	113146368	bb.chr13.113146248	0.009757	0.126392	23	False
chr14	18618070	18618190	bb.chr14.18618070	-0.740470	1.937036	23	True
chr14	20592429	20592549	bb.chr14.20592429	-0.120341	0.549164	23	True
chr14	21735003	21735123	bb.chr14.21735003	-0.168740	0.622564	23	True
chr14	22560552	22560672	bb.chr14.22560552	-0.004108	0.089590	23	False
chr14	23776830	23776950	bb.chr14.23776830	-1.280069	0.870532	10	True
chr14	24518413	24518533	bb.chr14.24518413	-0.000386	0.104195	23	False
chr14	25388303	25388423	bb.chr14.25388303	-0.019678	0.163616	23	False
chr14	26371035	26371155	bb.chr14.26371035	-0.011001	0.079606	23	False
chr14	27057877	27057997	bb.chr14.27057877	-0.021883	0.125085	23	False
chr14	27870152	27870272	bb.chr14.27870152	-0.168287	0.647110	23	True
chr14	28488661	28488781	bb.chr14.28488661	-0.099143	0.597069	23	True
chr14	29890288	29890408	bb.chr14.29890288	-0.055096	0.183598	23	False
chr14	31413207	31413327	bb.chr14.31413207	-0.020560	0.322453	23	True
chr14	32695515	32695635	bb.chr14.32695515	-0.054012	0.271253	23	False
chr14	33542671	33542791	bb.chr14.33542671	0.100984	0.060569	23	False
chr14	34379422	34379542	bb.chr14.34379422	0.003704	0.083016	23	False
chr14	36626224	36626344	bb.chr14.36626224	-0.019287	0.116064	23	False
chr14	37520005	37520125	bb.chr14.37520005	0.040158	0.386692	23	True
chr14	39221492	39221612	bb.chr14.39221492	-0.007551	0.101231	23	False
chr14	40262817	40262937	bb.chr14.40262817	0.004703	0.151403	23	False
chr14	41149680	41149800	bb.chr14.41149680	-1.803315	6.208323	23	True
chr14	41845476	41845596	bb.chr14.41845476	-0.513138	1.054100	23	True
chr14	42513438	42513558	bb.chr14.42513438	-0.016200	0.091525	23	False
chr14	43387306	43387426	bb.chr14.43387306	-0.018090	0.182521	23	False
chr14	45929475	45929595	bb.chr14.45929475	0.020305	0.105522	23	False
chr14	47852673	47852793	bb.chr14.47852673	0.007525	0.269345	23	False
chr14	48724314	48724434	bb.chr14.48724314	-0.009039	0.144120	23	False
chr14	50104634	50104754	bb.chr14.50104634	-0.068210	0.263948	23	False
chr14	51242239	51242359	bb.chr14.51242239	-0.038771	0.364730	23	True
chr14	52329275	52329395	bb.chr14.52329275	-0.008539	0.098068	23	False
chr14	52977949	52978069	bb.chr14.52977949	0.147829	0.111982	23	False
chr14	53814315	53814435	bb.chr14.53814315	-0.027441	0.267370	23	False
chr14	54617411	54617531	bb.chr14.54617411	0.007492	0.129394	23	False
chr14	56005937	56006057	bb.chr14.56005937	-0.021480	0.098835	23	False
chr14	56862711	56862831	bb.chr14.56862711	-0.045097	0.235172	23	False
chr14	57996170	57996290	bb.chr14.57996170	0.000963	0.098203	23	False
chr14	58803718	58803838	bb.chr14.58803718	-0.003756	0.314016	23	True
chr14	59673207	59673327	bb.chr14.59673207	-0.008948	0.084761	23	False
chr14	61168702	61168822	bb.chr14.61168702	0.019858	0.172946	23	False
chr14	61897307	61897427	bb.chr14.61897307	0.001859	0.079481	23	False
chr14	63850525	63850645	bb.chr14.63850525	-0.073749	0.364561	23	True
chr14	64503684	64503804	bb.chr14.64503684	-0.002745	0.205740	23	False
chr14	65865229	65865349	bb.chr14.65865229	0.008298	0.121816	23	False
chr14	67499845	67499965	bb.chr14.67499845	0.040395	0.125491	23	False
chr14	68298130	68298250	bb.chr14.68298130	0.016322	0.060923	23	False
chr14	69483131	69483251	bb.chr14.69483131	-0.006299	0.065148	23	False
chr14	70361721	70361841	bb.chr14.70361721	-0.011147	0.081278	23	False
chr14	71765103	71765223	bb.chr14.71765103	0.072362	0.104940	23	False
chr14	72655886	72656006	bb.chr14.72655886	-0.031210	0.092957	23	False
chr14	73467209	73467330	bb.chr14.73467209	0.037759	0.075692	23	False
chr14	74244323	74244443	bb.chr14.74244323	-0.004101	0.116689	23	False
chr14	74874055	74874175	bb.chr14.74874055	-0.003544	0.208844	23	False
chr14	76253217	76253337	bb.chr14.76253217	0.025597	0.153996	23	False
chr14	77296469	77296589	bb.chr14.77296469	-0.011327	0.142193	23	False
chr14	78220717	78220837	bb.chr14.78220717	-0.005375	0.126318	23	False
chr14	79610133	79610253	bb.chr14.79610133	-0.302777	0.839359	23	True
chr14	80457065	80457185	bb.chr14.80457065	0.020560	0.148874	23	False
chr14	81274984	81275104	bb.chr14.81274984	-0.020750	0.138269	23	False
chr14	82156866	82156986	bb.chr14.82156866	-0.034550	0.123595	23	False
chr14	83576737	83576857	bb.chr14.83576737	-0.012333	0.193230	23	False
chr14	84405553	84405673	bb.chr14.84405553	-0.055930	0.572081	23	True
chr14	85535294	85535414	bb.chr14.85535294	-0.028515	0.281539	23	False
chr14	86700511	86700631	bb.chr14.86700511	0.011849	0.096513	23	False
chr14	87402494	87402614	bb.chr14.87402494	-0.036973	0.062949	23	False
chr14	88049545	88049665	bb.chr14.88049545	-0.000908	0.129368	23	False
chr14	89176878	89176998	bb.chr14.89176878	-0.004129	0.178002	23	False
chr14	90071511	90071631	bb.chr14.90071511	-0.039889	0.092484	23	False
chr14	90847408	90847528	bb.chr14.90847408	0.010628	0.100086	23	False
chr14	91454114	91454234	bb.chr14.91454114	0.017467	0.128134	23	False
chr14	92292969	92293089	bb.chr14.92292969	-0.017920	0.130252	23	False
chr14	93150720	93150840	bb.chr14.93150720	-0.009803	0.101222	23	False
chr14	93925293	93925413	bb.chr14.93925293	-0.003854	0.075367	23	False
chr14	94525718	94525838	bb.chr14.94525718	0.003656	0.080282	23	False
chr14	96466986	96467106	bb.chr14.96466986	-0.136926	0.747287	23	True
chr14	97201190	97201310	bb.chr14.97201190	-0.002576	0.085254	23	False
chr14	97900505	97900625	bb.chr14.97900505	-0.021214	0.070810	23	False
chr14	98503767	98503887	bb.chr14.98503767	0.013407	0.091704	23	False
chr14	99169285	99169552	BCL11B_exon_4	-0.047499	0.068121	23	False
chr14	99169552	99169819	BCL11B_exon_4	0.002944	0.056092	23	False
chr14	99169819	99170086	BCL11B_exon_4	0.010070	0.059232	23	False
chr14	99170086	99170353	BCL11B_exon_4	0.006612	0.076673	23	False
chr14	99170353	99170620	BCL11B_exon_4	-0.011622	0.178850	23	False
chr14	99170620	99170888	BCL11B_exon_4	0.035572	0.086484	23	False
chr14	99170888	99171155	BCL11B_exon_4	0.006788	0.078516	23	False
chr14	99171155	99171422	BCL11B_exon_4	0.040762	0.085538	23	False
chr14	99171422	99171689	BCL11B_exon_4	0.016642	0.086591	23	False
chr14	99171689	99171956	BCL11B_exon_4	0.028632	0.129907	23	False
chr14	99171956	99172224	BCL11B_exon_4	0.017379	0.090908	23	False
chr14	99172224	99172491	BCL11B_exon_4	0.031348	0.073284	23	False
chr14	99172491	99172758	BCL11B_exon_4	-0.037834	0.102811	23	False
chr14	99172758	99173025	BCL11B_exon_4	0.044727	0.103485	23	False
chr14	99173025	99173292	BCL11B_exon_4	0.006646	0.057200	23	False
chr14	99173292	99173560	BCL11B_exon_4	0.148215	0.036092	23	False
chr14	99173589	99173849	BCL11B_exon_4	0.215287	0.110195	23	False
chr14	99173849	99174110	BCL11B_exon_4	0.039315	0.064184	23	False
chr14	99174110	99174370	BCL11B_exon_4	-0.040165	0.108364	23	False
chr14	99174370	99174631	BCL11B_exon_4	0.053012	0.188580	23	False
chr14	99174631	99174891	BCL11B_exon_4	0.016129	0.165594	23	False
chr14	99174891	99175152	BCL11B_exon_4	0.048167	0.182063	23	False
chr14	99175152	99175412	BCL11B_exon_4	0.012194	0.095866	23	False
chr14	99175412	99175673	BCL11B_exon_4	0.009306	0.091676	23	False
chr14	99175673	99175933	BCL11B_exon_4	-0.012661	0.128889	23	False
chr14	99175933	99176194	BCL11B_exon_4	0.046571	0.069571	23	False
chr14	99231343	99231556	BCL11B_exon_3	0.039574	0.071797	23	False
chr14	99257469	99257589	BCL11B_exon_2	-0.017786	0.063318	23	False
chr14	99257594	99257714	BCL11B_exon_2	0.075643	0.103905	23	False
chr14	99257718	99257838	BCL11B_exon_2	0.001153	0.063639	23	False
chr14	99271159	99271279	BCL11B_exon_1	0.012407	0.175377	23	False
chr14	99271504	99271738	BCL11B_exon_1	0.057573	0.127925	23	False
chr14	99271749	99271972	BCL11B_exon_1	0.124715	0.105058	23	False
chr14	99271972	99272196	BCL11B_exon_1	0.125873	0.078921	23	False
chr14	99317858	99317978	bb.chr14.99317858	-0.021916	0.078482	23	False
chr14	100715384	100715504	bb.chr14.100715384	0.007022	0.136266	23	False
chr14	101558761	101558881	bb.chr14.101558761	0.001067	0.114193	23	False
chr14	103243577	103243697	bb.chr14.103243577	0.029668	0.069124	23	False
chr14	104074458	104074578	bb.chr14.104074458	0.003466	0.164656	23	False
chr14	104769347	104769615	AKT1_exon_15	-0.026242	0.089459	23	False
chr14	104769615	104769883	AKT1_exon_15	-0.006667	0.094155	23	False
chr14	104769883	104770151	AKT1_exon_15	0.031049	0.056546	23	False
chr14	104770151	104770419	AKT1_exon_15	-0.027209	0.057673	23	False
chr14	104770737	104770857	AKT1_exon_14	-0.004349	0.081795	23	False
chr14	104772360	104772480	AKT1_exon_13	-0.017540	0.147154	23	False
chr14	104772876	104773091	AKT1_exon_12	0.053614	0.076421	23	False
chr14	104773253	104773373	AKT1_exon_11	0.020344	0.051748	23	False
chr14	104773456	104773576	AKT1_exon_10	0.074205	0.101410	23	False
chr14	104773884	104774004	AKT1_exon_9	-0.004579	0.162512	23	False
chr14	104774909	104775029	AKT1_exon_8	-0.008318	0.075880	23	False
chr14	104775074	104775206	AKT1_exon_7	0.024534	0.094158	23	False
chr14	104775650	104775798	AKT1_exon_6	-0.012568	0.084434	23	False
chr14	104776653	104776773	AKT1_exon_5	0.041850	0.175516	23	False
chr14	104780090	104780210	AKT1_exon_4	0.022067	0.125917	23	False
chr14	104792598	104792718	AKT1_exon_3	0.037027	0.109773	23	False
chr14	104793125	104793303	AKT1_exon_2	-0.102203	0.068933	23	False
chr14	105181165	105181285	bb.chr14.105181165	0.020935	0.271174	23	False
chr14	106627568	106627688	bb.chr14.106627568	0.013402	0.339760	23	True
chr15	20672361	20672481	bb.chr15.20672361	-0.178862	0.948959	23	True
chr15	23477854	23477974	bb.chr15.23477854	0.021968	0.100660	23	False
chr15	24280298	24280418	bb.chr15.24280298	0.003810	0.121200	23	False
chr15	25119588	25119708	bb.chr15.25119588	0.003714	0.094569	23	False
chr15	25970753	25970873	bb.chr15.25970753	-0.106917	0.616987	23	True
chr15	26753138	26753258	bb.chr15.26753138	0.014041	0.094842	23	False
chr15	27647363	27647483	bb.chr15.27647363	0.009579	0.098298	23	False
chr15	29555574	29555694	bb.chr15.29555574	-0.001253	0.127868	23	False
chr15	30371134	30371254	bb.chr15.30371134	0.012173	0.120056	23	False
chr15	31206545	31206665	bb.chr15.31206545	-0.024641	0.112077	23	False
chr15	32007690	32007810	bb.chr15.32007690	-0.036509	0.199596	23	False
chr15	33144723	33144843	bb.chr15.33144723	0.021176	0.224083	23	False
chr15	34254705	34254825	bb.chr15.34254705	-0.027675	0.149633	23	False
chr15	35113205	35113325	bb.chr15.35113205	0.079133	0.142718	23	False
chr15	35739967	35740087	bb.chr15.35739967	0.002451	0.101661	23	False
chr15	36367386	36367506	bb.chr15.36367386	0.007090	0.128601	23	False
chr15	37610672	37610792	bb.chr15.37610672	-0.833694	1.558522	23	True
chr15	38488333	38488453	bb.chr15.38488333	-0.010169	0.106998	23	False
chr15	39296883	39297003	bb.chr15.39296883	-0.054831	0.375050	23	True
chr15	40097021	40097141	bb.chr15.40097021	0.029486	0.091757	23	False
chr15	40695172	40695424	RAD51_exon_1	0.002123	0.062016	23	False
chr15	40698750	40698870	RAD51_exon_2	-0.000975	0.098416	23	False
chr15	40701062	40701200	RAD51_exon_3	0.026031	0.088628	23	False
chr15	40706174	40706294	RAD51_exon_4	-0.002837	0.065665	23	False
chr15	40709011	40709131	RAD51_exon_5	-0.000141	0.090265	23	False
chr15	40718789	40718909	RAD51_exon_6	-0.025056	0.100250	23	False
chr15	40728706	40728826	RAD51_exon_7	0.020217	0.101232	23	False
chr15	40729508	40729628	RAD51_exon_8	0.021939	0.050417	23	False
chr15	40729852	40729972	RAD51_exon_9	0.018878	0.070542	23	False
chr15	40731053	40731321	RAD51_exon_10	-0.025668	0.068573	23	False
chr15	40731321	40731590	RAD51_exon_10	0.002362	0.053956	23	False
chr15	40731590	40731859	RAD51_exon_10	-0.025226	0.049171	23	False
chr15	40732103	40732339	RAD51_exon_10	0.062849	0.093333	23	False
chr15	40734557	40734677	bb.chr15.40734557	-0.005985	0.083501	23	False
chr15	41792759	41792879	bb.chr15.41792759	-0.040930	0.197477	23	False
chr15	42408945	42409065	bb.chr15.42408945	-0.010680	0.289765	23	False
chr15	43924301	43924421	bb.chr15.43924301	-0.031963	0.319054	23	True
chr15	44802938	44803058	bb.chr15.44802938	0.001766	0.057830	23	False
chr15	45712824	45712944	bb.chr15.45712824	-0.012638	0.110441	23	False
chr15	46556775	46556895	bb.chr15.46556775	-0.062705	0.079610	23	False
chr15	47394405	47394525	bb.chr15.47394405	-0.029933	0.088408	23	False
chr15	48036651	48036771	bb.chr15.48036651	-0.000517	0.091989	23	False
chr15	49104607	49104727	bb.chr15.49104607	-0.083507	0.305045	23	True
chr15	49900720	49900840	bb.chr15.49900720	-0.058637	0.361612	23	True
chr15	51004150	51004270	bb.chr15.51004150	-0.026833	0.076710	23	False
chr15	51842198	51842318	bb.chr15.51842198	-0.026580	0.079523	23	False
chr15	52713890	52714010	bb.chr15.52713890	0.000152	0.084614	23	False
chr15	53518738	53518858	bb.chr15.53518738	-0.024741	0.262897	23	False
chr15	54418610	54418730	bb.chr15.54418610	-0.076051	0.316983	23	True
chr15	55060858	55060978	bb.chr15.55060858	0.000769	0.124717	23	False
chr15	56028578	56028698	bb.chr15.56028578	-0.032757	0.115546	23	False
chr15	56747969	56748089	bb.chr15.56747969	-0.021541	0.121655	23	False
chr15	57422801	57422921	bb.chr15.57422801	0.016090	0.080097	23	False
chr15	58519940	58520060	bb.chr15.58519940	-0.053895	0.115379	23	False
chr15	59402987	59403107	bb.chr15.59402987	-0.048353	0.195139	23	False
chr15	60509733	60509853	bb.chr15.60509733	-0.013733	0.096448	23	False
chr15	61619498	61619618	bb.chr15.61619498	0.003748	0.060986	23	False
chr15	62737376	62737496	bb.chr15.62737376	-0.027431	0.076894	23	False
chr15	63368891	63369011	bb.chr15.63368891	-0.028557	0.120456	23	False
chr15	64204352	64204472	bb.chr15.64204352	-0.003229	0.140369	23	False
chr15	65396426	65396546	bb.chr15.65396426	-0.029994	0.285511	23	False
chr15	66001382	66001502	bb.chr15.66001382	0.016861	0.111409	23	False
chr15	66386910	66387168	MAP2K1_exon_1	0.057903	0.081547	23	False
chr15	66387168	66387426	MAP2K1_exon_1	0.059700	0.098807	23	False
chr15	66435025	66435236	MAP2K1_exon_2	0.052510	0.074040	23	False
chr15	66436744	66436891	MAP2K1_exon_3	-0.025214	0.069089	23	False
chr15	66443247	66443367	MAP2K1_exon_4	0.096900	0.100262	23	False
chr15	66444615	66444735	MAP2K1_exon_5	-0.022019	0.094766	23	False
chr15	66481755	66481875	MAP2K1_exon_6	-0.029565	0.072296	23	False
chr15	66484988	66485190	MAP2K1_exon_7	0.012794	0.057541	23	False
chr15	66487223	66487343	MAP2K1_exon_8	0.039763	0.089995	23	False
chr15	66489210	66489330	MAP2K1_exon_9	-0.012495	0.092801	23	False
chr15	66489666	66489786	MAP2K1_exon_10	-0.008920	0.083783	23	False
chr15	66490500	66490760	MAP2K1_exon_11	0.053604	0.059235	23	False
chr15	66490760	66491021	MAP2K1_exon_11	0.019293	0.076522	23	False
chr15	66491021	66491282	MAP2K1_exon_11	0.049356	0.050594	23	False
chr15	66491282	66491543	MAP2K1_exon_11	0.022544	0.157380	23	False
chr15	66632162	66632282	bb.chr15.66632162	0.011491	0.153789	23	False
chr15	67925164	67925284	bb.chr15.67925164	0.040082	0.079756	23	False
chr15	68946046	68946166	bb.chr15.68946046	0.014874	0.084547	23	False
chr15	69971762	69971882	bb.chr15.69971762	0.080568	0.126906	23	False
chr15	71067849	71067969	bb.chr15.71067849	-0.016967	0.095238	23	False
chr15	71684457	71684577	bb.chr15.71684457	-0.342888	0.903278	23	True
chr15	73309418	73309538	bb.chr15.73309418	-0.021855	0.087142	23	False
chr15	74196752	74196872	bb.chr15.74196752	0.006053	0.101342	23	False
chr15	75622736	75622856	bb.chr15.75622736	0.001955	0.174767	23	False
chr15	76669325	76669445	bb.chr15.76669325	-0.278617	0.755458	23	True
chr15	77489524	77489644	bb.chr15.77489524	-0.001625	0.082674	23	False
chr15	78571518	78571638	bb.chr15.78571518	-0.036392	0.128959	23	False
chr15	79734721	79734841	bb.chr15.79734721	-0.042294	0.275803	23	False
chr15	81065455	81065575	bb.chr15.81065455	-0.051609	0.140427	23	False
chr15	81674601	81674721	bb.chr15.81674601	-0.005827	0.095560	23	False
chr15	82891818	82891938	bb.chr15.82891818	0.022464	0.150984	23	False
chr15	83784145	83784265	bb.chr15.83784145	-0.025050	0.064049	23	False
chr15	84761979	84762099	bb.chr15.84761979	-0.018801	0.182044	23	False
chr15	85890288	85890408	bb.chr15.85890288	-0.017048	0.111707	23	False
chr15	86713604	86713724	bb.chr15.86713604	-0.006963	0.087450	23	False
chr15	87314543	87314663	bb.chr15.87314543	-0.009792	0.177063	23	False
chr15	88144806	88144926	bb.chr15.88144806	-0.003076	0.098718	23	False
chr15	89243130	89243250	bb.chr15.89243130	0.005064	0.102298	23	False
chr15	90268332	90268452	bb.chr15.90268332	-0.035501	0.213046	23	False
chr15	91058673	91058793	bb.chr15.91058673	0.089026	0.079447	23	False
chr15	91663824	91663944	bb.chr15.91663824	-0.007808	0.084359	23	False
chr15	92302584	92302704	bb.chr15.92302584	0.015196	0.118620	23	False
chr15	93682204	93682324	bb.chr15.93682204	0.040209	0.115855	23	False
chr15	95136850	95136970	bb.chr15.95136850	0.013749	0.171844	23	False
chr15	95894038	95894158	bb.chr15.95894038	0.008567	0.100872	23	False
chr15	96764731	96764851	bb.chr15.96764731	0.052077	0.085915	23	False
chr15	97619089	97619209	bb.chr15.97619089	-0.010902	0.112472	23	False
chr15	98715421	98715541	bb.chr15.98715421	0.019344	0.122335	23	False
chr15	99551178	99551298	bb.chr15.99551178	0.009518	0.118416	23	False
chr15	100664570	100664690	bb.chr15.100664570	-0.042814	0.206175	23	False
chr15	101502377	101502497	bb.chr15.101502377	-0.025719	0.231792	23	False
chr16	282957	283077	bb.chr16.282957	-0.014878	0.102500	23	False
chr16	899706	899826	bb.chr16.899706	0.136264	0.117151	23	False
chr16	1833218	1833338	bb.chr16.1833218	0.007142	0.108278	23	False
chr16	2449725	2449845	bb.chr16.2449725	0.012560	0.199410	23	False
chr16	3100835	3100955	bb.chr16.3100835	0.013368	0.091810	23	False
chr16	4075784	4075904	bb.chr16.4075784	0.034774	0.117478	23	False
chr16	5011426	5011546	bb.chr16.5011426	0.022491	0.133090	23	False
chr16	5631722	5631842	bb.chr16.5631722	-0.019372	0.120450	23	False
chr16	6581050	6581170	bb.chr16.6581050	0.144333	0.094557	23	False
chr16	7211793	7211913	bb.chr16.7211793	-0.016065	0.132413	23	False
chr16	8465843	8465963	bb.chr16.8465843	0.000215	0.077281	23	False
chr16	9383514	9383634	bb.chr16.9383514	-0.028512	0.103117	23	False
chr16	9987855	9987975	bb.chr16.9987855	0.006359	0.057022	23	False
chr16	11275288	11275408	bb.chr16.11275288	-0.020277	0.089380	23	False
chr16	12214081	12214201	bb.chr16.12214081	0.006794	0.089762	23	False
chr16	13148148	13148268	bb.chr16.13148148	0.021523	0.116008	23	False
chr16	14029820	14029940	bb.chr16.14029820	0.026902	0.094288	23	False
chr16	14435699	14435924	PARN_exon_24	-0.045783	0.085957	23	False
chr16	14435953	14436225	PARN_exon_24	0.160488	0.097977	23	False
chr16	14436225	14436498	PARN_exon_24	0.033340	0.107483	23	False
chr16	14436498	14436771	PARN_exon_24	-0.031903	0.042710	23	False
chr16	14446886	14447080	PARN_exon_23	-0.135437	0.079262	23	False
chr16	14482636	14482826	PARN_exon_22	-0.151425	0.070209	23	False
chr16	14552019	14552139	PARN_exon_21	-0.000060	0.109651	23	False
chr16	14554041	14554161	PARN_exon_20	0.015175	0.082141	23	False
chr16	14555594	14555714	PARN_exon_19	-0.001787	0.110104	23	False
chr16	14580824	14580944	PARN_exon_18	-0.008354	0.063180	23	False
chr16	14582174	14582294	PARN_exon_17	0.014273	0.090497	23	False
chr16	14584319	14584439	PARN_exon_16	0.031146	0.080780	23	False
chr16	14584673	14584793	PARN_exon_15	0.013660	0.107898	23	False
chr16	14586288	14586408	PARN_exon_14	-0.000613	0.103293	23	False
chr16	14593278	14593398	PARN_exon_13	-0.035882	0.101151	23	False
chr16	14599845	14599965	PARN_exon_12	0.022144	0.109268	23	False
chr16	14604107	14604227	PARN_exon_11	-0.006862	0.078139	23	False
chr16	14606459	14606579	PARN_exon_10	-0.037106	0.130628	23	False
chr16	14608236	14608356	PARN_exon_9	-0.009294	0.092166	23	False
chr16	14609010	14609130	PARN_exon_8	-0.013090	0.089363	23	False
chr16	14610642	14610808	PARN_exon_7	-0.072397	0.071802	23	False
chr16	14617575	14617695	PARN_exon_6	-0.004531	0.129804	23	False
chr16	14627096	14627216	PARN_exon_5	-0.027477	0.086140	23	False
chr16	14627227	14627347	PARN_exon_4	-0.019377	0.070975	23	False
chr16	14628136	14628256	PARN_exon_3	-0.028161	0.075340	23	False
chr16	14629577	14629697	PARN_exon_2	-0.023673	0.083629	23	False
chr16	14630105	14630259	PARN_exon_1	0.001550	0.123473	23	False
chr16	15035542	15035662	bb.chr16.15035542	0.014438	0.095153	23	False
chr16	15704293	15704413	bb.chr16.15704293	-0.009210	0.089247	23	False
chr16	16891748	16891868	bb.chr16.16891748	0.010922	0.093313	23	False
chr16	17577024	17577144	bb.chr16.17577024	-0.025347	0.126207	23	False
chr16	19589945	19590065	bb.chr16.19589945	-0.000770	0.123018	23	False
chr16	20225583	20225703	bb.chr16.20225583	-0.021011	0.099376	23	False
chr16	20971509	20971629	bb.chr16.20971509	-0.013676	0.079816	23	False
chr16	21597091	21597211	bb.chr16.21597091	0.006954	0.099159	23	False
chr16	22719602	22719722	bb.chr16.22719602	-0.018966	0.091492	23	False
chr16	24273827	24273947	bb.chr16.24273827	-0.006541	0.172098	23	False
chr16	25228424	25228544	bb.chr16.25228424	0.036787	0.104805	23	False
chr16	25841746	25841866	bb.chr16.25841746	0.022217	0.091779	23	False
chr16	26494276	26494396	bb.chr16.26494276	-0.030817	0.100478	23	False
chr16	27124292	27124412	bb.chr16.27124292	-0.003328	0.114879	23	False
chr16	27805894	27806014	bb.chr16.27805894	0.022796	0.108919	23	False
chr16	28497066	28497186	bb.chr16.28497066	-0.010121	0.101077	23	False
chr16	29317049	29317169	bb.chr16.29317049	-0.018976	0.093257	23	False
chr16	29971580	29971700	bb.chr16.29971580	0.017675	0.169980	23	False
chr16	31816481	31816601	bb.chr16.31816481	-0.044230	0.249700	23	False
chr16	46800116	46800236	bb.chr16.46800116	-0.027064	0.697253	23	True
chr16	49206901	49207021	bb.chr16.49206901	0.000173	0.108738	23	False
chr16	50369556	50369676	bb.chr16.50369556	-0.009816	0.173163	23	False
chr16	51353077	51353197	bb.chr16.51353077	-0.042454	0.075140	23	False
chr16	51983658	51983778	bb.chr16.51983658	-0.223101	0.924114	23	True
chr16	52903643	52903763	bb.chr16.52903643	-0.019975	0.161691	23	False
chr16	53845261	53845381	bb.chr16.53845261	-0.010801	0.083206	23	False
chr16	54544901	54545021	bb.chr16.54544901	-0.001628	0.097539	23	False
chr16	55165172	55165292	bb.chr16.55165172	-0.035568	0.099916	23	False
chr16	55820480	55820600	bb.chr16.55820480	-0.020699	0.279934	23	False
chr16	57034714	57034834	bb.chr16.57034714	-0.031240	0.107733	23	False
chr16	57669924	57670044	bb.chr16.57669924	0.004230	0.131613	23	False
chr16	58293233	58293353	bb.chr16.58293233	0.016018	0.157114	23	False
chr16	58974153	58974273	bb.chr16.58974153	-0.010577	0.090094	23	False
chr16	59574519	59574639	bb.chr16.59574519	-0.155648	0.535137	23	True
chr16	60207060	60207180	bb.chr16.60207060	0.013680	0.166727	23	False
chr16	61089163	61089283	bb.chr16.61089163	-0.137999	0.857627	23	True
chr16	61800763	61800883	bb.chr16.61800763	-0.313032	1.376763	23	True
chr16	62738933	62739053	bb.chr16.62738933	-0.004241	0.069418	23	False
chr16	63363840	63363960	bb.chr16.63363840	-0.015648	0.167826	23	False
chr16	64380186	64380306	bb.chr16.64380186	0.001448	0.077367	23	False
chr16	65221188	65221308	bb.chr16.65221188	-0.039757	0.059391	23	False
chr16	65905211	65905331	bb.chr16.65905211	-0.001958	0.098173	23	False
chr16	66855707	66855827	bb.chr16.66855707	0.099642	0.163613	23	False
chr16	67562524	67562723	CTCF_exon_1	-0.046747	0.189102	23	False
chr16	67571144	67571264	CTCF_exon_2	-0.014709	0.068967	23	False
chr16	67610822	67611085	CTCF_exon_3	0.033272	0.057748	23	False
chr16	67611085	67611348	CTCF_exon_3	0.005970	0.061506	23	False
chr16	67611348	67611612	CTCF_exon_3	0.011924	0.071493	23	False
chr16	67611949	67612120	CTCF_exon_4	-0.104080	0.051804	23	False
chr16	67616743	67616877	CTCF_exon_5	0.010315	0.068520	23	False
chr16	67620695	67620815	CTCF_exon_6	0.035721	0.088264	23	False
chr16	67621440	67621590	CTCF_exon_7	0.010732	0.066499	23	False
chr16	67626553	67626714	CTCF_exon_8	-0.056524	0.070602	23	False
chr16	67628368	67628551	CTCF_exon_9	-0.110729	0.052856	23	False
chr16	67629396	67629532	CTCF_exon_10	0.031283	0.072170	23	False
chr16	67636688	67636850	CTCF_exon_11	-0.043817	0.075362	23	False
chr16	67637686	67637934	CTCF_exon_12	0.009860	0.060703	23	False
chr16	67637934	67638182	CTCF_exon_12	0.017633	0.085030	23	False
chr16	67638182	67638431	CTCF_exon_12	-0.000514	0.085287	23	False
chr16	67638431	67638679	CTCF_exon_12	0.008621	0.068017	23	False
chr16	67638679	67638927	CTCF_exon_12	-0.009554	0.077889	23	False
chr16	67638927	67639176	CTCF_exon_12	0.008667	0.068780	23	False
chr16	68682216	68682336	bb.chr16.68682216	0.033510	0.136145	23	False
chr16	69697879	69697999	bb.chr16.69697879	-0.020258	0.466814	23	True
chr16	71973440	71973560	bb.chr16.71973440	-0.027697	0.085294	23	False
chr16	72853224	72853344	bb.chr16.72853224	-0.086706	0.236585	23	False
chr16	74048115	74048235	bb.chr16.74048115	0.004039	0.186028	23	False
chr16	74721553	74721673	bb.chr16.74721553	-0.009208	0.109987	23	False
chr16	75482781	75482901	bb.chr16.75482781	-0.041379	0.095435	23	False
chr16	77532102	77532222	bb.chr16.77532102	-0.012133	0.123960	23	False
chr16	78175112	78175232	bb.chr16.78175112	0.011185	0.110617	23	False
chr16	78823089	78823209	bb.chr16.78823089	-0.007884	0.124636	23	False
chr16	79457329	79457449	bb.chr16.79457329	0.008663	0.068906	23	False
chr16	80124167	80124287	bb.chr16.80124167	0.021569	0.198086	23	False
chr16	81404293	81404413	bb.chr16.81404293	-0.006467	0.089408	23	False
chr16	81779289	81779423	PLCG2_exon_1	0.004870	0.187045	23	False
chr16	81785941	81786181	PLCG2_exon_2	0.041121	0.039137	23	False
chr16	81854442	81854586	PLCG2_exon_3	0.002969	0.058392	23	False
chr16	81858246	81858366	PLCG2_exon_4	0.004022	0.074550	23	False
chr16	81859110	81859230	PLCG2_exon_5	-0.025224	0.101817	23	False
chr16	81869179	81869299	PLCG2_exon_6	-0.014841	0.076203	23	False
chr16	81870846	81870966	PLCG2_exon_7	-0.033174	0.085004	23	False
chr16	81880876	81880996	PLCG2_exon_8	-0.022161	0.066161	23	False
chr16	81883223	81883343	PLCG2_exon_9	0.032381	0.115212	23	False
chr16	81889168	81889288	PLCG2_exon_10	-0.046334	0.088589	23	False
chr16	81891469	81891589	PLCG2_exon_11	-0.014328	0.077053	23	False
chr16	81893691	81893811	PLCG2_exon_12	-0.005145	0.106947	23	False
chr16	81895805	81895925	PLCG2_exon_13	-0.010591	0.134347	23	False
chr16	81900610	81900779	PLCG2_exon_14	-0.056956	0.107806	23	False
chr16	81905393	81905513	PLCG2_exon_15	-0.011883	0.113730	23	False
chr16	81907660	81907780	PLCG2_exon_16	-0.030397	0.101542	23	False
chr16	81908414	81908590	PLCG2_exon_17	-0.103812	0.052452	23	False
chr16	81910518	81910719	PLCG2_exon_18	0.006230	0.093816	23	False
chr16	81912595	81912715	PLCG2_exon_19	0.013505	0.109187	23	False
chr16	81919482	81919663	PLCG2_exon_20	-0.106428	0.061788	23	False
chr16	81921193	81921313	PLCG2_exon_21	-0.005322	0.109048	23	False
chr16	81923478	81923598	PLCG2_exon_22	-0.000121	0.076833	23	False
chr16	81927066	81927186	PLCG2_exon_23	0.029161	0.079582	23	False
chr16	81928556	81928676	PLCG2_exon_24	0.026128	0.103098	23	False
chr16	81931495	81931653	PLCG2_exon_25	-0.008228	0.041599	23	False
chr16	81934413	81934533	PLCG2_exon_26	0.022242	0.095026	23	False
chr16	81936167	81936377	PLCG2_exon_27	0.028152	0.052767	23	False
chr16	81937756	81937902	PLCG2_exon_28	-0.014695	0.075231	23	False
chr16	81938796	81938916	PLCG2_exon_29	-0.016165	0.143052	23	False
chr16	81939890	81940058	PLCG2_exon_30	-0.052733	0.074339	23	False
chr16	81946145	81946265	PLCG2_exon_31	-0.026424	0.077273	23	False
chr16	81956693	81956878	PLCG2_exon_32	-0.104477	0.051951	23	False
chr16	81957954	81958216	PLCG2_exon_33	0.048015	0.056754	23	False
chr16	81958216	81958479	PLCG2_exon_33	0.004425	0.069156	23	False
chr16	81958479	81958742	PLCG2_exon_33	-0.006050	0.092606	23	False
chr16	81958742	81959005	PLCG2_exon_33	0.042626	0.093397	23	False
chr16	81959005	81959267	PLCG2_exon_33	0.050968	0.068561	23	False
chr16	81959267	81959530	PLCG2_exon_33	0.038929	0.081359	23	False
chr16	81959530	81959793	PLCG2_exon_33	0.034208	0.084195	23	False
chr16	81959793	81960056	PLCG2_exon_33	0.048486	0.051015	23	False
chr16	81960056	81960319	PLCG2_exon_33	-0.057495	0.055001	23	False
chr16	81960319	81960581	PLCG2_exon_33	0.038158	0.066257	23	False
chr16	81960581	81960844	PLCG2_exon_33	0.011592	0.065184	23	False
chr16	81960844	81961107	PLCG2_exon_33	0.005277	0.045716	23	False
chr16	81961107	81961370	PLCG2_exon_33	-0.100618	0.067114	23	False
chr16	81961370	81961632	PLCG2_exon_33	-0.048331	0.124273	23	False
chr16	81961632	81961895	PLCG2_exon_33	0.006040	0.131725	23	False
chr16	81961895	81962158	PLCG2_exon_33	0.018999	0.085714	23	False
chr16	81962158	81962421	PLCG2_exon_33	0.015432	0.096937	23	False
chr16	81962421	81962684	PLCG2_exon_33	0.020352	0.143993	23	False
chr16	82932348	82932468	bb.chr16.82932348	-0.010071	0.108022	23	False
chr16	83562563	83562683	bb.chr16.83562563	-0.044889	0.428264	23	True
chr16	85447216	85447336	bb.chr16.85447216	0.007115	0.113706	23	False
chr16	86417341	86417461	bb.chr16.86417341	0.140678	0.155155	23	False
chr16	87039010	87039130	bb.chr16.87039010	-0.016206	0.075128	23	False
chr16	87974511	87974631	bb.chr16.87974511	0.003862	0.112083	23	False
chr16	88571502	88571622	bb.chr16.88571502	-0.027732	0.054411	23	False
chr16	89768853	89768973	bb.chr16.89768853	0.002801	0.128644	23	False
chr17	1650627	1650955	PRPF8_exon_43	-0.038955	0.061436	23	False
chr17	1651106	1651309	PRPF8_exon_42	0.019840	0.044924	23	False
chr17	1651412	1651552	PRPF8_exon_41	-0.018402	0.057091	23	False
chr17	1651646	1651787	PRPF8_exon_40	0.074299	0.062050	23	False
chr17	1653540	1653682	PRPF8_exon_39	0.075096	0.071230	23	False
chr17	1653775	1654015	PRPF8_exon_38	-0.017721	0.038583	23	False
chr17	1655348	1655542	PRPF8_exon_37	-0.128316	0.058479	23	False
chr17	1656390	1656564	PRPF8_exon_36	0.026388	0.084401	23	False
chr17	1656643	1656763	PRPF8_exon_35	0.050686	0.073258	23	False
chr17	1658255	1658375	PRPF8_exon_34	-0.049055	0.066172	23	False
chr17	1658524	1658762	PRPF8_exon_33	0.006668	0.060407	23	False
chr17	1659355	1659547	PRPF8_exon_32	-0.129395	0.058065	23	False
chr17	1659839	1660000	PRPF8_exon_31	-0.055926	0.054351	23	False
chr17	1660430	1660577	PRPF8_exon_30	-0.003081	0.058860	23	False
chr17	1660701	1660821	PRPF8_exon_29	0.051291	0.071482	23	False
chr17	1660991	1661161	PRPF8_exon_28	0.005360	0.056151	23	False
chr17	1661269	1661405	PRPF8_exon_27	0.085740	0.062308	23	False
chr17	1661609	1661789	PRPF8_exon_26	0.068544	0.060225	23	False
chr17	1661904	1662024	PRPF8_exon_25	0.049078	0.076393	23	False
chr17	1662032	1662152	PRPF8_exon_25	-0.027616	0.091972	23	False
chr17	1673077	1673197	PRPF8_exon_24	-0.029763	0.064476	23	False
chr17	1673355	1673566	PRPF8_exon_23	0.045640	0.052525	23	False
chr17	1673744	1673891	PRPF8_exon_22	-0.085269	0.044586	23	False
chr17	1674440	1674679	PRPF8_exon_21	0.047070	0.065047	23	False
chr17	1675150	1675338	PRPF8_exon_20	-0.135619	0.065349	23	False
chr17	1675618	1675811	PRPF8_exon_19	0.049438	0.074971	23	False
chr17	1675929	1676049	PRPF8_exon_18	0.062299	0.056383	23	False
chr17	1676205	1676369	PRPF8_exon_17	0.057063	0.055326	23	False
chr17	1676503	1676710	PRPF8_exon_16	0.032390	0.065035	23	False
chr17	1676974	1677171	PRPF8_exon_15	-0.092313	0.051426	23	False
chr17	1677568	1677688	PRPF8_exon_14	-0.002484	0.078954	23	False
chr17	1678516	1678651	PRPF8_exon_13	0.034916	0.065396	23	False
chr17	1678760	1678880	PRPF8_exon_12	0.031439	0.057970	23	False
chr17	1679015	1679205	PRPF8_exon_11	-0.017671	0.046881	23	False
chr17	1679289	1679409	PRPF8_exon_10	0.029176	0.061170	23	False
chr17	1679607	1679798	PRPF8_exon_9	-0.045662	0.038825	23	False
chr17	1680717	1680837	PRPF8_exon_8	0.070099	0.067517	23	False
chr17	1680930	1681050	PRPF8_exon_7	0.061075	0.069494	23	False
chr17	1681476	1681689	PRPF8_exon_6	0.018008	0.079328	23	False
chr17	1681818	1682037	PRPF8_exon_5	-0.052311	0.062283	23	False
chr17	1682127	1682292	PRPF8_exon_4	0.062005	0.084450	23	False
chr17	1683531	1683700	PRPF8_exon_3	-0.062143	0.056678	23	False
chr17	1684465	1684585	PRPF8_exon_2	0.000043	0.161778	23	False
chr17	1684777	1684897	PRPF8_exon_1	-0.003412	0.112195	23	False
chr17	7668419	7668539	TP53_exon_11	0.045967	0.078062	23	False
chr17	7668778	7669081	TP53_exon_11	0.014507	0.112367	23	False
chr17	7669081	7669385	TP53_exon_11	0.027328	0.069531	23	False
chr17	7669385	7669689	TP53_exon_11	0.014819	0.051206	23	False
chr17	7670600	7670720	TP53_exon_10	0.014488	0.101208	23	False
chr17	7673512	7673632	TP53_exon_9	0.049857	0.102061	23	False
chr17	7673699	7673836	TP53_exon_8	-0.000427	0.061131	23	False
chr17	7674174	7674294	TP53_exon_7	0.025373	0.099177	23	False
chr17	7674853	7674973	TP53_exon_6	0.038013	0.077544	23	False
chr17	7675051	7675235	TP53_exon_5	0.026016	0.058688	23	False
chr17	7675992	7676271	TP53_exon_4	-0.038134	0.078812	23	False
chr17	7676344	7676464	TP53_exon_3	0.005153	0.168774	23	False
chr17	7676516	7676636	TP53_exon_2	0.016755	0.089959	23	False
chr17	7687372	7687492	TP53_exon_1	-0.004900	0.105500	23	False
chr17	7834215	7834349	KDM6B_exon_1	0.009750	0.218614	23	False
chr17	7839903	7840023	KDM6B_exon_2	-0.000872	0.105894	23	False
chr17	7844899	7845019	KDM6B_exon_3	-0.017692	0.096614	23	False
chr17	7845312	7845455	KDM6B_exon_4	0.073656	0.069291	23	False
chr17	7845548	7845690	KDM6B_exon_5	0.026521	0.035461	23	False
chr17	7845871	7845991	KDM6B_exon_6	0.035676	0.092946	23	False
chr17	7846076	7846296	KDM6B_exon_7	-0.030499	0.069190	23	False
chr17	7846396	7846516	KDM6B_exon_8	0.000370	0.099914	23	False
chr17	7846577	7846739	KDM6B_exon_9	0.119214	0.100695	23	False
chr17	7846817	7847015	KDM6B_exon_10	0.002325	0.126661	23	False
chr17	7847103	7847451	KDM6B_exon_11	0.098733	0.091966	23	False
chr17	7847544	7847816	KDM6B_exon_12	0.141125	0.146824	23	False
chr17	7847816	7848089	KDM6B_exon_12	0.064426	0.332908	23	True
chr17	7848089	7848362	KDM6B_exon_12	0.072493	0.152086	23	False
chr17	7848362	7848635	KDM6B_exon_12	0.027472	0.190902	23	False
chr17	7848635	7848908	KDM6B_exon_12	0.007318	0.154805	23	False
chr17	7848908	7849181	KDM6B_exon_12	0.060998	0.142862	23	False
chr17	7849181	7849454	KDM6B_exon_12	0.050300	0.087223	23	False
chr17	7849454	7849727	KDM6B_exon_12	0.143235	0.091444	23	False
chr17	7849822	7849942	KDM6B_exon_13	-0.006843	0.120541	23	False
chr17	7850063	7850183	KDM6B_exon_14	-0.155774	0.080940	23	False
chr17	7851019	7851225	KDM6B_exon_15	0.033800	0.071345	23	False
chr17	7851311	7851431	KDM6B_exon_16	0.036253	0.101969	23	False
chr17	7851436	7851556	KDM6B_exon_17	0.034576	0.082750	23	False
chr17	7851646	7851795	KDM6B_exon_18	0.019744	0.090920	23	False
chr17	7851946	7852066	KDM6B_exon_19	0.030900	0.062167	23	False
chr17	7852147	7852335	KDM6B_exon_20	-0.005566	0.048376	23	False
chr17	7852493	7852635	KDM6B_exon_21	-0.112161	0.064963	23	False
chr17	7853001	7853121	KDM6B_exon_22	0.067191	0.087948	23	False
chr17	7853208	7853379	KDM6B_exon_23	0.002487	0.061598	23	False
chr17	7853496	7853755	KDM6B_exon_24	0.020404	0.146723	23	False
chr17	7853755	7854015	KDM6B_exon_24	0.061413	0.072356	23	False
chr17	7854015	7854275	KDM6B_exon_24	0.031961	0.093130	23	False
chr17	7854275	7854535	KDM6B_exon_24	0.034394	0.163565	23	False
chr17	7854535	7854795	KDM6B_exon_24	0.043221	0.121635	23	False
chr17	27768644	27768764	bb.chr17.27768644	0.009925	0.100763	23	False
chr17	28489287	28489407	bb.chr17.28489287	0.018617	0.136091	23	False
chr17	29273570	29273690	bb.chr17.29273570	0.012293	0.179349	23	False
chr17	30646712	30646832	bb.chr17.30646712	0.025308	0.175701	23	False
chr17	31094975	31095368	NF1_exon_1	-0.011774	0.100416	23	False
chr17	31155981	31156125	NF1_exon_2	-0.006294	0.086292	23	False
chr17	31159002	31159122	NF1_exon_3	0.011767	0.145977	23	False
chr17	31163184	31163375	NF1_exon_4	-0.144468	0.069540	23	False
chr17	31169882	31170002	NF1_exon_5	0.013687	0.154881	23	False
chr17	31181389	31181509	NF1_exon_6	-0.023586	0.099090	23	False
chr17	31181677	31181797	NF1_exon_7	-0.027326	0.164722	23	False
chr17	31182506	31182664	NF1_exon_8	-0.022749	0.048354	23	False
chr17	31200420	31200594	NF1_exon_9	-0.090957	0.046964	23	False
chr17	31201036	31201156	NF1_exon_10	0.023036	0.061345	23	False
chr17	31201386	31201506	NF1_exon_11	0.009297	0.159068	23	False
chr17	31206238	31206370	NF1_exon_12	0.032360	0.062980	23	False
chr17	31214449	31214584	NF1_exon_13	-0.001964	0.134094	23	False
chr17	31219000	31219120	NF1_exon_14	-0.011660	0.087005	23	False
chr17	31221849	31221969	NF1_exon_15	0.045143	0.087274	23	False
chr17	31223444	31223564	NF1_exon_16	-0.012826	0.067795	23	False
chr17	31225093	31225249	NF1_exon_17	-0.039611	0.089147	23	False
chr17	31226433	31226553	NF1_exon_18	-0.009569	0.106991	23	False
chr17	31226563	31226683	NF1_exon_18	-0.008800	0.084956	23	False
chr17	31227198	31227318	NF1_exon_19	0.018728	0.097722	23	False
chr17	31227521	31227641	NF1_exon_20	0.026866	0.083520	23	False
chr17	31229023	31229243	NF1_exon_21	0.080787	0.078106	23	False
chr17	31229243	31229464	NF1_exon_21	0.098866	0.083355	23	False
chr17	31229833	31229973	NF1_exon_22	0.015619	0.067946	23	False
chr17	31230259	31230379	NF1_exon_23	0.000014	0.072129	23	False
chr17	31230807	31230927	NF1_exon_24	-0.006155	0.125096	23	False
chr17	31232070	31232190	NF1_exon_25	-0.010618	0.163318	23	False
chr17	31232698	31232880	NF1_exon_26	0.075855	0.052008	23	False
chr17	31233000	31233212	NF1_exon_27	-0.004065	0.094955	23	False
chr17	31235609	31235771	NF1_exon_28	0.018624	0.054288	23	False
chr17	31235902	31236022	NF1_exon_29	-0.101979	0.074276	23	False
chr17	31248982	31249118	NF1_exon_30	0.034865	0.065992	23	False
chr17	31252896	31253016	NF1_exon_31	-0.021272	0.126805	23	False
chr17	31258342	31258501	NF1_exon_32	-0.027354	0.061429	23	False
chr17	31259025	31259145	NF1_exon_33	0.011048	0.069999	23	False
chr17	31260367	31260514	NF1_exon_34	-0.025944	0.071181	23	False
chr17	31261709	31261856	NF1_exon_35	-0.024332	0.050158	23	False
chr17	31265222	31265342	NF1_exon_36	-0.003914	0.113121	23	False
chr17	31325818	31326034	NF1_exon_37	0.107734	0.069154	23	False
chr17	31326034	31326251	NF1_exon_37	0.081863	0.070614	23	False
chr17	31327497	31327838	NF1_exon_38	-0.044499	0.061951	23	False
chr17	31330294	31330497	NF1_exon_39	0.037797	0.069630	23	False
chr17	31334836	31335030	NF1_exon_40	-0.122269	0.069650	23	False
chr17	31336331	31336472	NF1_exon_41	-0.086306	0.073036	23	False
chr17	31336633	31336913	NF1_exon_42	0.005325	0.086201	23	False
chr17	31337366	31337581	NF1_exon_43	0.082707	0.060844	23	False
chr17	31337770	31337890	NF1_exon_44	-0.114532	0.090767	23	False
chr17	31338020	31338140	NF1_exon_45	-0.096398	0.089887	23	False
chr17	31338695	31338815	NF1_exon_46	0.021093	0.095804	23	False
chr17	31340503	31340644	NF1_exon_47	0.020335	0.061281	23	False
chr17	31343010	31343130	NF1_exon_48	-0.007516	0.073080	23	False
chr17	31349118	31349250	NF1_exon_49	0.031109	0.072099	23	False
chr17	31350181	31350317	NF1_exon_50	0.024822	0.074831	23	False
chr17	31352255	31352413	NF1_exon_51	-0.014152	0.083969	23	False
chr17	31356459	31356579	NF1_exon_52	-0.039907	0.065086	23	False
chr17	31356963	31357083	NF1_exon_53	0.016297	0.059356	23	False
chr17	31357256	31357376	NF1_exon_54	0.018007	0.065972	23	False
chr17	31358478	31358621	NF1_exon_55	-0.007172	0.083149	23	False
chr17	31358961	31359081	NF1_exon_56	-0.006314	0.114580	23	False
chr17	31360485	31360702	NF1_exon_57	0.081741	0.072286	23	False
chr17	31374011	31374247	NF1_exon_58	0.048007	0.079873	23	False
chr17	31374247	31374484	NF1_exon_58	-0.012616	0.066596	23	False
chr17	31374484	31374721	NF1_exon_58	0.019057	0.102503	23	False
chr17	31374721	31374958	NF1_exon_58	0.046953	0.094079	23	False
chr17	31374966	31375236	NF1_exon_58	0.034579	0.112530	23	False
chr17	31375236	31375507	NF1_exon_58	0.027112	0.079015	23	False
chr17	31375507	31375778	NF1_exon_58	0.011925	0.158594	23	False
chr17	31375778	31376049	NF1_exon_58	-0.018342	0.174336	23	False
chr17	31376049	31376320	NF1_exon_58	0.038195	0.101491	23	False
chr17	31376320	31376590	NF1_exon_58	-0.018354	0.089087	23	False
chr17	31376590	31376861	NF1_exon_58	0.010943	0.067723	23	False
chr17	31376861	31377132	NF1_exon_58	-0.049681	0.060380	23	False
chr17	31377132	31377403	NF1_exon_58	-0.064301	0.153036	23	False
chr17	31377403	31377674	NF1_exon_58	-0.054473	0.063196	23	False
chr17	31936991	31937111	SUZ12_exon_1	-0.018856	0.167461	23	False
chr17	31937120	31937519	SUZ12_exon_1	0.017418	0.095645	23	False
chr17	31940217	31940337	SUZ12_exon_2	0.058981	0.112737	23	False
chr17	31940406	31940526	SUZ12_exon_3	0.044301	0.136429	23	False
chr17	31947574	31947694	SUZ12_exon_4	-0.059757	0.507434	23	True
chr17	31966145	31966265	SUZ12_exon_5	-0.019966	0.147797	23	False
chr17	31973128	31973248	SUZ12_exon_6	0.008885	0.135861	23	False
chr17	31975480	31975712	SUZ12_exon_7	0.054056	0.087882	23	False
chr17	31976518	31976638	SUZ12_exon_8	0.041146	0.136357	23	False
chr17	31982990	31983110	SUZ12_exon_9	0.006609	0.099714	23	False
chr17	31988318	31988496	SUZ12_exon_10	-0.087521	0.081216	23	False
chr17	31993233	31993353	SUZ12_exon_11	-0.022842	0.178758	23	False
chr17	31993863	31994007	SUZ12_exon_12	-0.008320	0.092698	23	False
chr17	31994562	31994720	SUZ12_exon_13	-0.018988	0.060422	23	False
chr17	31995562	31995761	SUZ12_exon_14	-0.032593	0.107606	23	False
chr17	31996763	31996883	SUZ12_exon_15	-0.035058	0.171222	23	False
chr17	31998656	31998920	SUZ12_exon_16	-0.003557	0.095233	23	False
chr17	31998920	31999185	SUZ12_exon_16	0.041576	0.130795	23	False
chr17	31999185	31999449	SUZ12_exon_16	-0.005871	0.245310	23	False
chr17	31999449	31999714	SUZ12_exon_16	-0.021737	0.155114	23	False
chr17	31999714	31999978	SUZ12_exon_16	-0.093108	0.114228	23	False
chr17	31999978	32000243	SUZ12_exon_16	0.028258	0.080510	23	False
chr17	32000243	32000507	SUZ12_exon_16	-0.006229	0.090841	23	False
chr17	32000507	32000772	SUZ12_exon_16	-0.056017	0.111066	23	False
chr17	32000772	32001037	SUZ12_exon_16	-0.040735	0.171082	23	False
chr17	32285441	32285561	bb.chr17.32285441	-0.010536	0.091212	23	False
chr17	32984586	32984706	bb.chr17.32984586	-0.016237	0.123285	23	False
chr17	33591030	33591150	bb.chr17.33591030	-0.052765	0.094630	23	False
chr17	34236752	34236872	bb.chr17.34236752	-0.022624	0.093682	23	False
chr17	35170252	35170372	bb.chr17.35170252	0.008086	0.099613	23	False
chr17	36077894	36078014	bb.chr17.36077894	0.045658	0.093249	23	False
chr17	36887679	36887799	bb.chr17.36887679	0.005983	0.121978	23	False
chr17	37542063	37542183	bb.chr17.37542063	-0.017189	0.084163	23	False
chr17	39101589	39101709	bb.chr17.39101589	-0.006134	0.049994	23	False
chr17	40436678	40436798	bb.chr17.40436678	-0.014075	0.085452	23	False
chr17	42199175	42199434	STAT5B_exon_19	0.071188	0.171581	23	False
chr17	42199434	42199694	STAT5B_exon_19	-0.004745	0.046736	23	False
chr17	42199694	42199954	STAT5B_exon_19	-0.002518	0.077992	23	False
chr17	42199954	42200214	STAT5B_exon_19	0.038474	0.068624	23	False
chr17	42200214	42200474	STAT5B_exon_19	0.054745	0.072408	23	False
chr17	42200474	42200734	STAT5B_exon_19	0.061635	0.082301	23	False
chr17	42200734	42200994	STAT5B_exon_19	0.049867	0.083144	23	False
chr17	42200994	42201254	STAT5B_exon_19	0.030226	0.068948	23	False
chr17	42201254	42201514	STAT5B_exon_19	0.140600	0.083486	23	False
chr17	42201527	42201863	STAT5B_exon_19	0.012639	0.050357	23	False
chr17	42202332	42202452	STAT5B_exon_18	0.002983	0.154656	23	False
chr17	42202714	42202834	STAT5B_exon_17	0.102820	0.063153	23	False
chr17	42207556	42207727	STAT5B_exon_16	-0.097890	0.047953	23	False
chr17	42210174	42210294	STAT5B_exon_15	0.042031	0.060545	23	False
chr17	42210396	42210516	STAT5B_exon_14	0.051860	0.080844	23	False
chr17	42211982	42212189	STAT5B_exon_13	0.027204	0.060723	23	False
chr17	42216002	42216122	STAT5B_exon_12	-0.027329	0.089768	23	False
chr17	42217159	42217279	STAT5B_exon_11	0.054501	0.094688	23	False
chr17	42217352	42217472	STAT5B_exon_10	0.044394	0.070622	23	False
chr17	42218149	42218329	STAT5B_exon_9	-0.099467	0.138622	23	False
chr17	42218721	42218877	STAT5B_exon_8	-0.029082	0.127120	23	False
chr17	42219310	42219462	STAT5B_exon_7	0.001464	0.129846	23	False
chr17	42219715	42219835	STAT5B_exon_6	-0.004696	0.154312	23	False
chr17	42223380	42223555	STAT5B_exon_5	-0.082850	0.069403	23	False
chr17	42224764	42224884	STAT5B_exon_4	-0.026481	0.086332	23	False
chr17	42227527	42227684	STAT5B_exon_3	-0.027623	0.076601	23	False
chr17	42231998	42232136	STAT5B_exon_2	0.036407	0.081207	23	False
chr17	42276246	42276390	STAT5B_exon_1	-0.044498	0.307474	23	True
chr17	42313322	42313576	STAT3_exon_24	-0.005721	0.119797	23	False
chr17	42313576	42313830	STAT3_exon_24	-0.001683	0.081847	23	False
chr17	42313830	42314084	STAT3_exon_24	0.019859	0.086523	23	False
chr17	42314084	42314338	STAT3_exon_24	0.019416	0.078070	23	False
chr17	42314338	42314592	STAT3_exon_24	0.014881	0.071781	23	False
chr17	42314592	42314846	STAT3_exon_24	0.025051	0.117315	23	False
chr17	42315107	42315337	STAT3_exon_24	0.045457	0.073870	23	False
chr17	42315337	42315568	STAT3_exon_24	-0.010930	0.071867	23	False
chr17	42315568	42315799	STAT3_exon_24	0.028795	0.052048	23	False
chr17	42316783	42316903	STAT3_exon_23	0.017749	0.103295	23	False
chr17	42317112	42317232	STAT3_exon_22	0.019850	0.076503	23	False
chr17	42322280	42322493	STAT3_exon_21	0.035882	0.060109	23	False
chr17	42323002	42323142	STAT3_exon_20	0.066147	0.069565	23	False
chr17	42323242	42323362	STAT3_exon_19	0.038395	0.067318	23	False
chr17	42323508	42323628	STAT3_exon_18	-0.066235	0.051089	23	False
chr17	42324709	42324845	STAT3_exon_17	0.067801	0.075767	23	False
chr17	42324943	42325063	STAT3_exon_16	0.054712	0.062240	23	False
chr17	42326096	42326216	STAT3_exon_15	0.000222	0.091613	23	False
chr17	42329372	42329492	STAT3_exon_14	0.034687	0.082341	23	False
chr17	42329530	42329650	STAT3_exon_13	0.130866	0.049373	23	False
chr17	42329677	42329797	STAT3_exon_12	0.002012	0.100424	23	False
chr17	42331412	42331532	STAT3_exon_11	-0.010447	0.113761	23	False
chr17	42333662	42333782	STAT3_exon_10	0.022690	0.059213	23	False
chr17	42333889	42334048	STAT3_exon_9	0.072862	0.088610	23	False
chr17	42337433	42337585	STAT3_exon_8	-0.103349	0.061252	23	False
chr17	42337755	42337875	STAT3_exon_7	-0.023405	0.068795	23	False
chr17	42338697	42338817	STAT3_exon_6	0.000408	0.084629	23	False
chr17	42339300	42339420	STAT3_exon_5	0.005601	0.076300	23	False
chr17	42345554	42345674	STAT3_exon_4	0.010629	0.084837	23	False
chr17	42346567	42346712	STAT3_exon_3	0.013409	0.063065	23	False
chr17	42348387	42348538	STAT3_exon_2	-0.005537	0.056004	23	False
chr17	42388277	42388441	STAT3_exon_1	-0.078504	0.119351	23	False
chr17	42550205	42550325	bb.chr17.42550205	0.000552	0.168535	23	False
chr17	43573582	43573702	bb.chr17.43573582	-0.000747	0.154163	23	False
chr17	44205038	44205296	UBTF_exon_21	0.065510	0.062587	23	False
chr17	44205296	44205555	UBTF_exon_21	0.010572	0.085566	23	False
chr17	44205555	44205814	UBTF_exon_21	-0.013935	0.094650	23	False
chr17	44205814	44206072	UBTF_exon_21	-0.007631	0.101181	23	False
chr17	44206072	44206331	UBTF_exon_21	0.006573	0.063940	23	False
chr17	44206331	44206590	UBTF_exon_21	-0.003511	0.075962	23	False
chr17	44206590	44206848	UBTF_exon_21	0.016293	0.098477	23	False
chr17	44206848	44207107	UBTF_exon_21	-0.034226	0.127625	23	False
chr17	44207107	44207366	UBTF_exon_21	0.123173	0.094404	23	False
chr17	44207452	44207596	UBTF_exon_20	-0.033955	0.068872	23	False
chr17	44207690	44207810	UBTF_exon_19	0.029218	0.079268	23	False
chr17	44207843	44207963	UBTF_exon_18	0.006412	0.071916	23	False
chr17	44209350	44209540	UBTF_exon_17	0.027202	0.052529	23	False
chr17	44209629	44209749	UBTF_exon_16	0.053421	0.099535	23	False
chr17	44210117	44210237	UBTF_exon_15	0.050919	0.083420	23	False
chr17	44210316	44210472	UBTF_exon_14	0.012547	0.072868	23	False
chr17	44210790	44210946	UBTF_exon_13	0.027943	0.085270	23	False
chr17	44211034	44211154	UBTF_exon_12	-0.005955	0.067828	23	False
chr17	44211272	44211392	UBTF_exon_11	-0.072238	0.104786	23	False
chr17	44211604	44211746	UBTF_exon_10	0.012754	0.060380	23	False
chr17	44211871	44212005	UBTF_exon_9	-0.156793	0.103768	23	False
chr17	44212337	44212457	UBTF_exon_8	-0.032806	0.107764	23	False
chr17	44212817	44212937	UBTF_exon_7	0.002064	0.127182	23	False
chr17	44213207	44213327	UBTF_exon_6	-0.003239	0.117120	23	False
chr17	44215652	44215808	UBTF_exon_5	0.044796	0.109679	23	False
chr17	44215900	44216020	UBTF_exon_4	0.103286	0.063896	23	False
chr17	44216527	44216703	UBTF_exon_3	-0.093407	0.041756	23	False
chr17	44218172	44218292	UBTF_exon_2	0.005896	0.094448	23	False
chr17	44219443	44219674	UBTF_exon_1	0.015364	0.241701	23	False
chr17	44584532	44584652	bb.chr17.44584532	-0.033893	0.128306	23	False
chr17	45284064	45284184	bb.chr17.45284064	-0.018144	0.078938	23	False
chr17	45993157	45993277	bb.chr17.45993157	0.000348	0.108544	23	False
chr17	47995239	47995359	bb.chr17.47995239	0.022933	0.195306	23	False
chr17	48747136	48747256	bb.chr17.48747136	0.004946	0.106036	23	False
chr17	50109518	50109638	bb.chr17.50109518	0.019262	0.104453	23	False
chr17	50743786	50743906	bb.chr17.50743786	-0.060115	0.290308	23	False
chr17	51632383	51632503	bb.chr17.51632383	-0.014944	0.084256	23	False
chr17	53134191	53134311	bb.chr17.53134191	0.009666	0.081787	23	False
chr17	53996212	53996332	bb.chr17.53996212	-0.094304	0.307560	23	True
chr17	54627611	54627731	bb.chr17.54627611	0.018839	0.123604	23	False
chr17	55509772	55509892	bb.chr17.55509772	-0.006033	0.123241	23	False
chr17	56351015	56351135	bb.chr17.56351015	-0.709363	1.676342	23	True
chr17	57054127	57054247	bb.chr17.57054127	0.107525	0.079546	23	False
chr17	58410215	58410335	bb.chr17.58410215	-0.044176	0.203754	23	False
chr17	58692600	58692787	RAD51C_exon_1	-0.119707	0.064451	23	False
chr17	58694929	58695188	RAD51C_exon_2	0.015320	0.091858	23	False
chr17	58696691	58696858	RAD51C_exon_3	-0.067770	0.063196	23	False
chr17	58703194	58703328	RAD51C_exon_4	0.012846	0.087546	23	False
chr17	58709857	58709989	RAD51C_exon_5	0.025222	0.066467	23	False
chr17	58720708	58720828	RAD51C_exon_6	-0.031174	0.067627	23	False
chr17	58723997	58724117	RAD51C_exon_7	0.009705	0.110211	23	False
chr17	58732469	58732589	RAD51C_exon_8	-0.015893	0.081650	23	False
chr17	58734116	58734348	RAD51C_exon_9	0.013997	0.081432	23	False
chr17	58734348	58734580	RAD51C_exon_9	0.024040	0.112439	23	False
chr17	58734918	58735253	RAD51C_exon_9	-0.042575	0.098020	23	False
chr17	59853225	59853345	bb.chr17.59853225	0.003219	0.088281	23	False
chr17	60600191	60600422	PPM1D_exon_1	0.023497	0.147845	23	False
chr17	60600422	60600653	PPM1D_exon_1	0.078621	0.106665	23	False
chr17	60600653	60600885	PPM1D_exon_1	0.032943	0.091734	23	False
chr17	60623519	60623748	PPM1D_exon_2	0.060095	0.060348	23	False
chr17	60633853	60633973	PPM1D_exon_3	-0.000349	0.087174	23	False
chr17	60647890	60648081	PPM1D_exon_4	-0.143726	0.068675	23	False
chr17	60656597	60656717	PPM1D_exon_5	-0.023654	0.071633	23	False
chr17	60656720	60656840	PPM1D_exon_5	-0.022781	0.068639	23	False
chr17	60662993	60663247	PPM1D_exon_6	0.013078	0.077570	23	False
chr17	60663247	60663502	PPM1D_exon_6	0.037930	0.067142	23	False
chr17	60663502	60663756	PPM1D_exon_6	0.016546	0.089438	23	False
chr17	60663756	60664011	PPM1D_exon_6	0.018357	0.137201	23	False
chr17	60664011	60664265	PPM1D_exon_6	0.017155	0.118466	23	False
chr17	60664265	60664520	PPM1D_exon_6	0.040489	0.123594	23	False
chr17	60665472	60665741	PPM1D_exon_6	-0.012338	0.060074	23	False
chr17	60665741	60666010	PPM1D_exon_6	0.039080	0.084553	23	False
chr17	60666010	60666279	PPM1D_exon_6	-0.010366	0.076714	23	False
chr17	61510431	61510551	bb.chr17.61510431	-0.003793	0.107474	23	False
chr17	62804676	62804796	bb.chr17.62804676	0.057595	0.083561	23	False
chr17	63484888	63485008	bb.chr17.63484888	0.005333	0.154673	23	False
chr17	64322452	64322572	bb.chr17.64322452	0.013832	0.089967	23	False
chr17	65717692	65717812	bb.chr17.65717692	0.009394	0.074246	23	False
chr17	66448798	66448918	bb.chr17.66448798	0.006394	0.141666	23	False
chr17	67340351	67340471	bb.chr17.67340351	-0.765362	1.782777	15	True
chr17	68290856	68290976	bb.chr17.68290856	-0.019547	0.085605	23	False
chr17	70050057	70050177	bb.chr17.70050057	-0.063437	0.201085	23	False
chr17	70941966	70942086	bb.chr17.70941966	0.000478	0.091791	23	False
chr17	71563362	71563482	bb.chr17.71563362	-0.047853	0.122023	23	False
chr17	72180072	72180192	bb.chr17.72180072	-0.007152	0.131556	23	False
chr17	73971658	73971778	bb.chr17.73971658	-0.037848	0.185354	23	False
chr17	75514932	75515052	bb.chr17.75514932	0.038072	0.121453	23	False
chr17	76698304	76698424	bb.chr17.76698304	-0.027094	0.287710	23	False
chr17	76734113	76734374	SRSF2_exon_3	0.010299	0.135301	23	False
chr17	76734374	76734635	SRSF2_exon_3	-0.016503	0.052961	23	False
chr17	76734635	76734896	SRSF2_exon_3	0.049283	0.078323	23	False
chr17	76734896	76735157	SRSF2_exon_3	0.047370	0.093397	23	False
chr17	76736152	76736463	SRSF2_exon_2	-0.023369	0.069045	23	False
chr17	76736797	76737063	SRSF2_exon_1	-0.038239	0.107436	23	False
chr17	76737063	76737330	SRSF2_exon_1	-0.049619	0.108236	23	False
chr17	77576592	77576712	bb.chr17.77576592	-0.032501	0.110755	23	False
chr17	78488153	78488273	bb.chr17.78488153	-0.054579	0.092768	23	False
chr17	79725211	79725331	bb.chr17.79725211	-0.016616	0.143115	23	False
chr17	80605353	80605473	bb.chr17.80605353	0.046008	0.091105	23	False
chr17	81538103	81538223	bb.chr17.81538103	-0.014044	0.112185	23	False
chr17	82386290	82386410	bb.chr17.82386290	-0.084966	0.271840	23	False
chr18	293961	294081	bb.chr18.293961	-0.005499	0.085369	23	False
chr18	1983921	1984041	bb.chr18.1983921	-0.226132	0.705024	23	True
chr18	2653832	2653952	bb.chr18.2653832	-1.027736	1.724262	22	True
chr18	3510727	3510847	bb.chr18.3510727	0.005143	0.220692	23	False
chr18	4454090	4454210	bb.chr18.4454090	-0.007217	0.104161	23	False
chr18	5196922	5197042	bb.chr18.5196922	0.000637	0.075544	23	False
chr18	6681251	6681371	bb.chr18.6681251	-0.028270	0.078924	23	False
chr18	7389170	7389290	bb.chr18.7389170	0.015200	0.174083	23	False
chr18	8257129	8257249	bb.chr18.8257129	0.013280	0.084837	23	False
chr18	8912626	8912746	bb.chr18.8912626	-0.013209	0.081287	23	False
chr18	9869989	9870109	bb.chr18.9869989	0.007487	0.121864	23	False
chr18	11156517	11156637	bb.chr18.11156517	0.026322	0.089383	23	False
chr18	11938745	11938865	bb.chr18.11938745	-0.007384	0.119615	23	False
chr18	13101843	13101963	bb.chr18.13101843	0.012021	0.096589	23	False
chr18	13993717	13993837	bb.chr18.13993717	0.016190	0.105758	23	False
chr18	14598534	14598654	bb.chr18.14598534	-0.067960	0.300644	23	True
chr18	21329909	21330029	bb.chr18.21329909	-0.029232	0.326481	23	True
chr18	22246719	22246839	bb.chr18.22246719	-0.008565	0.132914	23	False
chr18	23079035	23079155	bb.chr18.23079035	0.001311	0.146021	23	False
chr18	24056222	24056342	bb.chr18.24056222	-0.043298	0.097721	23	False
chr18	25016017	25016137	bb.chr18.25016017	-0.005056	0.114143	23	False
chr18	25711048	25711168	bb.chr18.25711048	-0.024050	0.074134	23	False
chr18	26493275	26493395	bb.chr18.26493275	-0.063964	0.256435	23	False
chr18	27921977	27922097	bb.chr18.27921977	-0.002084	0.099735	23	False
chr18	29838574	29838694	bb.chr18.29838574	-0.015026	0.111620	23	False
chr18	30458256	30458376	bb.chr18.30458256	-0.046009	0.414897	23	True
chr18	31161885	31162005	bb.chr18.31161885	-0.016959	0.088453	23	False
chr18	32473127	32473247	bb.chr18.32473127	-0.051523	0.152065	23	False
chr18	33748495	33748615	bb.chr18.33748495	-0.023118	0.065042	23	False
chr18	34414865	34414985	bb.chr18.34414865	-0.068903	0.158654	23	False
chr18	35553835	35553955	bb.chr18.35553835	-0.045859	0.384242	23	True
chr18	36373353	36373473	bb.chr18.36373353	0.045798	0.258160	23	False
chr18	37295334	37295454	bb.chr18.37295334	-0.002300	0.103214	23	False
chr18	38132991	38133111	bb.chr18.38132991	0.101302	0.231574	23	False
chr18	38851939	38852059	bb.chr18.38851939	0.004785	0.080126	23	False
chr18	39614266	39614386	bb.chr18.39614266	-0.004634	0.107168	23	False
chr18	40380680	40380800	bb.chr18.40380680	-0.013865	0.177045	23	False
chr18	42323905	42324025	bb.chr18.42323905	-0.002558	0.098460	23	False
chr18	43760911	43761031	bb.chr18.43760911	-0.015272	0.104163	23	False
chr18	44551917	44552037	bb.chr18.44551917	-0.040238	0.293345	23	False
chr18	44680886	44681020	SETBP1_exon_1	0.007153	0.139680	23	False
chr18	44701173	44701502	SETBP1_exon_2	0.036942	0.063709	23	False
chr18	44701502	44701831	SETBP1_exon_2	0.037231	0.054896	23	False
chr18	44869225	44869345	SETBP1_exon_3	-0.014242	0.070727	23	False
chr18	44949879	44950145	SETBP1_exon_4	-0.043689	0.072965	23	False
chr18	44950145	44950411	SETBP1_exon_4	0.030288	0.079407	23	False
chr18	44950411	44950677	SETBP1_exon_4	-0.014003	0.096549	23	False
chr18	44950677	44950943	SETBP1_exon_4	0.040954	0.082526	23	False
chr18	44950943	44951209	SETBP1_exon_4	-0.052193	0.067878	23	False
chr18	44951209	44951475	SETBP1_exon_4	0.040133	0.074760	23	False
chr18	44951475	44951742	SETBP1_exon_4	0.010388	0.054986	23	False
chr18	44951742	44952008	SETBP1_exon_4	-0.073912	0.089978	23	False
chr18	44952008	44952274	SETBP1_exon_4	0.025924	0.057161	23	False
chr18	44952274	44952540	SETBP1_exon_4	0.005261	0.049591	23	False
chr18	44952540	44952806	SETBP1_exon_4	0.010339	0.102630	23	False
chr18	44952806	44953072	SETBP1_exon_4	-0.047697	0.068790	23	False
chr18	44953072	44953339	SETBP1_exon_4	-0.045351	0.057336	23	False
chr18	45038483	45038654	SETBP1_exon_5	-0.090715	0.043392	23	False
chr18	45063077	45063348	SETBP1_exon_6	-0.050521	0.070766	23	False
chr18	45063348	45063620	SETBP1_exon_6	0.028978	0.107070	23	False
chr18	45063620	45063891	SETBP1_exon_6	-0.033928	0.105177	23	False
chr18	45063891	45064163	SETBP1_exon_6	-0.088774	0.073697	23	False
chr18	45064163	45064435	SETBP1_exon_6	-0.032718	0.076171	23	False
chr18	45064435	45064706	SETBP1_exon_6	0.000406	0.051971	23	False
chr18	45064706	45064978	SETBP1_exon_6	0.020348	0.121597	23	False
chr18	45064978	45065249	SETBP1_exon_6	0.032918	0.053501	23	False
chr18	45065249	45065521	SETBP1_exon_6	-0.034883	0.088272	23	False
chr18	45065521	45065793	SETBP1_exon_6	0.021276	0.063509	23	False
chr18	45065793	45066064	SETBP1_exon_6	0.015172	0.082963	23	False
chr18	45066064	45066336	SETBP1_exon_6	0.004838	0.063936	23	False
chr18	45066336	45066607	SETBP1_exon_6	0.008063	0.082048	23	False
chr18	45066607	45066879	SETBP1_exon_6	0.028062	0.075749	23	False
chr18	45066879	45067151	SETBP1_exon_6	0.014697	0.067160	23	False
chr18	45067151	45067422	SETBP1_exon_6	0.028432	0.067044	23	False
chr18	45067422	45067694	SETBP1_exon_6	-0.014902	0.050872	23	False
chr18	45067694	45067965	SETBP1_exon_6	0.058016	0.092673	23	False
chr18	45067965	45068237	SETBP1_exon_6	0.013287	0.196920	23	False
chr18	45068237	45068509	SETBP1_exon_6	-0.059860	0.064313	23	False
chr18	45558590	45558710	bb.chr18.45558590	-0.010782	0.084751	23	False
chr18	46351554	46351674	bb.chr18.46351554	-0.023072	0.089323	23	False
chr18	47084095	47084215	bb.chr18.47084095	-0.033557	0.057555	23	False
chr18	47853682	47853802	bb.chr18.47853682	0.002691	0.230227	23	False
chr18	48774906	48775026	bb.chr18.48774906	-0.011697	0.103220	23	False
chr18	49569057	49569177	bb.chr18.49569057	-0.011126	0.132665	23	False
chr18	50377564	50377684	bb.chr18.50377564	-0.071197	0.505899	23	True
chr18	51275766	51275886	bb.chr18.51275766	0.075815	0.128336	23	False
chr18	51932836	51932956	bb.chr18.51932836	-0.014364	0.266538	23	False
chr18	52551370	52551490	bb.chr18.52551370	-0.073770	0.271951	23	False
chr18	53250322	53250442	bb.chr18.53250322	0.032947	0.220504	23	False
chr18	53940685	53940805	bb.chr18.53940685	-0.013335	0.093253	23	False
chr18	54623424	54623544	bb.chr18.54623424	-0.014329	0.223879	23	False
chr18	55379286	55379406	bb.chr18.55379286	-0.029397	0.115394	23	False
chr18	56144405	56144525	bb.chr18.56144405	0.069484	0.090461	23	False
chr18	57096537	57096657	bb.chr18.57096537	0.021089	0.126009	23	False
chr18	58580308	58580428	bb.chr18.58580308	0.010459	0.121670	23	False
chr18	59298890	59299010	bb.chr18.59298890	-0.049829	0.097217	23	False
chr18	60014957	60015077	bb.chr18.60014957	0.139847	0.119545	23	False
chr18	61067914	61068034	bb.chr18.61067914	0.007501	0.153237	23	False
chr18	61791534	61791654	bb.chr18.61791534	-0.032681	0.122440	23	False
chr18	62576784	62576904	bb.chr18.62576784	0.029504	0.364752	23	True
chr18	63123344	63123614	BCL2_exon_3	-0.067044	0.073671	23	False
chr18	63123614	63123885	BCL2_exon_3	0.038418	0.078937	23	False
chr18	63123885	63124156	BCL2_exon_3	0.032934	0.075046	23	False
chr18	63124156	63124426	BCL2_exon_3	0.011815	0.088833	23	False
chr18	63124426	63124697	BCL2_exon_3	-0.056882	0.065795	23	False
chr18	63124697	63124968	BCL2_exon_3	0.020691	0.072020	23	False
chr18	63124968	63125238	BCL2_exon_3	0.026153	0.071583	23	False
chr18	63125238	63125509	BCL2_exon_3	0.033377	0.056021	23	False
chr18	63125509	63125780	BCL2_exon_3	0.014571	0.091933	23	False
chr18	63125780	63126051	BCL2_exon_3	-0.008665	0.073705	23	False
chr18	63126051	63126321	BCL2_exon_3	-0.097925	0.054891	23	False
chr18	63126321	63126592	BCL2_exon_3	0.002412	0.071658	23	False
chr18	63126592	63126863	BCL2_exon_3	0.009397	0.044271	23	False
chr18	63126863	63127133	BCL2_exon_3	0.020161	0.092784	23	False
chr18	63127133	63127404	BCL2_exon_3	0.039208	0.068963	23	False
chr18	63127404	63127675	BCL2_exon_3	-0.016392	0.071106	23	False
chr18	63127675	63127945	BCL2_exon_3	0.028499	0.060364	23	False
chr18	63127945	63128216	BCL2_exon_3	0.021619	0.062441	23	False
chr18	63128216	63128487	BCL2_exon_3	0.019681	0.080776	23	False
chr18	63128487	63128758	BCL2_exon_3	-0.066937	0.053286	23	False
chr18	63302743	63302863	bb.chr18.63302743	-0.024219	0.074861	23	False
chr18	63318080	63318370	BCL2_exon_2	0.081145	0.085265	23	False
chr18	63318370	63318660	BCL2_exon_2	0.002494	0.100368	23	False
chr18	63318660	63318951	BCL2_exon_2	0.080167	0.058445	23	False
chr18	63319172	63319470	BCL2_exon_1	0.005554	0.058344	23	False
chr18	63319470	63319768	BCL2_exon_1	0.010978	0.093279	23	False
chr18	64048485	64048605	bb.chr18.64048485	-0.027483	0.092384	23	False
chr18	65311935	65312055	bb.chr18.65311935	-0.080933	0.257642	23	False
chr18	66288936	66289056	bb.chr18.66288936	-0.052286	0.540125	23	True
chr18	67015882	67016002	bb.chr18.67015882	0.013022	0.203949	23	False
chr18	68508886	68509006	bb.chr18.68508886	-0.006620	0.081235	23	False
chr18	69233439	69233559	bb.chr18.69233439	-0.376217	1.212968	23	True
chr18	69898283	69898403	bb.chr18.69898283	0.008724	0.118391	23	False
chr18	70752662	70752782	bb.chr18.70752662	-0.001680	0.065606	23	False
chr18	71480974	71481094	bb.chr18.71480974	0.018373	0.262114	23	False
chr18	72210444	72210564	bb.chr18.72210444	0.002068	0.125928	23	False
chr18	73308338	73308458	bb.chr18.73308338	-0.253248	1.042988	23	True
chr18	74886958	74887078	bb.chr18.74886958	-0.023225	0.122112	23	False
chr18	75649480	75649600	bb.chr18.75649480	-0.033728	0.163974	23	False
chr18	76389037	76389157	bb.chr18.76389037	-0.018017	0.086841	23	False
chr18	77139795	77139915	bb.chr18.77139795	-0.008275	0.117147	23	False
chr18	77879067	77879187	bb.chr18.77879067	0.009242	0.227921	23	False
chr18	78564444	78564564	bb.chr18.78564444	-0.025375	0.091738	23	False
chr18	79553526	79553646	bb.chr18.79553526	-0.063113	0.133276	23	False
chr19	680785	680905	bb.chr19.680785	0.038848	0.138818	23	False
chr19	852296	852416	ELANE_exon_1	-0.010687	0.148518	23	False
chr19	852874	853031	ELANE_exon_2	-0.033885	0.069964	23	False
chr19	853260	853402	ELANE_exon_3	-0.018882	0.113445	23	False
chr19	855562	855793	ELANE_exon_4	0.029010	0.045324	23	False
chr19	855956	856242	ELANE_exon_5	-0.018540	0.067402	23	False
chr19	1673450	1673570	bb.chr19.1673450	-0.011131	0.189918	23	False
chr19	2325301	2325421	bb.chr19.2325301	-0.014146	0.113187	23	False
chr19	3338834	3338954	bb.chr19.3338834	0.017053	0.103208	23	False
chr19	4025609	4025729	bb.chr19.4025609	-0.022270	0.121186	23	False
chr19	4043287	4043407	ZBTB7A_exon_3	-0.031402	0.194445	23	False
chr19	4043419	4043643	ZBTB7A_exon_3	0.041316	0.113789	23	False
chr19	4043758	4043878	ZBTB7A_exon_3	0.078524	0.412438	23	True
chr19	4043901	4044124	ZBTB7A_exon_3	0.132077	0.086023	23	False
chr19	4044124	4044348	ZBTB7A_exon_3	0.216184	0.070436	23	False
chr19	4044376	4044701	ZBTB7A_exon_3	0.128010	0.194018	23	False
chr19	4044729	4045001	ZBTB7A_exon_3	0.149094	0.107523	23	False
chr19	4045001	4045273	ZBTB7A_exon_3	0.034786	0.110749	23	False
chr19	4045273	4045545	ZBTB7A_exon_3	0.036799	0.168826	23	False
chr19	4045545	4045817	ZBTB7A_exon_3	0.031056	0.088626	23	False
chr19	4045817	4046089	ZBTB7A_exon_3	0.023645	0.151057	23	False
chr19	4046089	4046362	ZBTB7A_exon_3	0.048749	0.096175	23	False
chr19	4046477	4046768	ZBTB7A_exon_3	0.088409	0.155963	23	False
chr19	4046768	4047059	ZBTB7A_exon_3	0.018068	0.186176	23	False
chr19	4047059	4047350	ZBTB7A_exon_3	0.026063	0.141107	23	False
chr19	4047350	4047642	ZBTB7A_exon_3	0.058501	0.151713	23	False
chr19	4047771	4048007	ZBTB7A_exon_3	0.020647	0.139216	23	False
chr19	4048007	4048243	ZBTB7A_exon_3	0.040896	0.096051	23	False
chr19	4053969	4054224	ZBTB7A_exon_2	0.034855	0.068594	23	False
chr19	4054224	4054479	ZBTB7A_exon_2	-0.019714	0.128661	23	False
chr19	4054479	4054735	ZBTB7A_exon_2	0.017583	0.109867	23	False
chr19	4054735	4054990	ZBTB7A_exon_2	0.015420	0.099764	23	False
chr19	4054990	4055246	ZBTB7A_exon_2	0.060791	0.091892	23	False
chr19	4066680	4066898	ZBTB7A_exon_1	0.073064	0.179936	23	False
chr19	4636874	4636994	bb.chr19.4636874	0.009082	0.140623	23	False
chr19	5352453	5352573	bb.chr19.5352453	0.039785	0.183712	23	False
chr19	6654328	6654448	bb.chr19.6654328	-0.033556	0.212321	23	False
chr19	7905690	7905810	bb.chr19.7905690	-0.012768	0.142356	23	False
chr19	8608654	8608774	bb.chr19.8608654	0.013983	0.141002	23	False
chr19	9289260	9289380	bb.chr19.9289260	0.004796	0.138303	23	False
chr19	10133344	10133700	DNMT1_exon_41	-0.047519	0.058489	23	False
chr19	10134209	10134329	DNMT1_exon_40	0.029870	0.141066	23	False
chr19	10135732	10135852	DNMT1_exon_39	-0.017849	0.124502	23	False
chr19	10136119	10136286	DNMT1_exon_38	-0.062866	0.074918	23	False
chr19	10137083	10137279	DNMT1_exon_37	-0.092393	0.086336	23	False
chr19	10137830	10138008	DNMT1_exon_36	-0.110035	0.111591	23	False
chr19	10138437	10138604	DNMT1_exon_35	-0.064370	0.076287	23	False
chr19	10139674	10139816	DNMT1_exon_34	-0.007504	0.075021	23	False
chr19	10140044	10140327	DNMT1_exon_33	0.006809	0.039170	23	False
chr19	10140783	10140903	DNMT1_exon_32	0.030142	0.081773	23	False
chr19	10141099	10141219	DNMT1_exon_31	0.050946	0.076899	23	False
chr19	10142026	10142219	DNMT1_exon_30	-0.126213	0.078795	23	False
chr19	10143764	10143986	DNMT1_exon_29	0.064182	0.045058	23	False
chr19	10146349	10146523	DNMT1_exon_28	-0.103544	0.073284	23	False
chr19	10148882	10149016	DNMT1_exon_27	0.012881	0.086052	23	False
chr19	10149451	10149656	DNMT1_exon_26	0.040912	0.043206	23	False
chr19	10149849	10149969	DNMT1_exon_25	0.020909	0.040101	23	False
chr19	10151396	10151544	DNMT1_exon_24	-0.026349	0.067104	23	False
chr19	10151743	10151863	DNMT1_exon_23	0.030266	0.055988	23	False
chr19	10154291	10154478	DNMT1_exon_22	0.054775	0.061649	23	False
chr19	10154584	10154772	DNMT1_exon_21	0.012470	0.053080	23	False
chr19	10154903	10155055	DNMT1_exon_20	-0.047120	0.038423	23	False
chr19	10155834	10155954	DNMT1_exon_19	0.021426	0.069034	23	False
chr19	10156388	10156508	DNMT1_exon_18	-0.018163	0.058359	23	False
chr19	10159651	10159771	DNMT1_exon_17	0.029714	0.057054	23	False
chr19	10159824	10159944	DNMT1_exon_16	0.071888	0.085300	23	False
chr19	10159972	10160092	DNMT1_exon_15	0.014361	0.077417	23	False
chr19	10160378	10160498	DNMT1_exon_14	0.013603	0.079436	23	False
chr19	10162652	10162772	DNMT1_exon_13	0.011067	0.092539	23	False
chr19	10163271	10163391	DNMT1_exon_12	0.029812	0.090286	23	False
chr19	10166576	10166696	DNMT1_exon_11	-0.026944	0.091408	23	False
chr19	10168264	10168384	DNMT1_exon_10	-0.032052	0.093578	23	False
chr19	10173080	10173200	DNMT1_exon_9	0.008536	0.090533	23	False
chr19	10173859	10173979	DNMT1_exon_8	-0.018158	0.095793	23	False
chr19	10175515	10175635	DNMT1_exon_7	0.018273	0.073618	23	False
chr19	10177248	10177368	DNMT1_exon_6	0.049552	0.133373	23	False
chr19	10180348	10180568	DNMT1_exon_4	0.083134	0.064473	23	False
chr19	10180770	10180890	DNMT1_exon_3	0.006441	0.106464	23	False
chr19	10181981	10182101	DNMT1_exon_2	0.004446	0.106223	23	False
chr19	10194818	10194952	DNMT1_exon_1	0.006833	0.123563	23	False
chr19	10468738	10468858	bb.chr19.10468738	-0.040511	0.131215	23	False
chr19	11377205	11377482	EPOR_exon_8	0.051504	0.068095	23	False
chr19	11377482	11377760	EPOR_exon_8	0.012183	0.056577	23	False
chr19	11377760	11378038	EPOR_exon_8	0.019207	0.084621	23	False
chr19	11378038	11378316	EPOR_exon_8	0.013608	0.124873	23	False
chr19	11378316	11378594	EPOR_exon_8	0.132641	0.112641	23	False
chr19	11378687	11378807	EPOR_exon_7	0.065422	0.056036	23	False
chr19	11380868	11380988	EPOR_exon_6	0.019041	0.120950	23	False
chr19	11381054	11381208	EPOR_exon_5	-0.018626	0.108609	23	False
chr19	11381690	11381848	EPOR_exon_4	-0.003791	0.068500	23	False
chr19	11381928	11382104	EPOR_exon_3	0.006597	0.073318	23	False
chr19	11383095	11383231	EPOR_exon_2	0.029728	0.082365	23	False
chr19	11384091	11384313	EPOR_exon_1	0.078613	0.154717	23	False
chr19	11736740	11736860	bb.chr19.11736740	0.079358	0.123611	23	False
chr19	12943711	12943970	CALR_exon_9	0.068082	0.088406	23	False
chr19	12943970	12944229	CALR_exon_9	-0.047841	0.143129	23	False
chr19	12944229	12944488	CALR_exon_9	0.050507	0.103207	23	False
chr19	13207106	13207226	bb.chr19.13207106	-0.003894	0.102093	23	False
chr19	13864503	13864623	bb.chr19.13864503	0.034679	0.130060	23	False
chr19	15159036	15159313	NOTCH3_exon_33	0.030377	0.086807	23	False
chr19	15159313	15159590	NOTCH3_exon_33	0.030506	0.062804	23	False
chr19	15159590	15159867	NOTCH3_exon_33	0.000893	0.095798	23	False
chr19	15159867	15160144	NOTCH3_exon_33	0.042969	0.113337	23	False
chr19	15160144	15160421	NOTCH3_exon_33	0.198979	0.133484	23	False
chr19	15160435	15160690	NOTCH3_exon_33	0.141204	0.078916	23	False
chr19	15160690	15160946	NOTCH3_exon_33	0.019964	0.109958	23	False
chr19	15160946	15161201	NOTCH3_exon_33	0.023476	0.143216	23	False
chr19	15161201	15161457	NOTCH3_exon_33	-0.001465	0.178392	23	False
chr19	15161457	15161713	NOTCH3_exon_33	0.042810	0.057660	23	False
chr19	15162454	15162574	NOTCH3_exon_32	0.136112	0.102925	23	False
chr19	15165366	15165514	NOTCH3_exon_31	-0.015548	0.082711	23	False
chr19	15165785	15166090	NOTCH3_exon_30	-0.010126	0.058184	23	False
chr19	15167247	15167410	NOTCH3_exon_29	-0.062679	0.110634	23	False
chr19	15170079	15170199	NOTCH3_exon_28	-0.084817	0.125799	23	False
chr19	15170329	15170552	NOTCH3_exon_27	-0.014824	0.060364	23	False
chr19	15170669	15170824	NOTCH3_exon_26	0.048156	0.103688	23	False
chr19	15174066	15174399	NOTCH3_exon_25	-0.046782	0.061014	23	False
chr19	15177523	15177806	NOTCH3_exon_24	0.019741	0.127316	23	False
chr19	15177806	15178089	NOTCH3_exon_24	0.022315	0.164558	23	False
chr19	15178820	15178940	NOTCH3_exon_23	0.070890	0.095794	23	False
chr19	15179023	15179281	NOTCH3_exon_22	0.068078	0.079971	23	False
chr19	15179362	15179495	NOTCH3_exon_21	0.049968	0.058993	23	False
chr19	15180070	15180255	NOTCH3_exon_20	-0.102863	0.111066	23	False
chr19	15180679	15180827	NOTCH3_exon_19	-0.113384	0.104986	23	False
chr19	15180959	15181161	NOTCH3_exon_18	0.058145	0.086202	23	False
chr19	15181574	15181800	NOTCH3_exon_17	0.083044	0.071669	23	False
chr19	15184293	15184449	NOTCH3_exon_16	-0.027623	0.084182	23	False
chr19	15184901	15185021	NOTCH3_exon_15	0.024700	0.131424	23	False
chr19	15185255	15185407	NOTCH3_exon_14	0.015384	0.051798	23	False
chr19	15185485	15185678	NOTCH3_exon_13	0.020235	0.041381	23	False
chr19	15186871	15186991	NOTCH3_exon_12	-0.076520	0.059157	23	False
chr19	15187103	15187337	NOTCH3_exon_11	0.019613	0.070064	23	False
chr19	15187876	15187996	NOTCH3_exon_10	0.033118	0.092362	23	False
chr19	15188230	15188350	NOTCH3_exon_9	0.030004	0.107705	23	False
chr19	15188987	15189173	NOTCH3_exon_8	0.016189	0.071266	23	False
chr19	15189271	15189427	NOTCH3_exon_7	0.072589	0.087589	23	False
chr19	15191422	15191656	NOTCH3_exon_6	0.010800	0.073571	23	False
chr19	15191744	15191864	NOTCH3_exon_5	-0.018953	0.087832	23	False
chr19	15191958	15192297	NOTCH3_exon_4	0.018528	0.068052	23	False
chr19	15192375	15192518	NOTCH3_exon_3	0.031654	0.081213	23	False
chr19	15197489	15197609	NOTCH3_exon_2	0.129727	0.163620	23	False
chr19	15200786	15200994	NOTCH3_exon_1	0.030851	0.292797	23	False
chr19	16129857	16129977	bb.chr19.16129857	-0.010534	0.057502	23	False
chr19	17158626	17158746	bb.chr19.17158626	-0.023970	0.123140	23	False
chr19	18149839	18149959	bb.chr19.18149839	0.141647	0.209843	23	False
chr19	18848340	18848460	bb.chr19.18848340	-0.020987	0.075292	23	False
chr19	19508673	19508793	bb.chr19.19508673	-0.041571	0.108706	23	False
chr19	22427878	22427998	bb.chr19.22427878	-0.010028	0.120478	23	False
chr19	23250245	23250365	bb.chr19.23250245	-0.019083	0.098236	23	False
chr19	23357694	23357932	ZNF91_exon_4	-0.017536	0.346662	23	True
chr19	23357950	23358215	ZNF91_exon_4	0.092084	0.212733	23	False
chr19	23358215	23358481	ZNF91_exon_4	-0.024301	0.471552	23	True
chr19	23358481	23358746	ZNF91_exon_4	0.031596	0.163020	23	False
chr19	23358746	23359012	ZNF91_exon_4	-0.056595	0.074892	23	False
chr19	23360226	23360346	ZNF91_exon_4	0.062346	0.106104	23	False
chr19	23360825	23360945	ZNF91_exon_4	-0.133750	0.329389	23	True
chr19	23361064	23361288	ZNF91_exon_4	-0.004185	0.118402	23	False
chr19	23361537	23361753	ZNF91_exon_4	0.059943	0.122403	23	False
chr19	23362130	23362427	ZNF91_exon_4	0.023800	0.098545	23	False
chr19	23362427	23362724	ZNF91_exon_4	0.030607	0.103416	23	False
chr19	23373720	23373840	ZNF91_exon_3	0.079545	0.090102	23	False
chr19	23395323	23395470	ZNF91_exon_1	-0.028425	0.064799	23	False
chr19	23995323	23995443	bb.chr19.23995323	-0.019743	0.123326	23	False
chr19	27756582	27756702	bb.chr19.27756582	0.009317	0.073329	23	False
chr19	28423497	28423617	bb.chr19.28423497	-0.027504	0.076223	23	False
chr19	29112142	29112262	bb.chr19.29112142	0.003375	0.099849	23	False
chr19	30077454	30077574	bb.chr19.30077454	0.001095	0.146980	23	False
chr19	30793839	30793959	bb.chr19.30793839	-0.007444	0.417392	23	True
chr19	31433683	31433803	bb.chr19.31433683	0.003076	0.080693	23	False
chr19	32103903	32104023	bb.chr19.32103903	-0.023808	0.191194	23	False
chr19	32749604	32749724	bb.chr19.32749604	-0.054490	0.065842	23	False
chr19	33299932	33300192	CEBPA_exon_1	0.057588	0.138213	23	False
chr19	33300192	33300452	CEBPA_exon_1	-0.070718	0.069353	23	False
chr19	33300452	33300712	CEBPA_exon_1	0.005315	0.084145	23	False
chr19	33300712	33300972	CEBPA_exon_1	-0.031997	0.112728	23	False
chr19	33300972	33301232	CEBPA_exon_1	0.040448	0.085376	23	False
chr19	33301232	33301492	CEBPA_exon_1	0.082028	0.091624	23	False
chr19	33301492	33301752	CEBPA_exon_1	0.000132	0.173800	23	False
chr19	33301752	33302012	CEBPA_exon_1	-0.045135	0.226286	23	False
chr19	33302012	33302272	CEBPA_exon_1	-0.052689	0.191752	23	False
chr19	33302272	33302533	CEBPA_exon_1	0.052166	0.155403	23	False
chr19	33430297	33430417	bb.chr19.33430297	0.015114	0.088428	23	False
chr19	34065639	34065759	bb.chr19.34065639	-0.003997	0.096005	23	False
chr19	34740507	34740627	bb.chr19.34740507	-0.065978	0.552691	23	True
chr19	35432416	35432536	bb.chr19.35432416	-0.044500	0.091981	23	False
chr19	37403506	37403626	bb.chr19.37403506	-0.034660	0.097510	23	False
chr19	38422064	38422184	bb.chr19.38422064	-0.026301	0.104888	23	False
chr19	39737163	39737283	bb.chr19.39737163	-0.038015	0.089606	23	False
chr19	40739777	40739897	bb.chr19.40739777	0.034415	0.119962	23	False
chr19	41758287	41758407	bb.chr19.41758287	-0.001402	0.057612	23	False
chr19	42973931	42974051	bb.chr19.42973931	-0.104848	0.354349	23	True
chr19	43694314	43694434	bb.chr19.43694314	0.031653	0.235318	23	False
chr19	45053344	45053464	bb.chr19.45053344	-0.026386	0.084650	23	False
chr19	45707047	45707167	bb.chr19.45707047	-0.124862	0.531827	23	True
chr19	46417425	46417545	bb.chr19.46417425	-0.019588	0.344599	23	True
chr19	47027643	47027763	bb.chr19.47027643	0.010280	0.214421	23	False
chr19	47974727	47974847	bb.chr19.47974727	-0.010115	0.408212	23	True
chr19	48749944	48750064	bb.chr19.48749944	-0.016058	0.122389	23	False
chr19	49388205	49388325	bb.chr19.49388205	0.027945	0.108004	23	False
chr19	49635290	49635410	RRAS_exon_6	-0.009476	0.076564	23	False
chr19	49635415	49635535	RRAS_exon_6	0.079636	0.092447	23	False
chr19	49635539	49635659	RRAS_exon_6	0.114498	0.070454	23	False
chr19	49635731	49635851	RRAS_exon_5	0.032206	0.105152	23	False
chr19	49636611	49636731	RRAS_exon_4	0.078560	0.067474	23	False
chr19	49636817	49636937	RRAS_exon_3	-0.013831	0.122125	23	False
chr19	49637014	49637134	RRAS_exon_2	0.040849	0.132688	23	False
chr19	49639944	49640142	RRAS_exon_1	-0.064729	0.087071	23	False
chr19	50076602	50076722	bb.chr19.50076602	-0.004316	0.092188	23	False
chr19	50713592	50713712	bb.chr19.50713592	-0.034758	0.144132	23	False
chr19	51346111	51346231	bb.chr19.51346111	-0.011068	0.165832	23	False
chr19	52032804	52032924	bb.chr19.52032804	-0.006988	0.159498	23	False
chr19	53048885	53049005	bb.chr19.53048885	-0.032257	0.169198	23	False
chr19	53702647	53702767	bb.chr19.53702647	-0.017220	0.082863	23	False
chr19	54683328	54683448	bb.chr19.54683328	-0.003379	0.103708	23	False
chr19	55372451	55372571	bb.chr19.55372451	0.004587	0.126731	23	False
chr19	55655032	55655152	U2AF2_exon_1	-0.014910	0.119218	23	False
chr19	55659208	55659344	U2AF2_exon_2	0.033200	0.118498	23	False
chr19	55660152	55660272	U2AF2_exon_3	0.017170	0.188478	23	False
chr19	55660504	55660624	U2AF2_exon_4	0.020239	0.205969	23	False
chr19	55661036	55661188	U2AF2_exon_5	-0.003931	0.075664	23	False
chr19	55662498	55662618	U2AF2_exon_6	-0.027510	0.112515	23	False
chr19	55663604	55663743	U2AF2_exon_7	0.024405	0.081716	23	False
chr19	55668473	55668593	U2AF2_exon_8	0.044408	0.080999	23	False
chr19	55668669	55668789	U2AF2_exon_9	0.035401	0.097973	23	False
chr19	55669073	55669193	U2AF2_exon_10	0.080665	0.084114	23	False
chr19	55669442	55669562	U2AF2_exon_11	-0.007679	0.083465	23	False
chr19	55669571	55669691	U2AF2_exon_11	0.001267	0.071769	23	False
chr19	55673932	55674260	U2AF2_exon_12	-0.025794	0.089431	23	False
chr19	55674382	55674715	U2AF2_exon_12	-0.000799	0.066615	23	False
chr19	56377844	56377964	bb.chr19.56377844	-0.033773	0.091186	23	False
chr19	57018326	57018446	bb.chr19.57018326	0.029737	0.245795	23	False
chr19	57682960	57683080	bb.chr19.57682960	-0.007008	0.130611	23	False
chr19	58367057	58367177	bb.chr19.58367057	0.106960	0.146491	23	False
chr20	310463	310583	bb.chr20.310463	-0.049923	0.113641	23	False
chr20	914715	914835	bb.chr20.914715	-0.029220	0.101676	23	False
chr20	2750164	2750284	bb.chr20.2750164	-0.051737	0.081755	23	False
chr20	3654806	3654926	bb.chr20.3654806	0.023023	0.137284	23	False
chr20	4587109	4587229	bb.chr20.4587109	0.003066	0.104897	23	False
chr20	5274788	5274908	bb.chr20.5274788	0.034473	0.118583	23	False
chr20	6439906	6440026	bb.chr20.6439906	-0.077393	0.087619	23	False
chr20	8048150	8048270	bb.chr20.8048150	-0.014820	0.080494	23	False
chr20	8779034	8779154	bb.chr20.8779034	0.011408	0.127342	23	False
chr20	9995246	9995366	bb.chr20.9995246	-0.193740	0.782333	23	True
chr20	10610845	10610965	bb.chr20.10610845	-0.014490	0.130859	23	False
chr20	11219245	11219365	bb.chr20.11219245	-0.051871	0.576794	23	True
chr20	12349588	12349708	bb.chr20.12349588	-0.086144	0.658471	23	True
chr20	13939428	13939548	bb.chr20.13939428	0.007688	0.104233	23	False
chr20	14541624	14541744	bb.chr20.14541624	-0.002737	0.113335	23	False
chr20	15767836	15767956	bb.chr20.15767836	0.085846	0.124601	23	False
chr20	16997819	16997939	bb.chr20.16997819	-0.073409	0.504099	23	True
chr20	18144103	18144223	bb.chr20.18144103	-0.336568	0.700579	23	True
chr20	19044048	19044168	bb.chr20.19044048	-0.010371	0.072374	23	False
chr20	19656325	19656445	bb.chr20.19656325	0.018771	0.083676	23	False
chr20	20297440	20297560	bb.chr20.20297440	-0.033470	0.082880	23	False
chr20	21504549	21504669	bb.chr20.21504549	-0.011368	0.153214	23	False
chr20	22106972	22107092	bb.chr20.22106972	-0.035409	0.159988	23	False
chr20	23019312	23019432	bb.chr20.23019312	-0.006320	0.107694	23	False
chr20	23883098	23883218	bb.chr20.23883098	0.079296	0.111274	23	False
chr20	24630889	24631009	bb.chr20.24630889	-0.009707	0.069947	23	False
chr20	25997153	25997273	bb.chr20.25997153	0.025045	0.178501	23	False
chr20	32358329	32358580	ASXL1_exon_1	-0.010455	0.160191	23	False
chr20	32358580	32358831	ASXL1_exon_1	-0.050209	0.256864	23	False
chr20	32366377	32366497	ASXL1_exon_2	0.014988	0.090448	23	False
chr20	32367668	32367788	ASXL1_exon_3	0.005402	0.089342	23	False
chr20	32369007	32369127	ASXL1_exon_4	0.006908	0.108839	23	False
chr20	32428126	32428246	ASXL1_exon_5	0.056599	0.070373	23	False
chr20	32428320	32428440	ASXL1_exon_6	0.063752	0.083544	23	False
chr20	32429324	32429444	ASXL1_exon_7	0.099271	0.078702	23	False
chr20	32429899	32430052	ASXL1_exon_8	0.004217	0.108365	23	False
chr20	32431319	32431483	ASXL1_exon_9	0.040081	0.084028	23	False
chr20	32431570	32431690	ASXL1_exon_10	0.060939	0.067019	23	False
chr20	32432871	32432991	ASXL1_exon_11	-0.010921	0.090809	23	False
chr20	32433282	32433599	ASXL1_exon_12	0.029256	0.039662	23	False
chr20	32433599	32433916	ASXL1_exon_12	0.029042	0.049529	23	False
chr20	32434430	32434701	ASXL1_exon_13	-0.056737	0.096011	23	False
chr20	32434701	32434973	ASXL1_exon_13	0.061566	0.088671	23	False
chr20	32434973	32435244	ASXL1_exon_13	0.024326	0.070780	23	False
chr20	32435244	32435516	ASXL1_exon_13	0.028422	0.080225	23	False
chr20	32435516	32435787	ASXL1_exon_13	-0.074004	0.081236	23	False
chr20	32435787	32436059	ASXL1_exon_13	0.013098	0.077560	23	False
chr20	32436059	32436330	ASXL1_exon_13	-0.008882	0.076321	23	False
chr20	32436330	32436602	ASXL1_exon_13	0.050541	0.089096	23	False
chr20	32436602	32436874	ASXL1_exon_13	0.041243	0.074330	23	False
chr20	32436874	32437145	ASXL1_exon_13	0.002848	0.054574	23	False
chr20	32437145	32437417	ASXL1_exon_13	0.008181	0.068160	23	False
chr20	32437417	32437688	ASXL1_exon_13	0.045805	0.094659	23	False
chr20	32437688	32437960	ASXL1_exon_13	0.033105	0.056840	23	False
chr20	32437960	32438231	ASXL1_exon_13	0.042367	0.066475	23	False
chr20	32438231	32438503	ASXL1_exon_13	-0.038839	0.083547	23	False
chr20	32438503	32438774	ASXL1_exon_13	0.008378	0.108453	23	False
chr20	32438774	32439046	ASXL1_exon_13	-0.019375	0.067502	23	False
chr20	32439046	32439318	ASXL1_exon_13	-0.055007	0.041627	23	False
chr20	32620649	32620769	bb.chr20.32620649	0.057244	0.137646	23	False
chr20	33393566	33393686	bb.chr20.33393566	-0.028951	0.072650	23	False
chr20	34402184	34402304	bb.chr20.34402184	0.004205	0.094290	23	False
chr20	36332782	36332902	bb.chr20.36332782	-0.030147	0.216587	23	False
chr20	36991303	36991423	bb.chr20.36991303	-0.022459	0.085337	23	False
chr20	37641434	37641554	bb.chr20.37641434	0.004386	0.122006	23	False
chr20	38293395	38293515	bb.chr20.38293395	-0.001321	0.078211	23	False
chr20	38894176	38894296	bb.chr20.38894176	-0.008722	0.155572	23	False
chr20	40241940	40242060	bb.chr20.40241940	0.020368	0.060336	23	False
chr20	40888069	40888189	bb.chr20.40888069	-0.026512	0.091718	23	False
chr20	41935341	41935461	bb.chr20.41935341	0.001781	0.295279	23	False
chr20	42541238	42541358	bb.chr20.42541238	-0.020237	0.247657	23	False
chr20	43662867	43662987	bb.chr20.43662867	0.012071	0.141900	23	False
chr20	44342400	44342520	bb.chr20.44342400	-0.015422	0.088293	23	False
chr20	45282469	45282589	bb.chr20.45282469	0.024721	0.116586	23	False
chr20	46179287	46179407	bb.chr20.46179287	0.024799	0.127386	23	False
chr20	47294579	47294699	bb.chr20.47294579	-0.043888	0.228783	23	False
chr20	47910429	47910549	bb.chr20.47910429	-0.017169	0.168158	23	False
chr20	48998477	48998597	bb.chr20.48998477	-0.007239	0.566464	23	True
chr20	50176395	50176515	bb.chr20.50176395	-0.015420	0.097374	23	False
chr20	51603013	51603133	bb.chr20.51603013	0.065771	0.076374	23	False
chr20	52230245	52230365	bb.chr20.52230245	-0.025353	0.140634	23	False
chr20	53109746	53109866	bb.chr20.53109746	-0.007112	0.101816	23	False
chr20	53718491	53718611	bb.chr20.53718491	-0.043153	0.110731	23	False
chr20	54350574	54350694	bb.chr20.54350574	0.003086	0.071590	23	False
chr20	55237475	55237595	bb.chr20.55237475	0.020576	0.233499	23	False
chr20	56177361	56177481	bb.chr20.56177361	-0.014743	0.065541	23	False
chr20	56803335	56803455	bb.chr20.56803335	-0.024896	0.103136	23	False
chr20	57716722	57716842	bb.chr20.57716722	-0.057954	0.104508	23	False
chr20	58627864	58627984	bb.chr20.58627864	-0.020635	0.119573	23	False
chr20	58891420	58891642	GNAS_exon_1	0.085841	0.357924	23	True
chr20	58891642	58891864	GNAS_exon_1	0.103660	0.186771	23	False
chr20	58895607	58895727	GNAS_exon_2	0.007002	0.072784	23	False
chr20	58898896	58899016	GNAS_exon_3	-0.009029	0.085952	23	False
chr20	58903509	58903629	GNAS_exon_4	0.031693	0.059481	23	False
chr20	58903670	58903790	GNAS_exon_5	0.040689	0.068838	23	False
chr20	58905369	58905489	GNAS_exon_6	0.000873	0.075467	23	False
chr20	58909100	58909220	GNAS_exon_7	0.068134	0.048775	23	False
chr20	58909311	58909431	GNAS_exon_8	-0.035075	0.048575	23	False
chr20	58909514	58909634	GNAS_exon_9	0.046066	0.060820	23	False
chr20	58909682	58909802	GNAS_exon_10	-0.014220	0.055581	23	False
chr20	58909954	58910074	GNAS_exon_11	-0.053254	0.086424	23	False
chr20	58910309	58910429	GNAS_exon_12	0.034638	0.064464	23	False
chr20	58910681	58911080	GNAS_exon_13	-0.005936	0.039314	23	False
chr20	59234599	59234719	bb.chr20.59234599	0.033720	0.151633	23	False
chr20	60136628	60136748	bb.chr20.60136628	0.033709	0.089316	23	False
chr20	61341112	61341232	bb.chr20.61341112	-0.006351	0.121542	23	False
chr20	61948662	61948782	bb.chr20.61948662	-0.027589	0.232490	23	False
chr20	62806747	62806867	bb.chr20.62806747	-0.030174	0.182986	23	False
chr20	64064611	64064731	bb.chr20.64064611	-0.018056	0.119829	23	False
chr21	14317704	14317824	bb.chr21.14317704	-0.027417	0.157974	23	False
chr21	15380402	15380522	bb.chr21.15380402	-0.066197	0.480687	23	True
chr21	17060910	17061030	bb.chr21.17060910	0.008989	0.125034	23	False
chr21	18033592	18033712	bb.chr21.18033592	-0.015995	0.140222	23	False
chr21	19362238	19362358	bb.chr21.19362238	-0.045217	0.081200	23	False
chr21	19966205	19966325	bb.chr21.19966205	-0.209244	0.777104	23	True
chr21	20810212	20810332	bb.chr21.20810212	-0.055187	0.233119	23	False
chr21	22065545	22065665	bb.chr21.22065545	-0.030572	0.110494	23	False
chr21	23102546	23102666	bb.chr21.23102546	-0.006393	0.115133	23	False
chr21	24146104	24146224	bb.chr21.24146104	-0.400430	1.050308	23	True
chr21	25199609	25199729	bb.chr21.25199609	-0.070085	0.625013	23	True
chr21	26070220	26070340	bb.chr21.26070220	0.011324	0.124478	23	False
chr21	27514978	27515098	bb.chr21.27514978	-0.013212	0.141393	23	False
chr21	28136836	28136956	bb.chr21.28136836	-0.158583	0.617278	23	True
chr21	28764486	28764606	bb.chr21.28764486	-0.038310	0.314146	23	True
chr21	30482922	30483042	bb.chr21.30482922	0.011694	0.282222	23	False
chr21	31230030	31230150	bb.chr21.31230030	-0.037959	0.082055	23	False
chr21	31959781	31959901	bb.chr21.31959781	0.004084	0.098792	23	False
chr21	32951910	32952030	bb.chr21.32951910	-0.047019	0.221105	23	False
chr21	33834516	33834636	bb.chr21.33834516	-0.023200	0.081060	23	False
chr21	34620661	34620781	bb.chr21.34620661	0.023216	0.088256	23	False
chr21	34787799	34788039	RUNX1_exon_9	0.049615	0.049467	23	False
chr21	34788040	34788400	RUNX1_exon_9	-0.013664	0.062297	23	False
chr21	34788401	34788641	RUNX1_exon_9	-0.034435	0.231537	23	False
chr21	34788641	34788881	RUNX1_exon_9	-0.053006	0.112713	23	False
chr21	34788882	34789122	RUNX1_exon_9	-0.021919	0.087894	23	False
chr21	34789122	34789362	RUNX1_exon_9	-0.052226	0.097246	23	False
chr21	34789363	34789603	RUNX1_exon_9	-0.028889	0.054006	23	False
chr21	34789603	34789843	RUNX1_exon_9	-0.013781	0.069601	23	False
chr21	34789844	34790084	RUNX1_exon_9	-0.048575	0.103606	23	False
chr21	34790084	34790324	RUNX1_exon_9	-0.042300	0.106621	23	False
chr21	34790325	34790685	RUNX1_exon_9	-0.001459	0.039804	23	False
chr21	34790686	34790926	RUNX1_exon_9	-0.012468	0.037302	23	False
chr21	34790926	34791166	RUNX1_exon_9	-0.001468	0.082429	23	False
chr21	34791167	34791407	RUNX1_exon_9	-0.040344	0.118551	23	False
chr21	34791407	34791647	RUNX1_exon_9	-0.068172	0.184165	23	False
chr21	34791648	34791888	RUNX1_exon_9	-0.039279	0.069633	23	False
chr21	34791888	34792128	RUNX1_exon_9	-0.063088	0.143057	23	False
chr21	34792129	34792369	RUNX1_exon_9	-0.049363	0.129962	23	False
chr21	34792369	34792609	RUNX1_exon_9	0.044026	0.076495	23	False
chr21	34799299	34799461	RUNX1_exon_8	-0.041376	0.070529	23	False
chr21	34834408	34834600	RUNX1_exon_7	-0.145625	0.078612	23	False
chr21	34859464	34859584	RUNX1_exon_6	0.002931	0.102392	23	False
chr21	34880555	34880712	RUNX1_exon_5	-0.024334	0.079389	23	False
chr21	34886841	34887095	RUNX1_exon_4	-0.014315	0.057139	23	False
chr21	34892906	34893026	RUNX1_exon_3	-0.051538	0.141429	23	False
chr21	35048838	35048958	RUNX1_exon_2	0.030266	0.058021	23	False
chr21	35049166	35049301	RUNX1_exon_1	0.013372	0.056750	23	False
chr21	35273922	35274042	bb.chr21.35273922	-0.002266	0.184288	23	False
chr21	35940363	35940483	bb.chr21.35940363	0.005503	0.067890	23	False
chr21	36716189	36716309	bb.chr21.36716189	-0.093534	0.727533	23	True
chr21	37338818	37338938	bb.chr21.37338818	-0.050055	0.300313	23	True
chr21	37966449	37966569	bb.chr21.37966449	-0.025498	0.092179	23	False
chr21	38380034	38380293	ERG_exon_10	0.070070	0.090886	23	False
chr21	38380293	38380552	ERG_exon_10	-0.051318	0.084237	23	False
chr21	38380552	38380811	ERG_exon_10	0.035431	0.121193	23	False
chr21	38380811	38381070	ERG_exon_10	-0.030331	0.067538	23	False
chr21	38381070	38381330	ERG_exon_10	-0.023957	0.053615	23	False
chr21	38381330	38381589	ERG_exon_10	0.030801	0.067618	23	False
chr21	38381589	38381848	ERG_exon_10	0.018325	0.069938	23	False
chr21	38381848	38382107	ERG_exon_10	0.012322	0.054674	23	False
chr21	38382107	38382366	ERG_exon_10	0.031819	0.093393	23	False
chr21	38382366	38382626	ERG_exon_10	-0.015532	0.068010	23	False
chr21	38382626	38382885	ERG_exon_10	-0.021974	0.062210	23	False
chr21	38382885	38383144	ERG_exon_10	0.059697	0.067754	23	False
chr21	38383144	38383403	ERG_exon_10	-0.087587	0.056033	23	False
chr21	38383403	38383662	ERG_exon_10	-0.075429	0.114801	23	False
chr21	38383662	38383922	ERG_exon_10	0.053458	0.060927	23	False
chr21	38390980	38391100	ERG_exon_9	-0.059943	0.072641	23	False
chr21	38391607	38391727	ERG_exon_8	0.004051	0.067676	23	False
chr21	38392360	38392480	ERG_exon_7	-0.013027	0.077539	23	False
chr21	38400529	38400649	ERG_exon_6	0.010856	0.086152	23	False
chr21	38402519	38402639	ERG_exon_5	-0.017737	0.085120	23	False
chr21	38403504	38403708	ERG_exon_4	0.041593	0.072745	23	False
chr21	38423408	38423560	ERG_exon_3	0.005912	0.060667	23	False
chr21	38445402	38445620	ERG_exon_2	0.087171	0.052211	23	False
chr21	38498358	38498478	ERG_exon_1	0.035941	0.263443	23	False
chr21	38599360	38599480	bb.chr21.38599360	-0.039125	0.095030	23	False
chr21	39445085	39445205	bb.chr21.39445085	0.008045	0.081707	23	False
chr21	40061948	40062068	bb.chr21.40061948	-0.005777	0.189991	23	False
chr21	40689491	40689611	bb.chr21.40689491	-0.028842	0.100613	23	False
chr21	41317296	41317416	bb.chr21.41317296	-0.012154	0.154033	23	False
chr21	41898687	41898807	bb.chr21.41898687	0.017809	0.124854	23	False
chr21	42942734	42942854	bb.chr21.42942734	-0.020052	0.088678	23	False
chr21	43092954	43093248	U2AF1_exon_8	-0.002477	0.081667	23	False
chr21	43094445	43094565	U2AF1_exon_7	0.057953	0.077974	23	False
chr21	43094653	43094787	U2AF1_exon_6	0.072635	0.060807	23	False
chr21	43095434	43095554	U2AF1_exon_5	0.037682	0.076378	23	False
chr21	43095648	43095768	U2AF1_exon_4	0.052742	0.059260	23	False
chr21	43100408	43100528	U2AF1_exon_3	0.001191	0.103177	23	False
chr21	43104302	43104422	U2AF1_exon_2	-0.027430	0.071244	23	False
chr21	43107449	43107569	U2AF1_exon_1	-0.005518	0.088118	23	False
chr21	44204193	44204313	bb.chr21.44204193	0.001452	0.178208	23	False
chr21	44844400	44844520	bb.chr21.44844400	-0.022647	0.095494	23	False
chr21	46295132	46295252	bb.chr21.46295132	0.010051	0.093817	23	False
chr22	15923208	15923328	bb.chr22.15923208	0.063959	0.345266	23	True
chr22	16397011	16397131	bb.chr22.16397011	0.032630	0.088799	23	False
chr22	17190183	17190303	bb.chr22.17190183	-0.050128	0.111269	23	False
chr22	17946868	17946988	bb.chr22.17946868	-0.025726	0.103804	23	False
chr22	19479303	19479423	bb.chr22.19479303	-0.138978	0.570610	23	True
chr22	20252648	20252768	bb.chr22.20252648	0.025402	0.167416	23	False
chr22	20962812	20962932	bb.chr22.20962812	0.014264	0.098506	23	False
chr22	21739243	21739363	bb.chr22.21739243	-0.048965	0.091344	23	False
chr22	23112634	23112754	bb.chr22.23112634	-0.049971	0.108980	23	False
chr22	23746077	23746197	bb.chr22.23746077	-0.006708	0.107743	23	False
chr22	24786597	24786717	bb.chr22.24786597	-0.012006	0.094203	23	False
chr22	25548451	25548571	bb.chr22.25548451	-0.008368	0.076431	23	False
chr22	26341985	26342105	bb.chr22.26341985	0.016610	0.109889	23	False
chr22	27111109	27111229	bb.chr22.27111109	-0.027523	0.092370	23	False
chr22	27748275	27748552	MN1_exon_2	0.038534	0.091175	23	False
chr22	27748552	27748829	MN1_exon_2	-0.017507	0.064142	23	False
chr22	27748829	27749107	MN1_exon_2	0.012913	0.067265	23	False
chr22	27749107	27749384	MN1_exon_2	0.034949	0.068669	23	False
chr22	27749384	27749661	MN1_exon_2	0.028978	0.065643	23	False
chr22	27749661	27749939	MN1_exon_2	-0.004098	0.074658	23	False
chr22	27749939	27750216	MN1_exon_2	-0.020040	0.068361	23	False
chr22	27750216	27750494	MN1_exon_2	0.150342	0.045509	23	False
chr22	27750506	27750800	MN1_exon_2	0.067469	0.066393	23	False
chr22	27750800	27751095	MN1_exon_2	0.072566	0.075370	23	False
chr22	27796761	27797023	MN1_exon_1	0.039394	0.068600	23	False
chr22	27797023	27797286	MN1_exon_1	-0.005916	0.146984	23	False
chr22	27797286	27797549	MN1_exon_1	0.001475	0.127100	23	False
chr22	27797549	27797812	MN1_exon_1	0.021923	0.122551	23	False
chr22	27797812	27798075	MN1_exon_1	-0.034858	0.095798	23	False
chr22	27798075	27798338	MN1_exon_1	-0.087745	0.198451	23	False
chr22	27798338	27798600	MN1_exon_1	-0.003988	0.177176	23	False
chr22	27798600	27798863	MN1_exon_1	-0.061690	0.189503	23	False
chr22	27798863	27799126	MN1_exon_1	0.097140	0.113514	23	False
chr22	27799126	27799389	MN1_exon_1	-0.036024	0.095667	23	False
chr22	27799389	27799652	MN1_exon_1	-0.028148	0.117524	23	False
chr22	27799652	27799915	MN1_exon_1	0.016094	0.135907	23	False
chr22	27799915	27800177	MN1_exon_1	-0.065600	0.114987	23	False
chr22	27800177	27800440	MN1_exon_1	-0.009804	0.123433	23	False
chr22	27800440	27800703	MN1_exon_1	-0.041857	0.117610	23	False
chr22	27800703	27800966	MN1_exon_1	0.026798	0.109755	23	False
chr22	27800966	27801229	MN1_exon_1	-0.041092	0.166119	23	False
chr22	27801229	27801492	MN1_exon_1	0.022502	0.126685	23	False
chr22	27801492	27801755	MN1_exon_1	0.038697	0.149095	23	False
chr22	27905695	27905815	bb.chr22.27905695	-0.014186	0.131878	23	False
chr22	29331817	29331937	bb.chr22.29331817	0.005328	0.140834	23	False
chr22	29994332	29994452	bb.chr22.29994332	-0.019492	0.159768	23	False
chr22	30331986	30332256	SF3A1_exon_16	-0.064790	0.206636	23	False
chr22	30332256	30332527	SF3A1_exon_16	-0.024193	0.052655	23	False
chr22	30332527	30332798	SF3A1_exon_16	-0.049018	0.065415	23	False
chr22	30332798	30333069	SF3A1_exon_16	0.030971	0.063553	23	False
chr22	30333069	30333340	SF3A1_exon_16	0.000146	0.066402	23	False
chr22	30333340	30333610	SF3A1_exon_16	0.011447	0.058899	23	False
chr22	30333610	30333881	SF3A1_exon_16	0.028795	0.106358	23	False
chr22	30333881	30334152	SF3A1_exon_16	0.046771	0.082999	23	False
chr22	30334152	30334423	SF3A1_exon_16	0.074516	0.072907	23	False
chr22	30334423	30334694	SF3A1_exon_16	-0.055824	0.073223	23	False
chr22	30335441	30335561	SF3A1_exon_15	0.062369	0.084258	23	False
chr22	30335641	30335761	SF3A1_exon_14	0.071959	0.047854	23	False
chr22	30337024	30337179	SF3A1_exon_13	-0.033711	0.182057	23	False
chr22	30337688	30337896	SF3A1_exon_12	0.041059	0.089201	23	False
chr22	30338787	30338907	SF3A1_exon_11	-0.013408	0.068860	23	False
chr22	30338913	30339033	SF3A1_exon_11	0.006660	0.058364	23	False
chr22	30339129	30339249	SF3A1_exon_10	0.026112	0.070673	23	False
chr22	30340194	30340380	SF3A1_exon_9	-0.114224	0.050930	23	False
chr22	30340692	30340812	SF3A1_exon_8	-0.042175	0.207845	23	False
chr22	30341690	30341884	SF3A1_exon_7	-0.129160	0.053406	23	False
chr22	30342198	30342349	SF3A1_exon_6	0.003569	0.066940	23	False
chr22	30342762	30342882	SF3A1_exon_5	0.001062	0.082428	23	False
chr22	30344931	30345189	SF3A1_exon_4	0.048416	0.068135	23	False
chr22	30346310	30346518	SF3A1_exon_3	0.047940	0.056030	23	False
chr22	30352950	30353070	SF3A1_exon_2	-0.004104	0.080201	23	False
chr22	30356728	30356893	SF3A1_exon_1	-0.073346	0.103428	23	False
chr22	30974287	30974407	bb.chr22.30974287	0.067498	0.131846	23	False
chr22	32177396	32177516	bb.chr22.32177396	-0.015363	0.185983	23	False
chr22	33061838	33061958	bb.chr22.33061838	0.005153	0.090438	23	False
chr22	34179967	34180087	bb.chr22.34179967	-0.023018	0.160452	23	False
chr22	34881696	34881816	bb.chr22.34881696	0.044632	0.071633	23	False
chr22	35640971	35641091	bb.chr22.35640971	-0.042756	0.214879	23	False
chr22	36575850	36575970	bb.chr22.36575850	-0.003803	0.106315	23	False
chr22	37245310	37245430	bb.chr22.37245310	-0.022719	0.116250	23	False
chr22	38266218	38266338	bb.chr22.38266218	-0.013576	0.066378	23	False
chr22	39099605	39099725	bb.chr22.39099605	-0.009065	0.136696	23	False
chr22	40196564	40196684	bb.chr22.40196564	-0.003700	0.363844	23	True
chr22	41003327	41003447	bb.chr22.41003327	-0.069335	0.079730	23	False
chr22	42698274	42698394	bb.chr22.42698274	-0.008574	0.118401	23	False
chr22	43476846	43476966	bb.chr22.43476846	-0.024292	0.211438	23	False
chr22	44518771	44518891	bb.chr22.44518771	0.005127	0.096848	23	False
chr22	45839165	45839285	bb.chr22.45839165	0.011777	0.082790	23	False
chr22	46463046	46463166	bb.chr22.46463046	-0.014042	0.097256	23	False
chr22	47112617	47112737	bb.chr22.47112617	0.078158	0.120993	23	False
chr22	47883588	47883708	bb.chr22.47883588	0.011899	0.097697	23	False
chr22	48920168	48920288	bb.chr22.48920168	-0.061378	0.133693	23	False
chr22	49533188	49533308	bb.chr22.49533188	0.017103	0.167988	23	False
chr22	50183725	50183845	bb.chr22.50183725	-0.029058	0.115086	23	False
chrX	2842683	2842803	bb.chrX.2842683	0.015065	0.201257	23	False
chrX	4684609	4684729	bb.chrX.4684609	0.035739	0.089169	23	False
chrX	7465247	7465367	bb.chrX.7465247	0.026380	0.181497	23	False
chrX	9277648	9277768	bb.chrX.9277648	-0.061224	0.099621	23	False
chrX	10097248	10097368	bb.chrX.10097248	-0.059746	0.827510	23	True
chrX	11899323	11899443	bb.chrX.11899323	-0.010461	0.114963	23	False
chrX	12820755	12820875	bb.chrX.12820755	-0.014433	0.111376	23	False
chrX	13757573	13757693	bb.chrX.13757573	-0.012712	0.138714	23	False
chrX	15150284	15150404	bb.chrX.15150284	0.014793	0.233433	23	False
chrX	15319454	15319685	PIGA_exon_6	0.014376	0.230079	23	False
chrX	15319685	15319916	PIGA_exon_6	0.010443	0.278527	23	False
chrX	15319916	15320147	PIGA_exon_6	0.070987	0.221115	23	False
chrX	15320164	15320431	PIGA_exon_6	0.081291	0.067093	23	False
chrX	15320431	15320699	PIGA_exon_6	0.041672	0.081313	23	False
chrX	15320699	15320967	PIGA_exon_6	0.094262	0.065913	23	False
chrX	15320967	15321235	PIGA_exon_6	0.028502	0.096056	23	False
chrX	15321235	15321503	PIGA_exon_6	0.050265	0.126637	23	False
chrX	15321503	15321771	PIGA_exon_6	-0.022207	0.059536	23	False
chrX	15324663	15324870	PIGA_exon_5	0.047507	0.115779	23	False
chrX	15325018	15325151	PIGA_exon_4	-0.104500	0.066365	23	False
chrX	15325912	15326045	PIGA_exon_3	0.033822	0.118715	23	False
chrX	15331214	15331473	PIGA_exon_2	0.071892	0.083180	23	False
chrX	15331473	15331732	PIGA_exon_2	0.047786	0.086748	23	False
chrX	15331732	15331991	PIGA_exon_2	0.077026	0.087540	23	False
chrX	15335463	15335583	PIGA_exon_1	-0.002613	0.198250	23	False
chrX	15790439	15790559	ZRSR2_exon_1	-0.044716	0.146828	23	False
chrX	15790900	15791020	ZRSR2_exon_2	0.034678	0.086518	23	False
chrX	15799865	15799985	ZRSR2_exon_3	-0.014963	0.137266	23	False
chrX	15803680	15803800	ZRSR2_exon_4	-0.015324	0.113270	23	False
chrX	15804109	15804229	ZRSR2_exon_5	-0.023371	0.110948	23	False
chrX	15808153	15808273	ZRSR2_exon_6	-0.021275	0.105971	23	False
chrX	15809197	15809317	ZRSR2_exon_7	0.049341	0.098434	23	False
chrX	15815675	15815889	ZRSR2_exon_8	0.036225	0.075388	23	False
chrX	15818561	15818681	ZRSR2_exon_9	0.025412	0.099242	23	False
chrX	15820200	15820320	ZRSR2_exon_10	0.117868	0.088555	23	False
chrX	15822729	15822994	ZRSR2_exon_11	-0.022508	0.085260	23	False
chrX	15822994	15823259	ZRSR2_exon_11	-0.041330	0.079963	23	False
chrX	16467117	16467237	bb.chrX.16467117	-0.024131	0.095039	23	False
chrX	17593496	17593616	bb.chrX.17593496	0.014361	0.150077	23	False
chrX	21816606	21816726	bb.chrX.21816606	-0.093887	0.363388	23	True
chrX	23686998	23687118	bb.chrX.23686998	-0.031355	0.198394	23	False
chrX	24863198	24863318	bb.chrX.24863198	0.015420	0.159767	23	False
chrX	25715129	25715249	bb.chrX.25715129	0.003336	0.164055	23	False
chrX	27432545	27432665	bb.chrX.27432545	0.028888	0.135068	23	False
chrX	28482997	28483117	bb.chrX.28482997	-0.075531	0.180666	23	False
chrX	30293262	30293382	bb.chrX.30293262	-0.020595	0.124285	23	False
chrX	33030852	33030972	bb.chrX.33030852	-0.013055	0.114922	23	False
chrX	33967456	33967576	bb.chrX.33967456	0.049731	0.299931	23	False
chrX	34883580	34883700	bb.chrX.34883580	-0.067752	0.219672	23	False
chrX	38652717	38652837	bb.chrX.38652717	-0.029602	0.117028	23	False
chrX	39390630	39390750	bb.chrX.39390630	-0.015208	0.297984	23	False
chrX	40051249	40051536	BCOR_exon_15	0.071874	0.374755	23	True
chrX	40051536	40051824	BCOR_exon_15	-0.006180	0.057315	23	False
chrX	40051824	40052111	BCOR_exon_15	-0.016572	0.124208	23	False
chrX	40052111	40052399	BCOR_exon_15	0.079929	0.088853	23	False
chrX	40053884	40054041	BCOR_exon_14	-0.111709	0.111080	23	False
chrX	40054223	40054343	BCOR_exon_13	0.000009	0.076698	23	False
chrX	40055366	40055512	BCOR_exon_12	-0.029699	0.056519	23	False
chrX	40057153	40057320	BCOR_exon_11	-0.062076	0.069839	23	False
chrX	40062137	40062392	BCOR_exon_10	0.024024	0.059409	23	False
chrX	40062744	40063070	BCOR_exon_9	-0.039409	0.055045	23	False
chrX	40063606	40063951	BCOR_exon_8	-0.036754	0.051928	23	False
chrX	40064334	40064598	BCOR_exon_7	0.006730	0.079392	23	False
chrX	40070971	40071158	BCOR_exon_6	-0.136297	0.099008	23	False
chrX	40071619	40071739	BCOR_exon_5	0.027346	0.131612	23	False
chrX	40072347	40072604	BCOR_exon_4	0.061301	0.050890	23	False
chrX	40072604	40072861	BCOR_exon_4	0.000508	0.060251	23	False
chrX	40072861	40073119	BCOR_exon_4	0.039143	0.084908	23	False
chrX	40073119	40073376	BCOR_exon_4	0.040216	0.066252	23	False
chrX	40073376	40073634	BCOR_exon_4	0.072871	0.075327	23	False
chrX	40073634	40073891	BCOR_exon_4	0.038501	0.094142	23	False
chrX	40073891	40074149	BCOR_exon_4	0.047039	0.086758	23	False
chrX	40074149	40074406	BCOR_exon_4	0.012287	0.087387	23	False
chrX	40074406	40074664	BCOR_exon_4	0.051632	0.085482	23	False
chrX	40074664	40074921	BCOR_exon_4	0.043001	0.086050	23	False
chrX	40074921	40075179	BCOR_exon_4	0.066165	0.058949	23	False
chrX	40076416	40076536	BCOR_exon_3	0.012263	0.104593	23	False
chrX	40077845	40077965	BCOR_exon_2	0.009495	0.095212	23	False
chrX	40097213	40097474	BCOR_exon_1	0.036623	0.194168	23	False
chrX	40097474	40097735	BCOR_exon_1	0.141214	0.193243	23	False
chrX	40097746	40097957	BCOR_exon_1	-0.014032	0.158757	23	False
chrX	40777952	40778072	bb.chrX.40777952	-0.010636	0.140137	23	False
chrX	41334160	41334296	DDX3X_exon_1	0.045774	0.105712	23	False
chrX	41337370	41337490	DDX3X_exon_2	0.013911	0.112874	23	False
chrX	41339030	41339150	DDX3X_exon_3	-0.027011	0.145607	23	False
chrX	41341482	41341615	DDX3X_exon_4	0.021976	0.101325	23	False
chrX	41342493	41342652	DDX3X_exon_5	0.002836	0.095140	23	False
chrX	41342733	41342853	DDX3X_exon_6	0.069862	0.095637	23	False
chrX	41343214	41343350	DDX3X_exon_7	0.036989	0.080901	23	False
chrX	41343707	41343827	DDX3X_exon_8	0.026270	0.080838	23	False
chrX	41344027	41344147	DDX3X_exon_9	0.048201	0.110820	23	False
chrX	41344237	41344398	DDX3X_exon_10	0.047046	0.129085	23	False
chrX	41345178	41345323	DDX3X_exon_11	0.022943	0.103790	23	False
chrX	41345402	41345547	DDX3X_exon_12	0.029170	0.110235	23	False
chrX	41346227	41346409	DDX3X_exon_13	0.011265	0.116237	23	False
chrX	41346502	41346622	DDX3X_exon_14	0.081008	0.101828	23	False
chrX	41346857	41347011	DDX3X_exon_15	-0.010188	0.060450	23	False
chrX	41347310	41347450	DDX3X_exon_16	0.013890	0.088884	23	False
chrX	41347638	41347901	DDX3X_exon_17	0.077017	0.082770	23	False
chrX	41347901	41348165	DDX3X_exon_17	-0.046243	0.103866	23	False
chrX	41348165	41348428	DDX3X_exon_17	0.029008	0.107705	23	False
chrX	41348428	41348692	DDX3X_exon_17	0.009025	0.105815	23	False
chrX	41348692	41348955	DDX3X_exon_17	-0.017421	0.095378	23	False
chrX	41348955	41349219	DDX3X_exon_17	0.024290	0.071668	23	False
chrX	41349219	41349482	DDX3X_exon_17	0.039571	0.104445	23	False
chrX	41349482	41349746	DDX3X_exon_17	0.046018	0.077156	23	False
chrX	41349746	41350009	DDX3X_exon_17	-0.038110	0.074443	23	False
chrX	41350009	41350273	DDX3X_exon_17	-0.024374	0.113197	23	False
chrX	41419232	41419352	bb.chrX.41419232	-0.000926	0.100171	23	False
chrX	42150098	42150218	bb.chrX.42150098	0.006286	0.099670	23	False
chrX	44194184	44194304	bb.chrX.44194184	-0.072812	0.411001	23	True
chrX	44873186	44873448	KDM6A_exon_1	0.040942	0.113020	23	False
chrX	44873448	44873711	KDM6A_exon_1	0.099121	0.130868	23	False
chrX	44873882	44874002	KDM6A_exon_2	-0.025131	0.140263	23	False
chrX	44961276	44961396	KDM6A_exon_3	-0.009114	0.085529	23	False
chrX	44974641	44974761	KDM6A_exon_4	0.002606	0.079190	23	False
chrX	45010945	45011065	KDM6A_exon_5	0.000118	0.153522	23	False
chrX	45020608	45020728	KDM6A_exon_6	-0.001926	0.106589	23	False
chrX	45034911	45035031	KDM6A_exon_7	-0.054160	0.076387	23	False
chrX	45037575	45037695	KDM6A_exon_8	0.030980	0.124010	23	False
chrX	45051683	45051803	KDM6A_exon_9	-0.017910	0.127718	23	False
chrX	45053830	45053950	KDM6A_exon_10	-0.019156	0.084713	23	False
chrX	45058991	45059111	KDM6A_exon_11	-0.118312	0.109394	23	False
chrX	45059245	45059465	KDM6A_exon_12	-0.003300	0.078495	23	False
chrX	45060020	45060155	KDM6A_exon_13	0.035000	0.087453	23	False
chrX	45060607	45060763	KDM6A_exon_14	-0.031203	0.070828	23	False
chrX	45061310	45061430	KDM6A_exon_15	-0.005708	0.095337	23	False
chrX	45062639	45062759	KDM6A_exon_16	0.018585	0.126994	23	False
chrX	45063420	45063816	KDM6A_exon_17	-0.008384	0.068214	23	False
chrX	45069577	45069836	KDM6A_exon_18	0.042449	0.081660	23	False
chrX	45069836	45070096	KDM6A_exon_18	0.005198	0.067189	23	False
chrX	45070096	45070356	KDM6A_exon_18	0.052219	0.060239	23	False
chrX	45076700	45076820	KDM6A_exon_19	-0.016075	0.104253	23	False
chrX	45078391	45078511	KDM6A_exon_20	0.011322	0.148445	23	False
chrX	45079144	45079350	KDM6A_exon_21	0.016875	0.120830	23	False
chrX	45082528	45082648	KDM6A_exon_22	0.005249	0.158909	23	False
chrX	45082681	45082801	KDM6A_exon_23	0.003575	0.119170	23	False
chrX	45083458	45083607	KDM6A_exon_24	0.001960	0.073734	23	False
chrX	45085860	45085980	KDM6A_exon_25	0.025117	0.104511	23	False
chrX	45089741	45089929	KDM6A_exon_26	-0.145234	0.080933	23	False
chrX	45090721	45090863	KDM6A_exon_27	-0.015270	0.116175	23	False
chrX	45107411	45107531	KDM6A_exon_28	0.038516	0.137713	23	False
chrX	45110077	45110248	KDM6A_exon_29	-0.105101	0.077063	23	False
chrX	45111380	45111691	KDM6A_exon_30	0.025302	0.052975	23	False
chrX	45111691	45112002	KDM6A_exon_30	0.029313	0.118269	23	False
chrX	45112002	45112313	KDM6A_exon_30	0.101943	0.192379	23	False
chrX	45112326	45112552	KDM6A_exon_30	0.145281	0.336217	23	True
chrX	45112552	45112778	KDM6A_exon_30	0.022511	0.192805	23	False
chrX	47193827	47194023	UBA1_exon_1	-0.084181	0.089295	23	False
chrX	47198799	47198919	UBA1_exon_2	0.037876	0.065370	23	False
chrX	47198990	47199110	UBA1_exon_3	-0.037687	0.076894	23	False
chrX	47199207	47199376	UBA1_exon_4	-0.023319	0.072554	23	False
chrX	47199478	47199613	UBA1_exon_5	0.034490	0.077229	23	False
chrX	47200885	47201005	UBA1_exon_6	0.011845	0.146826	23	False
chrX	47201260	47201380	UBA1_exon_7	0.016966	0.083849	23	False
chrX	47201476	47201609	UBA1_exon_8	0.069651	0.086289	23	False
chrX	47202144	47202264	UBA1_exon_9	0.083087	0.056043	23	False
chrX	47202356	47202503	UBA1_exon_10	0.002162	0.076038	23	False
chrX	47202636	47202813	UBA1_exon_11	0.002911	0.067379	23	False
chrX	47202933	47203053	UBA1_exon_12	-0.024496	0.090140	23	False
chrX	47203115	47203235	UBA1_exon_13	0.014712	0.069315	23	False
chrX	47203539	47203695	UBA1_exon_14	-0.043490	0.052783	23	False
chrX	47205946	47206112	UBA1_exon_15	0.018073	0.051574	23	False
chrX	47206246	47206443	UBA1_exon_16	0.055139	0.068151	23	False
chrX	47209582	47209702	UBA1_exon_17	0.019433	0.093096	23	False
chrX	47209926	47210122	UBA1_exon_18	-0.062492	0.099898	23	False
chrX	47210813	47210933	UBA1_exon_19	0.035566	0.085451	23	False
chrX	47211034	47211224	UBA1_exon_20	0.012441	0.085221	23	False
chrX	47212398	47212518	UBA1_exon_21	0.055427	0.087833	23	False
chrX	47212755	47212875	UBA1_exon_22	-0.082224	0.074501	23	False
chrX	47212988	47213180	UBA1_exon_23	0.051915	0.053085	23	False
chrX	47214322	47214442	UBA1_exon_24	0.063644	0.105960	23	False
chrX	47214529	47214649	UBA1_exon_25	0.035515	0.075222	23	False
chrX	47214792	47215127	UBA1_exon_26	-0.043088	0.037761	23	False
chrX	47840298	47840418	bb.chrX.47840298	0.028676	0.089204	23	False
chrX	48786589	48786709	GATA1_exon_1	-0.023796	0.150000	23	False
chrX	48791089	48791328	GATA1_exon_2	0.043492	0.084319	23	False
chrX	48791842	48792220	GATA1_exon_3	0.067852	0.064389	23	False
chrX	48792321	48792467	GATA1_exon_4	0.059507	0.108959	23	False
chrX	48793173	48793293	GATA1_exon_5	-0.025177	0.125620	23	False
chrX	48793791	48794050	GATA1_exon_6	0.064185	0.086230	23	False
chrX	48794050	48794310	GATA1_exon_6	0.057827	0.081287	23	False
chrX	49627824	49627944	bb.chrX.49627824	0.105109	0.112671	23	False
chrX	53374147	53374408	SMC1A_exon_25	0.040558	0.096901	23	False
chrX	53374408	53374669	SMC1A_exon_25	0.092952	0.103174	23	False
chrX	53374669	53374930	SMC1A_exon_25	0.048040	0.086181	23	False
chrX	53374930	53375191	SMC1A_exon_25	0.107909	0.075295	23	False
chrX	53375191	53375453	SMC1A_exon_25	0.017328	0.077059	23	False
chrX	53375453	53375714	SMC1A_exon_25	0.019779	0.091261	23	False
chrX	53375714	53375975	SMC1A_exon_25	0.069602	0.076465	23	False
chrX	53375975	53376236	SMC1A_exon_25	0.040890	0.073396	23	False
chrX	53376236	53376497	SMC1A_exon_25	0.054920	0.108008	23	False
chrX	53376497	53376759	SMC1A_exon_25	0.032471	0.087224	23	False
chrX	53376759	53377020	SMC1A_exon_25	0.048978	0.072363	23	False
chrX	53377020	53377281	SMC1A_exon_25	0.019633	0.089251	23	False
chrX	53377281	53377542	SMC1A_exon_25	0.073295	0.077263	23	False
chrX	53377542	53377804	SMC1A_exon_25	0.162605	0.064313	23	False
chrX	53377818	53378078	SMC1A_exon_25	0.136353	0.123642	23	False
chrX	53378078	53378338	SMC1A_exon_25	0.009111	0.097058	23	False
chrX	53378338	53378599	SMC1A_exon_25	-0.030371	0.094128	23	False
chrX	53378599	53378859	SMC1A_exon_25	0.029845	0.075466	23	False
chrX	53378859	53379120	SMC1A_exon_25	0.015377	0.058436	23	False
chrX	53379237	53379474	SMC1A_exon_25	0.015287	0.077786	23	False
chrX	53379474	53379711	SMC1A_exon_25	0.001056	0.122981	23	False
chrX	53379711	53379948	SMC1A_exon_25	-0.068896	0.111494	23	False
chrX	53379948	53380185	SMC1A_exon_25	0.046661	0.097846	23	False
chrX	53380613	53380733	SMC1A_exon_24	0.006574	0.107955	23	False
chrX	53381000	53381120	SMC1A_exon_23	0.010045	0.180043	23	False
chrX	53382230	53382382	SMC1A_exon_22	0.014959	0.068415	23	False
chrX	53382504	53382659	SMC1A_exon_21	0.044005	0.074353	23	False
chrX	53383095	53383252	SMC1A_exon_20	-0.021270	0.072265	23	False
chrX	53394771	53394891	SMC1A_exon_19	-0.044217	0.162043	23	False
chrX	53396225	53396379	SMC1A_exon_18	0.061985	0.076335	23	False
chrX	53396470	53396616	SMC1A_exon_17	0.050752	0.076722	23	False
chrX	53399587	53399729	SMC1A_exon_16	0.007346	0.063961	23	False
chrX	53403557	53403677	SMC1A_exon_15	0.019973	0.071599	23	False
chrX	53403773	53403893	SMC1A_exon_14	0.036494	0.074600	23	False
chrX	53405010	53405148	SMC1A_exon_13	0.097043	0.089336	23	False
chrX	53405243	53405390	SMC1A_exon_12	-0.017697	0.092582	23	False
chrX	53405491	53405671	SMC1A_exon_11	-0.023736	0.073971	23	False
chrX	53405769	53405955	SMC1A_exon_10	0.003809	0.089481	23	False
chrX	53409060	53409268	SMC1A_exon_9	0.000626	0.080406	23	False
chrX	53409388	53409508	SMC1A_exon_8	-0.144305	0.109883	23	False
chrX	53411759	53411900	SMC1A_exon_7	0.069919	0.070028	23	False
chrX	53411993	53412252	SMC1A_exon_6	-0.024816	0.088886	23	False
chrX	53412898	53413137	SMC1A_exon_5	0.001482	0.065398	23	False
chrX	53413230	53413434	SMC1A_exon_4	-0.000723	0.079717	23	False
chrX	53414752	53414872	SMC1A_exon_3	0.030592	0.081550	23	False
chrX	53414979	53415168	SMC1A_exon_2	0.051623	0.057406	23	False
chrX	53422490	53422653	SMC1A_exon_1	-0.041158	0.105503	23	False
chrX	53863231	53863351	bb.chrX.53863231	0.003857	0.179467	23	False
chrX	55009053	55009342	ALAS2_exon_11	0.000030	0.094689	23	False
chrX	55013484	55013647	ALAS2_exon_10	-0.049621	0.103920	23	False
chrX	55014745	55015014	ALAS2_exon_9	0.021217	0.063455	23	False
chrX	55015576	55015741	ALAS2_exon_8	-0.059962	0.068303	23	False
chrX	55017484	55017664	ALAS2_exon_7	-0.093782	0.071707	23	False
chrX	55020318	55020503	ALAS2_exon_6	-0.111597	0.073271	23	False
chrX	55021050	55021273	ALAS2_exon_5	0.069695	0.073719	23	False
chrX	55023750	55023870	ALAS2_exon_4	0.029301	0.111592	23	False
chrX	55024717	55024837	ALAS2_exon_3	0.017796	0.123523	23	False
chrX	55025818	55026014	ALAS2_exon_2	-0.105600	0.061232	23	False
chrX	55030902	55031022	ALAS2_exon_1	0.024223	0.100579	23	False
chrX	55113356	55113476	bb.chrX.55113356	-0.005794	0.198635	23	False
chrX	56621913	56622033	bb.chrX.56621913	0.060259	0.229914	23	False
chrX	57448760	57448880	bb.chrX.57448760	-0.017620	0.192962	23	False
chrX	70082856	70082976	bb.chrX.70082856	-0.003666	0.087011	23	False
chrX	72085404	72085524	bb.chrX.72085404	-0.034374	0.158395	23	False
chrX	75678470	75678590	bb.chrX.75678470	-0.080886	0.258556	23	False
chrX	77925858	77925978	bb.chrX.77925858	-0.018798	0.207684	23	False
chrX	79182101	79182221	bb.chrX.79182101	0.120104	0.181718	23	False
chrX	80333590	80333710	bb.chrX.80333590	0.046458	0.123084	23	False
chrX	82534753	82534873	bb.chrX.82534753	0.047372	0.514313	23	True
chrX	83463949	83464069	bb.chrX.83463949	-0.008593	0.264039	23	False
chrX	84270551	84270671	bb.chrX.84270551	-0.000805	0.096044	23	False
chrX	85120899	85121019	bb.chrX.85120899	0.004030	0.266384	23	False
chrX	87044365	87044485	bb.chrX.87044365	0.008861	0.207520	23	False
chrX	93554363	93554483	bb.chrX.93554363	-0.021161	0.274531	23	False
chrX	95784751	95784871	bb.chrX.95784751	-0.065704	0.134074	23	False
chrX	97215305	97215425	bb.chrX.97215305	-0.536675	1.265011	23	True
chrX	100404092	100404212	bb.chrX.100404092	0.026224	0.119041	23	False
chrX	101349448	101349701	BTK_exon_19	-0.002147	0.109885	23	False
chrX	101349701	101349955	BTK_exon_19	0.015288	0.137268	23	False
chrX	101353192	101353350	BTK_exon_18	-0.027484	0.072825	23	False
chrX	101353867	101353987	BTK_exon_17	0.018737	0.094185	23	False
chrX	101354616	101354736	BTK_exon_16	0.014260	0.093910	23	False
chrX	101356050	101356267	BTK_exon_15	0.073948	0.057877	23	False
chrX	101356782	101356954	BTK_exon_14	-0.105733	0.068541	23	False
chrX	101357466	101357586	BTK_exon_13	0.021143	0.089683	23	False
chrX	101358312	101358432	BTK_exon_12	-0.013804	0.087013	23	False
chrX	101358587	101358707	BTK_exon_11	-0.020534	0.078736	23	False
chrX	101359253	101359373	BTK_exon_10	0.005189	0.103664	23	False
chrX	101360085	101360205	BTK_exon_9	0.003637	0.165043	23	False
chrX	101360566	101360754	BTK_exon_8	-0.135512	0.057265	23	False
chrX	101362152	101362272	BTK_exon_7	-0.022515	0.094113	23	False
chrX	101362563	101362683	BTK_exon_6	-0.011557	0.109304	23	False
chrX	101369994	101370114	BTK_exon_5	0.040102	0.136532	23	False
chrX	101371589	101371709	BTK_exon_4	0.005735	0.105739	23	False
chrX	101374522	101374642	BTK_exon_3	-0.013401	0.081188	23	False
chrX	101375142	101375313	BTK_exon_2	-0.104042	0.107977	23	False
chrX	101386065	101386185	BTK_exon_1	-0.000886	0.109334	23	False
chrX	101445341	101445461	bb.chrX.101445341	0.069767	0.141637	23	False
chrX	103172130	103172250	bb.chrX.103172130	-0.000073	0.140355	23	False
chrX	104524377	104524497	bb.chrX.104524377	0.005738	0.125738	23	False
chrX	112437162	112437282	bb.chrX.112437162	0.090106	0.131252	23	False
chrX	115554182	115554302	bb.chrX.115554182	-0.338764	0.661838	23	True
chrX	116622344	116622464	bb.chrX.116622344	-0.068422	0.505016	23	True
chrX	118499811	118499931	bb.chrX.118499811	0.001048	0.072981	23	False
chrX	120331241	120331361	bb.chrX.120331241	-0.060112	0.106289	23	False
chrX	122090104	122090224	bb.chrX.122090104	0.042382	0.137615	23	False
chrX	123202536	123202656	bb.chrX.123202536	0.047793	0.144618	23	False
chrX	123900317	123900437	bb.chrX.123900317	-0.010949	0.240352	23	False
chrX	123961720	123961855	STAG2_exon_1	0.008492	0.134190	23	False
chrX	124021365	124021485	STAG2_exon_2	-0.025800	0.254377	23	False
chrX	124022529	124022670	STAG2_exon_3	-0.001676	0.137050	23	False
chrX	124025807	124025927	STAG2_exon_4	-0.013297	0.119682	23	False
chrX	124030959	124031124	STAG2_exon_5	-0.075446	0.107998	23	False
chrX	124037513	124037633	STAG2_exon_6	-0.016013	0.123544	23	False
chrX	124042545	124042665	STAG2_exon_7	0.035355	0.130311	23	False
chrX	124045162	124045367	STAG2_exon_8	0.028525	0.075650	23	False
chrX	124047352	124047504	STAG2_exon_9	0.009325	0.107308	23	False
chrX	124048972	124049092	STAG2_exon_10	-0.032758	0.427454	23	True
chrX	124050186	124050306	STAG2_exon_11	0.026237	0.100775	23	False
chrX	124051115	124051235	STAG2_exon_12	0.059256	0.169056	23	False
chrX	124051303	124051423	STAG2_exon_13	0.048953	0.168086	23	False
chrX	124056120	124056240	STAG2_exon_14	0.011818	0.093369	23	False
chrX	124057860	124057980	STAG2_exon_15	-0.015047	0.106236	23	False
chrX	124061221	124061341	STAG2_exon_16	-0.059461	0.080656	23	False
chrX	124061769	124061889	STAG2_exon_17	0.050129	0.146088	23	False
chrX	124062887	124063007	STAG2_exon_18	0.067446	0.091858	23	False
chrX	124063094	124063214	STAG2_exon_19	0.048628	0.143357	23	False
chrX	124063846	124064050	STAG2_exon_20	0.042765	0.075886	23	False
chrX	124065867	124065987	STAG2_exon_21	0.001284	0.117024	23	False
chrX	124066167	124066287	STAG2_exon_22	-0.016702	0.194425	23	False
chrX	124066335	124066455	STAG2_exon_23	0.003875	0.085842	23	False
chrX	124068557	124068677	STAG2_exon_24	-0.068331	0.136040	23	False
chrX	124071147	124071322	STAG2_exon_25	-0.090458	0.096243	23	False
chrX	124076330	124076470	STAG2_exon_26	0.005785	0.087731	23	False
chrX	124077955	124078075	STAG2_exon_27	-0.022662	0.083242	23	False
chrX	124081378	124081527	STAG2_exon_28	-0.011081	0.120833	23	False
chrX	124083423	124083543	STAG2_exon_29	0.008260	0.100549	23	False
chrX	124086545	124086769	STAG2_exon_30	0.085968	0.062096	23	False
chrX	124090573	124090763	STAG2_exon_31	0.001442	0.091342	23	False
chrX	124090847	124090967	STAG2_exon_32	0.073280	0.069731	23	False
chrX	124094019	124094139	STAG2_exon_33	0.003212	0.090560	23	False
chrX	124095356	124095476	STAG2_exon_34	-0.038516	0.092463	23	False
chrX	124100572	124100832	STAG2_exon_35	0.050823	0.116640	23	False
chrX	124100832	124101092	STAG2_exon_35	0.009484	0.214992	23	False
chrX	124101092	124101353	STAG2_exon_35	0.021662	0.138525	23	False
chrX	124101353	124101613	STAG2_exon_35	0.042902	0.133394	23	False
chrX	124101613	124101873	STAG2_exon_35	0.028122	0.121228	23	False
chrX	124101873	124102134	STAG2_exon_35	-0.012770	0.099512	23	False
chrX	124102134	124102394	STAG2_exon_35	0.015021	0.076256	23	False
chrX	124102394	124102655	STAG2_exon_35	0.008941	0.213742	23	False
chrX	125146800	125146920	bb.chrX.125146800	0.071495	0.195679	23	False
chrX	126405702	126405822	bb.chrX.126405702	0.037909	0.158068	23	False
chrX	129361654	129361774	bb.chrX.129361654	0.017298	0.122916	23	False
chrX	129982637	129982757	BCORL1_exon_1	-0.020307	0.097755	23	False
chrX	130005191	130005311	BCORL1_exon_2	0.011923	0.104302	23	False
chrX	130012568	130012688	BCORL1_exon_3	-0.008781	0.101320	23	False
chrX	130012948	130013220	BCORL1_exon_4	-0.044839	0.080237	23	False
chrX	130013220	130013492	BCORL1_exon_4	0.022304	0.101328	23	False
chrX	130013492	130013764	BCORL1_exon_4	0.018740	0.121466	23	False
chrX	130013764	130014036	BCORL1_exon_4	0.016067	0.145730	23	False
chrX	130014036	130014308	BCORL1_exon_4	0.042759	0.099793	23	False
chrX	130014308	130014580	BCORL1_exon_4	-0.041361	0.080366	23	False
chrX	130014580	130014852	BCORL1_exon_4	0.032034	0.090513	23	False
chrX	130014852	130015124	BCORL1_exon_4	0.032109	0.093559	23	False
chrX	130015124	130015396	BCORL1_exon_4	0.032838	0.071539	23	False
chrX	130015396	130015668	BCORL1_exon_4	0.099030	0.094315	23	False
chrX	130015668	130015940	BCORL1_exon_4	0.049603	0.085238	23	False
chrX	130015940	130016212	BCORL1_exon_4	-0.053004	0.057280	23	False
chrX	130020983	130021149	BCORL1_exon_5	-0.069290	0.086957	23	False
chrX	130022876	130022996	BCORL1_exon_6	0.031155	0.096331	23	False
chrX	130024988	130025378	BCORL1_exon_7	0.011007	0.067706	23	False
chrX	130028633	130028860	BCORL1_exon_8	0.073476	0.094058	23	False
chrX	130034453	130034675	BCORL1_exon_9	0.068321	0.083607	23	False
chrX	130037365	130037532	BCORL1_exon_10	-0.075720	0.079543	23	False
chrX	130039135	130039281	BCORL1_exon_11	0.007358	0.122197	23	False
chrX	130050694	130050814	BCORL1_exon_12	0.027359	0.121476	23	False
chrX	130051858	130052015	BCORL1_exon_13	-0.016644	0.069007	23	False
chrX	130055852	130056101	BCORL1_exon_14	0.010786	0.080440	23	False
chrX	130056101	130056350	BCORL1_exon_14	0.050265	0.108863	23	False
chrX	130056350	130056599	BCORL1_exon_14	0.068402	0.176112	23	False
chrX	130056599	130056848	BCORL1_exon_14	0.015222	0.122213	23	False
chrX	130056848	130057097	BCORL1_exon_14	-0.057655	0.150132	23	False
chrX	130057097	130057346	BCORL1_exon_14	-0.027196	0.094512	23	False
chrX	130057346	130057596	BCORL1_exon_14	0.122289	0.093269	23	False
chrX	130057617	130057843	BCORL1_exon_14	0.124234	0.130131	23	False
chrX	130057843	130058070	BCORL1_exon_14	0.047922	0.105330	23	False
chrX	131281784	131281904	bb.chrX.131281784	0.008474	0.114030	23	False
chrX	132020051	132020171	bb.chrX.132020051	0.011378	0.138634	23	False
chrX	132874855	132874975	bb.chrX.132874855	-0.029886	0.133078	23	False
chrX	134108581	134108701	bb.chrX.134108581	0.024318	0.112989	23	False
chrX	134373310	134373466	PHF6_exon_1	-0.033996	0.090499	23	False
chrX	134377570	134377754	PHF6_exon_2	-0.101331	0.095864	23	False
chrX	134378003	134378123	PHF6_exon_3	0.069854	0.137845	23	False
chrX	134393499	134393633	PHF6_exon_4	0.015493	0.103630	23	False
chrX	134393906	134394026	PHF6_exon_5	-0.070952	0.098633	23	False
chrX	134413489	134413656	PHF6_exon_6	-0.150988	0.119723	23	False
chrX	134413821	134413965	PHF6_exon_7	-0.074438	0.105598	23	False
chrX	134415006	134415126	PHF6_exon_8	0.016149	0.097834	23	False
chrX	134417167	134417301	PHF6_exon_9	0.026364	0.091020	23	False
chrX	134425204	134425324	PHF6_exon_10	0.008825	0.111895	23	False
chrX	134425659	134425899	PHF6_exon_11	0.064346	0.075258	23	False
chrX	134425900	134426140	PHF6_exon_11	0.003008	0.079396	23	False
chrX	134426141	134426381	PHF6_exon_11	0.012316	0.060747	23	False
chrX	134426382	134426742	PHF6_exon_11	0.009978	0.085722	23	False
chrX	134426743	134426983	PHF6_exon_11	0.038835	0.073452	23	False
chrX	134426984	134427344	PHF6_exon_11	-0.027176	0.137210	23	False
chrX	134427345	134427585	PHF6_exon_11	0.080612	0.079614	23	False
chrX	134427586	134427826	PHF6_exon_11	0.047959	0.069622	23	False
chrX	134427827	134428187	PHF6_exon_11	-0.010866	0.149676	23	False
chrX	134428188	134428428	PHF6_exon_11	-0.009389	0.156318	23	False
chrX	134428429	134428789	PHF6_exon_11	0.029176	0.120046	23	False
chrX	134954135	134954255	bb.chrX.134954135	-0.013577	0.197504	23	False
chrX	137206375	137206495	bb.chrX.137206375	0.038593	0.139633	23	False
chrX	137811554	137811674	bb.chrX.137811554	-0.057963	0.115841	23	False
chrX	139605096	139605216	bb.chrX.139605096	-0.047702	0.200318	23	False
chrX	140709389	140709509	bb.chrX.140709389	0.006284	0.087568	23	False
chrX	141456032	141456152	bb.chrX.141456032	-0.338380	1.671584	23	True
chrX	143348164	143348284	bb.chrX.143348164	0.011379	0.160337	23	False
chrX	146082806	146082926	bb.chrX.146082806	-0.040420	0.117943	23	False
chrX	146971667	146971787	bb.chrX.146971667	0.012617	0.267522	23	False
chrX	147957349	147957469	bb.chrX.147957349	-0.045268	0.113019	23	False
chrX	149486681	149486801	bb.chrX.149486681	0.029954	0.137987	23	False
chrX	150558578	150558698	bb.chrX.150558578	0.008413	0.140493	23	False
chrX	151706100	151706220	bb.chrX.151706100	-0.019454	0.089013	23	False
chrX	152449471	152449591	bb.chrX.152449471	-0.035082	0.121701	23	False
chrX	153337199	153337319	bb.chrX.153337199	0.045443	0.084020	23	False
chrY	2787275	2787515	bb.chrY.2787275,bb.chrY.2787395	0.037535	0.086073	23	False
chrY	6802359	6802479	bb.chrY.6802359	-0.010114	0.485341	23	True
chrY	19568310	19568430	bb.chrY.19568310	-0.257423	0.463113	23	True
