@HD	VN:1.6
@SQ	SN:chr1	LN:248956422	M5:6aef897c3d6ff0c78aff06ac189178dd	UR:file:///goast/hemat_data/references/hg38_broad/Homo_sapiens_assembly38.masked.fasta
@SQ	SN:chr2	LN:242193529	M5:f98db672eb0993dcfdabafe2a882905c	UR:file:///goast/hemat_data/references/hg38_broad/Homo_sapiens_assembly38.masked.fasta
@SQ	SN:chr3	LN:198295559	M5:76635a41ea913a405ded820447d067b0	UR:file:///goast/hemat_data/references/hg38_broad/Homo_sapiens_assembly38.masked.fasta
@SQ	SN:chr4	LN:190214555	M5:3210fecf1eb92d5489da4346b3fddc6e	UR:file:///goast/hemat_data/references/hg38_broad/Homo_sapiens_assembly38.masked.fasta
@SQ	SN:chr5	LN:181538259	M5:a811b3dc9fe66af729dc0dddf7fa4f13	UR:file:///goast/hemat_data/references/hg38_broad/Homo_sapiens_assembly38.masked.fasta
@SQ	SN:chr6	LN:170805979	M5:5691468a67c7e7a7b5f2a3a683792c29	UR:file:///goast/hemat_data/references/hg38_broad/Homo_sapiens_assembly38.masked.fasta
@SQ	SN:chr7	LN:159345973	M5:cc044cc2256a1141212660fb07b6171e	UR:file:///goast/hemat_data/references/hg38_broad/Homo_sapiens_assembly38.masked.fasta
@SQ	SN:chr8	LN:145138636	M5:c67955b5f7815a9a1edfaa15893d3616	UR:file:///goast/hemat_data/references/hg38_broad/Homo_sapiens_assembly38.masked.fasta
@SQ	SN:chr9	LN:138394717	M5:c4f9e32c364172180853ffc4ace1ff72	UR:file:///goast/hemat_data/references/hg38_broad/Homo_sapiens_assembly38.masked.fasta
@SQ	SN:chr10	LN:133797422	M5:c0eeee7acfdaf31b770a509bdaa6e51a	UR:file:///goast/hemat_data/references/hg38_broad/Homo_sapiens_assembly38.masked.fasta
@SQ	SN:chr11	LN:135086622	M5:1511375dc2dd1b633af8cf439ae90cec	UR:file:///goast/hemat_data/references/hg38_broad/Homo_sapiens_assembly38.masked.fasta
@SQ	SN:chr12	LN:133275309	M5:96e414eace405d8c27a6d35ba19df56f	UR:file:///goast/hemat_data/references/hg38_broad/Homo_sapiens_assembly38.masked.fasta
@SQ	SN:chr13	LN:114364328	M5:0d93d02427454de38a098261cb78ed31	UR:file:///goast/hemat_data/references/hg38_broad/Homo_sapiens_assembly38.masked.fasta
@SQ	SN:chr14	LN:107043718	M5:e0f0eecc3bcab6178c62b6211565c807	UR:file:///goast/hemat_data/references/hg38_broad/Homo_sapiens_assembly38.masked.fasta
@SQ	SN:chr15	LN:101991189	M5:f036bd11158407596ca6bf3581454706	UR:file:///goast/hemat_data/references/hg38_broad/Homo_sapiens_assembly38.masked.fasta
@SQ	SN:chr16	LN:90338345	M5:c48fec9648eb15180b50fb4e9711e38e	UR:file:///goast/hemat_data/references/hg38_broad/Homo_sapiens_assembly38.masked.fasta
@SQ	SN:chr17	LN:83257441	M5:f9a0fb01553adb183568e3eb9d8626db	UR:file:///goast/hemat_data/references/hg38_broad/Homo_sapiens_assembly38.masked.fasta
@SQ	SN:chr18	LN:80373285	M5:11eeaa801f6b0e2e36a1138616b8ee9a	UR:file:///goast/hemat_data/references/hg38_broad/Homo_sapiens_assembly38.masked.fasta
@SQ	SN:chr19	LN:58617616	M5:85f9f4fc152c58cb7913c06d6b98573a	UR:file:///goast/hemat_data/references/hg38_broad/Homo_sapiens_assembly38.masked.fasta
@SQ	SN:chr20	LN:64444167	M5:b18e6c531b0bd70e949a7fc20859cb01	UR:file:///goast/hemat_data/references/hg38_broad/Homo_sapiens_assembly38.masked.fasta
@SQ	SN:chr21	LN:46709983	M5:1e771e25108d2a54f1b53661a8d5b6fd	UR:file:///goast/hemat_data/references/hg38_broad/Homo_sapiens_assembly38.masked.fasta
@SQ	SN:chr22	LN:50818468	M5:ac37ec46683600f808cdd41eac1d55cd	UR:file:///goast/hemat_data/references/hg38_broad/Homo_sapiens_assembly38.masked.fasta
@SQ	SN:chrX	LN:156040895	M5:3bdb59a85c8bc7e55276f853ab1f24de	UR:file:///goast/hemat_data/references/hg38_broad/Homo_sapiens_assembly38.masked.fasta
@SQ	SN:chrY	LN:57227415	M5:ce3e31103314a704255f3cd90369ecce	UR:file:///goast/hemat_data/references/hg38_broad/Homo_sapiens_assembly38.masked.fasta
@SQ	SN:chrM	LN:16569	M5:c68f52674c9fb33aef52dcf399755519	UR:file:///goast/hemat_data/references/hg38_broad/Homo_sapiens_assembly38.masked.fasta
@SQ	SN:chr1_KI270706v1_random	LN:175055	M5:62def1a794b3e18192863d187af956e6	UR:file:///goast/hemat_data/references/hg38_broad/Homo_sapiens_assembly38.masked.fasta
@SQ	SN:chr1_KI270707v1_random	LN:32032	M5:78135804eb15220565483b7cdd02f3be	UR:file:///goast/hemat_data/references/hg38_broad/Homo_sapiens_assembly38.masked.fasta
@SQ	SN:chr1_KI270708v1_random	LN:127682	M5:1e95e047b98ed92148dd84d6c037158c	UR:file:///goast/hemat_data/references/hg38_broad/Homo_sapiens_assembly38.masked.fasta
@SQ	SN:chr1_KI270709v1_random	LN:66860	M5:4e2db2933ea96aee8dab54af60ecb37d	UR:file:///goast/hemat_data/references/hg38_broad/Homo_sapiens_assembly38.masked.fasta
@SQ	SN:chr1_KI270710v1_random	LN:40176	M5:9949f776680c6214512ee738ac5da289	UR:file:///goast/hemat_data/references/hg38_broad/Homo_sapiens_assembly38.masked.fasta
@SQ	SN:chr1_KI270711v1_random	LN:42210	M5:af383f98cf4492c1f1c4e750c26cbb40	UR:file:///goast/hemat_data/references/hg38_broad/Homo_sapiens_assembly38.masked.fasta
@SQ	SN:chr1_KI270712v1_random	LN:176043	M5:c38a0fecae6a1838a405406f724d6838	UR:file:///goast/hemat_data/references/hg38_broad/Homo_sapiens_assembly38.masked.fasta
@SQ	SN:chr1_KI270713v1_random	LN:40745	M5:cb78d48cc0adbc58822a1c6fe89e3569	UR:file:///goast/hemat_data/references/hg38_broad/Homo_sapiens_assembly38.masked.fasta
@SQ	SN:chr1_KI270714v1_random	LN:41717	M5:42f7a452b8b769d051ad738ee9f00631	UR:file:///goast/hemat_data/references/hg38_broad/Homo_sapiens_assembly38.masked.fasta
@SQ	SN:chr2_KI270715v1_random	LN:161471	M5:b65a8af1d7bbb7f3c77eea85423452bb	UR:file:///goast/hemat_data/references/hg38_broad/Homo_sapiens_assembly38.masked.fasta
@SQ	SN:chr2_KI270716v1_random	LN:153799	M5:2828e63b8edc5e845bf48e75fbad2926	UR:file:///goast/hemat_data/references/hg38_broad/Homo_sapiens_assembly38.masked.fasta
@SQ	SN:chr3_GL000221v1_random	LN:155397	M5:3238fb74ea87ae857f9c7508d315babb	UR:file:///goast/hemat_data/references/hg38_broad/Homo_sapiens_assembly38.masked.fasta
@SQ	SN:chr4_GL000008v2_random	LN:209709	M5:a999388c587908f80406444cebe80ba3	UR:file:///goast/hemat_data/references/hg38_broad/Homo_sapiens_assembly38.masked.fasta
@SQ	SN:chr5_GL000208v1_random	LN:92689	M5:aa81be49bf3fe63a79bdc6a6f279abf6	UR:file:///goast/hemat_data/references/hg38_broad/Homo_sapiens_assembly38.masked.fasta
@SQ	SN:chr9_KI270717v1_random	LN:40062	M5:796773a1ee67c988b4de887addbed9e7	UR:file:///goast/hemat_data/references/hg38_broad/Homo_sapiens_assembly38.masked.fasta
@SQ	SN:chr9_KI270718v1_random	LN:38054	M5:b0c463c8efa8d64442b48e936368dad5	UR:file:///goast/hemat_data/references/hg38_broad/Homo_sapiens_assembly38.masked.fasta
@SQ	SN:chr9_KI270719v1_random	LN:176845	M5:cd5e932cfc4c74d05bb64e2126873a3a	UR:file:///goast/hemat_data/references/hg38_broad/Homo_sapiens_assembly38.masked.fasta
@SQ	SN:chr9_KI270720v1_random	LN:39050	M5:8c2683400a4aeeb40abff96652b9b127	UR:file:///goast/hemat_data/references/hg38_broad/Homo_sapiens_assembly38.masked.fasta
@SQ	SN:chr11_KI270721v1_random	LN:100316	M5:cce743b6fe4726c9dce6c2492313c39f	UR:file:///goast/hemat_data/references/hg38_broad/Homo_sapiens_assembly38.masked.fasta
@SQ	SN:chr14_GL000009v2_random	LN:201709	M5:862f555045546733591ff7ab15bcecbe	UR:file:///goast/hemat_data/references/hg38_broad/Homo_sapiens_assembly38.masked.fasta
@SQ	SN:chr14_GL000225v1_random	LN:211173	M5:63945c3e6962f28ffd469719a747e73c	UR:file:///goast/hemat_data/references/hg38_broad/Homo_sapiens_assembly38.masked.fasta
@SQ	SN:chr14_KI270722v1_random	LN:194050	M5:51f46c9093929e6edc3b4dfd50d803fc	UR:file:///goast/hemat_data/references/hg38_broad/Homo_sapiens_assembly38.masked.fasta
@SQ	SN:chr14_GL000194v1_random	LN:191469	M5:6ac8f815bf8e845bb3031b73f812c012	UR:file:///goast/hemat_data/references/hg38_broad/Homo_sapiens_assembly38.masked.fasta
@SQ	SN:chr14_KI270723v1_random	LN:38115	M5:74a4b480675592095fb0c577c515b5df	UR:file:///goast/hemat_data/references/hg38_broad/Homo_sapiens_assembly38.masked.fasta
@SQ	SN:chr14_KI270724v1_random	LN:39555	M5:c3fcb15dddf45f91ef7d94e2623ce13b	UR:file:///goast/hemat_data/references/hg38_broad/Homo_sapiens_assembly38.masked.fasta
@SQ	SN:chr14_KI270725v1_random	LN:172810	M5:edc6402e58396b90b8738a5e37bf773d	UR:file:///goast/hemat_data/references/hg38_broad/Homo_sapiens_assembly38.masked.fasta
@SQ	SN:chr14_KI270726v1_random	LN:43739	M5:fbe54a3197e2b469ccb2f4b161cfbe86	UR:file:///goast/hemat_data/references/hg38_broad/Homo_sapiens_assembly38.masked.fasta
@SQ	SN:chr15_KI270727v1_random	LN:448248	M5:84fe18a7bf03f3b7fc76cbac8eb583f1	UR:file:///goast/hemat_data/references/hg38_broad/Homo_sapiens_assembly38.masked.fasta
@SQ	SN:chr16_KI270728v1_random	LN:1872759	M5:369ff74cf36683b3066a2ca929d9c40d	UR:file:///goast/hemat_data/references/hg38_broad/Homo_sapiens_assembly38.masked.fasta
@SQ	SN:chr17_GL000205v2_random	LN:185591	M5:458e71cd53dd1df4083dc7983a6c82c4	UR:file:///goast/hemat_data/references/hg38_broad/Homo_sapiens_assembly38.masked.fasta
@SQ	SN:chr17_KI270729v1_random	LN:280839	M5:2756f6ee4f5780acce31e995443508b6	UR:file:///goast/hemat_data/references/hg38_broad/Homo_sapiens_assembly38.masked.fasta
@SQ	SN:chr17_KI270730v1_random	LN:112551	M5:48f98ede8e28a06d241ab2e946c15e07	UR:file:///goast/hemat_data/references/hg38_broad/Homo_sapiens_assembly38.masked.fasta
@SQ	SN:chr22_KI270731v1_random	LN:150754	M5:8176d9a20401e8d9f01b7ca8b51d9c08	UR:file:///goast/hemat_data/references/hg38_broad/Homo_sapiens_assembly38.masked.fasta
@SQ	SN:chr22_KI270732v1_random	LN:41543	M5:d837bab5e416450df6e1038ae6cd0817	UR:file:///goast/hemat_data/references/hg38_broad/Homo_sapiens_assembly38.masked.fasta
@SQ	SN:chr22_KI270733v1_random	LN:179772	M5:f1fa05d48bb0c1f87237a28b66f0be0b	UR:file:///goast/hemat_data/references/hg38_broad/Homo_sapiens_assembly38.masked.fasta
@SQ	SN:chr22_KI270734v1_random	LN:165050	M5:415456ce8afed925ff184ec7f80dd6fa	UR:file:///goast/hemat_data/references/hg38_broad/Homo_sapiens_assembly38.masked.fasta
@SQ	SN:chr22_KI270735v1_random	LN:42811	M5:eb6b07b73dd9a47252098ed3d9fb78b8	UR:file:///goast/hemat_data/references/hg38_broad/Homo_sapiens_assembly38.masked.fasta
@SQ	SN:chr22_KI270736v1_random	LN:181920	M5:2ff189f33cfa52f321accddf648c5616	UR:file:///goast/hemat_data/references/hg38_broad/Homo_sapiens_assembly38.masked.fasta
@SQ	SN:chr22_KI270737v1_random	LN:103838	M5:2ea8bc113a8193d1d700b584b2c5f42a	UR:file:///goast/hemat_data/references/hg38_broad/Homo_sapiens_assembly38.masked.fasta
@SQ	SN:chr22_KI270738v1_random	LN:99375	M5:854ec525c7b6a79e7268f515b6a9877c	UR:file:///goast/hemat_data/references/hg38_broad/Homo_sapiens_assembly38.masked.fasta
@SQ	SN:chr22_KI270739v1_random	LN:73985	M5:760fbd73515fedcc9f37737c4a722d6a	UR:file:///goast/hemat_data/references/hg38_broad/Homo_sapiens_assembly38.masked.fasta
@SQ	SN:chrY_KI270740v1_random	LN:37240	M5:69e42252aead509bf56f1ea6fda91405	UR:file:///goast/hemat_data/references/hg38_broad/Homo_sapiens_assembly38.masked.fasta
@SQ	SN:chrUn_KI270302v1	LN:2274	M5:ee6dff38036f7d03478c70717643196e	UR:file:///goast/hemat_data/references/hg38_broad/Homo_sapiens_assembly38.masked.fasta
@SQ	SN:chrUn_KI270304v1	LN:2165	M5:9423c1b46a48aa6331a77ab5c702ac9d	UR:file:///goast/hemat_data/references/hg38_broad/Homo_sapiens_assembly38.masked.fasta
@SQ	SN:chrUn_KI270303v1	LN:1942	M5:2cb746c78e0faa11e628603a4bc9bd58	UR:file:///goast/hemat_data/references/hg38_broad/Homo_sapiens_assembly38.masked.fasta
@SQ	SN:chrUn_KI270305v1	LN:1472	M5:f9acea3395b6992cf3418b6689b98cf9	UR:file:///goast/hemat_data/references/hg38_broad/Homo_sapiens_assembly38.masked.fasta
@SQ	SN:chrUn_KI270322v1	LN:21476	M5:7d459255d1c54369e3b64e719061a5a5	UR:file:///goast/hemat_data/references/hg38_broad/Homo_sapiens_assembly38.masked.fasta
@SQ	SN:chrUn_KI270320v1	LN:4416	M5:d898b9c5a0118e76481bf5695272959e	UR:file:///goast/hemat_data/references/hg38_broad/Homo_sapiens_assembly38.masked.fasta
@SQ	SN:chrUn_KI270310v1	LN:1201	M5:af6cb123af7007793bac06485a2a20e9	UR:file:///goast/hemat_data/references/hg38_broad/Homo_sapiens_assembly38.masked.fasta
@SQ	SN:chrUn_KI270316v1	LN:1444	M5:6adde7a9fe7bd6918f12d0f0924aa8ba	UR:file:///goast/hemat_data/references/hg38_broad/Homo_sapiens_assembly38.masked.fasta
@SQ	SN:chrUn_KI270315v1	LN:2276	M5:ecc43e822dc011fae1fcfd9981c46e9c	UR:file:///goast/hemat_data/references/hg38_broad/Homo_sapiens_assembly38.masked.fasta
@SQ	SN:chrUn_KI270312v1	LN:998	M5:26499f2fe4c65621fd8f4ecafbad31d7	UR:file:///goast/hemat_data/references/hg38_broad/Homo_sapiens_assembly38.masked.fasta
@SQ	SN:chrUn_KI270311v1	LN:12399	M5:59594f9012d8ce21ed5d1119c051a2ba	UR:file:///goast/hemat_data/references/hg38_broad/Homo_sapiens_assembly38.masked.fasta
@SQ	SN:chrUn_KI270317v1	LN:37690	M5:cd4b1fda800f6ec9ea8001994dbf6499	UR:file:///goast/hemat_data/references/hg38_broad/Homo_sapiens_assembly38.masked.fasta
@SQ	SN:chrUn_KI270412v1	LN:1179	M5:7bb9612f733fb7f098be79499d46350c	UR:file:///goast/hemat_data/references/hg38_broad/Homo_sapiens_assembly38.masked.fasta
@SQ	SN:chrUn_KI270411v1	LN:2646	M5:fc240322d91d43c04f349cc58fda3eca	UR:file:///goast/hemat_data/references/hg38_broad/Homo_sapiens_assembly38.masked.fasta
@SQ	SN:chrUn_KI270414v1	LN:2489	M5:753e02ef3b1c590e0e3376ad2ebb5836	UR:file:///goast/hemat_data/references/hg38_broad/Homo_sapiens_assembly38.masked.fasta
@SQ	SN:chrUn_KI270419v1	LN:1029	M5:58455e7a788f0dc82034d1fb109f6f5c	UR:file:///goast/hemat_data/references/hg38_broad/Homo_sapiens_assembly38.masked.fasta
@SQ	SN:chrUn_KI270418v1	LN:2145	M5:1537ec12b9c58d137a2d4cb9db896bbc	UR:file:///goast/hemat_data/references/hg38_broad/Homo_sapiens_assembly38.masked.fasta
@SQ	SN:chrUn_KI270420v1	LN:2321	M5:bac954a897539c91982a7e3985a49910	UR:file:///goast/hemat_data/references/hg38_broad/Homo_sapiens_assembly38.masked.fasta
@SQ	SN:chrUn_KI270424v1	LN:2140	M5:747c8f94f34d5de4ad289bc604708210	UR:file:///goast/hemat_data/references/hg38_broad/Homo_sapiens_assembly38.masked.fasta
@SQ	SN:chrUn_KI270417v1	LN:2043	M5:cd26758fda713f9c96e51d541f50c2d0	UR:file:///goast/hemat_data/references/hg38_broad/Homo_sapiens_assembly38.masked.fasta
@SQ	SN:chrUn_KI270422v1	LN:1445	M5:3fce80eb4c0554376b591699031feb56	UR:file:///goast/hemat_data/references/hg38_broad/Homo_sapiens_assembly38.masked.fasta
@SQ	SN:chrUn_KI270423v1	LN:981	M5:bdf5a85c001731dccfb150db2bfe58ac	UR:file:///goast/hemat_data/references/hg38_broad/Homo_sapiens_assembly38.masked.fasta
@SQ	SN:chrUn_KI270425v1	LN:1884	M5:665a46879bbb48294b0cfa87b61e71f6	UR:file:///goast/hemat_data/references/hg38_broad/Homo_sapiens_assembly38.masked.fasta
@SQ	SN:chrUn_KI270429v1	LN:1361	M5:ee8962dbef9396884f649e566b78bf06	UR:file:///goast/hemat_data/references/hg38_broad/Homo_sapiens_assembly38.masked.fasta
@SQ	SN:chrUn_KI270442v1	LN:392061	M5:796289c4cda40e358991f9e672490015	UR:file:///goast/hemat_data/references/hg38_broad/Homo_sapiens_assembly38.masked.fasta
@SQ	SN:chrUn_KI270466v1	LN:1233	M5:530b7033716a5d72dd544213c513fd12	UR:file:///goast/hemat_data/references/hg38_broad/Homo_sapiens_assembly38.masked.fasta
@SQ	SN:chrUn_KI270465v1	LN:1774	M5:bb1b2323414425c46531b3c3d22ae00d	UR:file:///goast/hemat_data/references/hg38_broad/Homo_sapiens_assembly38.masked.fasta
@SQ	SN:chrUn_KI270467v1	LN:3920	M5:db34e0dc109a4afd499b5ec6aaae9754	UR:file:///goast/hemat_data/references/hg38_broad/Homo_sapiens_assembly38.masked.fasta
@SQ	SN:chrUn_KI270435v1	LN:92983	M5:1655c75415b9c29e143a815f44286d05	UR:file:///goast/hemat_data/references/hg38_broad/Homo_sapiens_assembly38.masked.fasta
@SQ	SN:chrUn_KI270438v1	LN:112505	M5:e765271939b854dd6826aa764e930c87	UR:file:///goast/hemat_data/references/hg38_broad/Homo_sapiens_assembly38.masked.fasta
@SQ	SN:chrUn_KI270468v1	LN:4055	M5:0a603090f06108ed7aff75df0767b822	UR:file:///goast/hemat_data/references/hg38_broad/Homo_sapiens_assembly38.masked.fasta
@SQ	SN:chrUn_KI270510v1	LN:2415	M5:cd7348b3b5d9d0dfef6aed2af75ce920	UR:file:///goast/hemat_data/references/hg38_broad/Homo_sapiens_assembly38.masked.fasta
@SQ	SN:chrUn_KI270509v1	LN:2318	M5:1cdeb8c823d839e1d1735b5bc9a14856	UR:file:///goast/hemat_data/references/hg38_broad/Homo_sapiens_assembly38.masked.fasta
@SQ	SN:chrUn_KI270518v1	LN:2186	M5:3fd898b62ca859f50fb8b83e7706352b	UR:file:///goast/hemat_data/references/hg38_broad/Homo_sapiens_assembly38.masked.fasta
@SQ	SN:chrUn_KI270508v1	LN:1951	M5:7d42a358d472b9cbdfdf30c8742473d0	UR:file:///goast/hemat_data/references/hg38_broad/Homo_sapiens_assembly38.masked.fasta
@SQ	SN:chrUn_KI270516v1	LN:1300	M5:1cbaaafbbf016906a5bf5886f5a0ecb7	UR:file:///goast/hemat_data/references/hg38_broad/Homo_sapiens_assembly38.masked.fasta
@SQ	SN:chrUn_KI270512v1	LN:22689	M5:ba1021c82d1230af856f59079e2f71b4	UR:file:///goast/hemat_data/references/hg38_broad/Homo_sapiens_assembly38.masked.fasta
@SQ	SN:chrUn_KI270519v1	LN:138126	M5:8d754e9c9afd904fba0a2cd577fcc9a1	UR:file:///goast/hemat_data/references/hg38_broad/Homo_sapiens_assembly38.masked.fasta
@SQ	SN:chrUn_KI270522v1	LN:5674	M5:070b4678e22501029c2e3297115216bc	UR:file:///goast/hemat_data/references/hg38_broad/Homo_sapiens_assembly38.masked.fasta
@SQ	SN:chrUn_KI270511v1	LN:8127	M5:907ca34a4a2a6673632ebaf513a4c1a4	UR:file:///goast/hemat_data/references/hg38_broad/Homo_sapiens_assembly38.masked.fasta
@SQ	SN:chrUn_KI270515v1	LN:6361	M5:dd7527ee8e0bdb0a43ca0b2a5456c8c3	UR:file:///goast/hemat_data/references/hg38_broad/Homo_sapiens_assembly38.masked.fasta
@SQ	SN:chrUn_KI270507v1	LN:5353	M5:311894d0a815eb07c5cac49da851cb4a	UR:file:///goast/hemat_data/references/hg38_broad/Homo_sapiens_assembly38.masked.fasta
@SQ	SN:chrUn_KI270517v1	LN:3253	M5:913440c38d95c618617ca69bb9296170	UR:file:///goast/hemat_data/references/hg38_broad/Homo_sapiens_assembly38.masked.fasta
@SQ	SN:chrUn_KI270529v1	LN:1899	M5:4caf890f2586daab8e4b2e2db904f05f	UR:file:///goast/hemat_data/references/hg38_broad/Homo_sapiens_assembly38.masked.fasta
@SQ	SN:chrUn_KI270528v1	LN:2983	M5:d75c9235f0b8c449fc4352997c56b086	UR:file:///goast/hemat_data/references/hg38_broad/Homo_sapiens_assembly38.masked.fasta
@SQ	SN:chrUn_KI270530v1	LN:2168	M5:04549369e1197c626669a10164613635	UR:file:///goast/hemat_data/references/hg38_broad/Homo_sapiens_assembly38.masked.fasta
@SQ	SN:chrUn_KI270539v1	LN:993	M5:19e3a982e67eafef39c5a3e4163f1e17	UR:file:///goast/hemat_data/references/hg38_broad/Homo_sapiens_assembly38.masked.fasta
@SQ	SN:chrUn_KI270538v1	LN:91309	M5:d60b72221cc7af871f2c757577e4c92a	UR:file:///goast/hemat_data/references/hg38_broad/Homo_sapiens_assembly38.masked.fasta
@SQ	SN:chrUn_KI270544v1	LN:1202	M5:e62a14b14467cdf48b5a236c66918f0f	UR:file:///goast/hemat_data/references/hg38_broad/Homo_sapiens_assembly38.masked.fasta
@SQ	SN:chrUn_KI270548v1	LN:1599	M5:866b0db8e9cf66208c2c064bd09ce0a2	UR:file:///goast/hemat_data/references/hg38_broad/Homo_sapiens_assembly38.masked.fasta
@SQ	SN:chrUn_KI270583v1	LN:1400	M5:b127e2e6dbe358ff192b271b8c6ee690	UR:file:///goast/hemat_data/references/hg38_broad/Homo_sapiens_assembly38.masked.fasta
@SQ	SN:chrUn_KI270587v1	LN:2969	M5:36be47659719f47b95caa51744aa8f70	UR:file:///goast/hemat_data/references/hg38_broad/Homo_sapiens_assembly38.masked.fasta
@SQ	SN:chrUn_KI270580v1	LN:1553	M5:1df30dae0f605811d927dcea58e729fc	UR:file:///goast/hemat_data/references/hg38_broad/Homo_sapiens_assembly38.masked.fasta
@SQ	SN:chrUn_KI270581v1	LN:7046	M5:9f26945f9f9b3f865c9ebe953cbbc1a9	UR:file:///goast/hemat_data/references/hg38_broad/Homo_sapiens_assembly38.masked.fasta
@SQ	SN:chrUn_KI270579v1	LN:31033	M5:fe62fb1964002717cc1b034630e89b1f	UR:file:///goast/hemat_data/references/hg38_broad/Homo_sapiens_assembly38.masked.fasta
@SQ	SN:chrUn_KI270589v1	LN:44474	M5:211c215414693fe0a2399cf82e707e03	UR:file:///goast/hemat_data/references/hg38_broad/Homo_sapiens_assembly38.masked.fasta
@SQ	SN:chrUn_KI270590v1	LN:4685	M5:e8a57f147561b361091791b9010cd28b	UR:file:///goast/hemat_data/references/hg38_broad/Homo_sapiens_assembly38.masked.fasta
@SQ	SN:chrUn_KI270584v1	LN:4513	M5:d93636c9d54abd013cfc0d4c01334032	UR:file:///goast/hemat_data/references/hg38_broad/Homo_sapiens_assembly38.masked.fasta
@SQ	SN:chrUn_KI270582v1	LN:6504	M5:6fd9804a7478d2e28160fe9f017689cb	UR:file:///goast/hemat_data/references/hg38_broad/Homo_sapiens_assembly38.masked.fasta
@SQ	SN:chrUn_KI270588v1	LN:6158	M5:37ffa850e69b342a8f8979bd3ffc77d4	UR:file:///goast/hemat_data/references/hg38_broad/Homo_sapiens_assembly38.masked.fasta
@SQ	SN:chrUn_KI270593v1	LN:3041	M5:f4a5bfa203e9e81acb640b18fb11e78e	UR:file:///goast/hemat_data/references/hg38_broad/Homo_sapiens_assembly38.masked.fasta
@SQ	SN:chrUn_KI270591v1	LN:5796	M5:d6af509d69835c9ac25a30086e5a4051	UR:file:///goast/hemat_data/references/hg38_broad/Homo_sapiens_assembly38.masked.fasta
@SQ	SN:chrUn_KI270330v1	LN:1652	M5:c2c590706a339007b00c59e0b8937e78	UR:file:///goast/hemat_data/references/hg38_broad/Homo_sapiens_assembly38.masked.fasta
@SQ	SN:chrUn_KI270329v1	LN:1040	M5:f023f927ae84c5cc48dc4dce11ba90f2	UR:file:///goast/hemat_data/references/hg38_broad/Homo_sapiens_assembly38.masked.fasta
@SQ	SN:chrUn_KI270334v1	LN:1368	M5:53afe12d1371f250a3d1de655345d374	UR:file:///goast/hemat_data/references/hg38_broad/Homo_sapiens_assembly38.masked.fasta
@SQ	SN:chrUn_KI270333v1	LN:2699	M5:57baf650c47bba9b3a8b7c6d0fb55ad6	UR:file:///goast/hemat_data/references/hg38_broad/Homo_sapiens_assembly38.masked.fasta
@SQ	SN:chrUn_KI270335v1	LN:1048	M5:eb27188639503b524d2659a23b8262ea	UR:file:///goast/hemat_data/references/hg38_broad/Homo_sapiens_assembly38.masked.fasta
@SQ	SN:chrUn_KI270338v1	LN:1428	M5:301ef75a6b2996d745eb3464bd352b57	UR:file:///goast/hemat_data/references/hg38_broad/Homo_sapiens_assembly38.masked.fasta
@SQ	SN:chrUn_KI270340v1	LN:1428	M5:56b462bac20d385cdfcde0155fe4c3a1	UR:file:///goast/hemat_data/references/hg38_broad/Homo_sapiens_assembly38.masked.fasta
@SQ	SN:chrUn_KI270336v1	LN:1026	M5:69ad2d85d870c8b0269434581e86e30e	UR:file:///goast/hemat_data/references/hg38_broad/Homo_sapiens_assembly38.masked.fasta
@SQ	SN:chrUn_KI270337v1	LN:1121	M5:16fc8d71a2662a6cfec7bdeec3d810c6	UR:file:///goast/hemat_data/references/hg38_broad/Homo_sapiens_assembly38.masked.fasta
@SQ	SN:chrUn_KI270363v1	LN:1803	M5:6edd17a912f391022edbc192d49f2489	UR:file:///goast/hemat_data/references/hg38_broad/Homo_sapiens_assembly38.masked.fasta
@SQ	SN:chrUn_KI270364v1	LN:2855	M5:6ff66a8e589ca27d93b5bac0e5b13a87	UR:file:///goast/hemat_data/references/hg38_broad/Homo_sapiens_assembly38.masked.fasta
@SQ	SN:chrUn_KI270362v1	LN:3530	M5:bc82401ffd9a5ae711fa0ea34da8d2f0	UR:file:///goast/hemat_data/references/hg38_broad/Homo_sapiens_assembly38.masked.fasta
@SQ	SN:chrUn_KI270366v1	LN:8320	M5:44a0b65b7ba6bcff37eca202e7d966ea	UR:file:///goast/hemat_data/references/hg38_broad/Homo_sapiens_assembly38.masked.fasta
@SQ	SN:chrUn_KI270378v1	LN:1048	M5:fc13bda7dbd914c92fb7e49489d1350f	UR:file:///goast/hemat_data/references/hg38_broad/Homo_sapiens_assembly38.masked.fasta
@SQ	SN:chrUn_KI270379v1	LN:1045	M5:3218bef25946cd95de585dfc7750f63b	UR:file:///goast/hemat_data/references/hg38_broad/Homo_sapiens_assembly38.masked.fasta
@SQ	SN:chrUn_KI270389v1	LN:1298	M5:2c9b08c57c27e714d4d5259fd91b6983	UR:file:///goast/hemat_data/references/hg38_broad/Homo_sapiens_assembly38.masked.fasta
@SQ	SN:chrUn_KI270390v1	LN:2387	M5:7a64d89ea14990c16d20f4d6e7283e10	UR:file:///goast/hemat_data/references/hg38_broad/Homo_sapiens_assembly38.masked.fasta
@SQ	SN:chrUn_KI270387v1	LN:1537	M5:22a12462264340c25e912b8485cdfa91	UR:file:///goast/hemat_data/references/hg38_broad/Homo_sapiens_assembly38.masked.fasta
@SQ	SN:chrUn_KI270395v1	LN:1143	M5:7c03ca4756c1620f318fb189214388d8	UR:file:///goast/hemat_data/references/hg38_broad/Homo_sapiens_assembly38.masked.fasta
@SQ	SN:chrUn_KI270396v1	LN:1880	M5:9069bed3c2efe7cc87227d619ad5816f	UR:file:///goast/hemat_data/references/hg38_broad/Homo_sapiens_assembly38.masked.fasta
@SQ	SN:chrUn_KI270388v1	LN:1216	M5:76f9f3315fa4b831e93c36cd88196480	UR:file:///goast/hemat_data/references/hg38_broad/Homo_sapiens_assembly38.masked.fasta
@SQ	SN:chrUn_KI270394v1	LN:970	M5:d5171e863a3d8f832f0559235987b1e5	UR:file:///goast/hemat_data/references/hg38_broad/Homo_sapiens_assembly38.masked.fasta
@SQ	SN:chrUn_KI270386v1	LN:1788	M5:b9b1baaa7abf206f6b70cf31654172db	UR:file:///goast/hemat_data/references/hg38_broad/Homo_sapiens_assembly38.masked.fasta
@SQ	SN:chrUn_KI270391v1	LN:1484	M5:1fa5cf03b3eac0f1b4a64948fd09de53	UR:file:///goast/hemat_data/references/hg38_broad/Homo_sapiens_assembly38.masked.fasta
@SQ	SN:chrUn_KI270383v1	LN:1750	M5:694d75683e4a9554bcc1291edbcaee43	UR:file:///goast/hemat_data/references/hg38_broad/Homo_sapiens_assembly38.masked.fasta
@SQ	SN:chrUn_KI270393v1	LN:1308	M5:3724e1d70677d6b5c4bcf17fd40da111	UR:file:///goast/hemat_data/references/hg38_broad/Homo_sapiens_assembly38.masked.fasta
@SQ	SN:chrUn_KI270384v1	LN:1658	M5:b06e44ea15d0a57618d6ca7d2e6ac5d2	UR:file:///goast/hemat_data/references/hg38_broad/Homo_sapiens_assembly38.masked.fasta
@SQ	SN:chrUn_KI270392v1	LN:971	M5:59b3ca8de65fb171683f8a06d3b4bf0d	UR:file:///goast/hemat_data/references/hg38_broad/Homo_sapiens_assembly38.masked.fasta
@SQ	SN:chrUn_KI270381v1	LN:1930	M5:2a9297cfd3b3807195ab9ad07e775d99	UR:file:///goast/hemat_data/references/hg38_broad/Homo_sapiens_assembly38.masked.fasta
@SQ	SN:chrUn_KI270385v1	LN:990	M5:112a8b1df94ef0498a0bfe2d2ea5cc23	UR:file:///goast/hemat_data/references/hg38_broad/Homo_sapiens_assembly38.masked.fasta
@SQ	SN:chrUn_KI270382v1	LN:4215	M5:e7085cdcee6ad62f359744e13d3209fc	UR:file:///goast/hemat_data/references/hg38_broad/Homo_sapiens_assembly38.masked.fasta
@SQ	SN:chrUn_KI270376v1	LN:1136	M5:59e8fc80b78d62325082334b43dffdba	UR:file:///goast/hemat_data/references/hg38_broad/Homo_sapiens_assembly38.masked.fasta
@SQ	SN:chrUn_KI270374v1	LN:2656	M5:dbc92c9a92e558946e58b4909ec95dd5	UR:file:///goast/hemat_data/references/hg38_broad/Homo_sapiens_assembly38.masked.fasta
@SQ	SN:chrUn_KI270372v1	LN:1650	M5:53a9d5e8fd28bce5da5efcfd9114dbf2	UR:file:///goast/hemat_data/references/hg38_broad/Homo_sapiens_assembly38.masked.fasta
@SQ	SN:chrUn_KI270373v1	LN:1451	M5:b174fe53be245a840cd6324e39b88ced	UR:file:///goast/hemat_data/references/hg38_broad/Homo_sapiens_assembly38.masked.fasta
@SQ	SN:chrUn_KI270375v1	LN:2378	M5:d678250c97e9b94aa390fa46e70a6d83	UR:file:///goast/hemat_data/references/hg38_broad/Homo_sapiens_assembly38.masked.fasta
@SQ	SN:chrUn_KI270371v1	LN:2805	M5:a0af3d778dfeb7963e8e6d84c0c54fba	UR:file:///goast/hemat_data/references/hg38_broad/Homo_sapiens_assembly38.masked.fasta
@SQ	SN:chrUn_KI270448v1	LN:7992	M5:0f40827c265cb813b6e723da6c9b926b	UR:file:///goast/hemat_data/references/hg38_broad/Homo_sapiens_assembly38.masked.fasta
@SQ	SN:chrUn_KI270521v1	LN:7642	M5:af5bef7cefec7bd7efa729ac6c5be088	UR:file:///goast/hemat_data/references/hg38_broad/Homo_sapiens_assembly38.masked.fasta
@SQ	SN:chrUn_GL000195v1	LN:182896	M5:5d9ec007868d517e73543b005ba48535	UR:file:///goast/hemat_data/references/hg38_broad/Homo_sapiens_assembly38.masked.fasta
@SQ	SN:chrUn_GL000219v1	LN:179198	M5:f977edd13bac459cb2ed4a5457dba1b3	UR:file:///goast/hemat_data/references/hg38_broad/Homo_sapiens_assembly38.masked.fasta
@SQ	SN:chrUn_GL000220v1	LN:161802	M5:fc35de963c57bf7648429e6454f1c9db	UR:file:///goast/hemat_data/references/hg38_broad/Homo_sapiens_assembly38.masked.fasta
@SQ	SN:chrUn_GL000224v1	LN:179693	M5:d5b2fc04f6b41b212a4198a07f450e20	UR:file:///goast/hemat_data/references/hg38_broad/Homo_sapiens_assembly38.masked.fasta
@SQ	SN:chrUn_KI270741v1	LN:157432	M5:86eaea8a15a3950e37442eaaa5c9dc92	UR:file:///goast/hemat_data/references/hg38_broad/Homo_sapiens_assembly38.masked.fasta
@SQ	SN:chrUn_GL000226v1	LN:15008	M5:1c1b2cd1fccbc0a99b6a447fa24d1504	UR:file:///goast/hemat_data/references/hg38_broad/Homo_sapiens_assembly38.masked.fasta
@SQ	SN:chrUn_GL000213v1	LN:164239	M5:9d424fdcc98866650b58f004080a992a	UR:file:///goast/hemat_data/references/hg38_broad/Homo_sapiens_assembly38.masked.fasta
@SQ	SN:chrUn_KI270743v1	LN:210658	M5:3b62d9d3100f530d509e4efebd98502c	UR:file:///goast/hemat_data/references/hg38_broad/Homo_sapiens_assembly38.masked.fasta
@SQ	SN:chrUn_KI270744v1	LN:168472	M5:e90aee46b947ff8c32291a6843fde3f9	UR:file:///goast/hemat_data/references/hg38_broad/Homo_sapiens_assembly38.masked.fasta
@SQ	SN:chrUn_KI270745v1	LN:41891	M5:1386fe3de6f82956f2124e19353ff9c1	UR:file:///goast/hemat_data/references/hg38_broad/Homo_sapiens_assembly38.masked.fasta
@SQ	SN:chrUn_KI270746v1	LN:66486	M5:c470486a0a858e14aa21d7866f83cc17	UR:file:///goast/hemat_data/references/hg38_broad/Homo_sapiens_assembly38.masked.fasta
@SQ	SN:chrUn_KI270747v1	LN:198735	M5:62375d812ece679c9fd2f3d08d4e22a4	UR:file:///goast/hemat_data/references/hg38_broad/Homo_sapiens_assembly38.masked.fasta
@SQ	SN:chrUn_KI270748v1	LN:93321	M5:4f6c6ab005c852a4352aa33e7cc88ded	UR:file:///goast/hemat_data/references/hg38_broad/Homo_sapiens_assembly38.masked.fasta
@SQ	SN:chrUn_KI270749v1	LN:158759	M5:c899a7b4e911d371283f3f4058ca08b7	UR:file:///goast/hemat_data/references/hg38_broad/Homo_sapiens_assembly38.masked.fasta
@SQ	SN:chrUn_KI270750v1	LN:148850	M5:c022ba92f244b7dc54ea90c4eef4d554	UR:file:///goast/hemat_data/references/hg38_broad/Homo_sapiens_assembly38.masked.fasta
@SQ	SN:chrUn_KI270751v1	LN:150742	M5:1b758bbdee0e9ca882058d916cba9d29	UR:file:///goast/hemat_data/references/hg38_broad/Homo_sapiens_assembly38.masked.fasta
@SQ	SN:chrUn_KI270752v1	LN:27745	M5:8aaae25fc69f282d6eb592fcb6035c87	UR:file:///goast/hemat_data/references/hg38_broad/Homo_sapiens_assembly38.masked.fasta
@SQ	SN:chrUn_KI270753v1	LN:62944	M5:25075fb2a1ecada67c0eb2f1fe0c7ec9	UR:file:///goast/hemat_data/references/hg38_broad/Homo_sapiens_assembly38.masked.fasta
@SQ	SN:chrUn_KI270754v1	LN:40191	M5:fe9e16233cecbc244f06f3acff3d03b8	UR:file:///goast/hemat_data/references/hg38_broad/Homo_sapiens_assembly38.masked.fasta
@SQ	SN:chrUn_KI270755v1	LN:36723	M5:4a7da6a658955bd787af8add3ccb5751	UR:file:///goast/hemat_data/references/hg38_broad/Homo_sapiens_assembly38.masked.fasta
@SQ	SN:chrUn_KI270756v1	LN:79590	M5:2996b120a5a5e15dab6555f0bf92e374	UR:file:///goast/hemat_data/references/hg38_broad/Homo_sapiens_assembly38.masked.fasta
@SQ	SN:chrUn_KI270757v1	LN:71251	M5:174c73b60b41d8a1ef0fbaa4b3bdf0d3	UR:file:///goast/hemat_data/references/hg38_broad/Homo_sapiens_assembly38.masked.fasta
@SQ	SN:chrUn_GL000214v1	LN:137718	M5:46c2032c37f2ed899eb41c0473319a69	UR:file:///goast/hemat_data/references/hg38_broad/Homo_sapiens_assembly38.masked.fasta
@SQ	SN:chrUn_KI270742v1	LN:186739	M5:2f31c013a4a8301deb8ab7ed1ca1cd99	UR:file:///goast/hemat_data/references/hg38_broad/Homo_sapiens_assembly38.masked.fasta
@SQ	SN:chrUn_GL000216v2	LN:176608	M5:725009a7e3f5b78752b68afa922c090c	UR:file:///goast/hemat_data/references/hg38_broad/Homo_sapiens_assembly38.masked.fasta
@SQ	SN:chrUn_GL000218v1	LN:161147	M5:1d708b54644c26c7e01c2dad5426d38c	UR:file:///goast/hemat_data/references/hg38_broad/Homo_sapiens_assembly38.masked.fasta
@SQ	SN:chr1_KI270762v1_alt	LN:354444	M5:b0397179e5a92bb7a3300b68e45a9f72	UR:file:///goast/hemat_data/references/hg38_broad/Homo_sapiens_assembly38.masked.fasta
@SQ	SN:chr1_KI270766v1_alt	LN:256271	M5:e3f36479d0e07abbd0d47babdc76e19d	UR:file:///goast/hemat_data/references/hg38_broad/Homo_sapiens_assembly38.masked.fasta
@SQ	SN:chr1_KI270760v1_alt	LN:109528	M5:f2ea4b127c54df13f53a2b2b5a358087	UR:file:///goast/hemat_data/references/hg38_broad/Homo_sapiens_assembly38.masked.fasta
@SQ	SN:chr1_KI270765v1_alt	LN:185285	M5:628b663499df4f5de7dbdd56943bdb6e	UR:file:///goast/hemat_data/references/hg38_broad/Homo_sapiens_assembly38.masked.fasta
@SQ	SN:chr1_GL383518v1_alt	LN:182439	M5:978987018f1a910273ebcc387e038de8	UR:file:///goast/hemat_data/references/hg38_broad/Homo_sapiens_assembly38.masked.fasta
@SQ	SN:chr1_GL383519v1_alt	LN:110268	M5:349e96f115f829409bd1087b5fb684ca	UR:file:///goast/hemat_data/references/hg38_broad/Homo_sapiens_assembly38.masked.fasta
@SQ	SN:chr1_GL383520v2_alt	LN:366580	M5:52e97087cc76c9fd73d4815c1e379ee0	UR:file:///goast/hemat_data/references/hg38_broad/Homo_sapiens_assembly38.masked.fasta
@SQ	SN:chr1_KI270764v1_alt	LN:50258	M5:36d9e8a04906213f8c1d4cf81fc4f83f	UR:file:///goast/hemat_data/references/hg38_broad/Homo_sapiens_assembly38.masked.fasta
@SQ	SN:chr1_KI270763v1_alt	LN:911658	M5:2f651e42b9fd434c2310be375fe8645e	UR:file:///goast/hemat_data/references/hg38_broad/Homo_sapiens_assembly38.masked.fasta
@SQ	SN:chr1_KI270759v1_alt	LN:425601	M5:8477794d60329af9bd00cd9277981a59	UR:file:///goast/hemat_data/references/hg38_broad/Homo_sapiens_assembly38.masked.fasta
@SQ	SN:chr1_KI270761v1_alt	LN:165834	M5:3909a76846aa6ed534ba6be66a60cc81	UR:file:///goast/hemat_data/references/hg38_broad/Homo_sapiens_assembly38.masked.fasta
@SQ	SN:chr2_KI270770v1_alt	LN:136240	M5:38181b04426519779c84cf9a8927cf00	UR:file:///goast/hemat_data/references/hg38_broad/Homo_sapiens_assembly38.masked.fasta
@SQ	SN:chr2_KI270773v1_alt	LN:70887	M5:aa8b8ec2dd7776e643699db29ac85d74	UR:file:///goast/hemat_data/references/hg38_broad/Homo_sapiens_assembly38.masked.fasta
@SQ	SN:chr2_KI270774v1_alt	LN:223625	M5:a6d8be44258a4b8e3b55ffaccbd3b444	UR:file:///goast/hemat_data/references/hg38_broad/Homo_sapiens_assembly38.masked.fasta
@SQ	SN:chr2_KI270769v1_alt	LN:120616	M5:537f266cfc0ba05dfb532658fb592eb0	UR:file:///goast/hemat_data/references/hg38_broad/Homo_sapiens_assembly38.masked.fasta
@SQ	SN:chr2_GL383521v1_alt	LN:143390	M5:8c6f0a214ddbfbd52be574a566e4b21a	UR:file:///goast/hemat_data/references/hg38_broad/Homo_sapiens_assembly38.masked.fasta
@SQ	SN:chr2_KI270772v1_alt	LN:133041	M5:7cc5209d7e796e90bd024204c04a9b7f	UR:file:///goast/hemat_data/references/hg38_broad/Homo_sapiens_assembly38.masked.fasta
@SQ	SN:chr2_KI270775v1_alt	LN:138019	M5:79c3c0ad56276d3eff8cb747b57973a3	UR:file:///goast/hemat_data/references/hg38_broad/Homo_sapiens_assembly38.masked.fasta
@SQ	SN:chr2_KI270771v1_alt	LN:110395	M5:3739c7d552cfc62c495704f4f2d61330	UR:file:///goast/hemat_data/references/hg38_broad/Homo_sapiens_assembly38.masked.fasta
@SQ	SN:chr2_KI270768v1_alt	LN:110099	M5:5f6d54708a2fd0e4592319c2c91850a7	UR:file:///goast/hemat_data/references/hg38_broad/Homo_sapiens_assembly38.masked.fasta
@SQ	SN:chr2_GL582966v2_alt	LN:96131	M5:485c442c93fe19514153702f0c84d952	UR:file:///goast/hemat_data/references/hg38_broad/Homo_sapiens_assembly38.masked.fasta
@SQ	SN:chr2_GL383522v1_alt	LN:123821	M5:df3e809f9a87f792218db18db51f6ad4	UR:file:///goast/hemat_data/references/hg38_broad/Homo_sapiens_assembly38.masked.fasta
@SQ	SN:chr2_KI270776v1_alt	LN:174166	M5:87fe3336a33a4aa9c04ff7991aa78a11	UR:file:///goast/hemat_data/references/hg38_broad/Homo_sapiens_assembly38.masked.fasta
@SQ	SN:chr2_KI270767v1_alt	LN:161578	M5:160c7bb94aa35c1d61c27aadf1727862	UR:file:///goast/hemat_data/references/hg38_broad/Homo_sapiens_assembly38.masked.fasta
@SQ	SN:chr3_JH636055v2_alt	LN:173151	M5:42f48ed9d46aded55795ef64e4713d55	UR:file:///goast/hemat_data/references/hg38_broad/Homo_sapiens_assembly38.masked.fasta
@SQ	SN:chr3_KI270783v1_alt	LN:109187	M5:3a60aafd707904d4da9c1c090a7cf0ef	UR:file:///goast/hemat_data/references/hg38_broad/Homo_sapiens_assembly38.masked.fasta
@SQ	SN:chr3_KI270780v1_alt	LN:224108	M5:2c050e6aeecf29b54469dea8c5631057	UR:file:///goast/hemat_data/references/hg38_broad/Homo_sapiens_assembly38.masked.fasta
@SQ	SN:chr3_GL383526v1_alt	LN:180671	M5:620913159e2fbd4e931ac120e3c584c9	UR:file:///goast/hemat_data/references/hg38_broad/Homo_sapiens_assembly38.masked.fasta
@SQ	SN:chr3_KI270777v1_alt	LN:173649	M5:9673b29322cf16da2d295778229c1772	UR:file:///goast/hemat_data/references/hg38_broad/Homo_sapiens_assembly38.masked.fasta
@SQ	SN:chr3_KI270778v1_alt	LN:248252	M5:f0053d7b401730af8c34cd7d20dd0a91	UR:file:///goast/hemat_data/references/hg38_broad/Homo_sapiens_assembly38.masked.fasta
@SQ	SN:chr3_KI270781v1_alt	LN:113034	M5:c94ff451868540e0399bf62acb24e1dd	UR:file:///goast/hemat_data/references/hg38_broad/Homo_sapiens_assembly38.masked.fasta
@SQ	SN:chr3_KI270779v1_alt	LN:205312	M5:3eec883e9656d4c4d96ea1e6d3c118ca	UR:file:///goast/hemat_data/references/hg38_broad/Homo_sapiens_assembly38.masked.fasta
@SQ	SN:chr3_KI270782v1_alt	LN:162429	M5:ceaa7d4ca7d4b80ba9a8d9e48223de2a	UR:file:///goast/hemat_data/references/hg38_broad/Homo_sapiens_assembly38.masked.fasta
@SQ	SN:chr3_KI270784v1_alt	LN:184404	M5:35980922a4773cefc710c08134d16772	UR:file:///goast/hemat_data/references/hg38_broad/Homo_sapiens_assembly38.masked.fasta
@SQ	SN:chr4_KI270790v1_alt	LN:220246	M5:07cf7caef89c4677af575c370a1ebbb0	UR:file:///goast/hemat_data/references/hg38_broad/Homo_sapiens_assembly38.masked.fasta
@SQ	SN:chr4_GL383528v1_alt	LN:376187	M5:2948653361f974fbed3e26a4dfbf332c	UR:file:///goast/hemat_data/references/hg38_broad/Homo_sapiens_assembly38.masked.fasta
@SQ	SN:chr4_KI270787v1_alt	LN:111943	M5:e315d4f96ad548f1af1935d97f2af9df	UR:file:///goast/hemat_data/references/hg38_broad/Homo_sapiens_assembly38.masked.fasta
@SQ	SN:chr4_GL000257v2_alt	LN:586476	M5:03c6c36060cd6c9f9b4fd0b096ff40e2	UR:file:///goast/hemat_data/references/hg38_broad/Homo_sapiens_assembly38.masked.fasta
@SQ	SN:chr4_KI270788v1_alt	LN:158965	M5:463baeb6369579e0d387371989492dc0	UR:file:///goast/hemat_data/references/hg38_broad/Homo_sapiens_assembly38.masked.fasta
@SQ	SN:chr4_GL383527v1_alt	LN:164536	M5:6d728406957c5c7fb158dbdb7efef2b7	UR:file:///goast/hemat_data/references/hg38_broad/Homo_sapiens_assembly38.masked.fasta
@SQ	SN:chr4_KI270785v1_alt	LN:119912	M5:4932c3e044a1e3731cd4de290f6492b8	UR:file:///goast/hemat_data/references/hg38_broad/Homo_sapiens_assembly38.masked.fasta
@SQ	SN:chr4_KI270789v1_alt	LN:205944	M5:3c9ef00afbe249de4934eeac37d64233	UR:file:///goast/hemat_data/references/hg38_broad/Homo_sapiens_assembly38.masked.fasta
@SQ	SN:chr4_KI270786v1_alt	LN:244096	M5:107c6b17f17b5d24936663fe8e70cd2a	UR:file:///goast/hemat_data/references/hg38_broad/Homo_sapiens_assembly38.masked.fasta
@SQ	SN:chr5_KI270793v1_alt	LN:126136	M5:0c6c632ce75031c86e3054c34d3b9b49	UR:file:///goast/hemat_data/references/hg38_broad/Homo_sapiens_assembly38.masked.fasta
@SQ	SN:chr5_KI270792v1_alt	LN:179043	M5:3677eaca510b7e7c5f30ec8382a09d24	UR:file:///goast/hemat_data/references/hg38_broad/Homo_sapiens_assembly38.masked.fasta
@SQ	SN:chr5_KI270791v1_alt	LN:195710	M5:3a62433e49995583fc44e640241a60bf	UR:file:///goast/hemat_data/references/hg38_broad/Homo_sapiens_assembly38.masked.fasta
@SQ	SN:chr5_GL383532v1_alt	LN:82728	M5:eb61b6b3f9374b05ce68ae4a393cf5ef	UR:file:///goast/hemat_data/references/hg38_broad/Homo_sapiens_assembly38.masked.fasta
@SQ	SN:chr5_GL949742v1_alt	LN:226852	M5:20d5046bbd2a21729fdd64fa94bdd5a1	UR:file:///goast/hemat_data/references/hg38_broad/Homo_sapiens_assembly38.masked.fasta
@SQ	SN:chr5_KI270794v1_alt	LN:164558	M5:9808234a2843375d92d4c34e262373b5	UR:file:///goast/hemat_data/references/hg38_broad/Homo_sapiens_assembly38.masked.fasta
@SQ	SN:chr5_GL339449v2_alt	LN:1612928	M5:1b6fa375fdf382778e6645d822d12254	UR:file:///goast/hemat_data/references/hg38_broad/Homo_sapiens_assembly38.masked.fasta
@SQ	SN:chr5_GL383530v1_alt	LN:101241	M5:adcb4048e465b6b949990853e436a136	UR:file:///goast/hemat_data/references/hg38_broad/Homo_sapiens_assembly38.masked.fasta
@SQ	SN:chr5_KI270796v1_alt	LN:172708	M5:6b125232b8842fafd4179203620fa2be	UR:file:///goast/hemat_data/references/hg38_broad/Homo_sapiens_assembly38.masked.fasta
@SQ	SN:chr5_GL383531v1_alt	LN:173459	M5:9161d10779b02fa44b841136ef9e499c	UR:file:///goast/hemat_data/references/hg38_broad/Homo_sapiens_assembly38.masked.fasta
@SQ	SN:chr5_KI270795v1_alt	LN:131892	M5:6670fafb8f6ceb4f46392f3178f29666	UR:file:///goast/hemat_data/references/hg38_broad/Homo_sapiens_assembly38.masked.fasta
@SQ	SN:chr6_GL000250v2_alt	LN:4672374	M5:740358c10fbb870c86a7e44226bbdb3a	UR:file:///goast/hemat_data/references/hg38_broad/Homo_sapiens_assembly38.masked.fasta
@SQ	SN:chr6_KI270800v1_alt	LN:175808	M5:3ed7e87ce250a8466359176e96d6a6a5	UR:file:///goast/hemat_data/references/hg38_broad/Homo_sapiens_assembly38.masked.fasta
@SQ	SN:chr6_KI270799v1_alt	LN:152148	M5:80fd907ae0e4d20ad13960cb92ab6d45	UR:file:///goast/hemat_data/references/hg38_broad/Homo_sapiens_assembly38.masked.fasta
@SQ	SN:chr6_GL383533v1_alt	LN:124736	M5:7d1a65603558094937299ff10e8714af	UR:file:///goast/hemat_data/references/hg38_broad/Homo_sapiens_assembly38.masked.fasta
@SQ	SN:chr6_KI270801v1_alt	LN:870480	M5:bd0c66e2085cf16906ebc6b130862bd6	UR:file:///goast/hemat_data/references/hg38_broad/Homo_sapiens_assembly38.masked.fasta
@SQ	SN:chr6_KI270802v1_alt	LN:75005	M5:c66357c9b0909ee32c75286796602ce3	UR:file:///goast/hemat_data/references/hg38_broad/Homo_sapiens_assembly38.masked.fasta
@SQ	SN:chr6_KB021644v2_alt	LN:185823	M5:332d693d4f2026747d670e52836694ea	UR:file:///goast/hemat_data/references/hg38_broad/Homo_sapiens_assembly38.masked.fasta
@SQ	SN:chr6_KI270797v1_alt	LN:197536	M5:2b76b3d07dc4cb2992e7125c19e32594	UR:file:///goast/hemat_data/references/hg38_broad/Homo_sapiens_assembly38.masked.fasta
@SQ	SN:chr6_KI270798v1_alt	LN:271782	M5:7f074e537d58c543d116ce2c45bb0966	UR:file:///goast/hemat_data/references/hg38_broad/Homo_sapiens_assembly38.masked.fasta
@SQ	SN:chr7_KI270804v1_alt	LN:157952	M5:9babd3431c32811769c782703f7b8c3d	UR:file:///goast/hemat_data/references/hg38_broad/Homo_sapiens_assembly38.masked.fasta
@SQ	SN:chr7_KI270809v1_alt	LN:209586	M5:26d14130d09dc093446dd31e8f0be76c	UR:file:///goast/hemat_data/references/hg38_broad/Homo_sapiens_assembly38.masked.fasta
@SQ	SN:chr7_KI270806v1_alt	LN:158166	M5:b55d6ad642408486735aede89d70c0c5	UR:file:///goast/hemat_data/references/hg38_broad/Homo_sapiens_assembly38.masked.fasta
@SQ	SN:chr7_GL383534v2_alt	LN:119183	M5:c6ff49147dedce02366d6ade10580611	UR:file:///goast/hemat_data/references/hg38_broad/Homo_sapiens_assembly38.masked.fasta
@SQ	SN:chr7_KI270803v1_alt	LN:1111570	M5:986e63220694b8c91bad1d6d990f6c83	UR:file:///goast/hemat_data/references/hg38_broad/Homo_sapiens_assembly38.masked.fasta
@SQ	SN:chr7_KI270808v1_alt	LN:271455	M5:52ce11809c32fe22003c5039e407d3e4	UR:file:///goast/hemat_data/references/hg38_broad/Homo_sapiens_assembly38.masked.fasta
@SQ	SN:chr7_KI270807v1_alt	LN:126434	M5:4da184771ac6a8644e6df506bbd8a35e	UR:file:///goast/hemat_data/references/hg38_broad/Homo_sapiens_assembly38.masked.fasta
@SQ	SN:chr7_KI270805v1_alt	LN:209988	M5:d3a95141230a470a930f685fbce90a04	UR:file:///goast/hemat_data/references/hg38_broad/Homo_sapiens_assembly38.masked.fasta
@SQ	SN:chr8_KI270818v1_alt	LN:145606	M5:5f8af0060f092d941cbe9d873ccc1d41	UR:file:///goast/hemat_data/references/hg38_broad/Homo_sapiens_assembly38.masked.fasta
@SQ	SN:chr8_KI270812v1_alt	LN:282736	M5:93b572cdabe748641570fa2ed3391222	UR:file:///goast/hemat_data/references/hg38_broad/Homo_sapiens_assembly38.masked.fasta
@SQ	SN:chr8_KI270811v1_alt	LN:292436	M5:dacc0b0ef9fae890a1741dca03ba7d5c	UR:file:///goast/hemat_data/references/hg38_broad/Homo_sapiens_assembly38.masked.fasta
@SQ	SN:chr8_KI270821v1_alt	LN:985506	M5:bbdee492e8852d313be96b6340fbfb1c	UR:file:///goast/hemat_data/references/hg38_broad/Homo_sapiens_assembly38.masked.fasta
@SQ	SN:chr8_KI270813v1_alt	LN:300230	M5:c91599edb1c553cf527c7f3ba754bb20	UR:file:///goast/hemat_data/references/hg38_broad/Homo_sapiens_assembly38.masked.fasta
@SQ	SN:chr8_KI270822v1_alt	LN:624492	M5:2cd6749ad4385747595c0b41440cb41d	UR:file:///goast/hemat_data/references/hg38_broad/Homo_sapiens_assembly38.masked.fasta
@SQ	SN:chr8_KI270814v1_alt	LN:141812	M5:84d9d4bbbac92a40b13809e501ff92fe	UR:file:///goast/hemat_data/references/hg38_broad/Homo_sapiens_assembly38.masked.fasta
@SQ	SN:chr8_KI270810v1_alt	LN:374415	M5:369545bbf4f206fd1175a84da12b38fc	UR:file:///goast/hemat_data/references/hg38_broad/Homo_sapiens_assembly38.masked.fasta
@SQ	SN:chr8_KI270819v1_alt	LN:133535	M5:29d6d49a19ae259feb012f492ab83ce0	UR:file:///goast/hemat_data/references/hg38_broad/Homo_sapiens_assembly38.masked.fasta
@SQ	SN:chr8_KI270820v1_alt	LN:36640	M5:d3b4609d5f29708fc33023259e4b775a	UR:file:///goast/hemat_data/references/hg38_broad/Homo_sapiens_assembly38.masked.fasta
@SQ	SN:chr8_KI270817v1_alt	LN:158983	M5:d6e6a3ac3c2f5afe16c2cfb2e813b30c	UR:file:///goast/hemat_data/references/hg38_broad/Homo_sapiens_assembly38.masked.fasta
@SQ	SN:chr8_KI270816v1_alt	LN:305841	M5:60bb5379ab4d817058300ef606b9fee6	UR:file:///goast/hemat_data/references/hg38_broad/Homo_sapiens_assembly38.masked.fasta
@SQ	SN:chr8_KI270815v1_alt	LN:132244	M5:8be72bf872ff1edfc3f43cd9b7d0b9b3	UR:file:///goast/hemat_data/references/hg38_broad/Homo_sapiens_assembly38.masked.fasta
@SQ	SN:chr9_GL383539v1_alt	LN:162988	M5:12406aad3f3da31bda9c21a1aa0e16b6	UR:file:///goast/hemat_data/references/hg38_broad/Homo_sapiens_assembly38.masked.fasta
@SQ	SN:chr9_GL383540v1_alt	LN:71551	M5:23aea04f46682e2a2be1a5ff3934a9fe	UR:file:///goast/hemat_data/references/hg38_broad/Homo_sapiens_assembly38.masked.fasta
@SQ	SN:chr9_GL383541v1_alt	LN:171286	M5:0c787911df2449cbba8609bebf897ecb	UR:file:///goast/hemat_data/references/hg38_broad/Homo_sapiens_assembly38.masked.fasta
@SQ	SN:chr9_GL383542v1_alt	LN:60032	M5:12a3180640a49f33c960eb12ca61a6c4	UR:file:///goast/hemat_data/references/hg38_broad/Homo_sapiens_assembly38.masked.fasta
@SQ	SN:chr9_KI270823v1_alt	LN:439082	M5:ad4baa1567e313eda0aad427008e10cf	UR:file:///goast/hemat_data/references/hg38_broad/Homo_sapiens_assembly38.masked.fasta
@SQ	SN:chr10_GL383545v1_alt	LN:179254	M5:c27dc6fea378fecf178a44682257c25e	UR:file:///goast/hemat_data/references/hg38_broad/Homo_sapiens_assembly38.masked.fasta
@SQ	SN:chr10_KI270824v1_alt	LN:181496	M5:af40e32c32de290cfe497a110ff3bdfa	UR:file:///goast/hemat_data/references/hg38_broad/Homo_sapiens_assembly38.masked.fasta
@SQ	SN:chr10_GL383546v1_alt	LN:309802	M5:ed6fb45e0a25c31903cbb0f78d9d487e	UR:file:///goast/hemat_data/references/hg38_broad/Homo_sapiens_assembly38.masked.fasta
@SQ	SN:chr10_KI270825v1_alt	LN:188315	M5:35b9d0e899002bedc9f125ec724eed27	UR:file:///goast/hemat_data/references/hg38_broad/Homo_sapiens_assembly38.masked.fasta
@SQ	SN:chr11_KI270832v1_alt	LN:210133	M5:2b63a3f97e490e807587639807d26293	UR:file:///goast/hemat_data/references/hg38_broad/Homo_sapiens_assembly38.masked.fasta
@SQ	SN:chr11_KI270830v1_alt	LN:177092	M5:dbe0c94a39d4a91469ffa6e509b3f191	UR:file:///goast/hemat_data/references/hg38_broad/Homo_sapiens_assembly38.masked.fasta
@SQ	SN:chr11_KI270831v1_alt	LN:296895	M5:b0f755388212c03651b6fdc7531c3fd2	UR:file:///goast/hemat_data/references/hg38_broad/Homo_sapiens_assembly38.masked.fasta
@SQ	SN:chr11_KI270829v1_alt	LN:204059	M5:6bc1308e442a1662ae27952f126b7c01	UR:file:///goast/hemat_data/references/hg38_broad/Homo_sapiens_assembly38.masked.fasta
@SQ	SN:chr11_GL383547v1_alt	LN:154407	M5:7b556f03729e304a286c8d7ef0f0c10e	UR:file:///goast/hemat_data/references/hg38_broad/Homo_sapiens_assembly38.masked.fasta
@SQ	SN:chr11_JH159136v1_alt	LN:200998	M5:8ac9fb9d942dba38bfd30f8d767f4bba	UR:file:///goast/hemat_data/references/hg38_broad/Homo_sapiens_assembly38.masked.fasta
@SQ	SN:chr11_JH159137v1_alt	LN:191409	M5:b293c854ddcbc316cb1d449bca46fbb3	UR:file:///goast/hemat_data/references/hg38_broad/Homo_sapiens_assembly38.masked.fasta
@SQ	SN:chr11_KI270827v1_alt	LN:67707	M5:86017dee76a03e3dc3c8833018101fae	UR:file:///goast/hemat_data/references/hg38_broad/Homo_sapiens_assembly38.masked.fasta
@SQ	SN:chr11_KI270826v1_alt	LN:186169	M5:a903d85efe5aa37dac36160bddeeac87	UR:file:///goast/hemat_data/references/hg38_broad/Homo_sapiens_assembly38.masked.fasta
@SQ	SN:chr12_GL877875v1_alt	LN:167313	M5:3dd30a7638c3a3c518fc15571546b1be	UR:file:///goast/hemat_data/references/hg38_broad/Homo_sapiens_assembly38.masked.fasta
@SQ	SN:chr12_GL877876v1_alt	LN:408271	M5:5c3a364520bf7ed46894abdce8f6e032	UR:file:///goast/hemat_data/references/hg38_broad/Homo_sapiens_assembly38.masked.fasta
@SQ	SN:chr12_KI270837v1_alt	LN:40090	M5:e749a70a94624f09e134600d122c130d	UR:file:///goast/hemat_data/references/hg38_broad/Homo_sapiens_assembly38.masked.fasta
@SQ	SN:chr12_GL383549v1_alt	LN:120804	M5:60a7c1711d7f23fd7311a7e4f96896f7	UR:file:///goast/hemat_data/references/hg38_broad/Homo_sapiens_assembly38.masked.fasta
@SQ	SN:chr12_KI270835v1_alt	LN:238139	M5:b163c6fa013f6cb75b01088689f1a67f	UR:file:///goast/hemat_data/references/hg38_broad/Homo_sapiens_assembly38.masked.fasta
@SQ	SN:chr12_GL383550v2_alt	LN:169178	M5:d61d9a153c3fd556b48e1c511a6145e4	UR:file:///goast/hemat_data/references/hg38_broad/Homo_sapiens_assembly38.masked.fasta
@SQ	SN:chr12_GL383552v1_alt	LN:138655	M5:c28f12c6ee0dec4cc6995766a710960c	UR:file:///goast/hemat_data/references/hg38_broad/Homo_sapiens_assembly38.masked.fasta
@SQ	SN:chr12_GL383553v2_alt	LN:152874	M5:89b111e38005345de92036b249ab6080	UR:file:///goast/hemat_data/references/hg38_broad/Homo_sapiens_assembly38.masked.fasta
@SQ	SN:chr12_KI270834v1_alt	LN:119498	M5:3ad1c94c00299533f6acd33ea2f04df1	UR:file:///goast/hemat_data/references/hg38_broad/Homo_sapiens_assembly38.masked.fasta
@SQ	SN:chr12_GL383551v1_alt	LN:184319	M5:d96719c32333013a51c4d6d3261f984f	UR:file:///goast/hemat_data/references/hg38_broad/Homo_sapiens_assembly38.masked.fasta
@SQ	SN:chr12_KI270833v1_alt	LN:76061	M5:8c9988aa66d02708e3e57663902fc664	UR:file:///goast/hemat_data/references/hg38_broad/Homo_sapiens_assembly38.masked.fasta
@SQ	SN:chr12_KI270836v1_alt	LN:56134	M5:28a69648439a2c02d46750eee929b20d	UR:file:///goast/hemat_data/references/hg38_broad/Homo_sapiens_assembly38.masked.fasta
@SQ	SN:chr13_KI270840v1_alt	LN:191684	M5:d90a653d7ac3171c8fb762d0012249f7	UR:file:///goast/hemat_data/references/hg38_broad/Homo_sapiens_assembly38.masked.fasta
@SQ	SN:chr13_KI270839v1_alt	LN:180306	M5:b97ea581776626ac41b69f851a85a456	UR:file:///goast/hemat_data/references/hg38_broad/Homo_sapiens_assembly38.masked.fasta
@SQ	SN:chr13_KI270843v1_alt	LN:103832	M5:563c8412eb284fc5321af590a4c9ab9d	UR:file:///goast/hemat_data/references/hg38_broad/Homo_sapiens_assembly38.masked.fasta
@SQ	SN:chr13_KI270841v1_alt	LN:169134	M5:6ac8a99077817e6bc9be36327b8aa18e	UR:file:///goast/hemat_data/references/hg38_broad/Homo_sapiens_assembly38.masked.fasta
@SQ	SN:chr13_KI270838v1_alt	LN:306913	M5:baf90eafb4ed6330cb151c1d5538f721	UR:file:///goast/hemat_data/references/hg38_broad/Homo_sapiens_assembly38.masked.fasta
@SQ	SN:chr13_KI270842v1_alt	LN:37287	M5:231dd4484df464129d3120986fe2af73	UR:file:///goast/hemat_data/references/hg38_broad/Homo_sapiens_assembly38.masked.fasta
@SQ	SN:chr14_KI270844v1_alt	LN:322166	M5:b64acbff6218bd210676141e4e678a82	UR:file:///goast/hemat_data/references/hg38_broad/Homo_sapiens_assembly38.masked.fasta
@SQ	SN:chr14_KI270847v1_alt	LN:1511111	M5:9d380ae26e2edb178ef0121021f7a7ce	UR:file:///goast/hemat_data/references/hg38_broad/Homo_sapiens_assembly38.masked.fasta
@SQ	SN:chr14_KI270845v1_alt	LN:180703	M5:51b3fa9f43d11aeb91b3debb33496d22	UR:file:///goast/hemat_data/references/hg38_broad/Homo_sapiens_assembly38.masked.fasta
@SQ	SN:chr14_KI270846v1_alt	LN:1351393	M5:1ee28b84d30d13e03341b382995b05bc	UR:file:///goast/hemat_data/references/hg38_broad/Homo_sapiens_assembly38.masked.fasta
@SQ	SN:chr15_KI270852v1_alt	LN:478999	M5:5104fe22193b4bd04166ecb401beb06a	UR:file:///goast/hemat_data/references/hg38_broad/Homo_sapiens_assembly38.masked.fasta
@SQ	SN:chr15_KI270851v1_alt	LN:263054	M5:64217994ed61c2feb5412ecc5a7a37b9	UR:file:///goast/hemat_data/references/hg38_broad/Homo_sapiens_assembly38.masked.fasta
@SQ	SN:chr15_KI270848v1_alt	LN:327382	M5:d61e4262335c4884ad97dc5d73782870	UR:file:///goast/hemat_data/references/hg38_broad/Homo_sapiens_assembly38.masked.fasta
@SQ	SN:chr15_GL383554v1_alt	LN:296527	M5:4a3d54bda53308ca941d6d0e794b05cb	UR:file:///goast/hemat_data/references/hg38_broad/Homo_sapiens_assembly38.masked.fasta
@SQ	SN:chr15_KI270849v1_alt	LN:244917	M5:7966604eef1b897ee97e8dce9e79b18e	UR:file:///goast/hemat_data/references/hg38_broad/Homo_sapiens_assembly38.masked.fasta
@SQ	SN:chr15_GL383555v2_alt	LN:388773	M5:c904b1792869ae0565acbbdc19b9522f	UR:file:///goast/hemat_data/references/hg38_broad/Homo_sapiens_assembly38.masked.fasta
@SQ	SN:chr15_KI270850v1_alt	LN:430880	M5:5371d98deea30e91051e3efd20016b76	UR:file:///goast/hemat_data/references/hg38_broad/Homo_sapiens_assembly38.masked.fasta
@SQ	SN:chr16_KI270854v1_alt	LN:134193	M5:0e126949f4b012d27f55aed5f1c4ca84	UR:file:///goast/hemat_data/references/hg38_broad/Homo_sapiens_assembly38.masked.fasta
@SQ	SN:chr16_KI270856v1_alt	LN:63982	M5:515d2b9de600d584473c20bea079f34c	UR:file:///goast/hemat_data/references/hg38_broad/Homo_sapiens_assembly38.masked.fasta
@SQ	SN:chr16_KI270855v1_alt	LN:232857	M5:436afa974458133c013b037d4a2dc1c2	UR:file:///goast/hemat_data/references/hg38_broad/Homo_sapiens_assembly38.masked.fasta
@SQ	SN:chr16_KI270853v1_alt	LN:2659700	M5:5e28daf08ffeafb037b6e97ba3c959e3	UR:file:///goast/hemat_data/references/hg38_broad/Homo_sapiens_assembly38.masked.fasta
@SQ	SN:chr16_GL383556v1_alt	LN:192462	M5:bed6a2667e8452a176e93e921e0c21f6	UR:file:///goast/hemat_data/references/hg38_broad/Homo_sapiens_assembly38.masked.fasta
@SQ	SN:chr16_GL383557v1_alt	LN:89672	M5:0989118882ce9c38635e2809e5bf71c6	UR:file:///goast/hemat_data/references/hg38_broad/Homo_sapiens_assembly38.masked.fasta
@SQ	SN:chr17_GL383563v3_alt	LN:375691	M5:fcd64ac83b2ebb57f50931c9d6fc0a31	UR:file:///goast/hemat_data/references/hg38_broad/Homo_sapiens_assembly38.masked.fasta
@SQ	SN:chr17_KI270862v1_alt	LN:391357	M5:f2efc8dc887a8c0101053fa14491e07f	UR:file:///goast/hemat_data/references/hg38_broad/Homo_sapiens_assembly38.masked.fasta
@SQ	SN:chr17_KI270861v1_alt	LN:196688	M5:808750bf9b346e0a731a1bffac75a01e	UR:file:///goast/hemat_data/references/hg38_broad/Homo_sapiens_assembly38.masked.fasta
@SQ	SN:chr17_KI270857v1_alt	LN:2877074	M5:f5ca1bb91881efefa473c983f9519561	UR:file:///goast/hemat_data/references/hg38_broad/Homo_sapiens_assembly38.masked.fasta
@SQ	SN:chr17_JH159146v1_alt	LN:278131	M5:384b5b32f0ea2cfd15ac268a2ce07909	UR:file:///goast/hemat_data/references/hg38_broad/Homo_sapiens_assembly38.masked.fasta
@SQ	SN:chr17_JH159147v1_alt	LN:70345	M5:4bf63957bfa1ecdbbab483d4c0ce6682	UR:file:///goast/hemat_data/references/hg38_broad/Homo_sapiens_assembly38.masked.fasta
@SQ	SN:chr17_GL383564v2_alt	LN:133151	M5:fc2eb07543a6ecb0a27d9fa12cd91cfc	UR:file:///goast/hemat_data/references/hg38_broad/Homo_sapiens_assembly38.masked.fasta
@SQ	SN:chr17_GL000258v2_alt	LN:1821992	M5:8bd6071029f2dbc5ab9d2d912bf5c953	UR:file:///goast/hemat_data/references/hg38_broad/Homo_sapiens_assembly38.masked.fasta
@SQ	SN:chr17_GL383565v1_alt	LN:223995	M5:063358c8e7f81361b959efab7b3f15cc	UR:file:///goast/hemat_data/references/hg38_broad/Homo_sapiens_assembly38.masked.fasta
@SQ	SN:chr17_KI270858v1_alt	LN:235827	M5:69fbdc82c5ef837f574d0b3c8b9c647f	UR:file:///goast/hemat_data/references/hg38_broad/Homo_sapiens_assembly38.masked.fasta
@SQ	SN:chr17_KI270859v1_alt	LN:108763	M5:8d28bd3b1a63fa9a945051f28e087668	UR:file:///goast/hemat_data/references/hg38_broad/Homo_sapiens_assembly38.masked.fasta
@SQ	SN:chr17_GL383566v1_alt	LN:90219	M5:a0f25165c6537c9861cc1231f710e99f	UR:file:///goast/hemat_data/references/hg38_broad/Homo_sapiens_assembly38.masked.fasta
@SQ	SN:chr17_KI270860v1_alt	LN:178921	M5:91e560df1ad6c58e7e1739178b8c7209	UR:file:///goast/hemat_data/references/hg38_broad/Homo_sapiens_assembly38.masked.fasta
@SQ	SN:chr18_KI270864v1_alt	LN:111737	M5:04e6ca7eabe96be35a18eb4c0675071d	UR:file:///goast/hemat_data/references/hg38_broad/Homo_sapiens_assembly38.masked.fasta
@SQ	SN:chr18_GL383567v1_alt	LN:289831	M5:d9015dd9a0916a98ed8ab99fd3cdd012	UR:file:///goast/hemat_data/references/hg38_broad/Homo_sapiens_assembly38.masked.fasta
@SQ	SN:chr18_GL383570v1_alt	LN:164789	M5:08366c03855961f13b1d5e65920ccf74	UR:file:///goast/hemat_data/references/hg38_broad/Homo_sapiens_assembly38.masked.fasta
@SQ	SN:chr18_GL383571v1_alt	LN:198278	M5:40015159c7da8f06875bb558587e3f07	UR:file:///goast/hemat_data/references/hg38_broad/Homo_sapiens_assembly38.masked.fasta
@SQ	SN:chr18_GL383568v1_alt	LN:104552	M5:e9aba11d18125a2bce2b1e5915e9a904	UR:file:///goast/hemat_data/references/hg38_broad/Homo_sapiens_assembly38.masked.fasta
@SQ	SN:chr18_GL383569v1_alt	LN:167950	M5:8d13c3e7cbb2b7e1a3225c5a54fe8f44	UR:file:///goast/hemat_data/references/hg38_broad/Homo_sapiens_assembly38.masked.fasta
@SQ	SN:chr18_GL383572v1_alt	LN:159547	M5:8fc7aaa775b43df3d77c9782a140a981	UR:file:///goast/hemat_data/references/hg38_broad/Homo_sapiens_assembly38.masked.fasta
@SQ	SN:chr18_KI270863v1_alt	LN:167999	M5:2e691a3fc5108cc7decde377ef398fde	UR:file:///goast/hemat_data/references/hg38_broad/Homo_sapiens_assembly38.masked.fasta
@SQ	SN:chr19_KI270868v1_alt	LN:61734	M5:2dfd26bf8f217b858edc062be1846db5	UR:file:///goast/hemat_data/references/hg38_broad/Homo_sapiens_assembly38.masked.fasta
@SQ	SN:chr19_KI270865v1_alt	LN:52969	M5:b95ce15823c60ab83ec7a984f3dc9ebc	UR:file:///goast/hemat_data/references/hg38_broad/Homo_sapiens_assembly38.masked.fasta
@SQ	SN:chr19_GL383573v1_alt	LN:385657	M5:5404455aab275489bc8e6c9fb3ead5cb	UR:file:///goast/hemat_data/references/hg38_broad/Homo_sapiens_assembly38.masked.fasta
@SQ	SN:chr19_GL383575v2_alt	LN:170222	M5:dd8730d9d33765ff135fcfadb8810280	UR:file:///goast/hemat_data/references/hg38_broad/Homo_sapiens_assembly38.masked.fasta
@SQ	SN:chr19_GL383576v1_alt	LN:188024	M5:8d4496a682182f8273a2fad665fcf4a4	UR:file:///goast/hemat_data/references/hg38_broad/Homo_sapiens_assembly38.masked.fasta
@SQ	SN:chr19_GL383574v1_alt	LN:155864	M5:0386df1d3476e6649f919195cc072fc7	UR:file:///goast/hemat_data/references/hg38_broad/Homo_sapiens_assembly38.masked.fasta
@SQ	SN:chr19_KI270866v1_alt	LN:43156	M5:d205b57d55e89546400e0f1e230a8a53	UR:file:///goast/hemat_data/references/hg38_broad/Homo_sapiens_assembly38.masked.fasta
@SQ	SN:chr19_KI270867v1_alt	LN:233762	M5:3d8464a9e183031ea70e0e12fa231163	UR:file:///goast/hemat_data/references/hg38_broad/Homo_sapiens_assembly38.masked.fasta
@SQ	SN:chr19_GL949746v1_alt	LN:987716	M5:d76e635e75bc038782fb3d0c195d33fb	UR:file:///goast/hemat_data/references/hg38_broad/Homo_sapiens_assembly38.masked.fasta
@SQ	SN:chr20_GL383577v2_alt	LN:128386	M5:f00c218d09df83c8b515a6b5591fe30c	UR:file:///goast/hemat_data/references/hg38_broad/Homo_sapiens_assembly38.masked.fasta
@SQ	SN:chr20_KI270869v1_alt	LN:118774	M5:2b8065d3bdbac6664d7f35c25d049113	UR:file:///goast/hemat_data/references/hg38_broad/Homo_sapiens_assembly38.masked.fasta
@SQ	SN:chr20_KI270871v1_alt	LN:58661	M5:29e7c064fe54ab6b7fd8accb0363821b	UR:file:///goast/hemat_data/references/hg38_broad/Homo_sapiens_assembly38.masked.fasta
@SQ	SN:chr20_KI270870v1_alt	LN:183433	M5:779f6fd5220eddc54631e80b94bb905a	UR:file:///goast/hemat_data/references/hg38_broad/Homo_sapiens_assembly38.masked.fasta
@SQ	SN:chr21_GL383578v2_alt	LN:63917	M5:d512f47a48fc477e7232d3b46f2bda86	UR:file:///goast/hemat_data/references/hg38_broad/Homo_sapiens_assembly38.masked.fasta
@SQ	SN:chr21_KI270874v1_alt	LN:166743	M5:45c435343bfd1d94c4ff17689faf507d	UR:file:///goast/hemat_data/references/hg38_broad/Homo_sapiens_assembly38.masked.fasta
@SQ	SN:chr21_KI270873v1_alt	LN:143900	M5:22bc49cad0dda4ec9d79ffd619be94d4	UR:file:///goast/hemat_data/references/hg38_broad/Homo_sapiens_assembly38.masked.fasta
@SQ	SN:chr21_GL383579v2_alt	LN:201197	M5:631f76952802048256225746f1a14a89	UR:file:///goast/hemat_data/references/hg38_broad/Homo_sapiens_assembly38.masked.fasta
@SQ	SN:chr21_GL383580v2_alt	LN:74653	M5:b0cfe93a0987bda7488445b3c37b2516	UR:file:///goast/hemat_data/references/hg38_broad/Homo_sapiens_assembly38.masked.fasta
@SQ	SN:chr21_GL383581v2_alt	LN:116689	M5:1c9b893acb0fb6a6d9ff1915ce9004ed	UR:file:///goast/hemat_data/references/hg38_broad/Homo_sapiens_assembly38.masked.fasta
@SQ	SN:chr21_KI270872v1_alt	LN:82692	M5:e8daa648582ccb498c469d4f6dcf4140	UR:file:///goast/hemat_data/references/hg38_broad/Homo_sapiens_assembly38.masked.fasta
@SQ	SN:chr22_KI270875v1_alt	LN:259914	M5:8a27dfcd4c4ae0239e3207b9994d8331	UR:file:///goast/hemat_data/references/hg38_broad/Homo_sapiens_assembly38.masked.fasta
@SQ	SN:chr22_KI270878v1_alt	LN:186262	M5:07e6bd13f82b45996b0165c0a2c0ebb2	UR:file:///goast/hemat_data/references/hg38_broad/Homo_sapiens_assembly38.masked.fasta
@SQ	SN:chr22_KI270879v1_alt	LN:304135	M5:9fb8076a6ca93af66b2878d5cf07ebb0	UR:file:///goast/hemat_data/references/hg38_broad/Homo_sapiens_assembly38.masked.fasta
@SQ	SN:chr22_KI270876v1_alt	LN:263666	M5:507bafbc0e637e7e5854acab4d2b7de7	UR:file:///goast/hemat_data/references/hg38_broad/Homo_sapiens_assembly38.masked.fasta
@SQ	SN:chr22_KI270877v1_alt	LN:101331	M5:b6724c024308122f0d19c875771d571e	UR:file:///goast/hemat_data/references/hg38_broad/Homo_sapiens_assembly38.masked.fasta
@SQ	SN:chr22_GL383583v2_alt	LN:96924	M5:03ed78804fcfe33fb202c22d20e1ed05	UR:file:///goast/hemat_data/references/hg38_broad/Homo_sapiens_assembly38.masked.fasta
@SQ	SN:chr22_GL383582v2_alt	LN:162811	M5:1919a95f3ea48fde56ba925295086028	UR:file:///goast/hemat_data/references/hg38_broad/Homo_sapiens_assembly38.masked.fasta
@SQ	SN:chrX_KI270880v1_alt	LN:284869	M5:e4ed2d1ef2ee71f00075ed9537aab284	UR:file:///goast/hemat_data/references/hg38_broad/Homo_sapiens_assembly38.masked.fasta
@SQ	SN:chrX_KI270881v1_alt	LN:144206	M5:6370851c900248567c9bc5bee75089ab	UR:file:///goast/hemat_data/references/hg38_broad/Homo_sapiens_assembly38.masked.fasta
@SQ	SN:chr19_KI270882v1_alt	LN:248807	M5:9a4ca55b5d44458dc5a1682ac6483738	UR:file:///goast/hemat_data/references/hg38_broad/Homo_sapiens_assembly38.masked.fasta
@SQ	SN:chr19_KI270883v1_alt	LN:170399	M5:79916aa2c6a7669500b59ddd7b4eccec	UR:file:///goast/hemat_data/references/hg38_broad/Homo_sapiens_assembly38.masked.fasta
@SQ	SN:chr19_KI270884v1_alt	LN:157053	M5:28517f9e5682de5e74b42ba7c84a9d41	UR:file:///goast/hemat_data/references/hg38_broad/Homo_sapiens_assembly38.masked.fasta
@SQ	SN:chr19_KI270885v1_alt	LN:171027	M5:b5fc4688af8411394923dbcf6a85b85d	UR:file:///goast/hemat_data/references/hg38_broad/Homo_sapiens_assembly38.masked.fasta
@SQ	SN:chr19_KI270886v1_alt	LN:204239	M5:fae7fb0677c513b24e8027969233140f	UR:file:///goast/hemat_data/references/hg38_broad/Homo_sapiens_assembly38.masked.fasta
@SQ	SN:chr19_KI270887v1_alt	LN:209512	M5:3c672b8b13188d46ed1ea6806fdc9662	UR:file:///goast/hemat_data/references/hg38_broad/Homo_sapiens_assembly38.masked.fasta
@SQ	SN:chr19_KI270888v1_alt	LN:155532	M5:325a22a47ae227dda0c8704cf4725601	UR:file:///goast/hemat_data/references/hg38_broad/Homo_sapiens_assembly38.masked.fasta
@SQ	SN:chr19_KI270889v1_alt	LN:170698	M5:680f4977d9743df71085eacbff34769b	UR:file:///goast/hemat_data/references/hg38_broad/Homo_sapiens_assembly38.masked.fasta
@SQ	SN:chr19_KI270890v1_alt	LN:184499	M5:8862bbaae8fc895769859a6e89d19601	UR:file:///goast/hemat_data/references/hg38_broad/Homo_sapiens_assembly38.masked.fasta
@SQ	SN:chr19_KI270891v1_alt	LN:170680	M5:0b1dd9ea37a3772563fb7298ad1f3857	UR:file:///goast/hemat_data/references/hg38_broad/Homo_sapiens_assembly38.masked.fasta
@SQ	SN:chr1_KI270892v1_alt	LN:162212	M5:24ba517f0feae1b6a95e1c65c21282be	UR:file:///goast/hemat_data/references/hg38_broad/Homo_sapiens_assembly38.masked.fasta
@SQ	SN:chr2_KI270894v1_alt	LN:214158	M5:0bfafe4b4a536ed3e5b77a89408d7534	UR:file:///goast/hemat_data/references/hg38_broad/Homo_sapiens_assembly38.masked.fasta
@SQ	SN:chr2_KI270893v1_alt	LN:161218	M5:d701ebc3d24a0056dc6b9418ba4e15c7	UR:file:///goast/hemat_data/references/hg38_broad/Homo_sapiens_assembly38.masked.fasta
@SQ	SN:chr3_KI270895v1_alt	LN:162896	M5:4d08672ade726bd914e62a36d734da0c	UR:file:///goast/hemat_data/references/hg38_broad/Homo_sapiens_assembly38.masked.fasta
@SQ	SN:chr4_KI270896v1_alt	LN:378547	M5:751a447059436d9d5987f8417b2e2bd2	UR:file:///goast/hemat_data/references/hg38_broad/Homo_sapiens_assembly38.masked.fasta
@SQ	SN:chr5_KI270897v1_alt	LN:1144418	M5:5a8582c4943187c1a842801cf17d3706	UR:file:///goast/hemat_data/references/hg38_broad/Homo_sapiens_assembly38.masked.fasta
@SQ	SN:chr5_KI270898v1_alt	LN:130957	M5:9919f71320ac92b1abb42e2aedea84ca	UR:file:///goast/hemat_data/references/hg38_broad/Homo_sapiens_assembly38.masked.fasta
@SQ	SN:chr6_GL000251v2_alt	LN:4795265	M5:e51d466e4a702acf3c9c5ffdc1ee0c51	UR:file:///goast/hemat_data/references/hg38_broad/Homo_sapiens_assembly38.masked.fasta
@SQ	SN:chr7_KI270899v1_alt	LN:190869	M5:b42d6c28bfd9049414fb9d2617528db4	UR:file:///goast/hemat_data/references/hg38_broad/Homo_sapiens_assembly38.masked.fasta
@SQ	SN:chr8_KI270901v1_alt	LN:136959	M5:3d60ee1215e273e0c0267ad063614015	UR:file:///goast/hemat_data/references/hg38_broad/Homo_sapiens_assembly38.masked.fasta
@SQ	SN:chr8_KI270900v1_alt	LN:318687	M5:80404f3147bd316898e6b5281f32c073	UR:file:///goast/hemat_data/references/hg38_broad/Homo_sapiens_assembly38.masked.fasta
@SQ	SN:chr11_KI270902v1_alt	LN:106711	M5:f100803823a7cde3694698028e4c515c	UR:file:///goast/hemat_data/references/hg38_broad/Homo_sapiens_assembly38.masked.fasta
@SQ	SN:chr11_KI270903v1_alt	LN:214625	M5:5ce11ce469afc974c3024b30033dc5d8	UR:file:///goast/hemat_data/references/hg38_broad/Homo_sapiens_assembly38.masked.fasta
@SQ	SN:chr12_KI270904v1_alt	LN:572349	M5:6d8ebe7fb3dd3be62e34a1d2982e6f46	UR:file:///goast/hemat_data/references/hg38_broad/Homo_sapiens_assembly38.masked.fasta
@SQ	SN:chr15_KI270906v1_alt	LN:196384	M5:eb8157203f051ef7cfcab1f4647f22c7	UR:file:///goast/hemat_data/references/hg38_broad/Homo_sapiens_assembly38.masked.fasta
@SQ	SN:chr15_KI270905v1_alt	LN:5161414	M5:31c97360f2a53ab92bd8d6db1b1a410d	UR:file:///goast/hemat_data/references/hg38_broad/Homo_sapiens_assembly38.masked.fasta
@SQ	SN:chr17_KI270907v1_alt	LN:137721	M5:f5a65eb09de3017536d1b7c0b2237fbd	UR:file:///goast/hemat_data/references/hg38_broad/Homo_sapiens_assembly38.masked.fasta
@SQ	SN:chr17_KI270910v1_alt	LN:157099	M5:4eef5dbfe56e13c810780221b0f6426d	UR:file:///goast/hemat_data/references/hg38_broad/Homo_sapiens_assembly38.masked.fasta
@SQ	SN:chr17_KI270909v1_alt	LN:325800	M5:6a46afe4c5e257b556f25c37a09fc024	UR:file:///goast/hemat_data/references/hg38_broad/Homo_sapiens_assembly38.masked.fasta
@SQ	SN:chr17_JH159148v1_alt	LN:88070	M5:bd147af8e713f365ff05352eb8a4508f	UR:file:///goast/hemat_data/references/hg38_broad/Homo_sapiens_assembly38.masked.fasta
@SQ	SN:chr17_KI270908v1_alt	LN:1423190	M5:ef3f9ebebe7ad9f9690daedeae8a74f8	UR:file:///goast/hemat_data/references/hg38_broad/Homo_sapiens_assembly38.masked.fasta
@SQ	SN:chr18_KI270912v1_alt	LN:174061	M5:3a8acbc0c5c751ccad11263a608715fa	UR:file:///goast/hemat_data/references/hg38_broad/Homo_sapiens_assembly38.masked.fasta
@SQ	SN:chr18_KI270911v1_alt	LN:157710	M5:930ee72eaddcaf1355220cd39539c326	UR:file:///goast/hemat_data/references/hg38_broad/Homo_sapiens_assembly38.masked.fasta
@SQ	SN:chr19_GL949747v2_alt	LN:729520	M5:10169e6e86933b2bf74797be020fc857	UR:file:///goast/hemat_data/references/hg38_broad/Homo_sapiens_assembly38.masked.fasta
@SQ	SN:chr22_KB663609v1_alt	LN:74013	M5:54abe159678a84e88ceb2d5271027628	UR:file:///goast/hemat_data/references/hg38_broad/Homo_sapiens_assembly38.masked.fasta
@SQ	SN:chrX_KI270913v1_alt	LN:274009	M5:a4d4a5e5b5da1e65f007116b2797a4f6	UR:file:///goast/hemat_data/references/hg38_broad/Homo_sapiens_assembly38.masked.fasta
@SQ	SN:chr19_KI270914v1_alt	LN:205194	M5:086e17b28e2ac14e602c5dae2c358364	UR:file:///goast/hemat_data/references/hg38_broad/Homo_sapiens_assembly38.masked.fasta
@SQ	SN:chr19_KI270915v1_alt	LN:170665	M5:a5c43ab0e4289f3951e65fd57419782a	UR:file:///goast/hemat_data/references/hg38_broad/Homo_sapiens_assembly38.masked.fasta
@SQ	SN:chr19_KI270916v1_alt	LN:184516	M5:45199873c7617fab0ba00e85a43ddbeb	UR:file:///goast/hemat_data/references/hg38_broad/Homo_sapiens_assembly38.masked.fasta
@SQ	SN:chr19_KI270917v1_alt	LN:190932	M5:1595cb5d2e776d8a505a06db45ea2c04	UR:file:///goast/hemat_data/references/hg38_broad/Homo_sapiens_assembly38.masked.fasta
@SQ	SN:chr19_KI270918v1_alt	LN:123111	M5:e79cb3af945f28de17d744bf24cde080	UR:file:///goast/hemat_data/references/hg38_broad/Homo_sapiens_assembly38.masked.fasta
@SQ	SN:chr19_KI270919v1_alt	LN:170701	M5:a25ce4a282c7ead76bb2468a9a56d082	UR:file:///goast/hemat_data/references/hg38_broad/Homo_sapiens_assembly38.masked.fasta
@SQ	SN:chr19_KI270920v1_alt	LN:198005	M5:009fb96b4ee6d64732dac95a1f380f41	UR:file:///goast/hemat_data/references/hg38_broad/Homo_sapiens_assembly38.masked.fasta
@SQ	SN:chr19_KI270921v1_alt	LN:282224	M5:4e9f360581e618964d379d67e3b51f90	UR:file:///goast/hemat_data/references/hg38_broad/Homo_sapiens_assembly38.masked.fasta
@SQ	SN:chr19_KI270922v1_alt	LN:187935	M5:7b6dc564b92bed8df5de2c1fa8de0986	UR:file:///goast/hemat_data/references/hg38_broad/Homo_sapiens_assembly38.masked.fasta
@SQ	SN:chr19_KI270923v1_alt	LN:189352	M5:5b0339dbf41b0301512639781d44d546	UR:file:///goast/hemat_data/references/hg38_broad/Homo_sapiens_assembly38.masked.fasta
@SQ	SN:chr3_KI270924v1_alt	LN:166540	M5:944759f109cad94523d1f3918ac0b382	UR:file:///goast/hemat_data/references/hg38_broad/Homo_sapiens_assembly38.masked.fasta
@SQ	SN:chr4_KI270925v1_alt	LN:555799	M5:08b3f5ff9beac37e3bbc50767cf3b43b	UR:file:///goast/hemat_data/references/hg38_broad/Homo_sapiens_assembly38.masked.fasta
@SQ	SN:chr6_GL000252v2_alt	LN:4604811	M5:0c2ee784f397289b1713ad133fd93d39	UR:file:///goast/hemat_data/references/hg38_broad/Homo_sapiens_assembly38.masked.fasta
@SQ	SN:chr8_KI270926v1_alt	LN:229282	M5:58a00f9d6216734f0bf36a0f2294c246	UR:file:///goast/hemat_data/references/hg38_broad/Homo_sapiens_assembly38.masked.fasta
@SQ	SN:chr11_KI270927v1_alt	LN:218612	M5:159fb3a622d456897c41d93f4627d169	UR:file:///goast/hemat_data/references/hg38_broad/Homo_sapiens_assembly38.masked.fasta
@SQ	SN:chr19_GL949748v2_alt	LN:1064304	M5:21fd288470eea03e7424729134f472f9	UR:file:///goast/hemat_data/references/hg38_broad/Homo_sapiens_assembly38.masked.fasta
@SQ	SN:chr22_KI270928v1_alt	LN:176103	M5:efcf7ce77388977478ffe2757b8f8430	UR:file:///goast/hemat_data/references/hg38_broad/Homo_sapiens_assembly38.masked.fasta
@SQ	SN:chr19_KI270929v1_alt	LN:186203	M5:9f8d51d9c1ec4887cd55a1d0d8e61469	UR:file:///goast/hemat_data/references/hg38_broad/Homo_sapiens_assembly38.masked.fasta
@SQ	SN:chr19_KI270930v1_alt	LN:200773	M5:2c5abf84ad91658f7262dff7ade3e7b1	UR:file:///goast/hemat_data/references/hg38_broad/Homo_sapiens_assembly38.masked.fasta
@SQ	SN:chr19_KI270931v1_alt	LN:170148	M5:36b9336df72c820b6efa95567a5aaf28	UR:file:///goast/hemat_data/references/hg38_broad/Homo_sapiens_assembly38.masked.fasta
@SQ	SN:chr19_KI270932v1_alt	LN:215732	M5:4a92a470a7851edf0c238a74814dece5	UR:file:///goast/hemat_data/references/hg38_broad/Homo_sapiens_assembly38.masked.fasta
@SQ	SN:chr19_KI270933v1_alt	LN:170537	M5:413442cc380f0bb8f15b33bc25149af1	UR:file:///goast/hemat_data/references/hg38_broad/Homo_sapiens_assembly38.masked.fasta
@SQ	SN:chr19_GL000209v2_alt	LN:177381	M5:0e7a0f548f1f770b4272be1bd8b018fb	UR:file:///goast/hemat_data/references/hg38_broad/Homo_sapiens_assembly38.masked.fasta
@SQ	SN:chr3_KI270934v1_alt	LN:163458	M5:43c32fd3aae0eee20305d3d735e7bbb4	UR:file:///goast/hemat_data/references/hg38_broad/Homo_sapiens_assembly38.masked.fasta
@SQ	SN:chr6_GL000253v2_alt	LN:4677643	M5:a5cdd062ee0d61ea6b3c5166e79b472e	UR:file:///goast/hemat_data/references/hg38_broad/Homo_sapiens_assembly38.masked.fasta
@SQ	SN:chr19_GL949749v2_alt	LN:1091841	M5:cf8641cadcdb22174c55a5d9d5c46036	UR:file:///goast/hemat_data/references/hg38_broad/Homo_sapiens_assembly38.masked.fasta
@SQ	SN:chr3_KI270935v1_alt	LN:197351	M5:8175b26fd25c1671efd5af96e8b44835	UR:file:///goast/hemat_data/references/hg38_broad/Homo_sapiens_assembly38.masked.fasta
@SQ	SN:chr6_GL000254v2_alt	LN:4827813	M5:ad357767de6beef959952d39200522ea	UR:file:///goast/hemat_data/references/hg38_broad/Homo_sapiens_assembly38.masked.fasta
@SQ	SN:chr19_GL949750v2_alt	LN:1066390	M5:c48b453696107dc7105bce3857e1cbc6	UR:file:///goast/hemat_data/references/hg38_broad/Homo_sapiens_assembly38.masked.fasta
@SQ	SN:chr3_KI270936v1_alt	LN:164170	M5:64f7f27938eb4c80140f34e3d2aed483	UR:file:///goast/hemat_data/references/hg38_broad/Homo_sapiens_assembly38.masked.fasta
@SQ	SN:chr6_GL000255v2_alt	LN:4606388	M5:bceeb4190283066a6d0891562b41d164	UR:file:///goast/hemat_data/references/hg38_broad/Homo_sapiens_assembly38.masked.fasta
@SQ	SN:chr19_GL949751v2_alt	LN:1002683	M5:1615d0a6f8a5ff11274ba2e00b9487a1	UR:file:///goast/hemat_data/references/hg38_broad/Homo_sapiens_assembly38.masked.fasta
@SQ	SN:chr3_KI270937v1_alt	LN:165607	M5:39b5207a79f67fb863be3b2a5bed0963	UR:file:///goast/hemat_data/references/hg38_broad/Homo_sapiens_assembly38.masked.fasta
@SQ	SN:chr6_GL000256v2_alt	LN:4929269	M5:a80b1b3c21ac7e7b7acf75178ae3d83c	UR:file:///goast/hemat_data/references/hg38_broad/Homo_sapiens_assembly38.masked.fasta
@SQ	SN:chr19_GL949752v1_alt	LN:987100	M5:7d007a35ff02e56325881c68bb17b565	UR:file:///goast/hemat_data/references/hg38_broad/Homo_sapiens_assembly38.masked.fasta
@SQ	SN:chr6_KI270758v1_alt	LN:76752	M5:9d0d4a56d72f18d39c7a1094deb177a0	UR:file:///goast/hemat_data/references/hg38_broad/Homo_sapiens_assembly38.masked.fasta
@SQ	SN:chr19_GL949753v2_alt	LN:796479	M5:19162055ca3e800f14797b6cd37c1d4c	UR:file:///goast/hemat_data/references/hg38_broad/Homo_sapiens_assembly38.masked.fasta
@SQ	SN:chr19_KI270938v1_alt	LN:1066800	M5:9363b56f7b34fb35ab3400b1093f431a	UR:file:///goast/hemat_data/references/hg38_broad/Homo_sapiens_assembly38.masked.fasta
@SQ	SN:chrEBV	LN:171823	M5:6743bd63b3ff2b5b8985d8933c53290a	UR:file:///goast/hemat_data/references/hg38_broad/Homo_sapiens_assembly38.masked.fasta
@SQ	SN:chrUn_KN707606v1_decoy	LN:2200	M5:20c768ac79ca38077e5012ee0e5f8333	UR:file:///goast/hemat_data/references/hg38_broad/Homo_sapiens_assembly38.masked.fasta
@SQ	SN:chrUn_KN707607v1_decoy	LN:3033	M5:444cb839a910d9af9b5c5f013cb31063	UR:file:///goast/hemat_data/references/hg38_broad/Homo_sapiens_assembly38.masked.fasta
@SQ	SN:chrUn_KN707608v1_decoy	LN:3112	M5:bc263c9aacc51dabcb0ac4987c416a0a	UR:file:///goast/hemat_data/references/hg38_broad/Homo_sapiens_assembly38.masked.fasta
@SQ	SN:chrUn_KN707609v1_decoy	LN:1642	M5:ec7a95a8f6e3d63152c0b1f46601e2ee	UR:file:///goast/hemat_data/references/hg38_broad/Homo_sapiens_assembly38.masked.fasta
@SQ	SN:chrUn_KN707610v1_decoy	LN:1393	M5:441a56ef62eccbc2ec6d0384fe40367e	UR:file:///goast/hemat_data/references/hg38_broad/Homo_sapiens_assembly38.masked.fasta
@SQ	SN:chrUn_KN707611v1_decoy	LN:1103	M5:a5378db83cbffb5f31da4a549152cf80	UR:file:///goast/hemat_data/references/hg38_broad/Homo_sapiens_assembly38.masked.fasta
@SQ	SN:chrUn_KN707612v1_decoy	LN:1039	M5:4ac166fdb188d87a64b59e346fc040cf	UR:file:///goast/hemat_data/references/hg38_broad/Homo_sapiens_assembly38.masked.fasta
@SQ	SN:chrUn_KN707613v1_decoy	LN:1619	M5:af5b7705364129a1fdf718e223e8dfb3	UR:file:///goast/hemat_data/references/hg38_broad/Homo_sapiens_assembly38.masked.fasta
@SQ	SN:chrUn_KN707614v1_decoy	LN:3122	M5:67860fb1c59453dbaf2bc21834f76ff1	UR:file:///goast/hemat_data/references/hg38_broad/Homo_sapiens_assembly38.masked.fasta
@SQ	SN:chrUn_KN707615v1_decoy	LN:1934	M5:e8773170190290d21bf5c7bac36c73ee	UR:file:///goast/hemat_data/references/hg38_broad/Homo_sapiens_assembly38.masked.fasta
@SQ	SN:chrUn_KN707616v1_decoy	LN:3111	M5:9792c2376ee383fa1d0763ff6b391fd7	UR:file:///goast/hemat_data/references/hg38_broad/Homo_sapiens_assembly38.masked.fasta
@SQ	SN:chrUn_KN707617v1_decoy	LN:2545	M5:7d9f68ca65f2e9029ef8c2d352b6068d	UR:file:///goast/hemat_data/references/hg38_broad/Homo_sapiens_assembly38.masked.fasta
@SQ	SN:chrUn_KN707618v1_decoy	LN:2295	M5:dfec4823eafc51fe89a1c8a61a7861a2	UR:file:///goast/hemat_data/references/hg38_broad/Homo_sapiens_assembly38.masked.fasta
@SQ	SN:chrUn_KN707619v1_decoy	LN:1551	M5:f0f821c64e2f1339f4452cfabcd1a247	UR:file:///goast/hemat_data/references/hg38_broad/Homo_sapiens_assembly38.masked.fasta
@SQ	SN:chrUn_KN707620v1_decoy	LN:2046	M5:9e54f11658064725f046e3ffc7f5166e	UR:file:///goast/hemat_data/references/hg38_broad/Homo_sapiens_assembly38.masked.fasta
@SQ	SN:chrUn_KN707621v1_decoy	LN:1222	M5:4053fd7005d4e430ff32b9b0c9dda52d	UR:file:///goast/hemat_data/references/hg38_broad/Homo_sapiens_assembly38.masked.fasta
@SQ	SN:chrUn_KN707622v1_decoy	LN:1535	M5:393bc14f66f0af8c20fdd93b1a3dc78c	UR:file:///goast/hemat_data/references/hg38_broad/Homo_sapiens_assembly38.masked.fasta
@SQ	SN:chrUn_KN707623v1_decoy	LN:3784	M5:5da25a3d7060acf52ce5d2084d8922cc	UR:file:///goast/hemat_data/references/hg38_broad/Homo_sapiens_assembly38.masked.fasta
@SQ	SN:chrUn_KN707624v1_decoy	LN:1329	M5:18daae4566bfb62823b548ab88fa894a	UR:file:///goast/hemat_data/references/hg38_broad/Homo_sapiens_assembly38.masked.fasta
@SQ	SN:chrUn_KN707625v1_decoy	LN:1238	M5:8a05b8842f52e87406e28162b8fa7249	UR:file:///goast/hemat_data/references/hg38_broad/Homo_sapiens_assembly38.masked.fasta
@SQ	SN:chrUn_KN707626v1_decoy	LN:5623	M5:e6705349b3e2839fcd382596f831045d	UR:file:///goast/hemat_data/references/hg38_broad/Homo_sapiens_assembly38.masked.fasta
@SQ	SN:chrUn_KN707627v1_decoy	LN:5821	M5:cafc12fed95e40d4c1b441ad93f0493a	UR:file:///goast/hemat_data/references/hg38_broad/Homo_sapiens_assembly38.masked.fasta
@SQ	SN:chrUn_KN707628v1_decoy	LN:2960	M5:1e0a770fe11a74301ab4535bd9be16c2	UR:file:///goast/hemat_data/references/hg38_broad/Homo_sapiens_assembly38.masked.fasta
@SQ	SN:chrUn_KN707629v1_decoy	LN:1848	M5:5288216fe388c6966e89e6f8a3a5118e	UR:file:///goast/hemat_data/references/hg38_broad/Homo_sapiens_assembly38.masked.fasta
@SQ	SN:chrUn_KN707630v1_decoy	LN:2315	M5:1cab33f8538d939c751e2b2d9b01957a	UR:file:///goast/hemat_data/references/hg38_broad/Homo_sapiens_assembly38.masked.fasta
@SQ	SN:chrUn_KN707631v1_decoy	LN:1945	M5:099f236a02fe8e80d7f135727589bce1	UR:file:///goast/hemat_data/references/hg38_broad/Homo_sapiens_assembly38.masked.fasta
@SQ	SN:chrUn_KN707632v1_decoy	LN:1424	M5:a2e305f020577c5f7806c411f995402c	UR:file:///goast/hemat_data/references/hg38_broad/Homo_sapiens_assembly38.masked.fasta
@SQ	SN:chrUn_KN707633v1_decoy	LN:1274	M5:967deda0c966a0bcd27c6e047e18e7f3	UR:file:///goast/hemat_data/references/hg38_broad/Homo_sapiens_assembly38.masked.fasta
@SQ	SN:chrUn_KN707634v1_decoy	LN:1007	M5:093928d5a51ad63c286ec229982828ea	UR:file:///goast/hemat_data/references/hg38_broad/Homo_sapiens_assembly38.masked.fasta
@SQ	SN:chrUn_KN707635v1_decoy	LN:1414	M5:270f3e796a1b7c345e83762fa735bfe1	UR:file:///goast/hemat_data/references/hg38_broad/Homo_sapiens_assembly38.masked.fasta
@SQ	SN:chrUn_KN707636v1_decoy	LN:1725	M5:f00ca03da369b2dcf101bda70773022b	UR:file:///goast/hemat_data/references/hg38_broad/Homo_sapiens_assembly38.masked.fasta
@SQ	SN:chrUn_KN707637v1_decoy	LN:5354	M5:ecf9ac0af0f7009b8b4e5fa639e7fc97	UR:file:///goast/hemat_data/references/hg38_broad/Homo_sapiens_assembly38.masked.fasta
@SQ	SN:chrUn_KN707638v1_decoy	LN:2189	M5:5a928a8e7ad5ec7808ae7dbcc7ba72d8	UR:file:///goast/hemat_data/references/hg38_broad/Homo_sapiens_assembly38.masked.fasta
@SQ	SN:chrUn_KN707639v1_decoy	LN:1294	M5:692623b127f6621794d92bfc65f198f5	UR:file:///goast/hemat_data/references/hg38_broad/Homo_sapiens_assembly38.masked.fasta
@SQ	SN:chrUn_KN707640v1_decoy	LN:1831	M5:23d5c8473f768ca2c6a3eed843fc2cf2	UR:file:///goast/hemat_data/references/hg38_broad/Homo_sapiens_assembly38.masked.fasta
@SQ	SN:chrUn_KN707641v1_decoy	LN:1647	M5:09778e8253cf377911db86530bec54a4	UR:file:///goast/hemat_data/references/hg38_broad/Homo_sapiens_assembly38.masked.fasta
@SQ	SN:chrUn_KN707642v1_decoy	LN:2943	M5:6759f7bb4098b6eb0ec14f5c63369661	UR:file:///goast/hemat_data/references/hg38_broad/Homo_sapiens_assembly38.masked.fasta
@SQ	SN:chrUn_KN707643v1_decoy	LN:2857	M5:a6d7044f6c244253ec1e142bbb35d859	UR:file:///goast/hemat_data/references/hg38_broad/Homo_sapiens_assembly38.masked.fasta
@SQ	SN:chrUn_KN707644v1_decoy	LN:1030	M5:e3e8c02e17ebf79c0e90ce41a16ccedb	UR:file:///goast/hemat_data/references/hg38_broad/Homo_sapiens_assembly38.masked.fasta
@SQ	SN:chrUn_KN707645v1_decoy	LN:1070	M5:26882fb498a5b281266a48f82726a7c3	UR:file:///goast/hemat_data/references/hg38_broad/Homo_sapiens_assembly38.masked.fasta
@SQ	SN:chrUn_KN707646v1_decoy	LN:1735	M5:b120aeee1c12ed6986a9743badfcc505	UR:file:///goast/hemat_data/references/hg38_broad/Homo_sapiens_assembly38.masked.fasta
@SQ	SN:chrUn_KN707647v1_decoy	LN:1982	M5:d1d012b49d3cb20db627f6dd65326217	UR:file:///goast/hemat_data/references/hg38_broad/Homo_sapiens_assembly38.masked.fasta
@SQ	SN:chrUn_KN707648v1_decoy	LN:1564	M5:a4fae6ab9f74c3f1b2c0f8352e9a3519	UR:file:///goast/hemat_data/references/hg38_broad/Homo_sapiens_assembly38.masked.fasta
@SQ	SN:chrUn_KN707649v1_decoy	LN:1775	M5:4bcea8af13f18547fe066845bdc1c120	UR:file:///goast/hemat_data/references/hg38_broad/Homo_sapiens_assembly38.masked.fasta
@SQ	SN:chrUn_KN707650v1_decoy	LN:1540	M5:b4256e83f91ba0174562138c3b466a45	UR:file:///goast/hemat_data/references/hg38_broad/Homo_sapiens_assembly38.masked.fasta
@SQ	SN:chrUn_KN707651v1_decoy	LN:2013	M5:f7d9c80ab1716aee1a2237dce70b768a	UR:file:///goast/hemat_data/references/hg38_broad/Homo_sapiens_assembly38.masked.fasta
@SQ	SN:chrUn_KN707652v1_decoy	LN:1176	M5:4af9bb8c4125407fb9f03e5fc7798528	UR:file:///goast/hemat_data/references/hg38_broad/Homo_sapiens_assembly38.masked.fasta
@SQ	SN:chrUn_KN707653v1_decoy	LN:1890	M5:854efc081d295baa5a1efa0fe1f9bb3a	UR:file:///goast/hemat_data/references/hg38_broad/Homo_sapiens_assembly38.masked.fasta
@SQ	SN:chrUn_KN707654v1_decoy	LN:3644	M5:5c90649c1bc38e0b333381ac593252bb	UR:file:///goast/hemat_data/references/hg38_broad/Homo_sapiens_assembly38.masked.fasta
@SQ	SN:chrUn_KN707655v1_decoy	LN:2785	M5:407de1fa7cb87b88317888d98ea56599	UR:file:///goast/hemat_data/references/hg38_broad/Homo_sapiens_assembly38.masked.fasta
@SQ	SN:chrUn_KN707656v1_decoy	LN:1017	M5:f521affa49ef813fea48a8f5b1fa8e13	UR:file:///goast/hemat_data/references/hg38_broad/Homo_sapiens_assembly38.masked.fasta
@SQ	SN:chrUn_KN707657v1_decoy	LN:1068	M5:478f244a134bc02c1c51f63009626864	UR:file:///goast/hemat_data/references/hg38_broad/Homo_sapiens_assembly38.masked.fasta
@SQ	SN:chrUn_KN707658v1_decoy	LN:1007	M5:f4ce5e4a861ab83037e05e271e74497b	UR:file:///goast/hemat_data/references/hg38_broad/Homo_sapiens_assembly38.masked.fasta
@SQ	SN:chrUn_KN707659v1_decoy	LN:2605	M5:5c8b18731c2eeda273e0caaf2e878654	UR:file:///goast/hemat_data/references/hg38_broad/Homo_sapiens_assembly38.masked.fasta
@SQ	SN:chrUn_KN707660v1_decoy	LN:8410	M5:b581d341cdf7f17875e60e3da33c398b	UR:file:///goast/hemat_data/references/hg38_broad/Homo_sapiens_assembly38.masked.fasta
@SQ	SN:chrUn_KN707661v1_decoy	LN:5534	M5:fd57c53936fe1011e42fc08ef3ff65c5	UR:file:///goast/hemat_data/references/hg38_broad/Homo_sapiens_assembly38.masked.fasta
@SQ	SN:chrUn_KN707662v1_decoy	LN:2173	M5:5ca2d18676a26044b213465e1e6ac206	UR:file:///goast/hemat_data/references/hg38_broad/Homo_sapiens_assembly38.masked.fasta
@SQ	SN:chrUn_KN707663v1_decoy	LN:1065	M5:07cb60b1a2ff813eed23c7cc4128baa7	UR:file:///goast/hemat_data/references/hg38_broad/Homo_sapiens_assembly38.masked.fasta
@SQ	SN:chrUn_KN707664v1_decoy	LN:8683	M5:ac12df9c6d81003f812323327f937147	UR:file:///goast/hemat_data/references/hg38_broad/Homo_sapiens_assembly38.masked.fasta
@SQ	SN:chrUn_KN707665v1_decoy	LN:2670	M5:366d796fda2fe9f8baadd88deddf9dca	UR:file:///goast/hemat_data/references/hg38_broad/Homo_sapiens_assembly38.masked.fasta
@SQ	SN:chrUn_KN707666v1_decoy	LN:2420	M5:b5c696c469b2e831e8a5e8e87c6813e8	UR:file:///goast/hemat_data/references/hg38_broad/Homo_sapiens_assembly38.masked.fasta
@SQ	SN:chrUn_KN707667v1_decoy	LN:2189	M5:1f055f8a1a1f8c356b45cfcbd6db6713	UR:file:///goast/hemat_data/references/hg38_broad/Homo_sapiens_assembly38.masked.fasta
@SQ	SN:chrUn_KN707668v1_decoy	LN:2093	M5:839cff5bd33068228bd1031bf8be9a64	UR:file:///goast/hemat_data/references/hg38_broad/Homo_sapiens_assembly38.masked.fasta
@SQ	SN:chrUn_KN707669v1_decoy	LN:1184	M5:ad69f6deb582834c638527c565c4de2e	UR:file:///goast/hemat_data/references/hg38_broad/Homo_sapiens_assembly38.masked.fasta
@SQ	SN:chrUn_KN707670v1_decoy	LN:1205	M5:aa9070a191ece87a421285b5be2e8b68	UR:file:///goast/hemat_data/references/hg38_broad/Homo_sapiens_assembly38.masked.fasta
@SQ	SN:chrUn_KN707671v1_decoy	LN:2786	M5:28c96decb9c1d76b9a76b1ee75e2421d	UR:file:///goast/hemat_data/references/hg38_broad/Homo_sapiens_assembly38.masked.fasta
@SQ	SN:chrUn_KN707672v1_decoy	LN:2794	M5:4d547ee98d0678f832df5c46f91604aa	UR:file:///goast/hemat_data/references/hg38_broad/Homo_sapiens_assembly38.masked.fasta
@SQ	SN:chrUn_KN707673v1_decoy	LN:19544	M5:2d2080522d0d729d94c7d73eda00c62a	UR:file:///goast/hemat_data/references/hg38_broad/Homo_sapiens_assembly38.masked.fasta
@SQ	SN:chrUn_KN707674v1_decoy	LN:2848	M5:9182728e5875ee5cfba2c524c997fcbe	UR:file:///goast/hemat_data/references/hg38_broad/Homo_sapiens_assembly38.masked.fasta
@SQ	SN:chrUn_KN707675v1_decoy	LN:10556	M5:021a0164c68fd77f51bead9e2c4e9cea	UR:file:///goast/hemat_data/references/hg38_broad/Homo_sapiens_assembly38.masked.fasta
@SQ	SN:chrUn_KN707676v1_decoy	LN:9066	M5:c8c71f6c1f2612fed812e69c737ca6ce	UR:file:///goast/hemat_data/references/hg38_broad/Homo_sapiens_assembly38.masked.fasta
@SQ	SN:chrUn_KN707677v1_decoy	LN:7267	M5:0e929202e653306730239e7dbea8a861	UR:file:///goast/hemat_data/references/hg38_broad/Homo_sapiens_assembly38.masked.fasta
@SQ	SN:chrUn_KN707678v1_decoy	LN:2462	M5:21e3c2e28a7980351470a14a0d48160c	UR:file:///goast/hemat_data/references/hg38_broad/Homo_sapiens_assembly38.masked.fasta
@SQ	SN:chrUn_KN707679v1_decoy	LN:1774	M5:9f0f7ecdb5b097f83aab97fff76127d0	UR:file:///goast/hemat_data/references/hg38_broad/Homo_sapiens_assembly38.masked.fasta
@SQ	SN:chrUn_KN707680v1_decoy	LN:1297	M5:3eab486a1f41712d26b8c251ad9dbff1	UR:file:///goast/hemat_data/references/hg38_broad/Homo_sapiens_assembly38.masked.fasta
@SQ	SN:chrUn_KN707681v1_decoy	LN:4379	M5:04aec18ad103fe46337c6643d0eaca0c	UR:file:///goast/hemat_data/references/hg38_broad/Homo_sapiens_assembly38.masked.fasta
@SQ	SN:chrUn_KN707682v1_decoy	LN:4208	M5:b413a0a980c7752db350c74c5f97937b	UR:file:///goast/hemat_data/references/hg38_broad/Homo_sapiens_assembly38.masked.fasta
@SQ	SN:chrUn_KN707683v1_decoy	LN:4068	M5:80a8f28af2c872b62345c85f6217dea7	UR:file:///goast/hemat_data/references/hg38_broad/Homo_sapiens_assembly38.masked.fasta
@SQ	SN:chrUn_KN707684v1_decoy	LN:2940	M5:774582f989e0cda16927addcf0ece955	UR:file:///goast/hemat_data/references/hg38_broad/Homo_sapiens_assembly38.masked.fasta
@SQ	SN:chrUn_KN707685v1_decoy	LN:3938	M5:cd0020e224ec3edc01ecdfd648f4099d	UR:file:///goast/hemat_data/references/hg38_broad/Homo_sapiens_assembly38.masked.fasta
@SQ	SN:chrUn_KN707686v1_decoy	LN:2072	M5:879ef8f0e126b3f557a0170b71459c6e	UR:file:///goast/hemat_data/references/hg38_broad/Homo_sapiens_assembly38.masked.fasta
@SQ	SN:chrUn_KN707687v1_decoy	LN:1136	M5:69aff37696b0d4542e56fcf9ad9af43c	UR:file:///goast/hemat_data/references/hg38_broad/Homo_sapiens_assembly38.masked.fasta
@SQ	SN:chrUn_KN707688v1_decoy	LN:4248	M5:d301756f721c9141f1216e52fa4003da	UR:file:///goast/hemat_data/references/hg38_broad/Homo_sapiens_assembly38.masked.fasta
@SQ	SN:chrUn_KN707689v1_decoy	LN:5823	M5:f29516cc0ba82ac48516c65b100b2255	UR:file:///goast/hemat_data/references/hg38_broad/Homo_sapiens_assembly38.masked.fasta
@SQ	SN:chrUn_KN707690v1_decoy	LN:3715	M5:a154584ab9547c044251e469591cfd94	UR:file:///goast/hemat_data/references/hg38_broad/Homo_sapiens_assembly38.masked.fasta
@SQ	SN:chrUn_KN707691v1_decoy	LN:4885	M5:ab7f60b71af56c68e4a0f56174c90e4e	UR:file:///goast/hemat_data/references/hg38_broad/Homo_sapiens_assembly38.masked.fasta
@SQ	SN:chrUn_KN707692v1_decoy	LN:4813	M5:e8f5365670fcf6e3612d2e77ba943aaf	UR:file:///goast/hemat_data/references/hg38_broad/Homo_sapiens_assembly38.masked.fasta
@SQ	SN:chrUn_KN707693v1_decoy	LN:2899	M5:3cf4cd0669a4fc846ef0aa0aac7cb739	UR:file:///goast/hemat_data/references/hg38_broad/Homo_sapiens_assembly38.masked.fasta
@SQ	SN:chrUn_KN707694v1_decoy	LN:1228	M5:38a9e18c0e3208c8b593dc4fdf118a9c	UR:file:///goast/hemat_data/references/hg38_broad/Homo_sapiens_assembly38.masked.fasta
@SQ	SN:chrUn_KN707695v1_decoy	LN:3119	M5:ba7aa2faa9f2fad7ad94f0acd152e6f6	UR:file:///goast/hemat_data/references/hg38_broad/Homo_sapiens_assembly38.masked.fasta
@SQ	SN:chrUn_KN707696v1_decoy	LN:3828	M5:4b39179f8d3eefee8f4865bf6d11dd9c	UR:file:///goast/hemat_data/references/hg38_broad/Homo_sapiens_assembly38.masked.fasta
@SQ	SN:chrUn_KN707697v1_decoy	LN:1186	M5:0b3eecab59c656d96325f01e70a906c4	UR:file:///goast/hemat_data/references/hg38_broad/Homo_sapiens_assembly38.masked.fasta
@SQ	SN:chrUn_KN707698v1_decoy	LN:1908	M5:708018246fdce7d4b8f47502bfdbc3a9	UR:file:///goast/hemat_data/references/hg38_broad/Homo_sapiens_assembly38.masked.fasta
@SQ	SN:chrUn_KN707699v1_decoy	LN:2795	M5:001979586db1b719cca6d3dc0e50e71c	UR:file:///goast/hemat_data/references/hg38_broad/Homo_sapiens_assembly38.masked.fasta
@SQ	SN:chrUn_KN707700v1_decoy	LN:3703	M5:5c692cc6be5262461fdbba8574e6ff40	UR:file:///goast/hemat_data/references/hg38_broad/Homo_sapiens_assembly38.masked.fasta
@SQ	SN:chrUn_KN707701v1_decoy	LN:6722	M5:378424a19c93bf19eb0f565cba923eb1	UR:file:///goast/hemat_data/references/hg38_broad/Homo_sapiens_assembly38.masked.fasta
@SQ	SN:chrUn_KN707702v1_decoy	LN:6466	M5:1b5a6efaa31d7974dffe73fc4bb88349	UR:file:///goast/hemat_data/references/hg38_broad/Homo_sapiens_assembly38.masked.fasta
@SQ	SN:chrUn_KN707703v1_decoy	LN:2235	M5:c045d23c4c9497849b45c45423f705ec	UR:file:///goast/hemat_data/references/hg38_broad/Homo_sapiens_assembly38.masked.fasta
@SQ	SN:chrUn_KN707704v1_decoy	LN:2871	M5:b44844f0650f1953d042b7b0c9740cb0	UR:file:///goast/hemat_data/references/hg38_broad/Homo_sapiens_assembly38.masked.fasta
@SQ	SN:chrUn_KN707705v1_decoy	LN:4632	M5:6c1d769d4a84500b2eefafe1cf460164	UR:file:///goast/hemat_data/references/hg38_broad/Homo_sapiens_assembly38.masked.fasta
@SQ	SN:chrUn_KN707706v1_decoy	LN:4225	M5:d37d4a4d41be60f45aa967ecac1a0c5c	UR:file:///goast/hemat_data/references/hg38_broad/Homo_sapiens_assembly38.masked.fasta
@SQ	SN:chrUn_KN707707v1_decoy	LN:4339	M5:ffcd631ed0bf56e54cd72ed51c70fa3c	UR:file:///goast/hemat_data/references/hg38_broad/Homo_sapiens_assembly38.masked.fasta
@SQ	SN:chrUn_KN707708v1_decoy	LN:2305	M5:6ebdd668b564460303637164213d0dff	UR:file:///goast/hemat_data/references/hg38_broad/Homo_sapiens_assembly38.masked.fasta
@SQ	SN:chrUn_KN707709v1_decoy	LN:3273	M5:3531b30c5833b2f37585aeabefeafe36	UR:file:///goast/hemat_data/references/hg38_broad/Homo_sapiens_assembly38.masked.fasta
@SQ	SN:chrUn_KN707710v1_decoy	LN:5701	M5:943eba7b0fd71418d0ef4ab2bdcc3f14	UR:file:///goast/hemat_data/references/hg38_broad/Homo_sapiens_assembly38.masked.fasta
@SQ	SN:chrUn_KN707711v1_decoy	LN:4154	M5:8e6daf77c80fc9e8710c6732e9d72918	UR:file:///goast/hemat_data/references/hg38_broad/Homo_sapiens_assembly38.masked.fasta
@SQ	SN:chrUn_KN707712v1_decoy	LN:1243	M5:65e4a30840d6420ebc8b7681d38ae431	UR:file:///goast/hemat_data/references/hg38_broad/Homo_sapiens_assembly38.masked.fasta
@SQ	SN:chrUn_KN707713v1_decoy	LN:1308	M5:d9aafcd2c4b12f82a113eb5418d120ce	UR:file:///goast/hemat_data/references/hg38_broad/Homo_sapiens_assembly38.masked.fasta
@SQ	SN:chrUn_KN707714v1_decoy	LN:2922	M5:4904d632dac614c608b8b7e3478dc3f4	UR:file:///goast/hemat_data/references/hg38_broad/Homo_sapiens_assembly38.masked.fasta
@SQ	SN:chrUn_KN707715v1_decoy	LN:3044	M5:15707c34a9803e1349a621fef2605913	UR:file:///goast/hemat_data/references/hg38_broad/Homo_sapiens_assembly38.masked.fasta
@SQ	SN:chrUn_KN707716v1_decoy	LN:2888	M5:68339f161a66b364c5e9ffed664272f1	UR:file:///goast/hemat_data/references/hg38_broad/Homo_sapiens_assembly38.masked.fasta
@SQ	SN:chrUn_KN707717v1_decoy	LN:1742	M5:1fd1325fe768dfe31d9199ee60b60206	UR:file:///goast/hemat_data/references/hg38_broad/Homo_sapiens_assembly38.masked.fasta
@SQ	SN:chrUn_KN707718v1_decoy	LN:4969	M5:454864584e92f6e195416ac9f9a8ee38	UR:file:///goast/hemat_data/references/hg38_broad/Homo_sapiens_assembly38.masked.fasta
@SQ	SN:chrUn_KN707719v1_decoy	LN:3270	M5:10feb2ed6ea7480290058dfc77385541	UR:file:///goast/hemat_data/references/hg38_broad/Homo_sapiens_assembly38.masked.fasta
@SQ	SN:chrUn_KN707720v1_decoy	LN:6028	M5:ab8f184e44faa3d93d59d9e3beba3acc	UR:file:///goast/hemat_data/references/hg38_broad/Homo_sapiens_assembly38.masked.fasta
@SQ	SN:chrUn_KN707721v1_decoy	LN:1105	M5:97e3e0ba281c40270062097594c95b2c	UR:file:///goast/hemat_data/references/hg38_broad/Homo_sapiens_assembly38.masked.fasta
@SQ	SN:chrUn_KN707722v1_decoy	LN:2884	M5:983f9666298bffa6bb3bc09593f83ab7	UR:file:///goast/hemat_data/references/hg38_broad/Homo_sapiens_assembly38.masked.fasta
@SQ	SN:chrUn_KN707723v1_decoy	LN:1124	M5:d1d03191a7579c36409ca1686af957c9	UR:file:///goast/hemat_data/references/hg38_broad/Homo_sapiens_assembly38.masked.fasta
@SQ	SN:chrUn_KN707724v1_decoy	LN:1454	M5:648298f5e7a06c49b911d520d02036f5	UR:file:///goast/hemat_data/references/hg38_broad/Homo_sapiens_assembly38.masked.fasta
@SQ	SN:chrUn_KN707725v1_decoy	LN:2565	M5:507d9e32ff14b42ffc67abc3e66f8420	UR:file:///goast/hemat_data/references/hg38_broad/Homo_sapiens_assembly38.masked.fasta
@SQ	SN:chrUn_KN707726v1_decoy	LN:2149	M5:2cc36819133158e39f0ec48e7cadeb08	UR:file:///goast/hemat_data/references/hg38_broad/Homo_sapiens_assembly38.masked.fasta
@SQ	SN:chrUn_KN707727v1_decoy	LN:2630	M5:2ce79b6f499673a5546b3b608cc6d262	UR:file:///goast/hemat_data/references/hg38_broad/Homo_sapiens_assembly38.masked.fasta
@SQ	SN:chrUn_KN707728v1_decoy	LN:14625	M5:5c193cc3e52b61477ff6efd7d6bf1168	UR:file:///goast/hemat_data/references/hg38_broad/Homo_sapiens_assembly38.masked.fasta
@SQ	SN:chrUn_KN707729v1_decoy	LN:7431	M5:a6530e653f0ed096c60f6d44f83a5ac3	UR:file:///goast/hemat_data/references/hg38_broad/Homo_sapiens_assembly38.masked.fasta
@SQ	SN:chrUn_KN707730v1_decoy	LN:5776	M5:8131fcdd109e0c725a9cd0f4dc240efa	UR:file:///goast/hemat_data/references/hg38_broad/Homo_sapiens_assembly38.masked.fasta
@SQ	SN:chrUn_KN707731v1_decoy	LN:4820	M5:e86dbde0af3f5ba60b0ca212f4e51b75	UR:file:///goast/hemat_data/references/hg38_broad/Homo_sapiens_assembly38.masked.fasta
@SQ	SN:chrUn_KN707732v1_decoy	LN:1227	M5:326c77e23881e6196b8441b3a96fc1d5	UR:file:///goast/hemat_data/references/hg38_broad/Homo_sapiens_assembly38.masked.fasta
@SQ	SN:chrUn_KN707733v1_decoy	LN:7503	M5:c633c411b0c6959cc08d71120f604c30	UR:file:///goast/hemat_data/references/hg38_broad/Homo_sapiens_assembly38.masked.fasta
@SQ	SN:chrUn_KN707734v1_decoy	LN:9652	M5:97472a33b38a6285aadc3ea8e200a0c1	UR:file:///goast/hemat_data/references/hg38_broad/Homo_sapiens_assembly38.masked.fasta
@SQ	SN:chrUn_KN707735v1_decoy	LN:1091	M5:8eb7237ab5103bf046f0b4fd8956e506	UR:file:///goast/hemat_data/references/hg38_broad/Homo_sapiens_assembly38.masked.fasta
@SQ	SN:chrUn_KN707736v1_decoy	LN:2467	M5:90141a455f60c4f02dc064d0200707c2	UR:file:///goast/hemat_data/references/hg38_broad/Homo_sapiens_assembly38.masked.fasta
@SQ	SN:chrUn_KN707737v1_decoy	LN:1270	M5:40c2e03cacd0e24267f2f495997de86f	UR:file:///goast/hemat_data/references/hg38_broad/Homo_sapiens_assembly38.masked.fasta
@SQ	SN:chrUn_KN707738v1_decoy	LN:4365	M5:5a1da2ab0c8d8ec4e368ecdcb314a951	UR:file:///goast/hemat_data/references/hg38_broad/Homo_sapiens_assembly38.masked.fasta
@SQ	SN:chrUn_KN707739v1_decoy	LN:4284	M5:62bdd88183d94495bcb948a7c17e045c	UR:file:///goast/hemat_data/references/hg38_broad/Homo_sapiens_assembly38.masked.fasta
@SQ	SN:chrUn_KN707740v1_decoy	LN:10282	M5:d20046e860cc9e220ba67181d6317b0c	UR:file:///goast/hemat_data/references/hg38_broad/Homo_sapiens_assembly38.masked.fasta
@SQ	SN:chrUn_KN707741v1_decoy	LN:5601	M5:8eedf1585943eb4a63b18a14c9d60e08	UR:file:///goast/hemat_data/references/hg38_broad/Homo_sapiens_assembly38.masked.fasta
@SQ	SN:chrUn_KN707742v1_decoy	LN:4758	M5:453aaa1ccce2e7bcd76462fc6fb82810	UR:file:///goast/hemat_data/references/hg38_broad/Homo_sapiens_assembly38.masked.fasta
@SQ	SN:chrUn_KN707743v1_decoy	LN:1624	M5:6b23b3de3fd00f6eae35fa84c9f0a1f3	UR:file:///goast/hemat_data/references/hg38_broad/Homo_sapiens_assembly38.masked.fasta
@SQ	SN:chrUn_KN707744v1_decoy	LN:4024	M5:a5fc63b6fa7d72420c481475f1a9b25b	UR:file:///goast/hemat_data/references/hg38_broad/Homo_sapiens_assembly38.masked.fasta
@SQ	SN:chrUn_KN707745v1_decoy	LN:1276	M5:1aa689253b47a87a0497755453cc3064	UR:file:///goast/hemat_data/references/hg38_broad/Homo_sapiens_assembly38.masked.fasta
@SQ	SN:chrUn_KN707746v1_decoy	LN:5083	M5:4df51fadbde93b81c9ce73ae34ad299d	UR:file:///goast/hemat_data/references/hg38_broad/Homo_sapiens_assembly38.masked.fasta
@SQ	SN:chrUn_KN707747v1_decoy	LN:2075	M5:b020b9e14b2329811d8020661a1b223b	UR:file:///goast/hemat_data/references/hg38_broad/Homo_sapiens_assembly38.masked.fasta
@SQ	SN:chrUn_KN707748v1_decoy	LN:3553	M5:3aae97b73e2f50aa215741927751caf2	UR:file:///goast/hemat_data/references/hg38_broad/Homo_sapiens_assembly38.masked.fasta
@SQ	SN:chrUn_KN707749v1_decoy	LN:7010	M5:5f573deb341bf1ebc60148d185f3863b	UR:file:///goast/hemat_data/references/hg38_broad/Homo_sapiens_assembly38.masked.fasta
@SQ	SN:chrUn_KN707750v1_decoy	LN:4718	M5:c90f362bf73d35d5b7ecc0df55b8e7f3	UR:file:///goast/hemat_data/references/hg38_broad/Homo_sapiens_assembly38.masked.fasta
@SQ	SN:chrUn_KN707751v1_decoy	LN:3546	M5:0a4232c675b33b2779a9f54185a01bf8	UR:file:///goast/hemat_data/references/hg38_broad/Homo_sapiens_assembly38.masked.fasta
@SQ	SN:chrUn_KN707752v1_decoy	LN:2873	M5:dffaf05b9fdcf311b6631694c9a7f721	UR:file:///goast/hemat_data/references/hg38_broad/Homo_sapiens_assembly38.masked.fasta
@SQ	SN:chrUn_KN707753v1_decoy	LN:2144	M5:f62da5d7fb084c6276e9144911369e38	UR:file:///goast/hemat_data/references/hg38_broad/Homo_sapiens_assembly38.masked.fasta
@SQ	SN:chrUn_KN707754v1_decoy	LN:2243	M5:c01ba9f403c104a17c7a56c2e246402b	UR:file:///goast/hemat_data/references/hg38_broad/Homo_sapiens_assembly38.masked.fasta
@SQ	SN:chrUn_KN707755v1_decoy	LN:5343	M5:fc0967e1b54e87ee9e6649ee9e135bfd	UR:file:///goast/hemat_data/references/hg38_broad/Homo_sapiens_assembly38.masked.fasta
@SQ	SN:chrUn_KN707756v1_decoy	LN:4877	M5:7cddadbee2311357be0a6cbc21b7c3ac	UR:file:///goast/hemat_data/references/hg38_broad/Homo_sapiens_assembly38.masked.fasta
@SQ	SN:chrUn_KN707757v1_decoy	LN:3034	M5:8bbd8d0206582bdd7ff0d98834c11701	UR:file:///goast/hemat_data/references/hg38_broad/Homo_sapiens_assembly38.masked.fasta
@SQ	SN:chrUn_KN707758v1_decoy	LN:2826	M5:d1fe878facfdb974e00aa366bf3f6574	UR:file:///goast/hemat_data/references/hg38_broad/Homo_sapiens_assembly38.masked.fasta
@SQ	SN:chrUn_KN707759v1_decoy	LN:1221	M5:f538752a6b30c7db1def6888006fdf82	UR:file:///goast/hemat_data/references/hg38_broad/Homo_sapiens_assembly38.masked.fasta
@SQ	SN:chrUn_KN707760v1_decoy	LN:1169	M5:45388eebdbbcd5727ecb94a69d2b09dc	UR:file:///goast/hemat_data/references/hg38_broad/Homo_sapiens_assembly38.masked.fasta
@SQ	SN:chrUn_KN707761v1_decoy	LN:2319	M5:880e2410158ce2b1647e1b9d4e80632e	UR:file:///goast/hemat_data/references/hg38_broad/Homo_sapiens_assembly38.masked.fasta
@SQ	SN:chrUn_KN707762v1_decoy	LN:3450	M5:1a94da832f9b0b1e2cf7e642869d2b68	UR:file:///goast/hemat_data/references/hg38_broad/Homo_sapiens_assembly38.masked.fasta
@SQ	SN:chrUn_KN707763v1_decoy	LN:2674	M5:98597e188d3ba588151f6808ded88a91	UR:file:///goast/hemat_data/references/hg38_broad/Homo_sapiens_assembly38.masked.fasta
@SQ	SN:chrUn_KN707764v1_decoy	LN:3912	M5:5b188ee33158e7afbe044f110d28e434	UR:file:///goast/hemat_data/references/hg38_broad/Homo_sapiens_assembly38.masked.fasta
@SQ	SN:chrUn_KN707765v1_decoy	LN:6020	M5:487d6332ace17c42a8f64aa9adf10de4	UR:file:///goast/hemat_data/references/hg38_broad/Homo_sapiens_assembly38.masked.fasta
@SQ	SN:chrUn_KN707766v1_decoy	LN:2303	M5:05f988a4a7180849c6c81602c29279eb	UR:file:///goast/hemat_data/references/hg38_broad/Homo_sapiens_assembly38.masked.fasta
@SQ	SN:chrUn_KN707767v1_decoy	LN:2552	M5:4f8579ec6353f301ef8362afb14c9e1c	UR:file:///goast/hemat_data/references/hg38_broad/Homo_sapiens_assembly38.masked.fasta
@SQ	SN:chrUn_KN707768v1_decoy	LN:3656	M5:dd57001db92b45e0677136beb49e978d	UR:file:///goast/hemat_data/references/hg38_broad/Homo_sapiens_assembly38.masked.fasta
@SQ	SN:chrUn_KN707769v1_decoy	LN:1591	M5:cae5200b9ceb32d63e9183210ec694c1	UR:file:///goast/hemat_data/references/hg38_broad/Homo_sapiens_assembly38.masked.fasta
@SQ	SN:chrUn_KN707770v1_decoy	LN:1209	M5:fde0c42984e1da0ba9aada4b168c4913	UR:file:///goast/hemat_data/references/hg38_broad/Homo_sapiens_assembly38.masked.fasta
@SQ	SN:chrUn_KN707771v1_decoy	LN:3176	M5:e48eeb05bf1913704ee94aad24e95e39	UR:file:///goast/hemat_data/references/hg38_broad/Homo_sapiens_assembly38.masked.fasta
@SQ	SN:chrUn_KN707772v1_decoy	LN:8915	M5:e41a1182f28ef302e03876ec46b7ba76	UR:file:///goast/hemat_data/references/hg38_broad/Homo_sapiens_assembly38.masked.fasta
@SQ	SN:chrUn_KN707773v1_decoy	LN:4902	M5:61cb73463b0096ce7f34215a0e9c7d2b	UR:file:///goast/hemat_data/references/hg38_broad/Homo_sapiens_assembly38.masked.fasta
@SQ	SN:chrUn_KN707774v1_decoy	LN:3324	M5:d0d739ef87156a3f1b0083d560547169	UR:file:///goast/hemat_data/references/hg38_broad/Homo_sapiens_assembly38.masked.fasta
@SQ	SN:chrUn_KN707775v1_decoy	LN:5997	M5:b23670b667f938d11721f9239ce46676	UR:file:///goast/hemat_data/references/hg38_broad/Homo_sapiens_assembly38.masked.fasta
@SQ	SN:chrUn_KN707776v1_decoy	LN:2618	M5:51e373cda128d4d44cf38c8c0057966c	UR:file:///goast/hemat_data/references/hg38_broad/Homo_sapiens_assembly38.masked.fasta
@SQ	SN:chrUn_KN707777v1_decoy	LN:10311	M5:c35ba91babc524c1b3270599ece90957	UR:file:///goast/hemat_data/references/hg38_broad/Homo_sapiens_assembly38.masked.fasta
@SQ	SN:chrUn_KN707778v1_decoy	LN:2440	M5:f3bed9c00d53e9777a38a27156dd1659	UR:file:///goast/hemat_data/references/hg38_broad/Homo_sapiens_assembly38.masked.fasta
@SQ	SN:chrUn_KN707779v1_decoy	LN:12444	M5:bf5be5d1c5a27ad4ae37d468d9bf5990	UR:file:///goast/hemat_data/references/hg38_broad/Homo_sapiens_assembly38.masked.fasta
@SQ	SN:chrUn_KN707780v1_decoy	LN:5691	M5:2813badf81db953a968eb7d49bc2882f	UR:file:///goast/hemat_data/references/hg38_broad/Homo_sapiens_assembly38.masked.fasta
@SQ	SN:chrUn_KN707781v1_decoy	LN:2717	M5:0a1557b49527e901599bd44d72da8e1b	UR:file:///goast/hemat_data/references/hg38_broad/Homo_sapiens_assembly38.masked.fasta
@SQ	SN:chrUn_KN707782v1_decoy	LN:5277	M5:4061182ba5da9755a2a25e68a304ac01	UR:file:///goast/hemat_data/references/hg38_broad/Homo_sapiens_assembly38.masked.fasta
@SQ	SN:chrUn_KN707783v1_decoy	LN:4373	M5:3eef41e80ceccdcb21b9dba8a2cbca5a	UR:file:///goast/hemat_data/references/hg38_broad/Homo_sapiens_assembly38.masked.fasta
@SQ	SN:chrUn_KN707784v1_decoy	LN:3224	M5:ef2e57d4220e2cf9680eb6cb27022a8e	UR:file:///goast/hemat_data/references/hg38_broad/Homo_sapiens_assembly38.masked.fasta
@SQ	SN:chrUn_KN707785v1_decoy	LN:2631	M5:3ae2eacb39d96c2b69c8036fa48550e2	UR:file:///goast/hemat_data/references/hg38_broad/Homo_sapiens_assembly38.masked.fasta
@SQ	SN:chrUn_KN707786v1_decoy	LN:5385	M5:cba39df25869787d7270324f4c2e11be	UR:file:///goast/hemat_data/references/hg38_broad/Homo_sapiens_assembly38.masked.fasta
@SQ	SN:chrUn_KN707787v1_decoy	LN:3678	M5:ee5041cbefd1339ffe625fe56a2ad8fd	UR:file:///goast/hemat_data/references/hg38_broad/Homo_sapiens_assembly38.masked.fasta
@SQ	SN:chrUn_KN707788v1_decoy	LN:1412	M5:cd5878fb701bca2a77f7f0479ada562a	UR:file:///goast/hemat_data/references/hg38_broad/Homo_sapiens_assembly38.masked.fasta
@SQ	SN:chrUn_KN707789v1_decoy	LN:1443	M5:098268af4ad1b71ed7dbf4648ea026a4	UR:file:///goast/hemat_data/references/hg38_broad/Homo_sapiens_assembly38.masked.fasta
@SQ	SN:chrUn_KN707790v1_decoy	LN:1098	M5:437c3cf69fd5e7568ba6cd5302f1b0e4	UR:file:///goast/hemat_data/references/hg38_broad/Homo_sapiens_assembly38.masked.fasta
@SQ	SN:chrUn_KN707791v1_decoy	LN:3240	M5:b4243a9c38158ab50bf873d91a699467	UR:file:///goast/hemat_data/references/hg38_broad/Homo_sapiens_assembly38.masked.fasta
@SQ	SN:chrUn_KN707792v1_decoy	LN:1915	M5:44e6058f98843778f5708a68a650bd10	UR:file:///goast/hemat_data/references/hg38_broad/Homo_sapiens_assembly38.masked.fasta
@SQ	SN:chrUn_KN707793v1_decoy	LN:4667	M5:1664dafd7db46e3d2e9257978a3c0282	UR:file:///goast/hemat_data/references/hg38_broad/Homo_sapiens_assembly38.masked.fasta
@SQ	SN:chrUn_KN707794v1_decoy	LN:7219	M5:69855847368a4c0722753f3097f73427	UR:file:///goast/hemat_data/references/hg38_broad/Homo_sapiens_assembly38.masked.fasta
@SQ	SN:chrUn_KN707795v1_decoy	LN:3277	M5:21882b529bd5fd85dd805de6c51c1d58	UR:file:///goast/hemat_data/references/hg38_broad/Homo_sapiens_assembly38.masked.fasta
@SQ	SN:chrUn_KN707796v1_decoy	LN:3473	M5:386834c5cf2dacec8dc5f75898909eb2	UR:file:///goast/hemat_data/references/hg38_broad/Homo_sapiens_assembly38.masked.fasta
@SQ	SN:chrUn_KN707797v1_decoy	LN:4243	M5:4d8a0b4dee134f88bc4604b841d38ec4	UR:file:///goast/hemat_data/references/hg38_broad/Homo_sapiens_assembly38.masked.fasta
@SQ	SN:chrUn_KN707798v1_decoy	LN:17599	M5:6ab64c474c333b7a8e0aaf72d39306a2	UR:file:///goast/hemat_data/references/hg38_broad/Homo_sapiens_assembly38.masked.fasta
@SQ	SN:chrUn_KN707799v1_decoy	LN:5095	M5:f1c458ebccd70c843cec05e23921bbf6	UR:file:///goast/hemat_data/references/hg38_broad/Homo_sapiens_assembly38.masked.fasta
@SQ	SN:chrUn_KN707800v1_decoy	LN:2237	M5:0feef89c01eacd296069717f5c7a7c71	UR:file:///goast/hemat_data/references/hg38_broad/Homo_sapiens_assembly38.masked.fasta
@SQ	SN:chrUn_KN707801v1_decoy	LN:2901	M5:27662470b962dfea212da33f14909142	UR:file:///goast/hemat_data/references/hg38_broad/Homo_sapiens_assembly38.masked.fasta
@SQ	SN:chrUn_KN707802v1_decoy	LN:2666	M5:1eb4be22c4e6d37a91facfb3025520b6	UR:file:///goast/hemat_data/references/hg38_broad/Homo_sapiens_assembly38.masked.fasta
@SQ	SN:chrUn_KN707803v1_decoy	LN:5336	M5:db6d33944d47e02a8df7cda94a1e996c	UR:file:///goast/hemat_data/references/hg38_broad/Homo_sapiens_assembly38.masked.fasta
@SQ	SN:chrUn_KN707804v1_decoy	LN:4383	M5:bd1e2dc89c9dd82b43d3787afc9abe47	UR:file:///goast/hemat_data/references/hg38_broad/Homo_sapiens_assembly38.masked.fasta
@SQ	SN:chrUn_KN707805v1_decoy	LN:5446	M5:4103eb12b8c3ebec9cd8fe2f49b6d1e0	UR:file:///goast/hemat_data/references/hg38_broad/Homo_sapiens_assembly38.masked.fasta
@SQ	SN:chrUn_KN707806v1_decoy	LN:6252	M5:9218b0dc97e8ccb069eba3e9d676a995	UR:file:///goast/hemat_data/references/hg38_broad/Homo_sapiens_assembly38.masked.fasta
@SQ	SN:chrUn_KN707807v1_decoy	LN:4616	M5:4d717a57114c8f1b9b4ffb96edcd6615	UR:file:///goast/hemat_data/references/hg38_broad/Homo_sapiens_assembly38.masked.fasta
@SQ	SN:chrUn_KN707808v1_decoy	LN:3021	M5:eaaf056266a70e2a7be4db848d68672d	UR:file:///goast/hemat_data/references/hg38_broad/Homo_sapiens_assembly38.masked.fasta
@SQ	SN:chrUn_KN707809v1_decoy	LN:3667	M5:4c8c58d51417cec07e970c76f7b280d8	UR:file:///goast/hemat_data/references/hg38_broad/Homo_sapiens_assembly38.masked.fasta
@SQ	SN:chrUn_KN707810v1_decoy	LN:4563	M5:4bd16dfab458c175a83a781d1b602d8a	UR:file:///goast/hemat_data/references/hg38_broad/Homo_sapiens_assembly38.masked.fasta
@SQ	SN:chrUn_KN707811v1_decoy	LN:1120	M5:f63cbec018752a7584fd25ba859e6807	UR:file:///goast/hemat_data/references/hg38_broad/Homo_sapiens_assembly38.masked.fasta
@SQ	SN:chrUn_KN707812v1_decoy	LN:3845	M5:47464e332307f876b9138d74f8726752	UR:file:///goast/hemat_data/references/hg38_broad/Homo_sapiens_assembly38.masked.fasta
@SQ	SN:chrUn_KN707813v1_decoy	LN:2272	M5:c5516af17e36a2e09f21f2f4120377e6	UR:file:///goast/hemat_data/references/hg38_broad/Homo_sapiens_assembly38.masked.fasta
@SQ	SN:chrUn_KN707814v1_decoy	LN:4764	M5:5d190274f9c28c4642fe1f75b5e3c9f3	UR:file:///goast/hemat_data/references/hg38_broad/Homo_sapiens_assembly38.masked.fasta
@SQ	SN:chrUn_KN707815v1_decoy	LN:5410	M5:c87029fcb5e0f94edf755e7b6b18f89e	UR:file:///goast/hemat_data/references/hg38_broad/Homo_sapiens_assembly38.masked.fasta
@SQ	SN:chrUn_KN707816v1_decoy	LN:7150	M5:e2a7085047a795f4ee89232573d43df7	UR:file:///goast/hemat_data/references/hg38_broad/Homo_sapiens_assembly38.masked.fasta
@SQ	SN:chrUn_KN707817v1_decoy	LN:1762	M5:2bf3e07e17fb50802f7da42c78322860	UR:file:///goast/hemat_data/references/hg38_broad/Homo_sapiens_assembly38.masked.fasta
@SQ	SN:chrUn_KN707818v1_decoy	LN:1207	M5:db2fca33bf9e3730c72e754f7e536e79	UR:file:///goast/hemat_data/references/hg38_broad/Homo_sapiens_assembly38.masked.fasta
@SQ	SN:chrUn_KN707819v1_decoy	LN:1331	M5:b96ffe2a3a7a75977f2286d021069bc7	UR:file:///goast/hemat_data/references/hg38_broad/Homo_sapiens_assembly38.masked.fasta
@SQ	SN:chrUn_KN707820v1_decoy	LN:8307	M5:89d9580408ce4fde62950344c2daa448	UR:file:///goast/hemat_data/references/hg38_broad/Homo_sapiens_assembly38.masked.fasta
@SQ	SN:chrUn_KN707821v1_decoy	LN:2276	M5:2a9fffb25e3ccf46680306388d4c2e6a	UR:file:///goast/hemat_data/references/hg38_broad/Homo_sapiens_assembly38.masked.fasta
@SQ	SN:chrUn_KN707822v1_decoy	LN:2575	M5:8e5278c0a004efc105d35744a6aed334	UR:file:///goast/hemat_data/references/hg38_broad/Homo_sapiens_assembly38.masked.fasta
@SQ	SN:chrUn_KN707823v1_decoy	LN:3970	M5:ef86294088659e3b6c564f7a2c94abd2	UR:file:///goast/hemat_data/references/hg38_broad/Homo_sapiens_assembly38.masked.fasta
@SQ	SN:chrUn_KN707824v1_decoy	LN:1352	M5:af1ddf1aad7bb03a0c72d325e8e9a52c	UR:file:///goast/hemat_data/references/hg38_broad/Homo_sapiens_assembly38.masked.fasta
@SQ	SN:chrUn_KN707825v1_decoy	LN:3040	M5:673e8681ea9b0fe7b4b74a011c7780e7	UR:file:///goast/hemat_data/references/hg38_broad/Homo_sapiens_assembly38.masked.fasta
@SQ	SN:chrUn_KN707826v1_decoy	LN:2070	M5:83ff186bce877c493f356e110486b13a	UR:file:///goast/hemat_data/references/hg38_broad/Homo_sapiens_assembly38.masked.fasta
@SQ	SN:chrUn_KN707827v1_decoy	LN:2913	M5:156af338c90535ad8ddbebc3cc2b8e06	UR:file:///goast/hemat_data/references/hg38_broad/Homo_sapiens_assembly38.masked.fasta
@SQ	SN:chrUn_KN707828v1_decoy	LN:2389	M5:dec17b4db1503252e0d25e88839aef19	UR:file:///goast/hemat_data/references/hg38_broad/Homo_sapiens_assembly38.masked.fasta
@SQ	SN:chrUn_KN707829v1_decoy	LN:1835	M5:495cf270e534859f024d452fa5714a83	UR:file:///goast/hemat_data/references/hg38_broad/Homo_sapiens_assembly38.masked.fasta
@SQ	SN:chrUn_KN707830v1_decoy	LN:4807	M5:9d8e879d40a82477b244fe7baf4f1603	UR:file:///goast/hemat_data/references/hg38_broad/Homo_sapiens_assembly38.masked.fasta
@SQ	SN:chrUn_KN707831v1_decoy	LN:2201	M5:661353dc86a8b62e524ea43ee3f39c6e	UR:file:///goast/hemat_data/references/hg38_broad/Homo_sapiens_assembly38.masked.fasta
@SQ	SN:chrUn_KN707832v1_decoy	LN:1265	M5:e33ce5ec06d99813aca09515f057e64e	UR:file:///goast/hemat_data/references/hg38_broad/Homo_sapiens_assembly38.masked.fasta
@SQ	SN:chrUn_KN707833v1_decoy	LN:1961	M5:93e5f197aa47e632cdc4f4f9a06504c8	UR:file:///goast/hemat_data/references/hg38_broad/Homo_sapiens_assembly38.masked.fasta
@SQ	SN:chrUn_KN707834v1_decoy	LN:1064	M5:28a2c878efec380df24a5544738eda91	UR:file:///goast/hemat_data/references/hg38_broad/Homo_sapiens_assembly38.masked.fasta
@SQ	SN:chrUn_KN707835v1_decoy	LN:1932	M5:bf3bff12edc1fb4331c341b1b2044e32	UR:file:///goast/hemat_data/references/hg38_broad/Homo_sapiens_assembly38.masked.fasta
@SQ	SN:chrUn_KN707836v1_decoy	LN:3213	M5:d47bed4a51e112b3d415b77d354290ea	UR:file:///goast/hemat_data/references/hg38_broad/Homo_sapiens_assembly38.masked.fasta
@SQ	SN:chrUn_KN707837v1_decoy	LN:1178	M5:2a4f6a9f9df49215bb56bfbe5d6e1990	UR:file:///goast/hemat_data/references/hg38_broad/Homo_sapiens_assembly38.masked.fasta
@SQ	SN:chrUn_KN707838v1_decoy	LN:2926	M5:5f28eba962c1026228afdff4fad6ade4	UR:file:///goast/hemat_data/references/hg38_broad/Homo_sapiens_assembly38.masked.fasta
@SQ	SN:chrUn_KN707839v1_decoy	LN:1038	M5:b42a95db827e89510d3dcdeac5fba1c8	UR:file:///goast/hemat_data/references/hg38_broad/Homo_sapiens_assembly38.masked.fasta
@SQ	SN:chrUn_KN707840v1_decoy	LN:3298	M5:54dc58ad6f4d92475e298f41206a1118	UR:file:///goast/hemat_data/references/hg38_broad/Homo_sapiens_assembly38.masked.fasta
@SQ	SN:chrUn_KN707841v1_decoy	LN:8992	M5:176684391390b0afaccaac0eecdb9560	UR:file:///goast/hemat_data/references/hg38_broad/Homo_sapiens_assembly38.masked.fasta
@SQ	SN:chrUn_KN707842v1_decoy	LN:6698	M5:b309273a9a78c30bcd5a5573742fd06e	UR:file:///goast/hemat_data/references/hg38_broad/Homo_sapiens_assembly38.masked.fasta
@SQ	SN:chrUn_KN707843v1_decoy	LN:4880	M5:3ad4a232fe303ab7c09600c91b6c406b	UR:file:///goast/hemat_data/references/hg38_broad/Homo_sapiens_assembly38.masked.fasta
@SQ	SN:chrUn_KN707844v1_decoy	LN:1766	M5:85cb4f0b6ab4d7dcec41ef37ca81ead2	UR:file:///goast/hemat_data/references/hg38_broad/Homo_sapiens_assembly38.masked.fasta
@SQ	SN:chrUn_KN707845v1_decoy	LN:3532	M5:fa5f7bc4de1539f23d5610c26d69ed49	UR:file:///goast/hemat_data/references/hg38_broad/Homo_sapiens_assembly38.masked.fasta
@SQ	SN:chrUn_KN707846v1_decoy	LN:2297	M5:2bda3374523a39aa9c8766059468392e	UR:file:///goast/hemat_data/references/hg38_broad/Homo_sapiens_assembly38.masked.fasta
@SQ	SN:chrUn_KN707847v1_decoy	LN:1234	M5:23e58f01c32ab1539dc5738c36b70940	UR:file:///goast/hemat_data/references/hg38_broad/Homo_sapiens_assembly38.masked.fasta
@SQ	SN:chrUn_KN707848v1_decoy	LN:1205	M5:c9b75dbdb9a2d4ee4648ed7fb537fb0f	UR:file:///goast/hemat_data/references/hg38_broad/Homo_sapiens_assembly38.masked.fasta
@SQ	SN:chrUn_KN707849v1_decoy	LN:2790	M5:20b3eef55d3dad7a5dbcd68268dad36c	UR:file:///goast/hemat_data/references/hg38_broad/Homo_sapiens_assembly38.masked.fasta
@SQ	SN:chrUn_KN707850v1_decoy	LN:2006	M5:67d720cd69f97ad773cdcb3ccde8d47e	UR:file:///goast/hemat_data/references/hg38_broad/Homo_sapiens_assembly38.masked.fasta
@SQ	SN:chrUn_KN707851v1_decoy	LN:4593	M5:7c836d280ec9794d222476d02e21b416	UR:file:///goast/hemat_data/references/hg38_broad/Homo_sapiens_assembly38.masked.fasta
@SQ	SN:chrUn_KN707852v1_decoy	LN:1579	M5:ab4542b394c8e1133f8eba10d896cb44	UR:file:///goast/hemat_data/references/hg38_broad/Homo_sapiens_assembly38.masked.fasta
@SQ	SN:chrUn_KN707853v1_decoy	LN:9597	M5:9d6b74ff3ae40b1134f4b1f1eabe16ff	UR:file:///goast/hemat_data/references/hg38_broad/Homo_sapiens_assembly38.masked.fasta
@SQ	SN:chrUn_KN707854v1_decoy	LN:10451	M5:ec7353db2ae0657678d29512a5b78b59	UR:file:///goast/hemat_data/references/hg38_broad/Homo_sapiens_assembly38.masked.fasta
@SQ	SN:chrUn_KN707855v1_decoy	LN:3219	M5:b522f004eb3c1bdf17fe74e82e23ff88	UR:file:///goast/hemat_data/references/hg38_broad/Homo_sapiens_assembly38.masked.fasta
@SQ	SN:chrUn_KN707856v1_decoy	LN:2300	M5:7a18b1dc033c5a406a5f752e8a7d5a6d	UR:file:///goast/hemat_data/references/hg38_broad/Homo_sapiens_assembly38.masked.fasta
@SQ	SN:chrUn_KN707857v1_decoy	LN:5985	M5:28c60286011df7faa5b7167d8dc7a5f2	UR:file:///goast/hemat_data/references/hg38_broad/Homo_sapiens_assembly38.masked.fasta
@SQ	SN:chrUn_KN707858v1_decoy	LN:2959	M5:682104fe067bc0a5e18763b5d0eae010	UR:file:///goast/hemat_data/references/hg38_broad/Homo_sapiens_assembly38.masked.fasta
@SQ	SN:chrUn_KN707859v1_decoy	LN:1340	M5:3b47b99a35fcc0a437518350a37c97c9	UR:file:///goast/hemat_data/references/hg38_broad/Homo_sapiens_assembly38.masked.fasta
@SQ	SN:chrUn_KN707860v1_decoy	LN:3148	M5:cc961e4253553c5534e478b629b89930	UR:file:///goast/hemat_data/references/hg38_broad/Homo_sapiens_assembly38.masked.fasta
@SQ	SN:chrUn_KN707861v1_decoy	LN:2242	M5:beedf4d2ae00fca7cc2cd7e9d4ce6012	UR:file:///goast/hemat_data/references/hg38_broad/Homo_sapiens_assembly38.masked.fasta
@SQ	SN:chrUn_KN707862v1_decoy	LN:16513	M5:968c6df8aaaaa1015e74f591e4722ed5	UR:file:///goast/hemat_data/references/hg38_broad/Homo_sapiens_assembly38.masked.fasta
@SQ	SN:chrUn_KN707863v1_decoy	LN:7821	M5:9c8e1c87e1b58622c67edbf732b7ce9c	UR:file:///goast/hemat_data/references/hg38_broad/Homo_sapiens_assembly38.masked.fasta
@SQ	SN:chrUn_KN707864v1_decoy	LN:2159	M5:37c9ce7cb170bed17a0deb982f64fefc	UR:file:///goast/hemat_data/references/hg38_broad/Homo_sapiens_assembly38.masked.fasta
@SQ	SN:chrUn_KN707865v1_decoy	LN:2114	M5:8b637137aa5f04b43be61da029e5f818	UR:file:///goast/hemat_data/references/hg38_broad/Homo_sapiens_assembly38.masked.fasta
@SQ	SN:chrUn_KN707866v1_decoy	LN:4109	M5:1d5a765b813cd25ff873c52ca2b47f05	UR:file:///goast/hemat_data/references/hg38_broad/Homo_sapiens_assembly38.masked.fasta
@SQ	SN:chrUn_KN707867v1_decoy	LN:1544	M5:c2744b7344993ebcf11d21cb098cace1	UR:file:///goast/hemat_data/references/hg38_broad/Homo_sapiens_assembly38.masked.fasta
@SQ	SN:chrUn_KN707868v1_decoy	LN:1005	M5:241518a7a0343d82a0d99b1dc00e5d79	UR:file:///goast/hemat_data/references/hg38_broad/Homo_sapiens_assembly38.masked.fasta
@SQ	SN:chrUn_KN707869v1_decoy	LN:8632	M5:010737c4caab4d5e629753ad40bee3bf	UR:file:///goast/hemat_data/references/hg38_broad/Homo_sapiens_assembly38.masked.fasta
@SQ	SN:chrUn_KN707870v1_decoy	LN:1012	M5:88b3e83459db1925338cff6156325503	UR:file:///goast/hemat_data/references/hg38_broad/Homo_sapiens_assembly38.masked.fasta
@SQ	SN:chrUn_KN707871v1_decoy	LN:4728	M5:dcab24555bd79f11062bd6e856a1db4a	UR:file:///goast/hemat_data/references/hg38_broad/Homo_sapiens_assembly38.masked.fasta
@SQ	SN:chrUn_KN707872v1_decoy	LN:2165	M5:aff31850364e11f37ba76baa5b7164d8	UR:file:///goast/hemat_data/references/hg38_broad/Homo_sapiens_assembly38.masked.fasta
@SQ	SN:chrUn_KN707873v1_decoy	LN:7591	M5:b034989a9fb62216a2547cd1206f4185	UR:file:///goast/hemat_data/references/hg38_broad/Homo_sapiens_assembly38.masked.fasta
@SQ	SN:chrUn_KN707874v1_decoy	LN:5202	M5:1e514f0c86c918e80fa4b29c206cb8cf	UR:file:///goast/hemat_data/references/hg38_broad/Homo_sapiens_assembly38.masked.fasta
@SQ	SN:chrUn_KN707875v1_decoy	LN:4241	M5:da66844cc4d4846716264b16f77233a4	UR:file:///goast/hemat_data/references/hg38_broad/Homo_sapiens_assembly38.masked.fasta
@SQ	SN:chrUn_KN707876v1_decoy	LN:4131	M5:60562638c91c3b3655e2ab9544600425	UR:file:///goast/hemat_data/references/hg38_broad/Homo_sapiens_assembly38.masked.fasta
@SQ	SN:chrUn_KN707877v1_decoy	LN:2272	M5:d672677153fa65839a94ae64d9284d49	UR:file:///goast/hemat_data/references/hg38_broad/Homo_sapiens_assembly38.masked.fasta
@SQ	SN:chrUn_KN707878v1_decoy	LN:2085	M5:d1bc85197aa7215a4b0248a74c19b399	UR:file:///goast/hemat_data/references/hg38_broad/Homo_sapiens_assembly38.masked.fasta
@SQ	SN:chrUn_KN707879v1_decoy	LN:4346	M5:1999b7a1b498a212e212e60377adb20d	UR:file:///goast/hemat_data/references/hg38_broad/Homo_sapiens_assembly38.masked.fasta
@SQ	SN:chrUn_KN707880v1_decoy	LN:1208	M5:ea9da47963d703e465aaff5693250f76	UR:file:///goast/hemat_data/references/hg38_broad/Homo_sapiens_assembly38.masked.fasta
@SQ	SN:chrUn_KN707881v1_decoy	LN:4543	M5:e84492cd2aa22936e00b280fcaca8212	UR:file:///goast/hemat_data/references/hg38_broad/Homo_sapiens_assembly38.masked.fasta
@SQ	SN:chrUn_KN707882v1_decoy	LN:2772	M5:bed5000e1788ade3ad5a8541cf1c1671	UR:file:///goast/hemat_data/references/hg38_broad/Homo_sapiens_assembly38.masked.fasta
@SQ	SN:chrUn_KN707883v1_decoy	LN:2490	M5:3d040ea1d7a17b15bf44f59b8e66c98c	UR:file:///goast/hemat_data/references/hg38_broad/Homo_sapiens_assembly38.masked.fasta
@SQ	SN:chrUn_KN707884v1_decoy	LN:4568	M5:bd5a8cfffb4d5bab0900b4fa1fbf9390	UR:file:///goast/hemat_data/references/hg38_broad/Homo_sapiens_assembly38.masked.fasta
@SQ	SN:chrUn_KN707885v1_decoy	LN:1776	M5:f0f2b210ad8e779eec5a4ba478c83ef7	UR:file:///goast/hemat_data/references/hg38_broad/Homo_sapiens_assembly38.masked.fasta
@SQ	SN:chrUn_KN707886v1_decoy	LN:2699	M5:91fad31e963c9f7821cf37705e55f40e	UR:file:///goast/hemat_data/references/hg38_broad/Homo_sapiens_assembly38.masked.fasta
@SQ	SN:chrUn_KN707887v1_decoy	LN:3534	M5:f6d25106c5942148df4207ebc4a60371	UR:file:///goast/hemat_data/references/hg38_broad/Homo_sapiens_assembly38.masked.fasta
@SQ	SN:chrUn_KN707888v1_decoy	LN:2424	M5:4857413cb43abc01f2f0c2d56e196332	UR:file:///goast/hemat_data/references/hg38_broad/Homo_sapiens_assembly38.masked.fasta
@SQ	SN:chrUn_KN707889v1_decoy	LN:1747	M5:e1946468f8d77d4ac72dd72fe8ce04f8	UR:file:///goast/hemat_data/references/hg38_broad/Homo_sapiens_assembly38.masked.fasta
@SQ	SN:chrUn_KN707890v1_decoy	LN:1088	M5:698423687f8bc007b40065a2658b7360	UR:file:///goast/hemat_data/references/hg38_broad/Homo_sapiens_assembly38.masked.fasta
@SQ	SN:chrUn_KN707891v1_decoy	LN:1143	M5:3dbbd76127230ad72adb348524c250da	UR:file:///goast/hemat_data/references/hg38_broad/Homo_sapiens_assembly38.masked.fasta
@SQ	SN:chrUn_KN707892v1_decoy	LN:2530	M5:8909228bbdb37a62a906447c5b24616a	UR:file:///goast/hemat_data/references/hg38_broad/Homo_sapiens_assembly38.masked.fasta
@SQ	SN:chrUn_KN707893v1_decoy	LN:8049	M5:a4e81d020fe37025f26c26aa8241f26d	UR:file:///goast/hemat_data/references/hg38_broad/Homo_sapiens_assembly38.masked.fasta
@SQ	SN:chrUn_KN707894v1_decoy	LN:1366	M5:69423d07e5d284b7ad365c144aec6f4e	UR:file:///goast/hemat_data/references/hg38_broad/Homo_sapiens_assembly38.masked.fasta
@SQ	SN:chrUn_KN707895v1_decoy	LN:4284	M5:da455b511b9da89b4527ee045c5fe231	UR:file:///goast/hemat_data/references/hg38_broad/Homo_sapiens_assembly38.masked.fasta
@SQ	SN:chrUn_KN707896v1_decoy	LN:33125	M5:10522217e43c9d9228b02fc14c418df3	UR:file:///goast/hemat_data/references/hg38_broad/Homo_sapiens_assembly38.masked.fasta
@SQ	SN:chrUn_KN707897v1_decoy	LN:2137	M5:962521d05f6b98894c65d3669ba66008	UR:file:///goast/hemat_data/references/hg38_broad/Homo_sapiens_assembly38.masked.fasta
@SQ	SN:chrUn_KN707898v1_decoy	LN:3840	M5:561d50151a7132f385be0617165bcecb	UR:file:///goast/hemat_data/references/hg38_broad/Homo_sapiens_assembly38.masked.fasta
@SQ	SN:chrUn_KN707899v1_decoy	LN:3087	M5:46cc4f61d95475ad4c963e9bfeb206fe	UR:file:///goast/hemat_data/references/hg38_broad/Homo_sapiens_assembly38.masked.fasta
@SQ	SN:chrUn_KN707900v1_decoy	LN:2041	M5:cea01cf71468a810b970138149139764	UR:file:///goast/hemat_data/references/hg38_broad/Homo_sapiens_assembly38.masked.fasta
@SQ	SN:chrUn_KN707901v1_decoy	LN:3344	M5:ef03bb9d9f28ee51bfc7291ee41812e0	UR:file:///goast/hemat_data/references/hg38_broad/Homo_sapiens_assembly38.masked.fasta
@SQ	SN:chrUn_KN707902v1_decoy	LN:2921	M5:dcc9f313bc6e72cc000ac62e62e975f9	UR:file:///goast/hemat_data/references/hg38_broad/Homo_sapiens_assembly38.masked.fasta
@SQ	SN:chrUn_KN707903v1_decoy	LN:6581	M5:6346aa1b0e3055e121b9cdccb04a53fe	UR:file:///goast/hemat_data/references/hg38_broad/Homo_sapiens_assembly38.masked.fasta
@SQ	SN:chrUn_KN707904v1_decoy	LN:3968	M5:ed15d6545609df15a0758922f36c9f87	UR:file:///goast/hemat_data/references/hg38_broad/Homo_sapiens_assembly38.masked.fasta
@SQ	SN:chrUn_KN707905v1_decoy	LN:2339	M5:af66f6d8d03e1c43cef4284aef73ed96	UR:file:///goast/hemat_data/references/hg38_broad/Homo_sapiens_assembly38.masked.fasta
@SQ	SN:chrUn_KN707906v1_decoy	LN:1243	M5:bec4227b2724132e7ac912e4532bcf8d	UR:file:///goast/hemat_data/references/hg38_broad/Homo_sapiens_assembly38.masked.fasta
@SQ	SN:chrUn_KN707907v1_decoy	LN:7776	M5:a9e8cc852787e0a7dea34bd16fd28b35	UR:file:///goast/hemat_data/references/hg38_broad/Homo_sapiens_assembly38.masked.fasta
@SQ	SN:chrUn_KN707908v1_decoy	LN:19837	M5:63f4cfca34f0fcd66c826ccc8c6d6cbd	UR:file:///goast/hemat_data/references/hg38_broad/Homo_sapiens_assembly38.masked.fasta
@SQ	SN:chrUn_KN707909v1_decoy	LN:1737	M5:0eb45f3727a363ec209755519593220a	UR:file:///goast/hemat_data/references/hg38_broad/Homo_sapiens_assembly38.masked.fasta
@SQ	SN:chrUn_KN707910v1_decoy	LN:1098	M5:bda7161c475d6f7bae40ce030d70fe87	UR:file:///goast/hemat_data/references/hg38_broad/Homo_sapiens_assembly38.masked.fasta
@SQ	SN:chrUn_KN707911v1_decoy	LN:1893	M5:80bef2e1b21000a202a974145a551fe4	UR:file:///goast/hemat_data/references/hg38_broad/Homo_sapiens_assembly38.masked.fasta
@SQ	SN:chrUn_KN707912v1_decoy	LN:1281	M5:96d1e0d5628111d9566a6da789c6204b	UR:file:///goast/hemat_data/references/hg38_broad/Homo_sapiens_assembly38.masked.fasta
@SQ	SN:chrUn_KN707913v1_decoy	LN:1527	M5:ad42dca85dd0540c9229a86997665245	UR:file:///goast/hemat_data/references/hg38_broad/Homo_sapiens_assembly38.masked.fasta
@SQ	SN:chrUn_KN707914v1_decoy	LN:2055	M5:c7f0324e70cef84566fa5453dcb23f5d	UR:file:///goast/hemat_data/references/hg38_broad/Homo_sapiens_assembly38.masked.fasta
@SQ	SN:chrUn_KN707915v1_decoy	LN:2527	M5:f7d3cdbc2f96d05bc8ff741d46f2f687	UR:file:///goast/hemat_data/references/hg38_broad/Homo_sapiens_assembly38.masked.fasta
@SQ	SN:chrUn_KN707916v1_decoy	LN:3275	M5:d9702219a1b8982c63cc1d6238368ab2	UR:file:///goast/hemat_data/references/hg38_broad/Homo_sapiens_assembly38.masked.fasta
@SQ	SN:chrUn_KN707917v1_decoy	LN:1265	M5:6df0a4af8c86a2528464f45af7cbaccf	UR:file:///goast/hemat_data/references/hg38_broad/Homo_sapiens_assembly38.masked.fasta
@SQ	SN:chrUn_KN707918v1_decoy	LN:2623	M5:5c6afdd9afcdaae5399f684978746b65	UR:file:///goast/hemat_data/references/hg38_broad/Homo_sapiens_assembly38.masked.fasta
@SQ	SN:chrUn_KN707919v1_decoy	LN:4850	M5:aed47145c2269b8c33a71652002e351f	UR:file:///goast/hemat_data/references/hg38_broad/Homo_sapiens_assembly38.masked.fasta
@SQ	SN:chrUn_KN707920v1_decoy	LN:3584	M5:47dcd6ad41f139cfd6b9a02581cad11c	UR:file:///goast/hemat_data/references/hg38_broad/Homo_sapiens_assembly38.masked.fasta
@SQ	SN:chrUn_KN707921v1_decoy	LN:2561	M5:33902e088970543e1715ee99abdcf7b7	UR:file:///goast/hemat_data/references/hg38_broad/Homo_sapiens_assembly38.masked.fasta
@SQ	SN:chrUn_KN707922v1_decoy	LN:3041	M5:313f5e86963d937b91534f4895c3a590	UR:file:///goast/hemat_data/references/hg38_broad/Homo_sapiens_assembly38.masked.fasta
@SQ	SN:chrUn_KN707923v1_decoy	LN:1409	M5:6af5cfeb86bc84ecdcfb91e994b4bdbb	UR:file:///goast/hemat_data/references/hg38_broad/Homo_sapiens_assembly38.masked.fasta
@SQ	SN:chrUn_KN707924v1_decoy	LN:4596	M5:3415bc1f3a762bb7077c328b9e9e723c	UR:file:///goast/hemat_data/references/hg38_broad/Homo_sapiens_assembly38.masked.fasta
@SQ	SN:chrUn_KN707925v1_decoy	LN:11555	M5:10cf29455a308a0380471d6bce16f4a4	UR:file:///goast/hemat_data/references/hg38_broad/Homo_sapiens_assembly38.masked.fasta
@SQ	SN:chrUn_KN707926v1_decoy	LN:1266	M5:ed2740c08c55e9dbdd3cf9db469d0df6	UR:file:///goast/hemat_data/references/hg38_broad/Homo_sapiens_assembly38.masked.fasta
@SQ	SN:chrUn_KN707927v1_decoy	LN:1079	M5:7d006b7ffa2791321663578e50f456f0	UR:file:///goast/hemat_data/references/hg38_broad/Homo_sapiens_assembly38.masked.fasta
@SQ	SN:chrUn_KN707928v1_decoy	LN:1087	M5:e6a75cbd458016b1643e76ecc570d33a	UR:file:///goast/hemat_data/references/hg38_broad/Homo_sapiens_assembly38.masked.fasta
@SQ	SN:chrUn_KN707929v1_decoy	LN:1226	M5:21256ce4fdadc803045a9b8f60dfe16b	UR:file:///goast/hemat_data/references/hg38_broad/Homo_sapiens_assembly38.masked.fasta
@SQ	SN:chrUn_KN707930v1_decoy	LN:1131	M5:2f7c4c54c98b465c14120d32e5d60362	UR:file:///goast/hemat_data/references/hg38_broad/Homo_sapiens_assembly38.masked.fasta
@SQ	SN:chrUn_KN707931v1_decoy	LN:1199	M5:68471da27aefc5565f37a51052c09c8a	UR:file:///goast/hemat_data/references/hg38_broad/Homo_sapiens_assembly38.masked.fasta
@SQ	SN:chrUn_KN707932v1_decoy	LN:1084	M5:ff5f2aa407bb1f0573a4d815fb69f917	UR:file:///goast/hemat_data/references/hg38_broad/Homo_sapiens_assembly38.masked.fasta
@SQ	SN:chrUn_KN707933v1_decoy	LN:2038	M5:1b9a682cbf0c31fe8f29a4aa0bbef274	UR:file:///goast/hemat_data/references/hg38_broad/Homo_sapiens_assembly38.masked.fasta
@SQ	SN:chrUn_KN707934v1_decoy	LN:1070	M5:f8c939429a099c8eaead4319b5ecd2b7	UR:file:///goast/hemat_data/references/hg38_broad/Homo_sapiens_assembly38.masked.fasta
@SQ	SN:chrUn_KN707935v1_decoy	LN:1312	M5:00ead3e9dd86f6d5e7d499e285b509b9	UR:file:///goast/hemat_data/references/hg38_broad/Homo_sapiens_assembly38.masked.fasta
@SQ	SN:chrUn_KN707936v1_decoy	LN:4031	M5:9175dddf96d1e576065b2465c6e2b567	UR:file:///goast/hemat_data/references/hg38_broad/Homo_sapiens_assembly38.masked.fasta
@SQ	SN:chrUn_KN707937v1_decoy	LN:7445	M5:f83991a23f7bca6045f72a0bf34ecf13	UR:file:///goast/hemat_data/references/hg38_broad/Homo_sapiens_assembly38.masked.fasta
@SQ	SN:chrUn_KN707938v1_decoy	LN:1770	M5:d7487b3fc5cbe693cdcd5ef883b5f00d	UR:file:///goast/hemat_data/references/hg38_broad/Homo_sapiens_assembly38.masked.fasta
@SQ	SN:chrUn_KN707939v1_decoy	LN:5600	M5:5fc39cbf76db7d0c1d56123a313a22c7	UR:file:///goast/hemat_data/references/hg38_broad/Homo_sapiens_assembly38.masked.fasta
@SQ	SN:chrUn_KN707940v1_decoy	LN:1882	M5:f239e0af7db0be33b82e8e4dc2405165	UR:file:///goast/hemat_data/references/hg38_broad/Homo_sapiens_assembly38.masked.fasta
@SQ	SN:chrUn_KN707941v1_decoy	LN:1170	M5:e7c47b0be4905c7dcf70b8659a334abb	UR:file:///goast/hemat_data/references/hg38_broad/Homo_sapiens_assembly38.masked.fasta
@SQ	SN:chrUn_KN707942v1_decoy	LN:1300	M5:1beccd3ea3988863bad1b7614a1db1e2	UR:file:///goast/hemat_data/references/hg38_broad/Homo_sapiens_assembly38.masked.fasta
@SQ	SN:chrUn_KN707943v1_decoy	LN:5325	M5:54c4ba54e1ad9eebc7832dfb6cf778fd	UR:file:///goast/hemat_data/references/hg38_broad/Homo_sapiens_assembly38.masked.fasta
@SQ	SN:chrUn_KN707944v1_decoy	LN:2043	M5:669c152c4b3e10d1f61d5afb2cf22bcc	UR:file:///goast/hemat_data/references/hg38_broad/Homo_sapiens_assembly38.masked.fasta
@SQ	SN:chrUn_KN707945v1_decoy	LN:1072	M5:d9416b21be3f6603426526a22e7e558e	UR:file:///goast/hemat_data/references/hg38_broad/Homo_sapiens_assembly38.masked.fasta
@SQ	SN:chrUn_KN707946v1_decoy	LN:2463	M5:ce498b9d34e1447317c0d5d27aa0f911	UR:file:///goast/hemat_data/references/hg38_broad/Homo_sapiens_assembly38.masked.fasta
@SQ	SN:chrUn_KN707947v1_decoy	LN:1010	M5:4183a38dcef3c56b79dcf7eae090e37f	UR:file:///goast/hemat_data/references/hg38_broad/Homo_sapiens_assembly38.masked.fasta
@SQ	SN:chrUn_KN707948v1_decoy	LN:1432	M5:c261bf235424d74a7b1d8624bb8d6ec2	UR:file:///goast/hemat_data/references/hg38_broad/Homo_sapiens_assembly38.masked.fasta
@SQ	SN:chrUn_KN707949v1_decoy	LN:1162	M5:26aeb5ffbd148e35fa48fee69317843f	UR:file:///goast/hemat_data/references/hg38_broad/Homo_sapiens_assembly38.masked.fasta
@SQ	SN:chrUn_KN707950v1_decoy	LN:1095	M5:2c795c49d9b77f2b5c0ef5c97e76ae46	UR:file:///goast/hemat_data/references/hg38_broad/Homo_sapiens_assembly38.masked.fasta
@SQ	SN:chrUn_KN707951v1_decoy	LN:1118	M5:a0c0ea97493f7c511c5b0af1e8913e92	UR:file:///goast/hemat_data/references/hg38_broad/Homo_sapiens_assembly38.masked.fasta
@SQ	SN:chrUn_KN707952v1_decoy	LN:1383	M5:fcc78a7bf9b47bb52730911e285ad0f6	UR:file:///goast/hemat_data/references/hg38_broad/Homo_sapiens_assembly38.masked.fasta
@SQ	SN:chrUn_KN707953v1_decoy	LN:2289	M5:ba3eede08e65f36da588370a142cc02a	UR:file:///goast/hemat_data/references/hg38_broad/Homo_sapiens_assembly38.masked.fasta
@SQ	SN:chrUn_KN707954v1_decoy	LN:1648	M5:de71b9c9ca48f28bc0c9d13c5139ce68	UR:file:///goast/hemat_data/references/hg38_broad/Homo_sapiens_assembly38.masked.fasta
@SQ	SN:chrUn_KN707955v1_decoy	LN:2203	M5:4c9964a811b62ea018169d81ba474499	UR:file:///goast/hemat_data/references/hg38_broad/Homo_sapiens_assembly38.masked.fasta
@SQ	SN:chrUn_KN707956v1_decoy	LN:3270	M5:316a59db52a456d6aa5e140e1b1c8794	UR:file:///goast/hemat_data/references/hg38_broad/Homo_sapiens_assembly38.masked.fasta
@SQ	SN:chrUn_KN707957v1_decoy	LN:11499	M5:cd3bb1a0e33bc1aafb51df407fcf16df	UR:file:///goast/hemat_data/references/hg38_broad/Homo_sapiens_assembly38.masked.fasta
@SQ	SN:chrUn_KN707958v1_decoy	LN:2474	M5:5909618b2a56c4db15b017bfff248a13	UR:file:///goast/hemat_data/references/hg38_broad/Homo_sapiens_assembly38.masked.fasta
@SQ	SN:chrUn_KN707959v1_decoy	LN:2294	M5:bfd4a30a41e5e647cba935da2e8a63de	UR:file:///goast/hemat_data/references/hg38_broad/Homo_sapiens_assembly38.masked.fasta
@SQ	SN:chrUn_KN707960v1_decoy	LN:1238	M5:8025797164ec304ff940e4ad94643c70	UR:file:///goast/hemat_data/references/hg38_broad/Homo_sapiens_assembly38.masked.fasta
@SQ	SN:chrUn_KN707961v1_decoy	LN:3410	M5:02a40e206c78446d368b6001622aa540	UR:file:///goast/hemat_data/references/hg38_broad/Homo_sapiens_assembly38.masked.fasta
@SQ	SN:chrUn_KN707962v1_decoy	LN:1523	M5:7f11ba71c0814d0ca2b3839d55de672d	UR:file:///goast/hemat_data/references/hg38_broad/Homo_sapiens_assembly38.masked.fasta
@SQ	SN:chrUn_KN707963v1_decoy	LN:62955	M5:d620b771cabe5b2cc4b943ffa6d69a68	UR:file:///goast/hemat_data/references/hg38_broad/Homo_sapiens_assembly38.masked.fasta
@SQ	SN:chrUn_KN707964v1_decoy	LN:6282	M5:fc00ea543316aed78deefeac0eaf8727	UR:file:///goast/hemat_data/references/hg38_broad/Homo_sapiens_assembly38.masked.fasta
@SQ	SN:chrUn_KN707965v1_decoy	LN:3836	M5:97e94c098f92403b805a0a60f9475542	UR:file:///goast/hemat_data/references/hg38_broad/Homo_sapiens_assembly38.masked.fasta
@SQ	SN:chrUn_KN707966v1_decoy	LN:6486	M5:a977897a46254d42ed9a60e6ed5d9d20	UR:file:///goast/hemat_data/references/hg38_broad/Homo_sapiens_assembly38.masked.fasta
@SQ	SN:chrUn_KN707967v1_decoy	LN:15368	M5:220b351d87053eb9b844bc6e6e5182a0	UR:file:///goast/hemat_data/references/hg38_broad/Homo_sapiens_assembly38.masked.fasta
@SQ	SN:chrUn_KN707968v1_decoy	LN:9572	M5:060b9bb36bc05042b371bfbfc6618e3c	UR:file:///goast/hemat_data/references/hg38_broad/Homo_sapiens_assembly38.masked.fasta
@SQ	SN:chrUn_KN707969v1_decoy	LN:6413	M5:b25e652840d89c9eef74c04703958f9f	UR:file:///goast/hemat_data/references/hg38_broad/Homo_sapiens_assembly38.masked.fasta
@SQ	SN:chrUn_KN707970v1_decoy	LN:4104	M5:d103bed226a1a7b95d98a8d61e39f70d	UR:file:///goast/hemat_data/references/hg38_broad/Homo_sapiens_assembly38.masked.fasta
@SQ	SN:chrUn_KN707971v1_decoy	LN:12943	M5:8a88d2df497490f21c8c2b796544f699	UR:file:///goast/hemat_data/references/hg38_broad/Homo_sapiens_assembly38.masked.fasta
@SQ	SN:chrUn_KN707972v1_decoy	LN:4650	M5:93e792bf92036380920f5d06321cafe3	UR:file:///goast/hemat_data/references/hg38_broad/Homo_sapiens_assembly38.masked.fasta
@SQ	SN:chrUn_KN707973v1_decoy	LN:3080	M5:127f70f3cf2cf09e8c7a399c471acf75	UR:file:///goast/hemat_data/references/hg38_broad/Homo_sapiens_assembly38.masked.fasta
@SQ	SN:chrUn_KN707974v1_decoy	LN:3134	M5:a0447f79285905c6b9f2202fdb83f838	UR:file:///goast/hemat_data/references/hg38_broad/Homo_sapiens_assembly38.masked.fasta
@SQ	SN:chrUn_KN707975v1_decoy	LN:6211	M5:931aa6a0b0412241d93c942acba0c103	UR:file:///goast/hemat_data/references/hg38_broad/Homo_sapiens_assembly38.masked.fasta
@SQ	SN:chrUn_KN707976v1_decoy	LN:1126	M5:c068c96f088fa2ef7cfe6a805c22121a	UR:file:///goast/hemat_data/references/hg38_broad/Homo_sapiens_assembly38.masked.fasta
@SQ	SN:chrUn_KN707977v1_decoy	LN:1101	M5:e86b95e84b7662e5e6e509be83db4b41	UR:file:///goast/hemat_data/references/hg38_broad/Homo_sapiens_assembly38.masked.fasta
@SQ	SN:chrUn_KN707978v1_decoy	LN:1101	M5:d46f001c034076f4a3687b647a980623	UR:file:///goast/hemat_data/references/hg38_broad/Homo_sapiens_assembly38.masked.fasta
@SQ	SN:chrUn_KN707979v1_decoy	LN:2648	M5:fe4d1437f61ce0406d36a071f4e7293a	UR:file:///goast/hemat_data/references/hg38_broad/Homo_sapiens_assembly38.masked.fasta
@SQ	SN:chrUn_KN707980v1_decoy	LN:2973	M5:9c4cb203ab1d6a54a7ed36d116c60853	UR:file:///goast/hemat_data/references/hg38_broad/Homo_sapiens_assembly38.masked.fasta
@SQ	SN:chrUn_KN707981v1_decoy	LN:2520	M5:3ccf197ae78ce07e23eef5e3c31fb576	UR:file:///goast/hemat_data/references/hg38_broad/Homo_sapiens_assembly38.masked.fasta
@SQ	SN:chrUn_KN707982v1_decoy	LN:2318	M5:6e5cf7df1252379ee351fb2386bcc144	UR:file:///goast/hemat_data/references/hg38_broad/Homo_sapiens_assembly38.masked.fasta
@SQ	SN:chrUn_KN707983v1_decoy	LN:2606	M5:64cc9674054ed4f7cdf0701da89de296	UR:file:///goast/hemat_data/references/hg38_broad/Homo_sapiens_assembly38.masked.fasta
@SQ	SN:chrUn_KN707984v1_decoy	LN:2205	M5:e5814756cacf0c02827237dcd24155a5	UR:file:///goast/hemat_data/references/hg38_broad/Homo_sapiens_assembly38.masked.fasta
@SQ	SN:chrUn_KN707985v1_decoy	LN:2929	M5:6a2895e9dda391590b1db42aea33e330	UR:file:///goast/hemat_data/references/hg38_broad/Homo_sapiens_assembly38.masked.fasta
@SQ	SN:chrUn_KN707986v1_decoy	LN:3869	M5:9640cfef88fffced10f0edaf20dbda2a	UR:file:///goast/hemat_data/references/hg38_broad/Homo_sapiens_assembly38.masked.fasta
@SQ	SN:chrUn_KN707987v1_decoy	LN:1117	M5:60f8230f4e335416aa92256695cbcf46	UR:file:///goast/hemat_data/references/hg38_broad/Homo_sapiens_assembly38.masked.fasta
@SQ	SN:chrUn_KN707988v1_decoy	LN:2960	M5:b0447a959fdacb8b553c3684184cf036	UR:file:///goast/hemat_data/references/hg38_broad/Homo_sapiens_assembly38.masked.fasta
@SQ	SN:chrUn_KN707989v1_decoy	LN:1009	M5:75d4d43433fa532ce2da4a724ee25c42	UR:file:///goast/hemat_data/references/hg38_broad/Homo_sapiens_assembly38.masked.fasta
@SQ	SN:chrUn_KN707990v1_decoy	LN:4048	M5:f0720d93745203f7d155f219ab83b618	UR:file:///goast/hemat_data/references/hg38_broad/Homo_sapiens_assembly38.masked.fasta
@SQ	SN:chrUn_KN707991v1_decoy	LN:2193	M5:fede10b713c7d561d4872feb26040c3a	UR:file:///goast/hemat_data/references/hg38_broad/Homo_sapiens_assembly38.masked.fasta
@SQ	SN:chrUn_KN707992v1_decoy	LN:1830	M5:1bac13a3ad2592a344e18bf8de117574	UR:file:///goast/hemat_data/references/hg38_broad/Homo_sapiens_assembly38.masked.fasta
@SQ	SN:chrUn_JTFH01000001v1_decoy	LN:25139	M5:9b27ee6060931ae7d17e451b7739e547	UR:file:///goast/hemat_data/references/hg38_broad/Homo_sapiens_assembly38.masked.fasta
@SQ	SN:chrUn_JTFH01000002v1_decoy	LN:18532	M5:9955447b0a6444031f1d68c821fcea22	UR:file:///goast/hemat_data/references/hg38_broad/Homo_sapiens_assembly38.masked.fasta
@SQ	SN:chrUn_JTFH01000003v1_decoy	LN:15240	M5:b635cbc1fc3962e93bc1427bc678396e	UR:file:///goast/hemat_data/references/hg38_broad/Homo_sapiens_assembly38.masked.fasta
@SQ	SN:chrUn_JTFH01000004v1_decoy	LN:13739	M5:7fa6d2a124f7c9bfeb030b859269f78f	UR:file:///goast/hemat_data/references/hg38_broad/Homo_sapiens_assembly38.masked.fasta
@SQ	SN:chrUn_JTFH01000005v1_decoy	LN:11297	M5:44c68451b1d90987e31184e887a24455	UR:file:///goast/hemat_data/references/hg38_broad/Homo_sapiens_assembly38.masked.fasta
@SQ	SN:chrUn_JTFH01000006v1_decoy	LN:10074	M5:ddeeb2059f6f27dee5330cb501a11446	UR:file:///goast/hemat_data/references/hg38_broad/Homo_sapiens_assembly38.masked.fasta
@SQ	SN:chrUn_JTFH01000007v1_decoy	LN:9891	M5:30b47b3ef6b82a46ccfec6573b0c6c10	UR:file:///goast/hemat_data/references/hg38_broad/Homo_sapiens_assembly38.masked.fasta
@SQ	SN:chrUn_JTFH01000008v1_decoy	LN:9774	M5:f0bed43412c69b6db572994c9d5d9cd4	UR:file:///goast/hemat_data/references/hg38_broad/Homo_sapiens_assembly38.masked.fasta
@SQ	SN:chrUn_JTFH01000009v1_decoy	LN:9727	M5:0cab8d3c0896fb15383dc8aaef1a1f9a	UR:file:///goast/hemat_data/references/hg38_broad/Homo_sapiens_assembly38.masked.fasta
@SQ	SN:chrUn_JTFH01000010v1_decoy	LN:9358	M5:aba5595273a0e4398df3a8323523d10c	UR:file:///goast/hemat_data/references/hg38_broad/Homo_sapiens_assembly38.masked.fasta
@SQ	SN:chrUn_JTFH01000011v1_decoy	LN:8920	M5:fc623f57c6ad9441d3750c0f51722a0b	UR:file:///goast/hemat_data/references/hg38_broad/Homo_sapiens_assembly38.masked.fasta
@SQ	SN:chrUn_JTFH01000012v1_decoy	LN:8479	M5:6dca96b0605fddf041e27a9f4beed770	UR:file:///goast/hemat_data/references/hg38_broad/Homo_sapiens_assembly38.masked.fasta
@SQ	SN:chrUn_JTFH01000013v1_decoy	LN:8312	M5:f34a4b1860ec9fbd1acc736a3a174193	UR:file:///goast/hemat_data/references/hg38_broad/Homo_sapiens_assembly38.masked.fasta
@SQ	SN:chrUn_JTFH01000014v1_decoy	LN:8261	M5:6deaa38e9033c12ed1ad7f62191a3e04	UR:file:///goast/hemat_data/references/hg38_broad/Homo_sapiens_assembly38.masked.fasta
@SQ	SN:chrUn_JTFH01000015v1_decoy	LN:8131	M5:c3df1d07395395fb96b81e27ef3dcf61	UR:file:///goast/hemat_data/references/hg38_broad/Homo_sapiens_assembly38.masked.fasta
@SQ	SN:chrUn_JTFH01000016v1_decoy	LN:8051	M5:f732550392ca9c30b42b4c6acd5d9263	UR:file:///goast/hemat_data/references/hg38_broad/Homo_sapiens_assembly38.masked.fasta
@SQ	SN:chrUn_JTFH01000017v1_decoy	LN:7832	M5:03557dc0d8d0509da30549dc16031c51	UR:file:///goast/hemat_data/references/hg38_broad/Homo_sapiens_assembly38.masked.fasta
@SQ	SN:chrUn_JTFH01000018v1_decoy	LN:7710	M5:942aca2604695877a0a642916aafd2b7	UR:file:///goast/hemat_data/references/hg38_broad/Homo_sapiens_assembly38.masked.fasta
@SQ	SN:chrUn_JTFH01000019v1_decoy	LN:7702	M5:c6c2453adbb040df0ea58395995ebae1	UR:file:///goast/hemat_data/references/hg38_broad/Homo_sapiens_assembly38.masked.fasta
@SQ	SN:chrUn_JTFH01000020v1_decoy	LN:7479	M5:5b348e642370fdd96c7f2a306318869e	UR:file:///goast/hemat_data/references/hg38_broad/Homo_sapiens_assembly38.masked.fasta
@SQ	SN:chrUn_JTFH01000021v1_decoy	LN:7368	M5:0693c472fdc0225c133374a15973bec3	UR:file:///goast/hemat_data/references/hg38_broad/Homo_sapiens_assembly38.masked.fasta
@SQ	SN:chrUn_JTFH01000022v1_decoy	LN:7162	M5:6629bbc8b7d3fa10074025773e597c29	UR:file:///goast/hemat_data/references/hg38_broad/Homo_sapiens_assembly38.masked.fasta
@SQ	SN:chrUn_JTFH01000023v1_decoy	LN:7065	M5:6b413d9f61a68a7ce1ea620aebb3be6d	UR:file:///goast/hemat_data/references/hg38_broad/Homo_sapiens_assembly38.masked.fasta
@SQ	SN:chrUn_JTFH01000024v1_decoy	LN:7019	M5:14f555be268a0666a71794d0515cd6d2	UR:file:///goast/hemat_data/references/hg38_broad/Homo_sapiens_assembly38.masked.fasta
@SQ	SN:chrUn_JTFH01000025v1_decoy	LN:6997	M5:470d24c11b0ea5dbd4329912231aba50	UR:file:///goast/hemat_data/references/hg38_broad/Homo_sapiens_assembly38.masked.fasta
@SQ	SN:chrUn_JTFH01000026v1_decoy	LN:6994	M5:1a45d626e4f7add376267b1e77bcc942	UR:file:///goast/hemat_data/references/hg38_broad/Homo_sapiens_assembly38.masked.fasta
@SQ	SN:chrUn_JTFH01000027v1_decoy	LN:6979	M5:6890d5c807ceff3e680405d80c19b990	UR:file:///goast/hemat_data/references/hg38_broad/Homo_sapiens_assembly38.masked.fasta
@SQ	SN:chrUn_JTFH01000028v1_decoy	LN:6797	M5:6cde21bfadb3f954f76aba8775f5b89f	UR:file:///goast/hemat_data/references/hg38_broad/Homo_sapiens_assembly38.masked.fasta
@SQ	SN:chrUn_JTFH01000029v1_decoy	LN:6525	M5:091fdeaa7841b60f964f1a9cedc12bd0	UR:file:///goast/hemat_data/references/hg38_broad/Homo_sapiens_assembly38.masked.fasta
@SQ	SN:chrUn_JTFH01000030v1_decoy	LN:6246	M5:7c23df0bfe1cc7d18d52be126f396cca	UR:file:///goast/hemat_data/references/hg38_broad/Homo_sapiens_assembly38.masked.fasta
@SQ	SN:chrUn_JTFH01000031v1_decoy	LN:5926	M5:5555324457dbc04a20ac656a15cce856	UR:file:///goast/hemat_data/references/hg38_broad/Homo_sapiens_assembly38.masked.fasta
@SQ	SN:chrUn_JTFH01000032v1_decoy	LN:5914	M5:67d2d8955ebee73fe7f8f3764e4158f7	UR:file:///goast/hemat_data/references/hg38_broad/Homo_sapiens_assembly38.masked.fasta
@SQ	SN:chrUn_JTFH01000033v1_decoy	LN:5898	M5:de8113c2b1586e776f28207cd56cec1e	UR:file:///goast/hemat_data/references/hg38_broad/Homo_sapiens_assembly38.masked.fasta
@SQ	SN:chrUn_JTFH01000034v1_decoy	LN:5879	M5:1c6aa8f142642d8cf57f4f7029a20061	UR:file:///goast/hemat_data/references/hg38_broad/Homo_sapiens_assembly38.masked.fasta
@SQ	SN:chrUn_JTFH01000035v1_decoy	LN:5834	M5:29c393ec5d6804ee5dc06b435ffc02f5	UR:file:///goast/hemat_data/references/hg38_broad/Homo_sapiens_assembly38.masked.fasta
@SQ	SN:chrUn_JTFH01000036v1_decoy	LN:5743	M5:2f131c59606d7cb8cf6c6c495ce84aa4	UR:file:///goast/hemat_data/references/hg38_broad/Homo_sapiens_assembly38.masked.fasta
@SQ	SN:chrUn_JTFH01000037v1_decoy	LN:5577	M5:20bd1281fc32355adf567b4e0ff160a5	UR:file:///goast/hemat_data/references/hg38_broad/Homo_sapiens_assembly38.masked.fasta
@SQ	SN:chrUn_JTFH01000038v1_decoy	LN:5413	M5:3d2ed60178406278eb02030b7c0cc328	UR:file:///goast/hemat_data/references/hg38_broad/Homo_sapiens_assembly38.masked.fasta
@SQ	SN:chrUn_JTFH01000039v1_decoy	LN:5250	M5:62ebce054cc44d5c32625c44fa1e5ff5	UR:file:///goast/hemat_data/references/hg38_broad/Homo_sapiens_assembly38.masked.fasta
@SQ	SN:chrUn_JTFH01000040v1_decoy	LN:5246	M5:7cf464d2ec26fa4cea2bfd25f995969c	UR:file:///goast/hemat_data/references/hg38_broad/Homo_sapiens_assembly38.masked.fasta
@SQ	SN:chrUn_JTFH01000041v1_decoy	LN:5118	M5:ad3a1c8041863a52b7fa6d6d56ce0d3b	UR:file:///goast/hemat_data/references/hg38_broad/Homo_sapiens_assembly38.masked.fasta
@SQ	SN:chrUn_JTFH01000042v1_decoy	LN:5058	M5:bce45aec79ec4861d8442ec3d738761b	UR:file:///goast/hemat_data/references/hg38_broad/Homo_sapiens_assembly38.masked.fasta
@SQ	SN:chrUn_JTFH01000043v1_decoy	LN:4959	M5:f653839b5c54df56a1a2fdd7ceb42db8	UR:file:///goast/hemat_data/references/hg38_broad/Homo_sapiens_assembly38.masked.fasta
@SQ	SN:chrUn_JTFH01000044v1_decoy	LN:4853	M5:3505d16e35e056be0892167f5a564661	UR:file:///goast/hemat_data/references/hg38_broad/Homo_sapiens_assembly38.masked.fasta
@SQ	SN:chrUn_JTFH01000045v1_decoy	LN:4828	M5:d43e63bb33a6cb65d5cdd1ca31e94c19	UR:file:///goast/hemat_data/references/hg38_broad/Homo_sapiens_assembly38.masked.fasta
@SQ	SN:chrUn_JTFH01000046v1_decoy	LN:4819	M5:db9c73fa0d581cecaf0175aab4a0fc7c	UR:file:///goast/hemat_data/references/hg38_broad/Homo_sapiens_assembly38.masked.fasta
@SQ	SN:chrUn_JTFH01000047v1_decoy	LN:4809	M5:1b157b5c5c208470638b188e23b55a59	UR:file:///goast/hemat_data/references/hg38_broad/Homo_sapiens_assembly38.masked.fasta
@SQ	SN:chrUn_JTFH01000048v1_decoy	LN:4710	M5:ad9552980f4f1bf74b72740d14d2f5ac	UR:file:///goast/hemat_data/references/hg38_broad/Homo_sapiens_assembly38.masked.fasta
@SQ	SN:chrUn_JTFH01000049v1_decoy	LN:4680	M5:5bb4ddca04b26e3afd0bf218f2947a7e	UR:file:///goast/hemat_data/references/hg38_broad/Homo_sapiens_assembly38.masked.fasta
@SQ	SN:chrUn_JTFH01000050v1_decoy	LN:4645	M5:6a821c450a9bcf89dfccaa62d46212cf	UR:file:///goast/hemat_data/references/hg38_broad/Homo_sapiens_assembly38.masked.fasta
@SQ	SN:chrUn_JTFH01000051v1_decoy	LN:4514	M5:bab340cdaa58e6d32ad1138612c84e07	UR:file:///goast/hemat_data/references/hg38_broad/Homo_sapiens_assembly38.masked.fasta
@SQ	SN:chrUn_JTFH01000052v1_decoy	LN:4439	M5:3cd292c1df3855202250324272a95b5b	UR:file:///goast/hemat_data/references/hg38_broad/Homo_sapiens_assembly38.masked.fasta
@SQ	SN:chrUn_JTFH01000053v1_decoy	LN:4416	M5:73c9659871560313e754f9363053d56c	UR:file:///goast/hemat_data/references/hg38_broad/Homo_sapiens_assembly38.masked.fasta
@SQ	SN:chrUn_JTFH01000054v1_decoy	LN:4409	M5:8ab5d2ce8c35201fa585fdf6f4ae670c	UR:file:///goast/hemat_data/references/hg38_broad/Homo_sapiens_assembly38.masked.fasta
@SQ	SN:chrUn_JTFH01000055v1_decoy	LN:4392	M5:e2b0cc1cca4b7ed60f85199816696690	UR:file:///goast/hemat_data/references/hg38_broad/Homo_sapiens_assembly38.masked.fasta
@SQ	SN:chrUn_JTFH01000056v1_decoy	LN:4359	M5:ad16965c23d8e07c823a47e9b098f162	UR:file:///goast/hemat_data/references/hg38_broad/Homo_sapiens_assembly38.masked.fasta
@SQ	SN:chrUn_JTFH01000057v1_decoy	LN:4319	M5:3bfb10064835da4e9caf7e8deb1857f2	UR:file:///goast/hemat_data/references/hg38_broad/Homo_sapiens_assembly38.masked.fasta
@SQ	SN:chrUn_JTFH01000058v1_decoy	LN:4290	M5:947253137780def5c1c0db12039bdeca	UR:file:///goast/hemat_data/references/hg38_broad/Homo_sapiens_assembly38.masked.fasta
@SQ	SN:chrUn_JTFH01000059v1_decoy	LN:4242	M5:2a6de19fbea3d44dbf76c71f1778b47e	UR:file:///goast/hemat_data/references/hg38_broad/Homo_sapiens_assembly38.masked.fasta
@SQ	SN:chrUn_JTFH01000060v1_decoy	LN:4228	M5:8b1e73bd29fd4c77bb54fb586721b1a3	UR:file:///goast/hemat_data/references/hg38_broad/Homo_sapiens_assembly38.masked.fasta
@SQ	SN:chrUn_JTFH01000061v1_decoy	LN:4222	M5:8576a97cd4f61cd6455b423f14eaed92	UR:file:///goast/hemat_data/references/hg38_broad/Homo_sapiens_assembly38.masked.fasta
@SQ	SN:chrUn_JTFH01000062v1_decoy	LN:4216	M5:d885db4b883ae34dd53ed184783c2144	UR:file:///goast/hemat_data/references/hg38_broad/Homo_sapiens_assembly38.masked.fasta
@SQ	SN:chrUn_JTFH01000063v1_decoy	LN:4210	M5:1bfa5c8aecb62137e83c3274991deceb	UR:file:///goast/hemat_data/references/hg38_broad/Homo_sapiens_assembly38.masked.fasta
@SQ	SN:chrUn_JTFH01000064v1_decoy	LN:4206	M5:48398977c32247e425a6a85f97026636	UR:file:///goast/hemat_data/references/hg38_broad/Homo_sapiens_assembly38.masked.fasta
@SQ	SN:chrUn_JTFH01000065v1_decoy	LN:4102	M5:f7d638a8f28d1c9842128b1225325947	UR:file:///goast/hemat_data/references/hg38_broad/Homo_sapiens_assembly38.masked.fasta
@SQ	SN:chrUn_JTFH01000066v1_decoy	LN:4101	M5:78254b10a1884b61ecbfc72be3ad38d7	UR:file:///goast/hemat_data/references/hg38_broad/Homo_sapiens_assembly38.masked.fasta
@SQ	SN:chrUn_JTFH01000067v1_decoy	LN:4083	M5:19683f0eb0d378e403a918d10931eb76	UR:file:///goast/hemat_data/references/hg38_broad/Homo_sapiens_assembly38.masked.fasta
@SQ	SN:chrUn_JTFH01000068v1_decoy	LN:3967	M5:2519be1b425e386f50cf02ec88f8f903	UR:file:///goast/hemat_data/references/hg38_broad/Homo_sapiens_assembly38.masked.fasta
@SQ	SN:chrUn_JTFH01000069v1_decoy	LN:3955	M5:7c186eab354093fe3b26a9e757407fca	UR:file:///goast/hemat_data/references/hg38_broad/Homo_sapiens_assembly38.masked.fasta
@SQ	SN:chrUn_JTFH01000070v1_decoy	LN:3945	M5:4cf91327091051082a0ff114dd170f21	UR:file:///goast/hemat_data/references/hg38_broad/Homo_sapiens_assembly38.masked.fasta
@SQ	SN:chrUn_JTFH01000071v1_decoy	LN:3930	M5:d97123bfd4ea271ec354c170d89d80d2	UR:file:///goast/hemat_data/references/hg38_broad/Homo_sapiens_assembly38.masked.fasta
@SQ	SN:chrUn_JTFH01000072v1_decoy	LN:3929	M5:147eecc4607f1ae7fd1dff1c0f98ca25	UR:file:///goast/hemat_data/references/hg38_broad/Homo_sapiens_assembly38.masked.fasta
@SQ	SN:chrUn_JTFH01000073v1_decoy	LN:3924	M5:84bdf303142b233c179ecef62ab58b07	UR:file:///goast/hemat_data/references/hg38_broad/Homo_sapiens_assembly38.masked.fasta
@SQ	SN:chrUn_JTFH01000074v1_decoy	LN:3919	M5:648c37f3fa6e7d658440858761213e7c	UR:file:///goast/hemat_data/references/hg38_broad/Homo_sapiens_assembly38.masked.fasta
@SQ	SN:chrUn_JTFH01000075v1_decoy	LN:3908	M5:36f5d13bc1a3b72a21c0a4b68148d469	UR:file:///goast/hemat_data/references/hg38_broad/Homo_sapiens_assembly38.masked.fasta
@SQ	SN:chrUn_JTFH01000076v1_decoy	LN:3892	M5:052f146ade5330135e5381db9c779f75	UR:file:///goast/hemat_data/references/hg38_broad/Homo_sapiens_assembly38.masked.fasta
@SQ	SN:chrUn_JTFH01000077v1_decoy	LN:3890	M5:22c368b726169405e1f364115fc2356a	UR:file:///goast/hemat_data/references/hg38_broad/Homo_sapiens_assembly38.masked.fasta
@SQ	SN:chrUn_JTFH01000078v1_decoy	LN:3859	M5:85a6fde3123e4ae2ef854e83b790e55d	UR:file:///goast/hemat_data/references/hg38_broad/Homo_sapiens_assembly38.masked.fasta
@SQ	SN:chrUn_JTFH01000079v1_decoy	LN:3846	M5:21dfcbee386bf64a6e7639d212fe4ba0	UR:file:///goast/hemat_data/references/hg38_broad/Homo_sapiens_assembly38.masked.fasta
@SQ	SN:chrUn_JTFH01000080v1_decoy	LN:3835	M5:7f8ace0d7314cec254a8ff5addedb0f7	UR:file:///goast/hemat_data/references/hg38_broad/Homo_sapiens_assembly38.masked.fasta
@SQ	SN:chrUn_JTFH01000081v1_decoy	LN:3830	M5:d40bb66c2d194acad4d612db8d34e1b9	UR:file:///goast/hemat_data/references/hg38_broad/Homo_sapiens_assembly38.masked.fasta
@SQ	SN:chrUn_JTFH01000082v1_decoy	LN:3828	M5:c6c7826a848a366317f63f5db5dabe87	UR:file:///goast/hemat_data/references/hg38_broad/Homo_sapiens_assembly38.masked.fasta
@SQ	SN:chrUn_JTFH01000083v1_decoy	LN:3825	M5:632e853a99e258e0ae002c0c03aa7caa	UR:file:///goast/hemat_data/references/hg38_broad/Homo_sapiens_assembly38.masked.fasta
@SQ	SN:chrUn_JTFH01000084v1_decoy	LN:3821	M5:67720b3ea8a4c3be301aa0519627e306	UR:file:///goast/hemat_data/references/hg38_broad/Homo_sapiens_assembly38.masked.fasta
@SQ	SN:chrUn_JTFH01000085v1_decoy	LN:3809	M5:8ee2faad62aedf582f3c33635df47f84	UR:file:///goast/hemat_data/references/hg38_broad/Homo_sapiens_assembly38.masked.fasta
@SQ	SN:chrUn_JTFH01000086v1_decoy	LN:3801	M5:dbd8292192827196a4c3d545bfb9b67c	UR:file:///goast/hemat_data/references/hg38_broad/Homo_sapiens_assembly38.masked.fasta
@SQ	SN:chrUn_JTFH01000087v1_decoy	LN:3799	M5:15066eea555ea13dca8b28620db8ae45	UR:file:///goast/hemat_data/references/hg38_broad/Homo_sapiens_assembly38.masked.fasta
@SQ	SN:chrUn_JTFH01000088v1_decoy	LN:3737	M5:83437130e836bac50aba2aa79fa9d80c	UR:file:///goast/hemat_data/references/hg38_broad/Homo_sapiens_assembly38.masked.fasta
@SQ	SN:chrUn_JTFH01000089v1_decoy	LN:3701	M5:16d790e451ef2c33018834904a04c177	UR:file:///goast/hemat_data/references/hg38_broad/Homo_sapiens_assembly38.masked.fasta
@SQ	SN:chrUn_JTFH01000090v1_decoy	LN:3698	M5:4045cd2ec9d306542cc3804aab489587	UR:file:///goast/hemat_data/references/hg38_broad/Homo_sapiens_assembly38.masked.fasta
@SQ	SN:chrUn_JTFH01000091v1_decoy	LN:3692	M5:3a1e6d05d94debffbe6070b59627d610	UR:file:///goast/hemat_data/references/hg38_broad/Homo_sapiens_assembly38.masked.fasta
@SQ	SN:chrUn_JTFH01000092v1_decoy	LN:3686	M5:f2bcad40026ed9d729d9c31034159300	UR:file:///goast/hemat_data/references/hg38_broad/Homo_sapiens_assembly38.masked.fasta
@SQ	SN:chrUn_JTFH01000093v1_decoy	LN:3677	M5:50536f98dd2e44e8a77c5f9d289ad87c	UR:file:///goast/hemat_data/references/hg38_broad/Homo_sapiens_assembly38.masked.fasta
@SQ	SN:chrUn_JTFH01000094v1_decoy	LN:3664	M5:65fd750160fcf7b7944c8e015e46a443	UR:file:///goast/hemat_data/references/hg38_broad/Homo_sapiens_assembly38.masked.fasta
@SQ	SN:chrUn_JTFH01000095v1_decoy	LN:3613	M5:3257e4358f19507804bfac363c932664	UR:file:///goast/hemat_data/references/hg38_broad/Homo_sapiens_assembly38.masked.fasta
@SQ	SN:chrUn_JTFH01000096v1_decoy	LN:3611	M5:d10add8e30105013e264b6feede833e0	UR:file:///goast/hemat_data/references/hg38_broad/Homo_sapiens_assembly38.masked.fasta
@SQ	SN:chrUn_JTFH01000097v1_decoy	LN:3606	M5:c78427ed0c2856bbf8131bd73e54c3f5	UR:file:///goast/hemat_data/references/hg38_broad/Homo_sapiens_assembly38.masked.fasta
@SQ	SN:chrUn_JTFH01000098v1_decoy	LN:3584	M5:81a78209d26627e698602af1848e2b03	UR:file:///goast/hemat_data/references/hg38_broad/Homo_sapiens_assembly38.masked.fasta
@SQ	SN:chrUn_JTFH01000099v1_decoy	LN:3581	M5:90e3913247adb7b30059e051bbcefe4c	UR:file:///goast/hemat_data/references/hg38_broad/Homo_sapiens_assembly38.masked.fasta
@SQ	SN:chrUn_JTFH01000100v1_decoy	LN:3543	M5:3dd50a694f9e6011fc694fab191cb759	UR:file:///goast/hemat_data/references/hg38_broad/Homo_sapiens_assembly38.masked.fasta
@SQ	SN:chrUn_JTFH01000101v1_decoy	LN:3528	M5:0eefcbd5209d0d32ccf640f76a69f676	UR:file:///goast/hemat_data/references/hg38_broad/Homo_sapiens_assembly38.masked.fasta
@SQ	SN:chrUn_JTFH01000102v1_decoy	LN:3527	M5:0bc37681f399eec3b3b7dcbf22498b37	UR:file:///goast/hemat_data/references/hg38_broad/Homo_sapiens_assembly38.masked.fasta
@SQ	SN:chrUn_JTFH01000103v1_decoy	LN:3496	M5:c04b909a1562f77654eceacd0b8a935f	UR:file:///goast/hemat_data/references/hg38_broad/Homo_sapiens_assembly38.masked.fasta
@SQ	SN:chrUn_JTFH01000104v1_decoy	LN:3493	M5:fb84ec004fe99371b9b2d74bfb8570ea	UR:file:///goast/hemat_data/references/hg38_broad/Homo_sapiens_assembly38.masked.fasta
@SQ	SN:chrUn_JTFH01000105v1_decoy	LN:3484	M5:e07ccdf102c986c26b2bda46045943b2	UR:file:///goast/hemat_data/references/hg38_broad/Homo_sapiens_assembly38.masked.fasta
@SQ	SN:chrUn_JTFH01000106v1_decoy	LN:3435	M5:4be97b9bc8d65dffe17f17ef9f801240	UR:file:///goast/hemat_data/references/hg38_broad/Homo_sapiens_assembly38.masked.fasta
@SQ	SN:chrUn_JTFH01000107v1_decoy	LN:3391	M5:0878850e674ca72172a37319b9321acb	UR:file:///goast/hemat_data/references/hg38_broad/Homo_sapiens_assembly38.masked.fasta
@SQ	SN:chrUn_JTFH01000108v1_decoy	LN:3374	M5:5b7dd688c7eafb7b418766bdab494a84	UR:file:///goast/hemat_data/references/hg38_broad/Homo_sapiens_assembly38.masked.fasta
@SQ	SN:chrUn_JTFH01000109v1_decoy	LN:3371	M5:fb407b611c6eab3bb1609123cbeb47c3	UR:file:///goast/hemat_data/references/hg38_broad/Homo_sapiens_assembly38.masked.fasta
@SQ	SN:chrUn_JTFH01000110v1_decoy	LN:3361	M5:4851563bcd9e0f7af3768f20f33bb22a	UR:file:///goast/hemat_data/references/hg38_broad/Homo_sapiens_assembly38.masked.fasta
@SQ	SN:chrUn_JTFH01000111v1_decoy	LN:3351	M5:24701a0d266ed39e5bfd3757bbfa218e	UR:file:///goast/hemat_data/references/hg38_broad/Homo_sapiens_assembly38.masked.fasta
@SQ	SN:chrUn_JTFH01000112v1_decoy	LN:3340	M5:d10fcebc376b84a0e301d97eff284137	UR:file:///goast/hemat_data/references/hg38_broad/Homo_sapiens_assembly38.masked.fasta
@SQ	SN:chrUn_JTFH01000113v1_decoy	LN:3320	M5:05f2acb99e398b98f272d297727f28d1	UR:file:///goast/hemat_data/references/hg38_broad/Homo_sapiens_assembly38.masked.fasta
@SQ	SN:chrUn_JTFH01000114v1_decoy	LN:3282	M5:d20adc7c458920890e8c1c56717c60b3	UR:file:///goast/hemat_data/references/hg38_broad/Homo_sapiens_assembly38.masked.fasta
@SQ	SN:chrUn_JTFH01000115v1_decoy	LN:3278	M5:9baab7452d6c49d97acd68acc83ab547	UR:file:///goast/hemat_data/references/hg38_broad/Homo_sapiens_assembly38.masked.fasta
@SQ	SN:chrUn_JTFH01000116v1_decoy	LN:3260	M5:b2b6112ec6f9d22a7842f78e37d6a3b8	UR:file:///goast/hemat_data/references/hg38_broad/Homo_sapiens_assembly38.masked.fasta
@SQ	SN:chrUn_JTFH01000117v1_decoy	LN:3258	M5:edb413acc1f07788b1a55b647c56997c	UR:file:///goast/hemat_data/references/hg38_broad/Homo_sapiens_assembly38.masked.fasta
@SQ	SN:chrUn_JTFH01000118v1_decoy	LN:3253	M5:1143d3e269aa80abfae249b7c653814c	UR:file:///goast/hemat_data/references/hg38_broad/Homo_sapiens_assembly38.masked.fasta
@SQ	SN:chrUn_JTFH01000119v1_decoy	LN:3247	M5:8d905fa140b8fded3a9560d24a32cfe9	UR:file:///goast/hemat_data/references/hg38_broad/Homo_sapiens_assembly38.masked.fasta
@SQ	SN:chrUn_JTFH01000120v1_decoy	LN:3230	M5:8c96125639143835c0e5b29884855e8a	UR:file:///goast/hemat_data/references/hg38_broad/Homo_sapiens_assembly38.masked.fasta
@SQ	SN:chrUn_JTFH01000121v1_decoy	LN:3224	M5:6314311a75a1832245fb87dd86655de8	UR:file:///goast/hemat_data/references/hg38_broad/Homo_sapiens_assembly38.masked.fasta
@SQ	SN:chrUn_JTFH01000122v1_decoy	LN:3216	M5:80770770768ebb238cb4572d674e1579	UR:file:///goast/hemat_data/references/hg38_broad/Homo_sapiens_assembly38.masked.fasta
@SQ	SN:chrUn_JTFH01000123v1_decoy	LN:3212	M5:63a4964026424edcd64a0e174de5c51a	UR:file:///goast/hemat_data/references/hg38_broad/Homo_sapiens_assembly38.masked.fasta
@SQ	SN:chrUn_JTFH01000124v1_decoy	LN:3194	M5:c68922465f39c47a5ebcf4767811e41e	UR:file:///goast/hemat_data/references/hg38_broad/Homo_sapiens_assembly38.masked.fasta
@SQ	SN:chrUn_JTFH01000125v1_decoy	LN:3189	M5:9e4ae67a2bea0ce8335cfb82e125cc2c	UR:file:///goast/hemat_data/references/hg38_broad/Homo_sapiens_assembly38.masked.fasta
@SQ	SN:chrUn_JTFH01000126v1_decoy	LN:3177	M5:94806d6a47b3781ed8e5004a2c577255	UR:file:///goast/hemat_data/references/hg38_broad/Homo_sapiens_assembly38.masked.fasta
@SQ	SN:chrUn_JTFH01000127v1_decoy	LN:3176	M5:419d834659cd952516de6d9dcae8c3b6	UR:file:///goast/hemat_data/references/hg38_broad/Homo_sapiens_assembly38.masked.fasta
@SQ	SN:chrUn_JTFH01000128v1_decoy	LN:3173	M5:050df236c1fa3a63c31f33b73308c168	UR:file:///goast/hemat_data/references/hg38_broad/Homo_sapiens_assembly38.masked.fasta
@SQ	SN:chrUn_JTFH01000129v1_decoy	LN:3170	M5:61f6339992ffab5d3091b4a3b3baead8	UR:file:///goast/hemat_data/references/hg38_broad/Homo_sapiens_assembly38.masked.fasta
@SQ	SN:chrUn_JTFH01000130v1_decoy	LN:3166	M5:1fc75a1345ce98d6f25ba4d916b5d7f4	UR:file:///goast/hemat_data/references/hg38_broad/Homo_sapiens_assembly38.masked.fasta
@SQ	SN:chrUn_JTFH01000131v1_decoy	LN:3163	M5:c262387ff17ca2ee56fb368575275676	UR:file:///goast/hemat_data/references/hg38_broad/Homo_sapiens_assembly38.masked.fasta
@SQ	SN:chrUn_JTFH01000132v1_decoy	LN:3143	M5:790557e383cdc852732e3da2c6b6c615	UR:file:///goast/hemat_data/references/hg38_broad/Homo_sapiens_assembly38.masked.fasta
@SQ	SN:chrUn_JTFH01000133v1_decoy	LN:3137	M5:ea2bf77f700236081cf8eb7aa0d9a909	UR:file:///goast/hemat_data/references/hg38_broad/Homo_sapiens_assembly38.masked.fasta
@SQ	SN:chrUn_JTFH01000134v1_decoy	LN:3116	M5:a8ae3ccc9f17c0f0edcacc5079219d51	UR:file:///goast/hemat_data/references/hg38_broad/Homo_sapiens_assembly38.masked.fasta
@SQ	SN:chrUn_JTFH01000135v1_decoy	LN:3106	M5:89002d8689e45952391a7984d69df23d	UR:file:///goast/hemat_data/references/hg38_broad/Homo_sapiens_assembly38.masked.fasta
@SQ	SN:chrUn_JTFH01000136v1_decoy	LN:3093	M5:2dc162e245d6ff81936bc650004ec8cb	UR:file:///goast/hemat_data/references/hg38_broad/Homo_sapiens_assembly38.masked.fasta
@SQ	SN:chrUn_JTFH01000137v1_decoy	LN:3079	M5:38068261005ed014603a09dac9438db7	UR:file:///goast/hemat_data/references/hg38_broad/Homo_sapiens_assembly38.masked.fasta
@SQ	SN:chrUn_JTFH01000138v1_decoy	LN:3053	M5:bb3a8eab3c8ea2aa961e65ec5e1d91da	UR:file:///goast/hemat_data/references/hg38_broad/Homo_sapiens_assembly38.masked.fasta
@SQ	SN:chrUn_JTFH01000139v1_decoy	LN:3051	M5:87d0e9b49ecda7ba160f80012ca40de3	UR:file:///goast/hemat_data/references/hg38_broad/Homo_sapiens_assembly38.masked.fasta
@SQ	SN:chrUn_JTFH01000140v1_decoy	LN:3015	M5:303ba1d7f1155342056b491810358e6b	UR:file:///goast/hemat_data/references/hg38_broad/Homo_sapiens_assembly38.masked.fasta
@SQ	SN:chrUn_JTFH01000141v1_decoy	LN:3012	M5:c7a07f27a9874d99e33c27c2a2280cd2	UR:file:///goast/hemat_data/references/hg38_broad/Homo_sapiens_assembly38.masked.fasta
@SQ	SN:chrUn_JTFH01000142v1_decoy	LN:3009	M5:d88319790f0a837a02a625cfdb6c1971	UR:file:///goast/hemat_data/references/hg38_broad/Homo_sapiens_assembly38.masked.fasta
@SQ	SN:chrUn_JTFH01000143v1_decoy	LN:2997	M5:2b912adb843e4f2d90726c884ca7ab4b	UR:file:///goast/hemat_data/references/hg38_broad/Homo_sapiens_assembly38.masked.fasta
@SQ	SN:chrUn_JTFH01000144v1_decoy	LN:2997	M5:f6bf68bca6151666f29be31cb16f1c0d	UR:file:///goast/hemat_data/references/hg38_broad/Homo_sapiens_assembly38.masked.fasta
@SQ	SN:chrUn_JTFH01000145v1_decoy	LN:2983	M5:3473d9484854e710526e0c7ccc80b5bb	UR:file:///goast/hemat_data/references/hg38_broad/Homo_sapiens_assembly38.masked.fasta
@SQ	SN:chrUn_JTFH01000146v1_decoy	LN:2979	M5:90d61da24b116c2bacb63747666a326b	UR:file:///goast/hemat_data/references/hg38_broad/Homo_sapiens_assembly38.masked.fasta
@SQ	SN:chrUn_JTFH01000147v1_decoy	LN:2967	M5:c84a0386ea78dc84323f55723fc42ef1	UR:file:///goast/hemat_data/references/hg38_broad/Homo_sapiens_assembly38.masked.fasta
@SQ	SN:chrUn_JTFH01000148v1_decoy	LN:2967	M5:a2b48635d63117baec9f7dbeae644928	UR:file:///goast/hemat_data/references/hg38_broad/Homo_sapiens_assembly38.masked.fasta
@SQ	SN:chrUn_JTFH01000149v1_decoy	LN:2966	M5:0b15201439291bf53043abb6dcdab743	UR:file:///goast/hemat_data/references/hg38_broad/Homo_sapiens_assembly38.masked.fasta
@SQ	SN:chrUn_JTFH01000150v1_decoy	LN:2954	M5:f36be073b0668fe6c56206c0a9bcf742	UR:file:///goast/hemat_data/references/hg38_broad/Homo_sapiens_assembly38.masked.fasta
@SQ	SN:chrUn_JTFH01000151v1_decoy	LN:2952	M5:0aa12dea5cdf7b9dea2d56a71e233dab	UR:file:///goast/hemat_data/references/hg38_broad/Homo_sapiens_assembly38.masked.fasta
@SQ	SN:chrUn_JTFH01000152v1_decoy	LN:2934	M5:70eafae03cdb824f956cc77cc9b342ef	UR:file:///goast/hemat_data/references/hg38_broad/Homo_sapiens_assembly38.masked.fasta
@SQ	SN:chrUn_JTFH01000153v1_decoy	LN:2918	M5:d7711561e6c2a87e3771c3ce9e28ffaa	UR:file:///goast/hemat_data/references/hg38_broad/Homo_sapiens_assembly38.masked.fasta
@SQ	SN:chrUn_JTFH01000154v1_decoy	LN:2895	M5:b40089d10ae6fb3b2a90a260a6469229	UR:file:///goast/hemat_data/references/hg38_broad/Homo_sapiens_assembly38.masked.fasta
@SQ	SN:chrUn_JTFH01000155v1_decoy	LN:2887	M5:9be2679cff5e171c42de84446d6fedfa	UR:file:///goast/hemat_data/references/hg38_broad/Homo_sapiens_assembly38.masked.fasta
@SQ	SN:chrUn_JTFH01000156v1_decoy	LN:2879	M5:100d6fd294d6998c7928887ba353f441	UR:file:///goast/hemat_data/references/hg38_broad/Homo_sapiens_assembly38.masked.fasta
@SQ	SN:chrUn_JTFH01000157v1_decoy	LN:2878	M5:e081c58ad4b64da9af95ca27932e7ebb	UR:file:///goast/hemat_data/references/hg38_broad/Homo_sapiens_assembly38.masked.fasta
@SQ	SN:chrUn_JTFH01000158v1_decoy	LN:2872	M5:0469343a7677dac01c66bf219aa0611d	UR:file:///goast/hemat_data/references/hg38_broad/Homo_sapiens_assembly38.masked.fasta
@SQ	SN:chrUn_JTFH01000159v1_decoy	LN:2868	M5:fbc27037c78cd3b3982d7f792147d4ec	UR:file:///goast/hemat_data/references/hg38_broad/Homo_sapiens_assembly38.masked.fasta
@SQ	SN:chrUn_JTFH01000160v1_decoy	LN:2866	M5:33497edef237132c3e3efe7304d5a685	UR:file:///goast/hemat_data/references/hg38_broad/Homo_sapiens_assembly38.masked.fasta
@SQ	SN:chrUn_JTFH01000161v1_decoy	LN:2865	M5:65371a3805dd2779f5807f1849df8a2f	UR:file:///goast/hemat_data/references/hg38_broad/Homo_sapiens_assembly38.masked.fasta
@SQ	SN:chrUn_JTFH01000162v1_decoy	LN:2864	M5:7e9448d377e58534ce56c68cd97278d2	UR:file:///goast/hemat_data/references/hg38_broad/Homo_sapiens_assembly38.masked.fasta
@SQ	SN:chrUn_JTFH01000163v1_decoy	LN:2859	M5:93dbbd6f23a68673abfe169d241204a2	UR:file:///goast/hemat_data/references/hg38_broad/Homo_sapiens_assembly38.masked.fasta
@SQ	SN:chrUn_JTFH01000164v1_decoy	LN:2854	M5:c468c0f380889b274a988802cc95f8ca	UR:file:///goast/hemat_data/references/hg38_broad/Homo_sapiens_assembly38.masked.fasta
@SQ	SN:chrUn_JTFH01000165v1_decoy	LN:2830	M5:bb1fb10e20767215b036dbad18b92018	UR:file:///goast/hemat_data/references/hg38_broad/Homo_sapiens_assembly38.masked.fasta
@SQ	SN:chrUn_JTFH01000166v1_decoy	LN:2828	M5:9f9279b092a64e7648f91091e5112414	UR:file:///goast/hemat_data/references/hg38_broad/Homo_sapiens_assembly38.masked.fasta
@SQ	SN:chrUn_JTFH01000167v1_decoy	LN:2824	M5:774c1242a9fec9c39b231e3a4244c48f	UR:file:///goast/hemat_data/references/hg38_broad/Homo_sapiens_assembly38.masked.fasta
@SQ	SN:chrUn_JTFH01000168v1_decoy	LN:2819	M5:5e794be8f02e6190282545c4a587a131	UR:file:///goast/hemat_data/references/hg38_broad/Homo_sapiens_assembly38.masked.fasta
@SQ	SN:chrUn_JTFH01000169v1_decoy	LN:2813	M5:f7e3bb8a09ce56ebcb9638b710cd2ce3	UR:file:///goast/hemat_data/references/hg38_broad/Homo_sapiens_assembly38.masked.fasta
@SQ	SN:chrUn_JTFH01000170v1_decoy	LN:2809	M5:8fb1846cc5b62db20428a2bf2bfaded5	UR:file:///goast/hemat_data/references/hg38_broad/Homo_sapiens_assembly38.masked.fasta
@SQ	SN:chrUn_JTFH01000171v1_decoy	LN:2802	M5:9bd40f006580d92c066ff544ddc22d8d	UR:file:///goast/hemat_data/references/hg38_broad/Homo_sapiens_assembly38.masked.fasta
@SQ	SN:chrUn_JTFH01000172v1_decoy	LN:2791	M5:5f91fa423cf6ea436c30cddd27d2f7b2	UR:file:///goast/hemat_data/references/hg38_broad/Homo_sapiens_assembly38.masked.fasta
@SQ	SN:chrUn_JTFH01000173v1_decoy	LN:2783	M5:698dd6fdb96a0f8653015f1bf3406d29	UR:file:///goast/hemat_data/references/hg38_broad/Homo_sapiens_assembly38.masked.fasta
@SQ	SN:chrUn_JTFH01000174v1_decoy	LN:2778	M5:3aae745709a336cef318bd095be7bf93	UR:file:///goast/hemat_data/references/hg38_broad/Homo_sapiens_assembly38.masked.fasta
@SQ	SN:chrUn_JTFH01000175v1_decoy	LN:2777	M5:14ba8c26038f60c5a103e430e7fba5e5	UR:file:///goast/hemat_data/references/hg38_broad/Homo_sapiens_assembly38.masked.fasta
@SQ	SN:chrUn_JTFH01000176v1_decoy	LN:2770	M5:467d903833c580a48fa311a7a15c61c8	UR:file:///goast/hemat_data/references/hg38_broad/Homo_sapiens_assembly38.masked.fasta
@SQ	SN:chrUn_JTFH01000177v1_decoy	LN:2769	M5:beb768213f5d753b7f6a857687fb1c9b	UR:file:///goast/hemat_data/references/hg38_broad/Homo_sapiens_assembly38.masked.fasta
@SQ	SN:chrUn_JTFH01000178v1_decoy	LN:2767	M5:2d998199f83204c294ff1e618648e88a	UR:file:///goast/hemat_data/references/hg38_broad/Homo_sapiens_assembly38.masked.fasta
@SQ	SN:chrUn_JTFH01000179v1_decoy	LN:2763	M5:9244414120396c3b53b847abfd80bc74	UR:file:///goast/hemat_data/references/hg38_broad/Homo_sapiens_assembly38.masked.fasta
@SQ	SN:chrUn_JTFH01000180v1_decoy	LN:2745	M5:8657cb328a0d649107216245ce042ff3	UR:file:///goast/hemat_data/references/hg38_broad/Homo_sapiens_assembly38.masked.fasta
@SQ	SN:chrUn_JTFH01000181v1_decoy	LN:2742	M5:9a35552497474ad6e9b35b843c759b60	UR:file:///goast/hemat_data/references/hg38_broad/Homo_sapiens_assembly38.masked.fasta
@SQ	SN:chrUn_JTFH01000182v1_decoy	LN:2736	M5:4fdea3271d6795c56d47fc6d54f11972	UR:file:///goast/hemat_data/references/hg38_broad/Homo_sapiens_assembly38.masked.fasta
@SQ	SN:chrUn_JTFH01000183v1_decoy	LN:2729	M5:5da3445ac176ed7cca1131267e6dfb95	UR:file:///goast/hemat_data/references/hg38_broad/Homo_sapiens_assembly38.masked.fasta
@SQ	SN:chrUn_JTFH01000184v1_decoy	LN:2726	M5:9cc9d79dd54416be6fc2b500d4ca8223	UR:file:///goast/hemat_data/references/hg38_broad/Homo_sapiens_assembly38.masked.fasta
@SQ	SN:chrUn_JTFH01000185v1_decoy	LN:2719	M5:8d898d7f057764e7d11b7121f8cfb366	UR:file:///goast/hemat_data/references/hg38_broad/Homo_sapiens_assembly38.masked.fasta
@SQ	SN:chrUn_JTFH01000186v1_decoy	LN:2715	M5:0bd839a4a62fe7568bf02c2bdf660047	UR:file:///goast/hemat_data/references/hg38_broad/Homo_sapiens_assembly38.masked.fasta
@SQ	SN:chrUn_JTFH01000187v1_decoy	LN:2708	M5:0bcff7297c716264bc76813a0516ad12	UR:file:///goast/hemat_data/references/hg38_broad/Homo_sapiens_assembly38.masked.fasta
@SQ	SN:chrUn_JTFH01000188v1_decoy	LN:2704	M5:0ceefe5f0373922aa642a3180f917c9d	UR:file:///goast/hemat_data/references/hg38_broad/Homo_sapiens_assembly38.masked.fasta
@SQ	SN:chrUn_JTFH01000189v1_decoy	LN:2692	M5:a1ed1d3ee4d5cc17aae0d9d0fa0775b4	UR:file:///goast/hemat_data/references/hg38_broad/Homo_sapiens_assembly38.masked.fasta
@SQ	SN:chrUn_JTFH01000190v1_decoy	LN:2691	M5:43df7d9d35f2d15ff844b2f4564338dd	UR:file:///goast/hemat_data/references/hg38_broad/Homo_sapiens_assembly38.masked.fasta
@SQ	SN:chrUn_JTFH01000191v1_decoy	LN:2690	M5:b7809dc0c98369b8235b36dfbd7e2ae3	UR:file:///goast/hemat_data/references/hg38_broad/Homo_sapiens_assembly38.masked.fasta
@SQ	SN:chrUn_JTFH01000192v1_decoy	LN:2687	M5:a61002b74d916bbe06d09eb62cdb9144	UR:file:///goast/hemat_data/references/hg38_broad/Homo_sapiens_assembly38.masked.fasta
@SQ	SN:chrUn_JTFH01000193v1_decoy	LN:2677	M5:02cb7169934dce464116e8644638b22d	UR:file:///goast/hemat_data/references/hg38_broad/Homo_sapiens_assembly38.masked.fasta
@SQ	SN:chrUn_JTFH01000194v1_decoy	LN:2668	M5:0e691a59ae468d427df06bdb2e34e315	UR:file:///goast/hemat_data/references/hg38_broad/Homo_sapiens_assembly38.masked.fasta
@SQ	SN:chrUn_JTFH01000195v1_decoy	LN:2668	M5:4e1222dfcb9ce80e3a7544e3af791e70	UR:file:///goast/hemat_data/references/hg38_broad/Homo_sapiens_assembly38.masked.fasta
@SQ	SN:chrUn_JTFH01000196v1_decoy	LN:2663	M5:5e4092300f7a24534a4fc2afe6c68b5f	UR:file:///goast/hemat_data/references/hg38_broad/Homo_sapiens_assembly38.masked.fasta
@SQ	SN:chrUn_JTFH01000197v1_decoy	LN:2655	M5:8bf68a2085f6903253894b5ac2be0d10	UR:file:///goast/hemat_data/references/hg38_broad/Homo_sapiens_assembly38.masked.fasta
@SQ	SN:chrUn_JTFH01000198v1_decoy	LN:2644	M5:035eac523101444b286c852a129bb0f0	UR:file:///goast/hemat_data/references/hg38_broad/Homo_sapiens_assembly38.masked.fasta
@SQ	SN:chrUn_JTFH01000199v1_decoy	LN:2642	M5:518ada0e1f2b63c0a99a0154b584120d	UR:file:///goast/hemat_data/references/hg38_broad/Homo_sapiens_assembly38.masked.fasta
@SQ	SN:chrUn_JTFH01000200v1_decoy	LN:2632	M5:40870ec46cc59053e01def95871a68eb	UR:file:///goast/hemat_data/references/hg38_broad/Homo_sapiens_assembly38.masked.fasta
@SQ	SN:chrUn_JTFH01000201v1_decoy	LN:2632	M5:af03b437e04ad5f5cc86e2a67adee8ff	UR:file:///goast/hemat_data/references/hg38_broad/Homo_sapiens_assembly38.masked.fasta
@SQ	SN:chrUn_JTFH01000202v1_decoy	LN:2628	M5:fa043c52050897ca77e0b475bc77776f	UR:file:///goast/hemat_data/references/hg38_broad/Homo_sapiens_assembly38.masked.fasta
@SQ	SN:chrUn_JTFH01000203v1_decoy	LN:2623	M5:0761598e68213207c0d256d5e7e1bcbb	UR:file:///goast/hemat_data/references/hg38_broad/Homo_sapiens_assembly38.masked.fasta
@SQ	SN:chrUn_JTFH01000204v1_decoy	LN:2622	M5:502e3af12800de14f86b2cfd3de9bd2a	UR:file:///goast/hemat_data/references/hg38_broad/Homo_sapiens_assembly38.masked.fasta
@SQ	SN:chrUn_JTFH01000205v1_decoy	LN:2619	M5:74fb4a710fd8bb14104c1cbde54ee247	UR:file:///goast/hemat_data/references/hg38_broad/Homo_sapiens_assembly38.masked.fasta
@SQ	SN:chrUn_JTFH01000206v1_decoy	LN:2605	M5:73c6a5d1feb99a88b122655b4dcdd742	UR:file:///goast/hemat_data/references/hg38_broad/Homo_sapiens_assembly38.masked.fasta
@SQ	SN:chrUn_JTFH01000207v1_decoy	LN:2603	M5:2d1e488c4ee483df72211d2762b1b7cc	UR:file:///goast/hemat_data/references/hg38_broad/Homo_sapiens_assembly38.masked.fasta
@SQ	SN:chrUn_JTFH01000208v1_decoy	LN:2601	M5:c72de668308e8c098888b96b543703d0	UR:file:///goast/hemat_data/references/hg38_broad/Homo_sapiens_assembly38.masked.fasta
@SQ	SN:chrUn_JTFH01000209v1_decoy	LN:2598	M5:33dd6c20ea4712d7d3b200db8f026cbf	UR:file:///goast/hemat_data/references/hg38_broad/Homo_sapiens_assembly38.masked.fasta
@SQ	SN:chrUn_JTFH01000210v1_decoy	LN:2597	M5:cd6c72af3776b51a1619b01b5eff8bc8	UR:file:///goast/hemat_data/references/hg38_broad/Homo_sapiens_assembly38.masked.fasta
@SQ	SN:chrUn_JTFH01000211v1_decoy	LN:2596	M5:40ba1e4b99e2625ec5a5cc4038fa9a06	UR:file:///goast/hemat_data/references/hg38_broad/Homo_sapiens_assembly38.masked.fasta
@SQ	SN:chrUn_JTFH01000212v1_decoy	LN:2594	M5:fe8d3058e4af4e6063be2c2f955b2bfb	UR:file:///goast/hemat_data/references/hg38_broad/Homo_sapiens_assembly38.masked.fasta
@SQ	SN:chrUn_JTFH01000213v1_decoy	LN:2586	M5:2ae32263b19fd8541852cb566f82be30	UR:file:///goast/hemat_data/references/hg38_broad/Homo_sapiens_assembly38.masked.fasta
@SQ	SN:chrUn_JTFH01000214v1_decoy	LN:2585	M5:873a6619e50330ccdcebeb56cf56b70a	UR:file:///goast/hemat_data/references/hg38_broad/Homo_sapiens_assembly38.masked.fasta
@SQ	SN:chrUn_JTFH01000215v1_decoy	LN:2583	M5:13d7b02826997cd3db01ccfc712000ea	UR:file:///goast/hemat_data/references/hg38_broad/Homo_sapiens_assembly38.masked.fasta
@SQ	SN:chrUn_JTFH01000216v1_decoy	LN:2578	M5:f891eed2ad267879c435cbc346ebfaec	UR:file:///goast/hemat_data/references/hg38_broad/Homo_sapiens_assembly38.masked.fasta
@SQ	SN:chrUn_JTFH01000217v1_decoy	LN:2569	M5:17baf081bd68afecee4fb26591fb7d44	UR:file:///goast/hemat_data/references/hg38_broad/Homo_sapiens_assembly38.masked.fasta
@SQ	SN:chrUn_JTFH01000218v1_decoy	LN:2569	M5:b543771b65b36e55866a9191f68deb0e	UR:file:///goast/hemat_data/references/hg38_broad/Homo_sapiens_assembly38.masked.fasta
@SQ	SN:chrUn_JTFH01000219v1_decoy	LN:2551	M5:cd59a6042156743484b01e429d67dcb9	UR:file:///goast/hemat_data/references/hg38_broad/Homo_sapiens_assembly38.masked.fasta
@SQ	SN:chrUn_JTFH01000220v1_decoy	LN:2548	M5:822737a44cc33c2db164829922cdb96a	UR:file:///goast/hemat_data/references/hg38_broad/Homo_sapiens_assembly38.masked.fasta
@SQ	SN:chrUn_JTFH01000221v1_decoy	LN:2548	M5:cfc1c1a98c1e72f1193cf3bdbd7d6e22	UR:file:///goast/hemat_data/references/hg38_broad/Homo_sapiens_assembly38.masked.fasta
@SQ	SN:chrUn_JTFH01000222v1_decoy	LN:2546	M5:4b897ac33360cfc5dda50c492edd5264	UR:file:///goast/hemat_data/references/hg38_broad/Homo_sapiens_assembly38.masked.fasta
@SQ	SN:chrUn_JTFH01000223v1_decoy	LN:2545	M5:3e5f015ea4c3e8e3f4aa413fc8e33ff7	UR:file:///goast/hemat_data/references/hg38_broad/Homo_sapiens_assembly38.masked.fasta
@SQ	SN:chrUn_JTFH01000224v1_decoy	LN:2534	M5:8a161ea48715e813fd05aa43c1e4524a	UR:file:///goast/hemat_data/references/hg38_broad/Homo_sapiens_assembly38.masked.fasta
@SQ	SN:chrUn_JTFH01000225v1_decoy	LN:2533	M5:fb3804f1f8c9b481a5684e24912cdb2e	UR:file:///goast/hemat_data/references/hg38_broad/Homo_sapiens_assembly38.masked.fasta
@SQ	SN:chrUn_JTFH01000226v1_decoy	LN:2522	M5:4a6ae65ea92c112f656b5d39d76a7741	UR:file:///goast/hemat_data/references/hg38_broad/Homo_sapiens_assembly38.masked.fasta
@SQ	SN:chrUn_JTFH01000227v1_decoy	LN:2522	M5:4b56d4e6c02a6e93eace0b35a8e81178	UR:file:///goast/hemat_data/references/hg38_broad/Homo_sapiens_assembly38.masked.fasta
@SQ	SN:chrUn_JTFH01000228v1_decoy	LN:2515	M5:38e333d2fbaeea1196ff289ff007b136	UR:file:///goast/hemat_data/references/hg38_broad/Homo_sapiens_assembly38.masked.fasta
@SQ	SN:chrUn_JTFH01000229v1_decoy	LN:2513	M5:6948ea45d0167313b03bb520dece25ab	UR:file:///goast/hemat_data/references/hg38_broad/Homo_sapiens_assembly38.masked.fasta
@SQ	SN:chrUn_JTFH01000230v1_decoy	LN:2507	M5:ae1256f74ac53ab9f03548cd40e2fe8e	UR:file:///goast/hemat_data/references/hg38_broad/Homo_sapiens_assembly38.masked.fasta
@SQ	SN:chrUn_JTFH01000231v1_decoy	LN:2504	M5:615e1e7e5b15386539deb06dd4e70457	UR:file:///goast/hemat_data/references/hg38_broad/Homo_sapiens_assembly38.masked.fasta
@SQ	SN:chrUn_JTFH01000232v1_decoy	LN:2497	M5:2601507db41c0111c04735355c122721	UR:file:///goast/hemat_data/references/hg38_broad/Homo_sapiens_assembly38.masked.fasta
@SQ	SN:chrUn_JTFH01000233v1_decoy	LN:2471	M5:204b14540e382d6178cbf75d805ad164	UR:file:///goast/hemat_data/references/hg38_broad/Homo_sapiens_assembly38.masked.fasta
@SQ	SN:chrUn_JTFH01000234v1_decoy	LN:2465	M5:8bf3deb57ae47354c0f07b477420f838	UR:file:///goast/hemat_data/references/hg38_broad/Homo_sapiens_assembly38.masked.fasta
@SQ	SN:chrUn_JTFH01000235v1_decoy	LN:2464	M5:ef6b06a889077e9b0c4ae3b5eeaf21cb	UR:file:///goast/hemat_data/references/hg38_broad/Homo_sapiens_assembly38.masked.fasta
@SQ	SN:chrUn_JTFH01000236v1_decoy	LN:2459	M5:cf22036ebb20e5c07502642f1d926f55	UR:file:///goast/hemat_data/references/hg38_broad/Homo_sapiens_assembly38.masked.fasta
@SQ	SN:chrUn_JTFH01000237v1_decoy	LN:2457	M5:64a6bc4d08e4f9e0d6ba8cce58b7f505	UR:file:///goast/hemat_data/references/hg38_broad/Homo_sapiens_assembly38.masked.fasta
@SQ	SN:chrUn_JTFH01000238v1_decoy	LN:2450	M5:e83868519a491203921eb9f7286a5e98	UR:file:///goast/hemat_data/references/hg38_broad/Homo_sapiens_assembly38.masked.fasta
@SQ	SN:chrUn_JTFH01000239v1_decoy	LN:2435	M5:8292756d8d376c15256d12d69951d1ac	UR:file:///goast/hemat_data/references/hg38_broad/Homo_sapiens_assembly38.masked.fasta
@SQ	SN:chrUn_JTFH01000240v1_decoy	LN:2434	M5:e850a25d74b1a7564101247ce3b1fb7c	UR:file:///goast/hemat_data/references/hg38_broad/Homo_sapiens_assembly38.masked.fasta
@SQ	SN:chrUn_JTFH01000241v1_decoy	LN:2432	M5:b0696db696f0e45c6909f75d3f17ab87	UR:file:///goast/hemat_data/references/hg38_broad/Homo_sapiens_assembly38.masked.fasta
@SQ	SN:chrUn_JTFH01000242v1_decoy	LN:2427	M5:4a78bf09eb53eaefba5d6406f424579a	UR:file:///goast/hemat_data/references/hg38_broad/Homo_sapiens_assembly38.masked.fasta
@SQ	SN:chrUn_JTFH01000243v1_decoy	LN:2421	M5:6751a1f3f80e5a43badc5b9a986fa49a	UR:file:///goast/hemat_data/references/hg38_broad/Homo_sapiens_assembly38.masked.fasta
@SQ	SN:chrUn_JTFH01000244v1_decoy	LN:2420	M5:b8c086bba1ed8bc4eb0ea05e7031664e	UR:file:///goast/hemat_data/references/hg38_broad/Homo_sapiens_assembly38.masked.fasta
@SQ	SN:chrUn_JTFH01000245v1_decoy	LN:2414	M5:4ae74a7c8879b7eadc4ff52f6c247436	UR:file:///goast/hemat_data/references/hg38_broad/Homo_sapiens_assembly38.masked.fasta
@SQ	SN:chrUn_JTFH01000246v1_decoy	LN:2404	M5:cd50b4acbe112fb299328b26c243aad7	UR:file:///goast/hemat_data/references/hg38_broad/Homo_sapiens_assembly38.masked.fasta
@SQ	SN:chrUn_JTFH01000247v1_decoy	LN:2403	M5:0a7f0ec7ad3711a0173947d4768d9193	UR:file:///goast/hemat_data/references/hg38_broad/Homo_sapiens_assembly38.masked.fasta
@SQ	SN:chrUn_JTFH01000248v1_decoy	LN:2402	M5:cf164664d17746b996c1b51b7a1b2d1e	UR:file:///goast/hemat_data/references/hg38_broad/Homo_sapiens_assembly38.masked.fasta
@SQ	SN:chrUn_JTFH01000249v1_decoy	LN:2397	M5:d5f7a437c859d40100bf3a757b38ea7a	UR:file:///goast/hemat_data/references/hg38_broad/Homo_sapiens_assembly38.masked.fasta
@SQ	SN:chrUn_JTFH01000250v1_decoy	LN:2395	M5:fdf94cbe463685fab85e81430541c656	UR:file:///goast/hemat_data/references/hg38_broad/Homo_sapiens_assembly38.masked.fasta
@SQ	SN:chrUn_JTFH01000251v1_decoy	LN:2394	M5:9e100dfb362640d77d73adb06f63c206	UR:file:///goast/hemat_data/references/hg38_broad/Homo_sapiens_assembly38.masked.fasta
@SQ	SN:chrUn_JTFH01000252v1_decoy	LN:2388	M5:0f0f93cc335a9faecc119d22738a778e	UR:file:///goast/hemat_data/references/hg38_broad/Homo_sapiens_assembly38.masked.fasta
@SQ	SN:chrUn_JTFH01000253v1_decoy	LN:2382	M5:af0841d63c2d4ca67c11f8e2f0c0b42b	UR:file:///goast/hemat_data/references/hg38_broad/Homo_sapiens_assembly38.masked.fasta
@SQ	SN:chrUn_JTFH01000254v1_decoy	LN:2381	M5:948e4e6ebbce9d82413e86c3c96d684f	UR:file:///goast/hemat_data/references/hg38_broad/Homo_sapiens_assembly38.masked.fasta
@SQ	SN:chrUn_JTFH01000255v1_decoy	LN:2380	M5:46be4a58c4b132b788bd04a3c51f0108	UR:file:///goast/hemat_data/references/hg38_broad/Homo_sapiens_assembly38.masked.fasta
@SQ	SN:chrUn_JTFH01000256v1_decoy	LN:2368	M5:722aeea650c487dc132f37322a5b5eb7	UR:file:///goast/hemat_data/references/hg38_broad/Homo_sapiens_assembly38.masked.fasta
@SQ	SN:chrUn_JTFH01000257v1_decoy	LN:2364	M5:44995a3c81d834bd8bbceda57ee73d51	UR:file:///goast/hemat_data/references/hg38_broad/Homo_sapiens_assembly38.masked.fasta
@SQ	SN:chrUn_JTFH01000258v1_decoy	LN:2363	M5:a71f07406eabc3a412250ac21c446ba3	UR:file:///goast/hemat_data/references/hg38_broad/Homo_sapiens_assembly38.masked.fasta
@SQ	SN:chrUn_JTFH01000259v1_decoy	LN:2348	M5:99b15b0bac8cbd7497c5ca04a721c657	UR:file:///goast/hemat_data/references/hg38_broad/Homo_sapiens_assembly38.masked.fasta
@SQ	SN:chrUn_JTFH01000260v1_decoy	LN:2339	M5:0768f34e39c5c97c1639fd42b72fec1d	UR:file:///goast/hemat_data/references/hg38_broad/Homo_sapiens_assembly38.masked.fasta
@SQ	SN:chrUn_JTFH01000261v1_decoy	LN:2335	M5:974a3d6e7628eaf95db035d99f046379	UR:file:///goast/hemat_data/references/hg38_broad/Homo_sapiens_assembly38.masked.fasta
@SQ	SN:chrUn_JTFH01000262v1_decoy	LN:2332	M5:9a0e708d8a88bfa96a75e98604a273b9	UR:file:///goast/hemat_data/references/hg38_broad/Homo_sapiens_assembly38.masked.fasta
@SQ	SN:chrUn_JTFH01000263v1_decoy	LN:2331	M5:60412161b03d0c2f2ce5659369ee368e	UR:file:///goast/hemat_data/references/hg38_broad/Homo_sapiens_assembly38.masked.fasta
@SQ	SN:chrUn_JTFH01000264v1_decoy	LN:2330	M5:5593063ebd79eae9ac5a5a5ba9095b7e	UR:file:///goast/hemat_data/references/hg38_broad/Homo_sapiens_assembly38.masked.fasta
@SQ	SN:chrUn_JTFH01000265v1_decoy	LN:2323	M5:6042dc9c77f44643d41e68ea0cda385f	UR:file:///goast/hemat_data/references/hg38_broad/Homo_sapiens_assembly38.masked.fasta
@SQ	SN:chrUn_JTFH01000266v1_decoy	LN:2319	M5:ba867aa03d1617be8f801a89c1530937	UR:file:///goast/hemat_data/references/hg38_broad/Homo_sapiens_assembly38.masked.fasta
@SQ	SN:chrUn_JTFH01000267v1_decoy	LN:2314	M5:a29f663eddf36e84b6cb6faff0f62309	UR:file:///goast/hemat_data/references/hg38_broad/Homo_sapiens_assembly38.masked.fasta
@SQ	SN:chrUn_JTFH01000268v1_decoy	LN:2308	M5:659c8649b3dbe0dd672045a5ed7fa3b5	UR:file:///goast/hemat_data/references/hg38_broad/Homo_sapiens_assembly38.masked.fasta
@SQ	SN:chrUn_JTFH01000269v1_decoy	LN:2306	M5:e10dadf09b67626744c1c39c1fea5fe4	UR:file:///goast/hemat_data/references/hg38_broad/Homo_sapiens_assembly38.masked.fasta
@SQ	SN:chrUn_JTFH01000270v1_decoy	LN:2296	M5:81f921a9ec2bd029889721432b22d4d5	UR:file:///goast/hemat_data/references/hg38_broad/Homo_sapiens_assembly38.masked.fasta
@SQ	SN:chrUn_JTFH01000271v1_decoy	LN:2287	M5:095a5e8a3ae51b66207f518822bf71a9	UR:file:///goast/hemat_data/references/hg38_broad/Homo_sapiens_assembly38.masked.fasta
@SQ	SN:chrUn_JTFH01000272v1_decoy	LN:2279	M5:47fde7cc81a14c0c6be4ccbfa3312015	UR:file:///goast/hemat_data/references/hg38_broad/Homo_sapiens_assembly38.masked.fasta
@SQ	SN:chrUn_JTFH01000273v1_decoy	LN:2276	M5:35e9863bbef84bef6634eb206bc66c15	UR:file:///goast/hemat_data/references/hg38_broad/Homo_sapiens_assembly38.masked.fasta
@SQ	SN:chrUn_JTFH01000274v1_decoy	LN:2273	M5:9e8590286f229ad55bf921bb4d7236f1	UR:file:///goast/hemat_data/references/hg38_broad/Homo_sapiens_assembly38.masked.fasta
@SQ	SN:chrUn_JTFH01000275v1_decoy	LN:2262	M5:f184b3c6054e080672a50e932da0aafe	UR:file:///goast/hemat_data/references/hg38_broad/Homo_sapiens_assembly38.masked.fasta
@SQ	SN:chrUn_JTFH01000276v1_decoy	LN:2254	M5:06e878f736f352fe167cc033f030b492	UR:file:///goast/hemat_data/references/hg38_broad/Homo_sapiens_assembly38.masked.fasta
@SQ	SN:chrUn_JTFH01000277v1_decoy	LN:2252	M5:af9e9099df9fd3abe01d3ab305c9d65b	UR:file:///goast/hemat_data/references/hg38_broad/Homo_sapiens_assembly38.masked.fasta
@SQ	SN:chrUn_JTFH01000278v1_decoy	LN:2245	M5:8f7d8cb82a282dc326d4bd286895492d	UR:file:///goast/hemat_data/references/hg38_broad/Homo_sapiens_assembly38.masked.fasta
@SQ	SN:chrUn_JTFH01000279v1_decoy	LN:2239	M5:ae67f16bc2c56baec5093246804b3df5	UR:file:///goast/hemat_data/references/hg38_broad/Homo_sapiens_assembly38.masked.fasta
@SQ	SN:chrUn_JTFH01000280v1_decoy	LN:2223	M5:bffd2399ce899d9fa674d826311500f0	UR:file:///goast/hemat_data/references/hg38_broad/Homo_sapiens_assembly38.masked.fasta
@SQ	SN:chrUn_JTFH01000281v1_decoy	LN:2220	M5:926bf451304bc000be7146acb11c393e	UR:file:///goast/hemat_data/references/hg38_broad/Homo_sapiens_assembly38.masked.fasta
@SQ	SN:chrUn_JTFH01000282v1_decoy	LN:2218	M5:adcddfbd560a42060c45d80c751787c4	UR:file:///goast/hemat_data/references/hg38_broad/Homo_sapiens_assembly38.masked.fasta
@SQ	SN:chrUn_JTFH01000283v1_decoy	LN:2215	M5:706580b59cf8322b639309fc6110d094	UR:file:///goast/hemat_data/references/hg38_broad/Homo_sapiens_assembly38.masked.fasta
@SQ	SN:chrUn_JTFH01000284v1_decoy	LN:2213	M5:7145c3c0ac2cc197f7d0fc0fb18d6c1e	UR:file:///goast/hemat_data/references/hg38_broad/Homo_sapiens_assembly38.masked.fasta
@SQ	SN:chrUn_JTFH01000285v1_decoy	LN:2203	M5:0c6c215de5d00669ece9d0d461b7b5c6	UR:file:///goast/hemat_data/references/hg38_broad/Homo_sapiens_assembly38.masked.fasta
@SQ	SN:chrUn_JTFH01000286v1_decoy	LN:2200	M5:a724f88e94788f5e1738a038d67d8d7b	UR:file:///goast/hemat_data/references/hg38_broad/Homo_sapiens_assembly38.masked.fasta
@SQ	SN:chrUn_JTFH01000287v1_decoy	LN:2197	M5:fd0cdd36334762ca58e7b82b6ebf802d	UR:file:///goast/hemat_data/references/hg38_broad/Homo_sapiens_assembly38.masked.fasta
@SQ	SN:chrUn_JTFH01000288v1_decoy	LN:2194	M5:441ebd8ba7d0673bebf054e6ce9b405e	UR:file:///goast/hemat_data/references/hg38_broad/Homo_sapiens_assembly38.masked.fasta
@SQ	SN:chrUn_JTFH01000289v1_decoy	LN:2183	M5:df57267be3acda36409e42dd3c0da306	UR:file:///goast/hemat_data/references/hg38_broad/Homo_sapiens_assembly38.masked.fasta
@SQ	SN:chrUn_JTFH01000290v1_decoy	LN:2179	M5:8bc6beaec162ccebf341b6c46ebaf3fb	UR:file:///goast/hemat_data/references/hg38_broad/Homo_sapiens_assembly38.masked.fasta
@SQ	SN:chrUn_JTFH01000291v1_decoy	LN:2177	M5:d0d5b33e946654d9b23402cef3f10822	UR:file:///goast/hemat_data/references/hg38_broad/Homo_sapiens_assembly38.masked.fasta
@SQ	SN:chrUn_JTFH01000292v1_decoy	LN:2177	M5:bc189c463b5d9bae5c71afa304910390	UR:file:///goast/hemat_data/references/hg38_broad/Homo_sapiens_assembly38.masked.fasta
@SQ	SN:chrUn_JTFH01000293v1_decoy	LN:2177	M5:c74d19e91cd80fb55bc91184bdc0eac4	UR:file:///goast/hemat_data/references/hg38_broad/Homo_sapiens_assembly38.masked.fasta
@SQ	SN:chrUn_JTFH01000294v1_decoy	LN:2168	M5:c828de6bd73d4226b924cbe268ab5d35	UR:file:///goast/hemat_data/references/hg38_broad/Homo_sapiens_assembly38.masked.fasta
@SQ	SN:chrUn_JTFH01000295v1_decoy	LN:2160	M5:33980619d2c675019c4fb26681973f1f	UR:file:///goast/hemat_data/references/hg38_broad/Homo_sapiens_assembly38.masked.fasta
@SQ	SN:chrUn_JTFH01000296v1_decoy	LN:2155	M5:40e793695b37b027d9d893448ad20eac	UR:file:///goast/hemat_data/references/hg38_broad/Homo_sapiens_assembly38.masked.fasta
@SQ	SN:chrUn_JTFH01000297v1_decoy	LN:2144	M5:55b3946760e337f7fa9358993879d5d2	UR:file:///goast/hemat_data/references/hg38_broad/Homo_sapiens_assembly38.masked.fasta
@SQ	SN:chrUn_JTFH01000298v1_decoy	LN:2143	M5:5c8fe70b46ce7d299039403820af18c0	UR:file:///goast/hemat_data/references/hg38_broad/Homo_sapiens_assembly38.masked.fasta
@SQ	SN:chrUn_JTFH01000299v1_decoy	LN:2136	M5:7a28362f930fcd9a245cc239750dd1d9	UR:file:///goast/hemat_data/references/hg38_broad/Homo_sapiens_assembly38.masked.fasta
@SQ	SN:chrUn_JTFH01000300v1_decoy	LN:2134	M5:285c47826e725f4442c18898156ac4fa	UR:file:///goast/hemat_data/references/hg38_broad/Homo_sapiens_assembly38.masked.fasta
@SQ	SN:chrUn_JTFH01000301v1_decoy	LN:2129	M5:b4ad7d61b3d8b5b5f03100792231b056	UR:file:///goast/hemat_data/references/hg38_broad/Homo_sapiens_assembly38.masked.fasta
@SQ	SN:chrUn_JTFH01000302v1_decoy	LN:2128	M5:a6fd1741e7a81251829a88549717a433	UR:file:///goast/hemat_data/references/hg38_broad/Homo_sapiens_assembly38.masked.fasta
@SQ	SN:chrUn_JTFH01000303v1_decoy	LN:2125	M5:c95f162916242e94c057ec50e3f666e0	UR:file:///goast/hemat_data/references/hg38_broad/Homo_sapiens_assembly38.masked.fasta
@SQ	SN:chrUn_JTFH01000304v1_decoy	LN:2125	M5:cf878bbb13f4cb8f6ad2f6134d4152f8	UR:file:///goast/hemat_data/references/hg38_broad/Homo_sapiens_assembly38.masked.fasta
@SQ	SN:chrUn_JTFH01000305v1_decoy	LN:2122	M5:ffc29d2524335853c556eac4b936ac47	UR:file:///goast/hemat_data/references/hg38_broad/Homo_sapiens_assembly38.masked.fasta
@SQ	SN:chrUn_JTFH01000306v1_decoy	LN:2111	M5:13ad53d0306dcdc84cfbe5af890ffa7f	UR:file:///goast/hemat_data/references/hg38_broad/Homo_sapiens_assembly38.masked.fasta
@SQ	SN:chrUn_JTFH01000307v1_decoy	LN:2106	M5:2705f017f46d301002f0ccf08933080c	UR:file:///goast/hemat_data/references/hg38_broad/Homo_sapiens_assembly38.masked.fasta
@SQ	SN:chrUn_JTFH01000308v1_decoy	LN:2094	M5:dc17db769fee486df656f8334528abba	UR:file:///goast/hemat_data/references/hg38_broad/Homo_sapiens_assembly38.masked.fasta
@SQ	SN:chrUn_JTFH01000309v1_decoy	LN:2093	M5:61b8e15e0c011168970bf67fa28a893c	UR:file:///goast/hemat_data/references/hg38_broad/Homo_sapiens_assembly38.masked.fasta
@SQ	SN:chrUn_JTFH01000310v1_decoy	LN:2088	M5:4a0f2b01b92451953bcb14f94874625a	UR:file:///goast/hemat_data/references/hg38_broad/Homo_sapiens_assembly38.masked.fasta
@SQ	SN:chrUn_JTFH01000311v1_decoy	LN:2086	M5:560b32a4aa380573107a95fe8344fcbd	UR:file:///goast/hemat_data/references/hg38_broad/Homo_sapiens_assembly38.masked.fasta
@SQ	SN:chrUn_JTFH01000312v1_decoy	LN:2086	M5:f4a368ddba66f5647c78853a2080c7e1	UR:file:///goast/hemat_data/references/hg38_broad/Homo_sapiens_assembly38.masked.fasta
@SQ	SN:chrUn_JTFH01000313v1_decoy	LN:2084	M5:90b16478fad5417ff33d03ed3cdb9897	UR:file:///goast/hemat_data/references/hg38_broad/Homo_sapiens_assembly38.masked.fasta
@SQ	SN:chrUn_JTFH01000314v1_decoy	LN:2080	M5:eb02520ddd2b898796bf56257623ff11	UR:file:///goast/hemat_data/references/hg38_broad/Homo_sapiens_assembly38.masked.fasta
@SQ	SN:chrUn_JTFH01000315v1_decoy	LN:2079	M5:214af8bfae249648407394750763140c	UR:file:///goast/hemat_data/references/hg38_broad/Homo_sapiens_assembly38.masked.fasta
@SQ	SN:chrUn_JTFH01000316v1_decoy	LN:2076	M5:b2439d0b325e4cd30b1869e8e17005f6	UR:file:///goast/hemat_data/references/hg38_broad/Homo_sapiens_assembly38.masked.fasta
@SQ	SN:chrUn_JTFH01000317v1_decoy	LN:2071	M5:d8e3a93de5b5c8fa58e8785c44e165f1	UR:file:///goast/hemat_data/references/hg38_broad/Homo_sapiens_assembly38.masked.fasta
@SQ	SN:chrUn_JTFH01000318v1_decoy	LN:2066	M5:03ab659ca0a3d031ed57f5b71c40b7bb	UR:file:///goast/hemat_data/references/hg38_broad/Homo_sapiens_assembly38.masked.fasta
@SQ	SN:chrUn_JTFH01000319v1_decoy	LN:2061	M5:b7df3a4252d3ed398842dacc1ef5119d	UR:file:///goast/hemat_data/references/hg38_broad/Homo_sapiens_assembly38.masked.fasta
@SQ	SN:chrUn_JTFH01000320v1_decoy	LN:2055	M5:3225edb2d4dc98b7b0cfd91afeacdba1	UR:file:///goast/hemat_data/references/hg38_broad/Homo_sapiens_assembly38.masked.fasta
@SQ	SN:chrUn_JTFH01000321v1_decoy	LN:2053	M5:d0f66764a23cc8c03b6e0b1b8dcd2aec	UR:file:///goast/hemat_data/references/hg38_broad/Homo_sapiens_assembly38.masked.fasta
@SQ	SN:chrUn_JTFH01000322v1_decoy	LN:2040	M5:a53241c8700359fdfc69eff381d88829	UR:file:///goast/hemat_data/references/hg38_broad/Homo_sapiens_assembly38.masked.fasta
@SQ	SN:chrUn_JTFH01000323v1_decoy	LN:2036	M5:8b83d6b87f9d9045336bfe2d4f2d638f	UR:file:///goast/hemat_data/references/hg38_broad/Homo_sapiens_assembly38.masked.fasta
@SQ	SN:chrUn_JTFH01000324v1_decoy	LN:2035	M5:641af824694766c85122b263dc1b3649	UR:file:///goast/hemat_data/references/hg38_broad/Homo_sapiens_assembly38.masked.fasta
@SQ	SN:chrUn_JTFH01000325v1_decoy	LN:2034	M5:7f2f9c9fa94f3acab772792c44b4c167	UR:file:///goast/hemat_data/references/hg38_broad/Homo_sapiens_assembly38.masked.fasta
@SQ	SN:chrUn_JTFH01000326v1_decoy	LN:2032	M5:1f32623318d9221ee867209755a538bb	UR:file:///goast/hemat_data/references/hg38_broad/Homo_sapiens_assembly38.masked.fasta
@SQ	SN:chrUn_JTFH01000327v1_decoy	LN:2029	M5:053ea4692acbe04aa98a6f331417531f	UR:file:///goast/hemat_data/references/hg38_broad/Homo_sapiens_assembly38.masked.fasta
@SQ	SN:chrUn_JTFH01000328v1_decoy	LN:2025	M5:930554d67c2f289a7f2bbcce35c88e75	UR:file:///goast/hemat_data/references/hg38_broad/Homo_sapiens_assembly38.masked.fasta
@SQ	SN:chrUn_JTFH01000329v1_decoy	LN:2021	M5:b3cda19a888b02b135de2538d4a74936	UR:file:///goast/hemat_data/references/hg38_broad/Homo_sapiens_assembly38.masked.fasta
@SQ	SN:chrUn_JTFH01000330v1_decoy	LN:2018	M5:abfba957d4a6107fa109f1dd5a572de9	UR:file:///goast/hemat_data/references/hg38_broad/Homo_sapiens_assembly38.masked.fasta
@SQ	SN:chrUn_JTFH01000331v1_decoy	LN:2015	M5:0ccdc46d98d147f9b6bb6808f723d28c	UR:file:///goast/hemat_data/references/hg38_broad/Homo_sapiens_assembly38.masked.fasta
@SQ	SN:chrUn_JTFH01000332v1_decoy	LN:2009	M5:634f88805091cb15be16b1af5e720775	UR:file:///goast/hemat_data/references/hg38_broad/Homo_sapiens_assembly38.masked.fasta
@SQ	SN:chrUn_JTFH01000333v1_decoy	LN:2007	M5:957b5291471bee32d4771292a611cfa9	UR:file:///goast/hemat_data/references/hg38_broad/Homo_sapiens_assembly38.masked.fasta
@SQ	SN:chrUn_JTFH01000334v1_decoy	LN:2005	M5:6d2a28c1dcd5377a19f5768b3fa75ad2	UR:file:///goast/hemat_data/references/hg38_broad/Homo_sapiens_assembly38.masked.fasta
@SQ	SN:chrUn_JTFH01000335v1_decoy	LN:2003	M5:7fcaa8fce3cf7cda00a42df29b938b6c	UR:file:///goast/hemat_data/references/hg38_broad/Homo_sapiens_assembly38.masked.fasta
@SQ	SN:chrUn_JTFH01000336v1_decoy	LN:2001	M5:e28b02249a274e4b98551241e243fcbc	UR:file:///goast/hemat_data/references/hg38_broad/Homo_sapiens_assembly38.masked.fasta
@SQ	SN:chrUn_JTFH01000337v1_decoy	LN:2001	M5:4718723746d62e7eed277db09d01884a	UR:file:///goast/hemat_data/references/hg38_broad/Homo_sapiens_assembly38.masked.fasta
@SQ	SN:chrUn_JTFH01000338v1_decoy	LN:2000	M5:7071be152f29ebf4ec4cfede2d44d70a	UR:file:///goast/hemat_data/references/hg38_broad/Homo_sapiens_assembly38.masked.fasta
@SQ	SN:chrUn_JTFH01000339v1_decoy	LN:1996	M5:21924fac8b9023e37be232641581d24c	UR:file:///goast/hemat_data/references/hg38_broad/Homo_sapiens_assembly38.masked.fasta
@SQ	SN:chrUn_JTFH01000340v1_decoy	LN:1992	M5:462035d8f8260ac9d68132b5ac63ceea	UR:file:///goast/hemat_data/references/hg38_broad/Homo_sapiens_assembly38.masked.fasta
@SQ	SN:chrUn_JTFH01000341v1_decoy	LN:1985	M5:80c971eec06361d4428c1c731da5d2eb	UR:file:///goast/hemat_data/references/hg38_broad/Homo_sapiens_assembly38.masked.fasta
@SQ	SN:chrUn_JTFH01000342v1_decoy	LN:1981	M5:6f5d885e4d0a0476e309c004c8d7116c	UR:file:///goast/hemat_data/references/hg38_broad/Homo_sapiens_assembly38.masked.fasta
@SQ	SN:chrUn_JTFH01000343v1_decoy	LN:1977	M5:07b50b0be202b0e56fae3ff7b729fcf1	UR:file:///goast/hemat_data/references/hg38_broad/Homo_sapiens_assembly38.masked.fasta
@SQ	SN:chrUn_JTFH01000344v1_decoy	LN:1971	M5:ec1eccee490917513ffa0844c16cd648	UR:file:///goast/hemat_data/references/hg38_broad/Homo_sapiens_assembly38.masked.fasta
@SQ	SN:chrUn_JTFH01000345v1_decoy	LN:1968	M5:a44124ee81131e9ba181e4d57343b933	UR:file:///goast/hemat_data/references/hg38_broad/Homo_sapiens_assembly38.masked.fasta
@SQ	SN:chrUn_JTFH01000346v1_decoy	LN:1962	M5:a46b7187d8afab3b6711d2b57dbb649e	UR:file:///goast/hemat_data/references/hg38_broad/Homo_sapiens_assembly38.masked.fasta
@SQ	SN:chrUn_JTFH01000347v1_decoy	LN:1961	M5:391b9551b7df1ea41abd51c70c6391ea	UR:file:///goast/hemat_data/references/hg38_broad/Homo_sapiens_assembly38.masked.fasta
@SQ	SN:chrUn_JTFH01000348v1_decoy	LN:1960	M5:2272602c288691975c385900ff1871d0	UR:file:///goast/hemat_data/references/hg38_broad/Homo_sapiens_assembly38.masked.fasta
@SQ	SN:chrUn_JTFH01000349v1_decoy	LN:1960	M5:92f15826c95eeb01e4b619c7b646a17a	UR:file:///goast/hemat_data/references/hg38_broad/Homo_sapiens_assembly38.masked.fasta
@SQ	SN:chrUn_JTFH01000350v1_decoy	LN:1954	M5:98742b24ea14c25494dc15620ed8d346	UR:file:///goast/hemat_data/references/hg38_broad/Homo_sapiens_assembly38.masked.fasta
@SQ	SN:chrUn_JTFH01000351v1_decoy	LN:1952	M5:5d5e3c8f90d84b8f2e912de53d0250a1	UR:file:///goast/hemat_data/references/hg38_broad/Homo_sapiens_assembly38.masked.fasta
@SQ	SN:chrUn_JTFH01000352v1_decoy	LN:1947	M5:f5e22c20cf8f7956480ff337ad36be24	UR:file:///goast/hemat_data/references/hg38_broad/Homo_sapiens_assembly38.masked.fasta
@SQ	SN:chrUn_JTFH01000353v1_decoy	LN:1944	M5:cd921451a9fcf4ec5d06cb74cee21605	UR:file:///goast/hemat_data/references/hg38_broad/Homo_sapiens_assembly38.masked.fasta
@SQ	SN:chrUn_JTFH01000354v1_decoy	LN:1943	M5:eba8670102e02d674c11f1779a39338e	UR:file:///goast/hemat_data/references/hg38_broad/Homo_sapiens_assembly38.masked.fasta
@SQ	SN:chrUn_JTFH01000355v1_decoy	LN:1941	M5:79a20867ab6678a0eb6a1bddd2d467f7	UR:file:///goast/hemat_data/references/hg38_broad/Homo_sapiens_assembly38.masked.fasta
@SQ	SN:chrUn_JTFH01000356v1_decoy	LN:1937	M5:e17159dcd1117f3bb92bebb710740ba2	UR:file:///goast/hemat_data/references/hg38_broad/Homo_sapiens_assembly38.masked.fasta
@SQ	SN:chrUn_JTFH01000357v1_decoy	LN:1934	M5:9266a855ef31e94c5f77d277055f2125	UR:file:///goast/hemat_data/references/hg38_broad/Homo_sapiens_assembly38.masked.fasta
@SQ	SN:chrUn_JTFH01000358v1_decoy	LN:1929	M5:11b07e8db80b814bbcd4814bebafc177	UR:file:///goast/hemat_data/references/hg38_broad/Homo_sapiens_assembly38.masked.fasta
@SQ	SN:chrUn_JTFH01000359v1_decoy	LN:1924	M5:e9df9c6169849c4d69eb8a286f274eab	UR:file:///goast/hemat_data/references/hg38_broad/Homo_sapiens_assembly38.masked.fasta
@SQ	SN:chrUn_JTFH01000360v1_decoy	LN:1924	M5:5152172dba1a32a5529708855c21201b	UR:file:///goast/hemat_data/references/hg38_broad/Homo_sapiens_assembly38.masked.fasta
@SQ	SN:chrUn_JTFH01000361v1_decoy	LN:1923	M5:22f23fe69e62cdfb4304b679a6916bad	UR:file:///goast/hemat_data/references/hg38_broad/Homo_sapiens_assembly38.masked.fasta
@SQ	SN:chrUn_JTFH01000362v1_decoy	LN:1921	M5:b5eaf4b290ab9cf157680d65e640a5a3	UR:file:///goast/hemat_data/references/hg38_broad/Homo_sapiens_assembly38.masked.fasta
@SQ	SN:chrUn_JTFH01000363v1_decoy	LN:1918	M5:9dedcf6b3a849e4c681f05753c2597d3	UR:file:///goast/hemat_data/references/hg38_broad/Homo_sapiens_assembly38.masked.fasta
@SQ	SN:chrUn_JTFH01000364v1_decoy	LN:1915	M5:a1c06309d5103a00f8c5cf1847f58856	UR:file:///goast/hemat_data/references/hg38_broad/Homo_sapiens_assembly38.masked.fasta
@SQ	SN:chrUn_JTFH01000365v1_decoy	LN:1915	M5:7a8b1fa154de78062577f95bcbf9cd7d	UR:file:///goast/hemat_data/references/hg38_broad/Homo_sapiens_assembly38.masked.fasta
@SQ	SN:chrUn_JTFH01000366v1_decoy	LN:1914	M5:6db99643422d9ef62392ced193881137	UR:file:///goast/hemat_data/references/hg38_broad/Homo_sapiens_assembly38.masked.fasta
@SQ	SN:chrUn_JTFH01000367v1_decoy	LN:1912	M5:61c61bda79ca84060bd63c678715b83c	UR:file:///goast/hemat_data/references/hg38_broad/Homo_sapiens_assembly38.masked.fasta
@SQ	SN:chrUn_JTFH01000368v1_decoy	LN:1910	M5:64edcf78348cea32c4e946329efd3ff9	UR:file:///goast/hemat_data/references/hg38_broad/Homo_sapiens_assembly38.masked.fasta
@SQ	SN:chrUn_JTFH01000369v1_decoy	LN:1907	M5:9266a29087762dab9b2c3f0065838122	UR:file:///goast/hemat_data/references/hg38_broad/Homo_sapiens_assembly38.masked.fasta
@SQ	SN:chrUn_JTFH01000370v1_decoy	LN:1904	M5:f753bc41e46a7b0a9a9c63055a0553fe	UR:file:///goast/hemat_data/references/hg38_broad/Homo_sapiens_assembly38.masked.fasta
@SQ	SN:chrUn_JTFH01000371v1_decoy	LN:1897	M5:df2a02d92f1a99000001bd1979b387b1	UR:file:///goast/hemat_data/references/hg38_broad/Homo_sapiens_assembly38.masked.fasta
@SQ	SN:chrUn_JTFH01000372v1_decoy	LN:1891	M5:1664892a75f937da1e68f5c28f0be6f0	UR:file:///goast/hemat_data/references/hg38_broad/Homo_sapiens_assembly38.masked.fasta
@SQ	SN:chrUn_JTFH01000373v1_decoy	LN:1890	M5:ad597d36bffdf82ff75f444e98be4928	UR:file:///goast/hemat_data/references/hg38_broad/Homo_sapiens_assembly38.masked.fasta
@SQ	SN:chrUn_JTFH01000374v1_decoy	LN:1888	M5:570f07c26f0d742b21502cff22b7d2cf	UR:file:///goast/hemat_data/references/hg38_broad/Homo_sapiens_assembly38.masked.fasta
@SQ	SN:chrUn_JTFH01000375v1_decoy	LN:1888	M5:a85dc5b82df805bdd2ee38b94de6133c	UR:file:///goast/hemat_data/references/hg38_broad/Homo_sapiens_assembly38.masked.fasta
@SQ	SN:chrUn_JTFH01000376v1_decoy	LN:1885	M5:d5cfea6c2a90821c0bac19bb1b81c97b	UR:file:///goast/hemat_data/references/hg38_broad/Homo_sapiens_assembly38.masked.fasta
@SQ	SN:chrUn_JTFH01000377v1_decoy	LN:1881	M5:cdcde92ccd92dd4531ee3ccae640577b	UR:file:///goast/hemat_data/references/hg38_broad/Homo_sapiens_assembly38.masked.fasta
@SQ	SN:chrUn_JTFH01000378v1_decoy	LN:1879	M5:fa3996c5e3cb86b5904ad5ab423f06ad	UR:file:///goast/hemat_data/references/hg38_broad/Homo_sapiens_assembly38.masked.fasta
@SQ	SN:chrUn_JTFH01000379v1_decoy	LN:1877	M5:4659566201687f420c913a424ff09d62	UR:file:///goast/hemat_data/references/hg38_broad/Homo_sapiens_assembly38.masked.fasta
@SQ	SN:chrUn_JTFH01000380v1_decoy	LN:1876	M5:e619de3bcb3f53147ec25a74324350be	UR:file:///goast/hemat_data/references/hg38_broad/Homo_sapiens_assembly38.masked.fasta
@SQ	SN:chrUn_JTFH01000381v1_decoy	LN:1876	M5:7d297256bbb1ec6cdc08e447670e69d8	UR:file:///goast/hemat_data/references/hg38_broad/Homo_sapiens_assembly38.masked.fasta
@SQ	SN:chrUn_JTFH01000382v1_decoy	LN:1874	M5:bd4b0fff3b0f9b3c27bc270d80d2d91f	UR:file:///goast/hemat_data/references/hg38_broad/Homo_sapiens_assembly38.masked.fasta
@SQ	SN:chrUn_JTFH01000383v1_decoy	LN:1872	M5:d337922792c71f4bb3ec1c522519d7cd	UR:file:///goast/hemat_data/references/hg38_broad/Homo_sapiens_assembly38.masked.fasta
@SQ	SN:chrUn_JTFH01000384v1_decoy	LN:1869	M5:95a4dae294e133dca09afd04559a3d82	UR:file:///goast/hemat_data/references/hg38_broad/Homo_sapiens_assembly38.masked.fasta
@SQ	SN:chrUn_JTFH01000385v1_decoy	LN:1866	M5:38b2fbf522a772de9e5971e2c248d773	UR:file:///goast/hemat_data/references/hg38_broad/Homo_sapiens_assembly38.masked.fasta
@SQ	SN:chrUn_JTFH01000386v1_decoy	LN:1865	M5:a2b125ab6d06ffdfbfde0a2899a63d38	UR:file:///goast/hemat_data/references/hg38_broad/Homo_sapiens_assembly38.masked.fasta
@SQ	SN:chrUn_JTFH01000387v1_decoy	LN:1865	M5:eeb193e267c0aad102b5a8c55b899094	UR:file:///goast/hemat_data/references/hg38_broad/Homo_sapiens_assembly38.masked.fasta
@SQ	SN:chrUn_JTFH01000388v1_decoy	LN:1865	M5:a21001e6acebfcf03c2f187db59bca58	UR:file:///goast/hemat_data/references/hg38_broad/Homo_sapiens_assembly38.masked.fasta
@SQ	SN:chrUn_JTFH01000389v1_decoy	LN:1862	M5:e1aa83bd329fed4cea1a31c2b26605cf	UR:file:///goast/hemat_data/references/hg38_broad/Homo_sapiens_assembly38.masked.fasta
@SQ	SN:chrUn_JTFH01000390v1_decoy	LN:1862	M5:e80fe8b2857e4e57c40cff1a604ca905	UR:file:///goast/hemat_data/references/hg38_broad/Homo_sapiens_assembly38.masked.fasta
@SQ	SN:chrUn_JTFH01000391v1_decoy	LN:1859	M5:e85c5d8da9312ccb56a4ecb47e7cb397	UR:file:///goast/hemat_data/references/hg38_broad/Homo_sapiens_assembly38.masked.fasta
@SQ	SN:chrUn_JTFH01000392v1_decoy	LN:1856	M5:d1448f2aeede93e71be4fa57f641c1ef	UR:file:///goast/hemat_data/references/hg38_broad/Homo_sapiens_assembly38.masked.fasta
@SQ	SN:chrUn_JTFH01000393v1_decoy	LN:1856	M5:dcbc9c61d537f450dd4fae3b11f71d19	UR:file:///goast/hemat_data/references/hg38_broad/Homo_sapiens_assembly38.masked.fasta
@SQ	SN:chrUn_JTFH01000394v1_decoy	LN:1854	M5:a427d47a812c6fe6c9d26190b4b83f7d	UR:file:///goast/hemat_data/references/hg38_broad/Homo_sapiens_assembly38.masked.fasta
@SQ	SN:chrUn_JTFH01000395v1_decoy	LN:1850	M5:876c26621463a5218a5953d9be4d0810	UR:file:///goast/hemat_data/references/hg38_broad/Homo_sapiens_assembly38.masked.fasta
@SQ	SN:chrUn_JTFH01000396v1_decoy	LN:1849	M5:4797d275b03add54ab91c5b8c318a7e2	UR:file:///goast/hemat_data/references/hg38_broad/Homo_sapiens_assembly38.masked.fasta
@SQ	SN:chrUn_JTFH01000397v1_decoy	LN:1849	M5:707d492cfa678968ded0e2306392504a	UR:file:///goast/hemat_data/references/hg38_broad/Homo_sapiens_assembly38.masked.fasta
@SQ	SN:chrUn_JTFH01000398v1_decoy	LN:1847	M5:06eb26d8459f3e43735ded45aa07a2e4	UR:file:///goast/hemat_data/references/hg38_broad/Homo_sapiens_assembly38.masked.fasta
@SQ	SN:chrUn_JTFH01000399v1_decoy	LN:1839	M5:1ec1c61f264cc1ec9596dab78ea77adc	UR:file:///goast/hemat_data/references/hg38_broad/Homo_sapiens_assembly38.masked.fasta
@SQ	SN:chrUn_JTFH01000400v1_decoy	LN:1834	M5:c268a5b922576efd86cb97619df6fb55	UR:file:///goast/hemat_data/references/hg38_broad/Homo_sapiens_assembly38.masked.fasta
@SQ	SN:chrUn_JTFH01000401v1_decoy	LN:1821	M5:37647f03de6c012f655cbffbfbe570b4	UR:file:///goast/hemat_data/references/hg38_broad/Homo_sapiens_assembly38.masked.fasta
@SQ	SN:chrUn_JTFH01000402v1_decoy	LN:1815	M5:edf2017fafb77c03c7f392ec8489ffae	UR:file:///goast/hemat_data/references/hg38_broad/Homo_sapiens_assembly38.masked.fasta
@SQ	SN:chrUn_JTFH01000403v1_decoy	LN:1811	M5:60131480b353a90b21d6a47f52a7d1eb	UR:file:///goast/hemat_data/references/hg38_broad/Homo_sapiens_assembly38.masked.fasta
@SQ	SN:chrUn_JTFH01000404v1_decoy	LN:1808	M5:b4009abb588476a2593dd27cef872705	UR:file:///goast/hemat_data/references/hg38_broad/Homo_sapiens_assembly38.masked.fasta
@SQ	SN:chrUn_JTFH01000405v1_decoy	LN:1808	M5:ef9e792232f15cf2b18c4d4a7ce99253	UR:file:///goast/hemat_data/references/hg38_broad/Homo_sapiens_assembly38.masked.fasta
@SQ	SN:chrUn_JTFH01000406v1_decoy	LN:1807	M5:09de8b5234448cff4c1e3defd30ee794	UR:file:///goast/hemat_data/references/hg38_broad/Homo_sapiens_assembly38.masked.fasta
@SQ	SN:chrUn_JTFH01000407v1_decoy	LN:1807	M5:212f6e4df329ece3ab38c483cdf02535	UR:file:///goast/hemat_data/references/hg38_broad/Homo_sapiens_assembly38.masked.fasta
@SQ	SN:chrUn_JTFH01000408v1_decoy	LN:1802	M5:291bcca126e0b971eaa6fde409109815	UR:file:///goast/hemat_data/references/hg38_broad/Homo_sapiens_assembly38.masked.fasta
@SQ	SN:chrUn_JTFH01000409v1_decoy	LN:1801	M5:12ba0451f91998e31fd25003c892102b	UR:file:///goast/hemat_data/references/hg38_broad/Homo_sapiens_assembly38.masked.fasta
@SQ	SN:chrUn_JTFH01000410v1_decoy	LN:1800	M5:d47cda8c33b62a63e40f02664d4811d4	UR:file:///goast/hemat_data/references/hg38_broad/Homo_sapiens_assembly38.masked.fasta
@SQ	SN:chrUn_JTFH01000411v1_decoy	LN:1795	M5:7f941c23c25bebc1937eae96aa5e98d9	UR:file:///goast/hemat_data/references/hg38_broad/Homo_sapiens_assembly38.masked.fasta
@SQ	SN:chrUn_JTFH01000412v1_decoy	LN:1794	M5:1354d0a5f0d586b01f493802f991dd7a	UR:file:///goast/hemat_data/references/hg38_broad/Homo_sapiens_assembly38.masked.fasta
@SQ	SN:chrUn_JTFH01000413v1_decoy	LN:1792	M5:7b03b07cb1cf327205fb693d3ace8a42	UR:file:///goast/hemat_data/references/hg38_broad/Homo_sapiens_assembly38.masked.fasta
@SQ	SN:chrUn_JTFH01000414v1_decoy	LN:1788	M5:36d568b75f9e3cf031e037043ac02384	UR:file:///goast/hemat_data/references/hg38_broad/Homo_sapiens_assembly38.masked.fasta
@SQ	SN:chrUn_JTFH01000415v1_decoy	LN:1786	M5:393fd0366a1270f611866e1fb5af3cc1	UR:file:///goast/hemat_data/references/hg38_broad/Homo_sapiens_assembly38.masked.fasta
@SQ	SN:chrUn_JTFH01000416v1_decoy	LN:1782	M5:2652e35a4315660b304c6b7522e5f7d2	UR:file:///goast/hemat_data/references/hg38_broad/Homo_sapiens_assembly38.masked.fasta
@SQ	SN:chrUn_JTFH01000417v1_decoy	LN:1782	M5:c7c0bd282280cb9eb969940cc3b68acf	UR:file:///goast/hemat_data/references/hg38_broad/Homo_sapiens_assembly38.masked.fasta
@SQ	SN:chrUn_JTFH01000418v1_decoy	LN:1781	M5:5a9a78f89d320fbabd4693bd232704a8	UR:file:///goast/hemat_data/references/hg38_broad/Homo_sapiens_assembly38.masked.fasta
@SQ	SN:chrUn_JTFH01000419v1_decoy	LN:1781	M5:75304d27b61d40a759bd36190202926a	UR:file:///goast/hemat_data/references/hg38_broad/Homo_sapiens_assembly38.masked.fasta
@SQ	SN:chrUn_JTFH01000420v1_decoy	LN:1779	M5:95cf227ee90e6dced27e307b52d240fe	UR:file:///goast/hemat_data/references/hg38_broad/Homo_sapiens_assembly38.masked.fasta
@SQ	SN:chrUn_JTFH01000421v1_decoy	LN:1777	M5:c1fd358a71fe269cee210b27840c272e	UR:file:///goast/hemat_data/references/hg38_broad/Homo_sapiens_assembly38.masked.fasta
@SQ	SN:chrUn_JTFH01000422v1_decoy	LN:1764	M5:5db13804da88f18750e478f6682b83a6	UR:file:///goast/hemat_data/references/hg38_broad/Homo_sapiens_assembly38.masked.fasta
@SQ	SN:chrUn_JTFH01000423v1_decoy	LN:1762	M5:bcf551251490bd2c7ab5a99232bbbcf0	UR:file:///goast/hemat_data/references/hg38_broad/Homo_sapiens_assembly38.masked.fasta
@SQ	SN:chrUn_JTFH01000424v1_decoy	LN:1755	M5:c8de78702f0a0471f26cfe586a8d9263	UR:file:///goast/hemat_data/references/hg38_broad/Homo_sapiens_assembly38.masked.fasta
@SQ	SN:chrUn_JTFH01000425v1_decoy	LN:1749	M5:9c843f2e59ba4aeed3517c0aa36ed8c0	UR:file:///goast/hemat_data/references/hg38_broad/Homo_sapiens_assembly38.masked.fasta
@SQ	SN:chrUn_JTFH01000426v1_decoy	LN:1747	M5:431f95d76dc16b369e6765e38ae92ee1	UR:file:///goast/hemat_data/references/hg38_broad/Homo_sapiens_assembly38.masked.fasta
@SQ	SN:chrUn_JTFH01000427v1_decoy	LN:1746	M5:1641a71638dd63211280e6bef22e6a4b	UR:file:///goast/hemat_data/references/hg38_broad/Homo_sapiens_assembly38.masked.fasta
@SQ	SN:chrUn_JTFH01000428v1_decoy	LN:1745	M5:98de780057460a078034b25725bad406	UR:file:///goast/hemat_data/references/hg38_broad/Homo_sapiens_assembly38.masked.fasta
@SQ	SN:chrUn_JTFH01000429v1_decoy	LN:1744	M5:16ceb3de9929ccc268d4aeacb8f20439	UR:file:///goast/hemat_data/references/hg38_broad/Homo_sapiens_assembly38.masked.fasta
@SQ	SN:chrUn_JTFH01000430v1_decoy	LN:1742	M5:6c61a88798f9fe78567c879793385c29	UR:file:///goast/hemat_data/references/hg38_broad/Homo_sapiens_assembly38.masked.fasta
@SQ	SN:chrUn_JTFH01000431v1_decoy	LN:1740	M5:e2ecdbd050ed1413eb2a07f7d9ebc8c6	UR:file:///goast/hemat_data/references/hg38_broad/Homo_sapiens_assembly38.masked.fasta
@SQ	SN:chrUn_JTFH01000432v1_decoy	LN:1740	M5:7f1d544cca143be6dd353cf3efb80028	UR:file:///goast/hemat_data/references/hg38_broad/Homo_sapiens_assembly38.masked.fasta
@SQ	SN:chrUn_JTFH01000433v1_decoy	LN:1736	M5:18493fcfd6ea161acd237867aa7337cd	UR:file:///goast/hemat_data/references/hg38_broad/Homo_sapiens_assembly38.masked.fasta
@SQ	SN:chrUn_JTFH01000434v1_decoy	LN:1735	M5:afe0292acad0a1460fbad00971606090	UR:file:///goast/hemat_data/references/hg38_broad/Homo_sapiens_assembly38.masked.fasta
@SQ	SN:chrUn_JTFH01000435v1_decoy	LN:1732	M5:5bba5da58b43755bdc14ab286a8a5cee	UR:file:///goast/hemat_data/references/hg38_broad/Homo_sapiens_assembly38.masked.fasta
@SQ	SN:chrUn_JTFH01000436v1_decoy	LN:1732	M5:680818b10726c68c5917f48456528d0f	UR:file:///goast/hemat_data/references/hg38_broad/Homo_sapiens_assembly38.masked.fasta
@SQ	SN:chrUn_JTFH01000437v1_decoy	LN:1730	M5:836c13c8ad60355227f91a1b5308ea33	UR:file:///goast/hemat_data/references/hg38_broad/Homo_sapiens_assembly38.masked.fasta
@SQ	SN:chrUn_JTFH01000438v1_decoy	LN:1727	M5:f5fb0c58f9b4fa60b1eeccee56f0cd56	UR:file:///goast/hemat_data/references/hg38_broad/Homo_sapiens_assembly38.masked.fasta
@SQ	SN:chrUn_JTFH01000439v1_decoy	LN:1722	M5:9a47086cf6334392302ea1713fb68c57	UR:file:///goast/hemat_data/references/hg38_broad/Homo_sapiens_assembly38.masked.fasta
@SQ	SN:chrUn_JTFH01000440v1_decoy	LN:1718	M5:dcc0114d2cbd5f165da52b4610aeb6b4	UR:file:///goast/hemat_data/references/hg38_broad/Homo_sapiens_assembly38.masked.fasta
@SQ	SN:chrUn_JTFH01000441v1_decoy	LN:1716	M5:59cfde6a838acc68c55e5a781f1308fb	UR:file:///goast/hemat_data/references/hg38_broad/Homo_sapiens_assembly38.masked.fasta
@SQ	SN:chrUn_JTFH01000442v1_decoy	LN:1710	M5:cf384ae5b546344ace5aa4d662c6ac0a	UR:file:///goast/hemat_data/references/hg38_broad/Homo_sapiens_assembly38.masked.fasta
@SQ	SN:chrUn_JTFH01000443v1_decoy	LN:1708	M5:4df6e9cabebe481359ac95881b277f74	UR:file:///goast/hemat_data/references/hg38_broad/Homo_sapiens_assembly38.masked.fasta
@SQ	SN:chrUn_JTFH01000444v1_decoy	LN:1707	M5:971971b7547432d52662e516989b1596	UR:file:///goast/hemat_data/references/hg38_broad/Homo_sapiens_assembly38.masked.fasta
@SQ	SN:chrUn_JTFH01000445v1_decoy	LN:1706	M5:9c926b3b414cdf578a7af119dc3d32bb	UR:file:///goast/hemat_data/references/hg38_broad/Homo_sapiens_assembly38.masked.fasta
@SQ	SN:chrUn_JTFH01000446v1_decoy	LN:1705	M5:91d17f22298838daf727563421004b33	UR:file:///goast/hemat_data/references/hg38_broad/Homo_sapiens_assembly38.masked.fasta
@SQ	SN:chrUn_JTFH01000447v1_decoy	LN:1704	M5:64c4b3b7b16fb06e268d70c576c18be7	UR:file:///goast/hemat_data/references/hg38_broad/Homo_sapiens_assembly38.masked.fasta
@SQ	SN:chrUn_JTFH01000448v1_decoy	LN:1699	M5:e50192f7290b158ee82f04623e78180f	UR:file:///goast/hemat_data/references/hg38_broad/Homo_sapiens_assembly38.masked.fasta
@SQ	SN:chrUn_JTFH01000449v1_decoy	LN:1698	M5:938f5fb6e35906afc6601c756e85684e	UR:file:///goast/hemat_data/references/hg38_broad/Homo_sapiens_assembly38.masked.fasta
@SQ	SN:chrUn_JTFH01000450v1_decoy	LN:1697	M5:670cd517d0cef208acfe5f83f4f08e40	UR:file:///goast/hemat_data/references/hg38_broad/Homo_sapiens_assembly38.masked.fasta
@SQ	SN:chrUn_JTFH01000451v1_decoy	LN:1697	M5:29b287f217fd519ac38852bf9f3b89cd	UR:file:///goast/hemat_data/references/hg38_broad/Homo_sapiens_assembly38.masked.fasta
@SQ	SN:chrUn_JTFH01000452v1_decoy	LN:1695	M5:42ba5d9b4331876409b5509b694d32f4	UR:file:///goast/hemat_data/references/hg38_broad/Homo_sapiens_assembly38.masked.fasta
@SQ	SN:chrUn_JTFH01000453v1_decoy	LN:1695	M5:a98d7b845be68d05f42b70b19d87ecbf	UR:file:///goast/hemat_data/references/hg38_broad/Homo_sapiens_assembly38.masked.fasta
@SQ	SN:chrUn_JTFH01000454v1_decoy	LN:1693	M5:bda60eb625bdf4d5f8b0cb6ccb975c1e	UR:file:///goast/hemat_data/references/hg38_broad/Homo_sapiens_assembly38.masked.fasta
@SQ	SN:chrUn_JTFH01000455v1_decoy	LN:1687	M5:27bc09a272621c3414cbe34cd809347d	UR:file:///goast/hemat_data/references/hg38_broad/Homo_sapiens_assembly38.masked.fasta
@SQ	SN:chrUn_JTFH01000456v1_decoy	LN:1686	M5:6f0aa7beab754a13ff566057d0641ae0	UR:file:///goast/hemat_data/references/hg38_broad/Homo_sapiens_assembly38.masked.fasta
@SQ	SN:chrUn_JTFH01000457v1_decoy	LN:1680	M5:8cba844ac8cc6321dba7652815bbd94d	UR:file:///goast/hemat_data/references/hg38_broad/Homo_sapiens_assembly38.masked.fasta
@SQ	SN:chrUn_JTFH01000458v1_decoy	LN:1679	M5:e2f908a05a86ddbda11acd668b7487e6	UR:file:///goast/hemat_data/references/hg38_broad/Homo_sapiens_assembly38.masked.fasta
@SQ	SN:chrUn_JTFH01000459v1_decoy	LN:1679	M5:5a0c260602a6ab3fa76f49157966cf4b	UR:file:///goast/hemat_data/references/hg38_broad/Homo_sapiens_assembly38.masked.fasta
@SQ	SN:chrUn_JTFH01000460v1_decoy	LN:1678	M5:54a34fdfb08cb07c1f51c8be679c6339	UR:file:///goast/hemat_data/references/hg38_broad/Homo_sapiens_assembly38.masked.fasta
@SQ	SN:chrUn_JTFH01000461v1_decoy	LN:1674	M5:ced48cb3354e7f24d532fefc85a96319	UR:file:///goast/hemat_data/references/hg38_broad/Homo_sapiens_assembly38.masked.fasta
@SQ	SN:chrUn_JTFH01000462v1_decoy	LN:1674	M5:4467091f25a983fc0f7d9d88bd351993	UR:file:///goast/hemat_data/references/hg38_broad/Homo_sapiens_assembly38.masked.fasta
@SQ	SN:chrUn_JTFH01000463v1_decoy	LN:1671	M5:7cbbe8ba7b64b120b467c953851a7eb4	UR:file:///goast/hemat_data/references/hg38_broad/Homo_sapiens_assembly38.masked.fasta
@SQ	SN:chrUn_JTFH01000464v1_decoy	LN:1669	M5:a3cdd6c546af035a3c9830a67c0bb056	UR:file:///goast/hemat_data/references/hg38_broad/Homo_sapiens_assembly38.masked.fasta
@SQ	SN:chrUn_JTFH01000465v1_decoy	LN:1665	M5:1e245fa1bc113bab6305d0fc3cad2112	UR:file:///goast/hemat_data/references/hg38_broad/Homo_sapiens_assembly38.masked.fasta
@SQ	SN:chrUn_JTFH01000466v1_decoy	LN:1663	M5:b1a1b5888971729811d7fcf9b06665e4	UR:file:///goast/hemat_data/references/hg38_broad/Homo_sapiens_assembly38.masked.fasta
@SQ	SN:chrUn_JTFH01000467v1_decoy	LN:1657	M5:8a989e9803993317d80157778c71da54	UR:file:///goast/hemat_data/references/hg38_broad/Homo_sapiens_assembly38.masked.fasta
@SQ	SN:chrUn_JTFH01000468v1_decoy	LN:1653	M5:bc73c770766d2b8deb017d234f5d7387	UR:file:///goast/hemat_data/references/hg38_broad/Homo_sapiens_assembly38.masked.fasta
@SQ	SN:chrUn_JTFH01000469v1_decoy	LN:1652	M5:9559e20eaa71db947eb9645779c2c2e8	UR:file:///goast/hemat_data/references/hg38_broad/Homo_sapiens_assembly38.masked.fasta
@SQ	SN:chrUn_JTFH01000470v1_decoy	LN:1650	M5:60a6f98d6f706aa9554c7b6ed3de2716	UR:file:///goast/hemat_data/references/hg38_broad/Homo_sapiens_assembly38.masked.fasta
@SQ	SN:chrUn_JTFH01000471v1_decoy	LN:1649	M5:ce3eddf63b3aea572dd8e0b762b90829	UR:file:///goast/hemat_data/references/hg38_broad/Homo_sapiens_assembly38.masked.fasta
@SQ	SN:chrUn_JTFH01000472v1_decoy	LN:1649	M5:aeab25a6fcaf97cdcb319dff1550df0f	UR:file:///goast/hemat_data/references/hg38_broad/Homo_sapiens_assembly38.masked.fasta
@SQ	SN:chrUn_JTFH01000473v1_decoy	LN:1640	M5:7a4f3084ac2ed72ea4f5e60260c77948	UR:file:///goast/hemat_data/references/hg38_broad/Homo_sapiens_assembly38.masked.fasta
@SQ	SN:chrUn_JTFH01000474v1_decoy	LN:1638	M5:5c4753a4d69db9ff02e858c8ddbb8911	UR:file:///goast/hemat_data/references/hg38_broad/Homo_sapiens_assembly38.masked.fasta
@SQ	SN:chrUn_JTFH01000475v1_decoy	LN:1636	M5:8970166c6ade7a2f8106159d5ee5c857	UR:file:///goast/hemat_data/references/hg38_broad/Homo_sapiens_assembly38.masked.fasta
@SQ	SN:chrUn_JTFH01000476v1_decoy	LN:1632	M5:67037d44662f2487a2e39e76ea3fef94	UR:file:///goast/hemat_data/references/hg38_broad/Homo_sapiens_assembly38.masked.fasta
@SQ	SN:chrUn_JTFH01000477v1_decoy	LN:1631	M5:3455484eacb9d4eaa7ed63b96b087c85	UR:file:///goast/hemat_data/references/hg38_broad/Homo_sapiens_assembly38.masked.fasta
@SQ	SN:chrUn_JTFH01000478v1_decoy	LN:1630	M5:c20fcc553e42922058f9f0e839f527ef	UR:file:///goast/hemat_data/references/hg38_broad/Homo_sapiens_assembly38.masked.fasta
@SQ	SN:chrUn_JTFH01000479v1_decoy	LN:1627	M5:cf02dff4c16e81e47d1cc5ffdbf1b4ae	UR:file:///goast/hemat_data/references/hg38_broad/Homo_sapiens_assembly38.masked.fasta
@SQ	SN:chrUn_JTFH01000480v1_decoy	LN:1624	M5:93392bdc58b6376d5da876bae65be9e2	UR:file:///goast/hemat_data/references/hg38_broad/Homo_sapiens_assembly38.masked.fasta
@SQ	SN:chrUn_JTFH01000481v1_decoy	LN:1617	M5:e8add50c6a06030a1dca84968a89d4b2	UR:file:///goast/hemat_data/references/hg38_broad/Homo_sapiens_assembly38.masked.fasta
@SQ	SN:chrUn_JTFH01000482v1_decoy	LN:1616	M5:6d496ad94b5cd40c72f5362e446e22c4	UR:file:///goast/hemat_data/references/hg38_broad/Homo_sapiens_assembly38.masked.fasta
@SQ	SN:chrUn_JTFH01000483v1_decoy	LN:1615	M5:bcc4bc611bdb483f2f925df072d50a41	UR:file:///goast/hemat_data/references/hg38_broad/Homo_sapiens_assembly38.masked.fasta
@SQ	SN:chrUn_JTFH01000484v1_decoy	LN:1611	M5:19f0a56814e718041b51733abc55a44c	UR:file:///goast/hemat_data/references/hg38_broad/Homo_sapiens_assembly38.masked.fasta
@SQ	SN:chrUn_JTFH01000485v1_decoy	LN:1611	M5:771186a23da9b9c2081773c5a6d73812	UR:file:///goast/hemat_data/references/hg38_broad/Homo_sapiens_assembly38.masked.fasta
@SQ	SN:chrUn_JTFH01000486v1_decoy	LN:1606	M5:f6dc33d2578fb0ce6a560d5ee7b9b5cb	UR:file:///goast/hemat_data/references/hg38_broad/Homo_sapiens_assembly38.masked.fasta
@SQ	SN:chrUn_JTFH01000487v1_decoy	LN:1605	M5:440c7d94624635647d771ce7f3833416	UR:file:///goast/hemat_data/references/hg38_broad/Homo_sapiens_assembly38.masked.fasta
@SQ	SN:chrUn_JTFH01000488v1_decoy	LN:1605	M5:7e6682db43f2445cfc3b18ddecb786c0	UR:file:///goast/hemat_data/references/hg38_broad/Homo_sapiens_assembly38.masked.fasta
@SQ	SN:chrUn_JTFH01000489v1_decoy	LN:1600	M5:1b3265b9aa7cae61d843ae0b09e2f3a3	UR:file:///goast/hemat_data/references/hg38_broad/Homo_sapiens_assembly38.masked.fasta
@SQ	SN:chrUn_JTFH01000490v1_decoy	LN:1598	M5:8ef2cd8ef0749e5d753b552c1f2fc3d7	UR:file:///goast/hemat_data/references/hg38_broad/Homo_sapiens_assembly38.masked.fasta
@SQ	SN:chrUn_JTFH01000491v1_decoy	LN:1598	M5:9bfcb4215c94e812ae4ead4fc804a63f	UR:file:///goast/hemat_data/references/hg38_broad/Homo_sapiens_assembly38.masked.fasta
@SQ	SN:chrUn_JTFH01000492v1_decoy	LN:1597	M5:8c06a1c635581dd76469e431bda358b9	UR:file:///goast/hemat_data/references/hg38_broad/Homo_sapiens_assembly38.masked.fasta
@SQ	SN:chrUn_JTFH01000493v1_decoy	LN:1596	M5:9880ad7b13fdc3af8d8c81e3adf8ba43	UR:file:///goast/hemat_data/references/hg38_broad/Homo_sapiens_assembly38.masked.fasta
@SQ	SN:chrUn_JTFH01000494v1_decoy	LN:1595	M5:ec1ac1310cc7d4432ced7724829cbdba	UR:file:///goast/hemat_data/references/hg38_broad/Homo_sapiens_assembly38.masked.fasta
@SQ	SN:chrUn_JTFH01000495v1_decoy	LN:1592	M5:f2d436516525e67ce3aa61ec5273dcb5	UR:file:///goast/hemat_data/references/hg38_broad/Homo_sapiens_assembly38.masked.fasta
@SQ	SN:chrUn_JTFH01000496v1_decoy	LN:1589	M5:201a121b6775880be8593d2a9cef12cf	UR:file:///goast/hemat_data/references/hg38_broad/Homo_sapiens_assembly38.masked.fasta
@SQ	SN:chrUn_JTFH01000497v1_decoy	LN:1585	M5:491aed38b1a89a77be7b2d1d30bd4fa4	UR:file:///goast/hemat_data/references/hg38_broad/Homo_sapiens_assembly38.masked.fasta
@SQ	SN:chrUn_JTFH01000498v1_decoy	LN:1579	M5:2e63f3a1cf01e023c443b4478459db64	UR:file:///goast/hemat_data/references/hg38_broad/Homo_sapiens_assembly38.masked.fasta
@SQ	SN:chrUn_JTFH01000499v1_decoy	LN:1578	M5:f9223dc0eaf125b8226c386bbca18647	UR:file:///goast/hemat_data/references/hg38_broad/Homo_sapiens_assembly38.masked.fasta
@SQ	SN:chrUn_JTFH01000500v1_decoy	LN:1577	M5:3c9bc60202ddedaa3894d11a96f5429b	UR:file:///goast/hemat_data/references/hg38_broad/Homo_sapiens_assembly38.masked.fasta
@SQ	SN:chrUn_JTFH01000501v1_decoy	LN:1577	M5:c367b54edc2b83cb15946ac3c975ccfd	UR:file:///goast/hemat_data/references/hg38_broad/Homo_sapiens_assembly38.masked.fasta
@SQ	SN:chrUn_JTFH01000502v1_decoy	LN:1577	M5:d7d24f1188f1d67db7215729a5c5b8d0	UR:file:///goast/hemat_data/references/hg38_broad/Homo_sapiens_assembly38.masked.fasta
@SQ	SN:chrUn_JTFH01000503v1_decoy	LN:1576	M5:229d2aa7ab158e9b4bad158972029e55	UR:file:///goast/hemat_data/references/hg38_broad/Homo_sapiens_assembly38.masked.fasta
@SQ	SN:chrUn_JTFH01000504v1_decoy	LN:1575	M5:c8f35742cdde94078de3c3d84c130c42	UR:file:///goast/hemat_data/references/hg38_broad/Homo_sapiens_assembly38.masked.fasta
@SQ	SN:chrUn_JTFH01000505v1_decoy	LN:1574	M5:d0367db77d5a6bff49f54d4acd3d01e1	UR:file:///goast/hemat_data/references/hg38_broad/Homo_sapiens_assembly38.masked.fasta
@SQ	SN:chrUn_JTFH01000506v1_decoy	LN:1572	M5:06b66d904a7902fb764a3e661b9c8bea	UR:file:///goast/hemat_data/references/hg38_broad/Homo_sapiens_assembly38.masked.fasta
@SQ	SN:chrUn_JTFH01000507v1_decoy	LN:1571	M5:e3187302e0771a467d4e7d2b31669e7a	UR:file:///goast/hemat_data/references/hg38_broad/Homo_sapiens_assembly38.masked.fasta
@SQ	SN:chrUn_JTFH01000508v1_decoy	LN:1563	M5:78aa7cd4461790084af50b1b80e1838b	UR:file:///goast/hemat_data/references/hg38_broad/Homo_sapiens_assembly38.masked.fasta
@SQ	SN:chrUn_JTFH01000509v1_decoy	LN:1561	M5:abcdf15d561b447b0bdedb366fb77d72	UR:file:///goast/hemat_data/references/hg38_broad/Homo_sapiens_assembly38.masked.fasta
@SQ	SN:chrUn_JTFH01000510v1_decoy	LN:1561	M5:f9a7e72f7e382fa59a1d2c0c4d6edc53	UR:file:///goast/hemat_data/references/hg38_broad/Homo_sapiens_assembly38.masked.fasta
@SQ	SN:chrUn_JTFH01000511v1_decoy	LN:1560	M5:bbfe4f1e02f2fdcc9d20e65e8d3da35d	UR:file:///goast/hemat_data/references/hg38_broad/Homo_sapiens_assembly38.masked.fasta
@SQ	SN:chrUn_JTFH01000512v1_decoy	LN:1560	M5:538f38f8d5e6495a85b6bfecf487ecc6	UR:file:///goast/hemat_data/references/hg38_broad/Homo_sapiens_assembly38.masked.fasta
@SQ	SN:chrUn_JTFH01000513v1_decoy	LN:1554	M5:8ae2f8b5f30a6c1762de005819965ec7	UR:file:///goast/hemat_data/references/hg38_broad/Homo_sapiens_assembly38.masked.fasta
@SQ	SN:chrUn_JTFH01000514v1_decoy	LN:1552	M5:392885482ea57d0e3f1311c3be95c89b	UR:file:///goast/hemat_data/references/hg38_broad/Homo_sapiens_assembly38.masked.fasta
@SQ	SN:chrUn_JTFH01000515v1_decoy	LN:1548	M5:1310bfff4743d36d7f8153b6663f2249	UR:file:///goast/hemat_data/references/hg38_broad/Homo_sapiens_assembly38.masked.fasta
@SQ	SN:chrUn_JTFH01000516v1_decoy	LN:1546	M5:629769b2550c48e2a73115da95946951	UR:file:///goast/hemat_data/references/hg38_broad/Homo_sapiens_assembly38.masked.fasta
@SQ	SN:chrUn_JTFH01000517v1_decoy	LN:1541	M5:76f0c1d1779803feb107f253ea555df7	UR:file:///goast/hemat_data/references/hg38_broad/Homo_sapiens_assembly38.masked.fasta
@SQ	SN:chrUn_JTFH01000518v1_decoy	LN:1536	M5:686a5b0fc214ac36df8da7605ffae4ea	UR:file:///goast/hemat_data/references/hg38_broad/Homo_sapiens_assembly38.masked.fasta
@SQ	SN:chrUn_JTFH01000519v1_decoy	LN:1533	M5:e2bf8fa01d69d0ec7c7e1f6d040912c2	UR:file:///goast/hemat_data/references/hg38_broad/Homo_sapiens_assembly38.masked.fasta
@SQ	SN:chrUn_JTFH01000520v1_decoy	LN:1532	M5:0c23895ba0df7ad7ea8f2b58313a0cdf	UR:file:///goast/hemat_data/references/hg38_broad/Homo_sapiens_assembly38.masked.fasta
@SQ	SN:chrUn_JTFH01000521v1_decoy	LN:1532	M5:c9515245780a66ef482674755d38c592	UR:file:///goast/hemat_data/references/hg38_broad/Homo_sapiens_assembly38.masked.fasta
@SQ	SN:chrUn_JTFH01000522v1_decoy	LN:1530	M5:5caa4ec6f260d2f960770b368909d78c	UR:file:///goast/hemat_data/references/hg38_broad/Homo_sapiens_assembly38.masked.fasta
@SQ	SN:chrUn_JTFH01000523v1_decoy	LN:1527	M5:b05daa30b4f2c9167aac9fde662de4c7	UR:file:///goast/hemat_data/references/hg38_broad/Homo_sapiens_assembly38.masked.fasta
@SQ	SN:chrUn_JTFH01000524v1_decoy	LN:1526	M5:cfcd1e358a225fc7c2354b1bad52cccc	UR:file:///goast/hemat_data/references/hg38_broad/Homo_sapiens_assembly38.masked.fasta
@SQ	SN:chrUn_JTFH01000525v1_decoy	LN:1524	M5:08ec33c06085eb399a1e56f43d1d222e	UR:file:///goast/hemat_data/references/hg38_broad/Homo_sapiens_assembly38.masked.fasta
@SQ	SN:chrUn_JTFH01000526v1_decoy	LN:1523	M5:74f16c21c5a2372050d2f61595d52eea	UR:file:///goast/hemat_data/references/hg38_broad/Homo_sapiens_assembly38.masked.fasta
@SQ	SN:chrUn_JTFH01000527v1_decoy	LN:1523	M5:e7cf8c07771c8fa37bf4b6fbca555113	UR:file:///goast/hemat_data/references/hg38_broad/Homo_sapiens_assembly38.masked.fasta
@SQ	SN:chrUn_JTFH01000528v1_decoy	LN:1522	M5:8f754d63b65c3c7a1e9a1ad5e439d2d1	UR:file:///goast/hemat_data/references/hg38_broad/Homo_sapiens_assembly38.masked.fasta
@SQ	SN:chrUn_JTFH01000529v1_decoy	LN:1522	M5:51530101930cfdb66060d0686c4fed16	UR:file:///goast/hemat_data/references/hg38_broad/Homo_sapiens_assembly38.masked.fasta
@SQ	SN:chrUn_JTFH01000530v1_decoy	LN:1519	M5:dced229b77a1ea722aed13b4eb4e5b79	UR:file:///goast/hemat_data/references/hg38_broad/Homo_sapiens_assembly38.masked.fasta
@SQ	SN:chrUn_JTFH01000531v1_decoy	LN:1513	M5:dc49162a2d904001541bef4c7f7cd54f	UR:file:///goast/hemat_data/references/hg38_broad/Homo_sapiens_assembly38.masked.fasta
@SQ	SN:chrUn_JTFH01000532v1_decoy	LN:1508	M5:c183c701388b1a11f3cbf31ba2d84f41	UR:file:///goast/hemat_data/references/hg38_broad/Homo_sapiens_assembly38.masked.fasta
@SQ	SN:chrUn_JTFH01000533v1_decoy	LN:1508	M5:0d9b9c8ca5a3b58a13369e0a097f25cf	UR:file:///goast/hemat_data/references/hg38_broad/Homo_sapiens_assembly38.masked.fasta
@SQ	SN:chrUn_JTFH01000534v1_decoy	LN:1505	M5:4e806d8438bd8512d22e24a026640d66	UR:file:///goast/hemat_data/references/hg38_broad/Homo_sapiens_assembly38.masked.fasta
@SQ	SN:chrUn_JTFH01000535v1_decoy	LN:1503	M5:0b9c580f3d47c52b031cb00b9741c1a6	UR:file:///goast/hemat_data/references/hg38_broad/Homo_sapiens_assembly38.masked.fasta
@SQ	SN:chrUn_JTFH01000536v1_decoy	LN:1496	M5:ebce7ee144631f93b7001740bff968ca	UR:file:///goast/hemat_data/references/hg38_broad/Homo_sapiens_assembly38.masked.fasta
@SQ	SN:chrUn_JTFH01000537v1_decoy	LN:1491	M5:191de45ffda752707ef5b22c780675b7	UR:file:///goast/hemat_data/references/hg38_broad/Homo_sapiens_assembly38.masked.fasta
@SQ	SN:chrUn_JTFH01000538v1_decoy	LN:1490	M5:2b8af44ac46088badbdffea0c0c3d368	UR:file:///goast/hemat_data/references/hg38_broad/Homo_sapiens_assembly38.masked.fasta
@SQ	SN:chrUn_JTFH01000539v1_decoy	LN:1490	M5:378e070f5556e26fd1e89f1f21e2c35a	UR:file:///goast/hemat_data/references/hg38_broad/Homo_sapiens_assembly38.masked.fasta
@SQ	SN:chrUn_JTFH01000540v1_decoy	LN:1487	M5:7c84677ee13bffaac6c5c623f317619f	UR:file:///goast/hemat_data/references/hg38_broad/Homo_sapiens_assembly38.masked.fasta
@SQ	SN:chrUn_JTFH01000541v1_decoy	LN:1486	M5:501226e799037a04ea73a3be5bde460b	UR:file:///goast/hemat_data/references/hg38_broad/Homo_sapiens_assembly38.masked.fasta
@SQ	SN:chrUn_JTFH01000542v1_decoy	LN:1485	M5:8ec76a3f62b296d50ccff9ce4a9aa072	UR:file:///goast/hemat_data/references/hg38_broad/Homo_sapiens_assembly38.masked.fasta
@SQ	SN:chrUn_JTFH01000543v1_decoy	LN:1484	M5:34e4860b41e4db3fe4ec16fdba4cb85a	UR:file:///goast/hemat_data/references/hg38_broad/Homo_sapiens_assembly38.masked.fasta
@SQ	SN:chrUn_JTFH01000544v1_decoy	LN:1483	M5:ca6b3496195a36f5f1a5a1de26bd9655	UR:file:///goast/hemat_data/references/hg38_broad/Homo_sapiens_assembly38.masked.fasta
@SQ	SN:chrUn_JTFH01000545v1_decoy	LN:1479	M5:902f04a9f4b960cef80039434d00e63f	UR:file:///goast/hemat_data/references/hg38_broad/Homo_sapiens_assembly38.masked.fasta
@SQ	SN:chrUn_JTFH01000546v1_decoy	LN:1479	M5:16692f78928924e255aeb5b72a97ab21	UR:file:///goast/hemat_data/references/hg38_broad/Homo_sapiens_assembly38.masked.fasta
@SQ	SN:chrUn_JTFH01000547v1_decoy	LN:1476	M5:e765f1919b45a51913ed7d2f4c9a7491	UR:file:///goast/hemat_data/references/hg38_broad/Homo_sapiens_assembly38.masked.fasta
@SQ	SN:chrUn_JTFH01000548v1_decoy	LN:1475	M5:fa46ec2fd14b9d99852d4d30568593ff	UR:file:///goast/hemat_data/references/hg38_broad/Homo_sapiens_assembly38.masked.fasta
@SQ	SN:chrUn_JTFH01000549v1_decoy	LN:1472	M5:d03e8e717a38f0178037af0ca86aafb4	UR:file:///goast/hemat_data/references/hg38_broad/Homo_sapiens_assembly38.masked.fasta
@SQ	SN:chrUn_JTFH01000550v1_decoy	LN:1469	M5:8ee65cdf657a82a381d7cb6caa4f3f5d	UR:file:///goast/hemat_data/references/hg38_broad/Homo_sapiens_assembly38.masked.fasta
@SQ	SN:chrUn_JTFH01000551v1_decoy	LN:1468	M5:bc6f74a7c8ffab037e3eab5ea88037a9	UR:file:///goast/hemat_data/references/hg38_broad/Homo_sapiens_assembly38.masked.fasta
@SQ	SN:chrUn_JTFH01000552v1_decoy	LN:1467	M5:7d64a0f8c6675f07e9dec9b70a0afdd0	UR:file:///goast/hemat_data/references/hg38_broad/Homo_sapiens_assembly38.masked.fasta
@SQ	SN:chrUn_JTFH01000553v1_decoy	LN:1465	M5:2e3b43fdc0d1784a2518dfe255384519	UR:file:///goast/hemat_data/references/hg38_broad/Homo_sapiens_assembly38.masked.fasta
@SQ	SN:chrUn_JTFH01000554v1_decoy	LN:1464	M5:df762923ca57a0113032d663d3c97bea	UR:file:///goast/hemat_data/references/hg38_broad/Homo_sapiens_assembly38.masked.fasta
@SQ	SN:chrUn_JTFH01000555v1_decoy	LN:1463	M5:11aada1e695fe5177d9540b02a2d432b	UR:file:///goast/hemat_data/references/hg38_broad/Homo_sapiens_assembly38.masked.fasta
@SQ	SN:chrUn_JTFH01000556v1_decoy	LN:1463	M5:d3ab1903d41ac470157b0c4d4ed61933	UR:file:///goast/hemat_data/references/hg38_broad/Homo_sapiens_assembly38.masked.fasta
@SQ	SN:chrUn_JTFH01000557v1_decoy	LN:1459	M5:bbadf4ad4f9a1ee8da95612868cfb018	UR:file:///goast/hemat_data/references/hg38_broad/Homo_sapiens_assembly38.masked.fasta
@SQ	SN:chrUn_JTFH01000558v1_decoy	LN:1459	M5:bcd6dabc3d1399c379f3adf1cdeae332	UR:file:///goast/hemat_data/references/hg38_broad/Homo_sapiens_assembly38.masked.fasta
@SQ	SN:chrUn_JTFH01000559v1_decoy	LN:1458	M5:1781d0b5245fdca60eb63e40b293194d	UR:file:///goast/hemat_data/references/hg38_broad/Homo_sapiens_assembly38.masked.fasta
@SQ	SN:chrUn_JTFH01000560v1_decoy	LN:1458	M5:46a7c1c5c2e823abe406cf459179bfde	UR:file:///goast/hemat_data/references/hg38_broad/Homo_sapiens_assembly38.masked.fasta
@SQ	SN:chrUn_JTFH01000561v1_decoy	LN:1454	M5:a7a571b77c5a922ca842288fc6734696	UR:file:///goast/hemat_data/references/hg38_broad/Homo_sapiens_assembly38.masked.fasta
@SQ	SN:chrUn_JTFH01000562v1_decoy	LN:1449	M5:cc0f411395c55cc332ad0889e75eca80	UR:file:///goast/hemat_data/references/hg38_broad/Homo_sapiens_assembly38.masked.fasta
@SQ	SN:chrUn_JTFH01000563v1_decoy	LN:1449	M5:184e7321ea1fcdc47df967c7c5d879f4	UR:file:///goast/hemat_data/references/hg38_broad/Homo_sapiens_assembly38.masked.fasta
@SQ	SN:chrUn_JTFH01000564v1_decoy	LN:1448	M5:9cc22c1be7f706f6789fc994e46ddc95	UR:file:///goast/hemat_data/references/hg38_broad/Homo_sapiens_assembly38.masked.fasta
@SQ	SN:chrUn_JTFH01000565v1_decoy	LN:1446	M5:2be7af38d4e11bbf45397add5e8b29bd	UR:file:///goast/hemat_data/references/hg38_broad/Homo_sapiens_assembly38.masked.fasta
@SQ	SN:chrUn_JTFH01000566v1_decoy	LN:1442	M5:7badb67269751abbac8f46b5704299b5	UR:file:///goast/hemat_data/references/hg38_broad/Homo_sapiens_assembly38.masked.fasta
@SQ	SN:chrUn_JTFH01000567v1_decoy	LN:1441	M5:ee8162f4c41a8b15758b34b01d87e2d3	UR:file:///goast/hemat_data/references/hg38_broad/Homo_sapiens_assembly38.masked.fasta
@SQ	SN:chrUn_JTFH01000568v1_decoy	LN:1440	M5:d4b0ebe0d4c6d4d270b5a5b7d1a5d7ee	UR:file:///goast/hemat_data/references/hg38_broad/Homo_sapiens_assembly38.masked.fasta
@SQ	SN:chrUn_JTFH01000569v1_decoy	LN:1439	M5:ec8779a6ca200bbe41de6dd3630da10e	UR:file:///goast/hemat_data/references/hg38_broad/Homo_sapiens_assembly38.masked.fasta
@SQ	SN:chrUn_JTFH01000570v1_decoy	LN:1437	M5:3d29e003ab19ba610718173d23d26b37	UR:file:///goast/hemat_data/references/hg38_broad/Homo_sapiens_assembly38.masked.fasta
@SQ	SN:chrUn_JTFH01000571v1_decoy	LN:1436	M5:a7261a67e8f0dd3de7bb37e12ed74c3c	UR:file:///goast/hemat_data/references/hg38_broad/Homo_sapiens_assembly38.masked.fasta
@SQ	SN:chrUn_JTFH01000572v1_decoy	LN:1429	M5:d9b8501a054b0ba4229f7ae1e74bf2c3	UR:file:///goast/hemat_data/references/hg38_broad/Homo_sapiens_assembly38.masked.fasta
@SQ	SN:chrUn_JTFH01000573v1_decoy	LN:1429	M5:ddc6caafb94fef7d6209cdff64795226	UR:file:///goast/hemat_data/references/hg38_broad/Homo_sapiens_assembly38.masked.fasta
@SQ	SN:chrUn_JTFH01000574v1_decoy	LN:1427	M5:9aca197fbaf212c69feea234780489a0	UR:file:///goast/hemat_data/references/hg38_broad/Homo_sapiens_assembly38.masked.fasta
@SQ	SN:chrUn_JTFH01000575v1_decoy	LN:1426	M5:1e4c043b8c89e6c193c519db2531e6b6	UR:file:///goast/hemat_data/references/hg38_broad/Homo_sapiens_assembly38.masked.fasta
@SQ	SN:chrUn_JTFH01000576v1_decoy	LN:1425	M5:846748418b1797e21e540d92fd794495	UR:file:///goast/hemat_data/references/hg38_broad/Homo_sapiens_assembly38.masked.fasta
@SQ	SN:chrUn_JTFH01000577v1_decoy	LN:1424	M5:4fd0c37d4a586150a9301f2009c5c1e9	UR:file:///goast/hemat_data/references/hg38_broad/Homo_sapiens_assembly38.masked.fasta
@SQ	SN:chrUn_JTFH01000578v1_decoy	LN:1424	M5:54ac14d019ced5f6bfe22948074afa9e	UR:file:///goast/hemat_data/references/hg38_broad/Homo_sapiens_assembly38.masked.fasta
@SQ	SN:chrUn_JTFH01000579v1_decoy	LN:1423	M5:3fdf802f805e746ac56f30d6d1a68708	UR:file:///goast/hemat_data/references/hg38_broad/Homo_sapiens_assembly38.masked.fasta
@SQ	SN:chrUn_JTFH01000580v1_decoy	LN:1423	M5:7237c88f6ea636176c0287d0432a9732	UR:file:///goast/hemat_data/references/hg38_broad/Homo_sapiens_assembly38.masked.fasta
@SQ	SN:chrUn_JTFH01000581v1_decoy	LN:1423	M5:e9eaf98ae51879086e24b98bea88df0b	UR:file:///goast/hemat_data/references/hg38_broad/Homo_sapiens_assembly38.masked.fasta
@SQ	SN:chrUn_JTFH01000582v1_decoy	LN:1414	M5:34272cd5beb57237fb7a193f798cc2d0	UR:file:///goast/hemat_data/references/hg38_broad/Homo_sapiens_assembly38.masked.fasta
@SQ	SN:chrUn_JTFH01000583v1_decoy	LN:1414	M5:9060d1ca5fe447374bc2a1e69f4e3224	UR:file:///goast/hemat_data/references/hg38_broad/Homo_sapiens_assembly38.masked.fasta
@SQ	SN:chrUn_JTFH01000584v1_decoy	LN:1413	M5:3298b158d1b1f933a0e2a292a1529e10	UR:file:///goast/hemat_data/references/hg38_broad/Homo_sapiens_assembly38.masked.fasta
@SQ	SN:chrUn_JTFH01000585v1_decoy	LN:1413	M5:59c1a460224d4414afdea6e15bd8b2e4	UR:file:///goast/hemat_data/references/hg38_broad/Homo_sapiens_assembly38.masked.fasta
@SQ	SN:chrUn_JTFH01000586v1_decoy	LN:1410	M5:64228ed4ae27b3994019d9e0038f55a8	UR:file:///goast/hemat_data/references/hg38_broad/Homo_sapiens_assembly38.masked.fasta
@SQ	SN:chrUn_JTFH01000587v1_decoy	LN:1409	M5:4d845a6ec097602753d860feddf23e58	UR:file:///goast/hemat_data/references/hg38_broad/Homo_sapiens_assembly38.masked.fasta
@SQ	SN:chrUn_JTFH01000588v1_decoy	LN:1409	M5:a000b425fd931ce6015497afb22efd88	UR:file:///goast/hemat_data/references/hg38_broad/Homo_sapiens_assembly38.masked.fasta
@SQ	SN:chrUn_JTFH01000589v1_decoy	LN:1406	M5:0c059afc9f69018ba9da0b23aa8b9b75	UR:file:///goast/hemat_data/references/hg38_broad/Homo_sapiens_assembly38.masked.fasta
@SQ	SN:chrUn_JTFH01000590v1_decoy	LN:1405	M5:0c586f3eb4883fc1918171f471f5e5f0	UR:file:///goast/hemat_data/references/hg38_broad/Homo_sapiens_assembly38.masked.fasta
@SQ	SN:chrUn_JTFH01000591v1_decoy	LN:1405	M5:cd72088875313abb75d2a891e35b7d4d	UR:file:///goast/hemat_data/references/hg38_broad/Homo_sapiens_assembly38.masked.fasta
@SQ	SN:chrUn_JTFH01000592v1_decoy	LN:1404	M5:abf874737ff5cfa8f718112f32beb985	UR:file:///goast/hemat_data/references/hg38_broad/Homo_sapiens_assembly38.masked.fasta
@SQ	SN:chrUn_JTFH01000593v1_decoy	LN:1404	M5:eb8f0a5cc692b80655ef58e2547a4cec	UR:file:///goast/hemat_data/references/hg38_broad/Homo_sapiens_assembly38.masked.fasta
@SQ	SN:chrUn_JTFH01000594v1_decoy	LN:1402	M5:6ee2ff095b70b42cd9c9b4e0efabca4c	UR:file:///goast/hemat_data/references/hg38_broad/Homo_sapiens_assembly38.masked.fasta
@SQ	SN:chrUn_JTFH01000595v1_decoy	LN:1402	M5:f4d8da8a43b238c8e0646f5f0b52f89c	UR:file:///goast/hemat_data/references/hg38_broad/Homo_sapiens_assembly38.masked.fasta
@SQ	SN:chrUn_JTFH01000596v1_decoy	LN:1402	M5:8c7872a37fea0f290dc1bc82d975b894	UR:file:///goast/hemat_data/references/hg38_broad/Homo_sapiens_assembly38.masked.fasta
@SQ	SN:chrUn_JTFH01000597v1_decoy	LN:1402	M5:d0d9fdcbf88b68b1dec6f806c72fed32	UR:file:///goast/hemat_data/references/hg38_broad/Homo_sapiens_assembly38.masked.fasta
@SQ	SN:chrUn_JTFH01000598v1_decoy	LN:1400	M5:6634e5294042b88996256c18dfedb84d	UR:file:///goast/hemat_data/references/hg38_broad/Homo_sapiens_assembly38.masked.fasta
@SQ	SN:chrUn_JTFH01000599v1_decoy	LN:1398	M5:fd8634e8ef145e4987e4520f150aa3f3	UR:file:///goast/hemat_data/references/hg38_broad/Homo_sapiens_assembly38.masked.fasta
@SQ	SN:chrUn_JTFH01000600v1_decoy	LN:1396	M5:25350d57a6af0ff5c2c4c9c49b44ce71	UR:file:///goast/hemat_data/references/hg38_broad/Homo_sapiens_assembly38.masked.fasta
@SQ	SN:chrUn_JTFH01000601v1_decoy	LN:1395	M5:6aedeed255c7942bf7499cf1627f8cbb	UR:file:///goast/hemat_data/references/hg38_broad/Homo_sapiens_assembly38.masked.fasta
@SQ	SN:chrUn_JTFH01000602v1_decoy	LN:1394	M5:535e79d7dc446b1c3d57759eee6e4f79	UR:file:///goast/hemat_data/references/hg38_broad/Homo_sapiens_assembly38.masked.fasta
@SQ	SN:chrUn_JTFH01000603v1_decoy	LN:1393	M5:300693e040f4152f622506cde18980f6	UR:file:///goast/hemat_data/references/hg38_broad/Homo_sapiens_assembly38.masked.fasta
@SQ	SN:chrUn_JTFH01000604v1_decoy	LN:1391	M5:8a946b3527d782026e0dc90559017170	UR:file:///goast/hemat_data/references/hg38_broad/Homo_sapiens_assembly38.masked.fasta
@SQ	SN:chrUn_JTFH01000605v1_decoy	LN:1389	M5:7a9e96381bae2eb52e9e340616f3d40f	UR:file:///goast/hemat_data/references/hg38_broad/Homo_sapiens_assembly38.masked.fasta
@SQ	SN:chrUn_JTFH01000606v1_decoy	LN:1389	M5:b6ee1b27e065ac10608cc2a75f23b552	UR:file:///goast/hemat_data/references/hg38_broad/Homo_sapiens_assembly38.masked.fasta
@SQ	SN:chrUn_JTFH01000607v1_decoy	LN:1388	M5:ff5370f5970d37597e705a08fca533b6	UR:file:///goast/hemat_data/references/hg38_broad/Homo_sapiens_assembly38.masked.fasta
@SQ	SN:chrUn_JTFH01000608v1_decoy	LN:1387	M5:445d8c03bad3cc26e6adeb0047d18078	UR:file:///goast/hemat_data/references/hg38_broad/Homo_sapiens_assembly38.masked.fasta
@SQ	SN:chrUn_JTFH01000609v1_decoy	LN:1384	M5:e885e52d68b2de3b4a858205e3e642ba	UR:file:///goast/hemat_data/references/hg38_broad/Homo_sapiens_assembly38.masked.fasta
@SQ	SN:chrUn_JTFH01000610v1_decoy	LN:1381	M5:56708189f55fba9d8406fbd9eee51424	UR:file:///goast/hemat_data/references/hg38_broad/Homo_sapiens_assembly38.masked.fasta
@SQ	SN:chrUn_JTFH01000611v1_decoy	LN:1381	M5:c7791c86ba8e059389aaa3919f1ed24b	UR:file:///goast/hemat_data/references/hg38_broad/Homo_sapiens_assembly38.masked.fasta
@SQ	SN:chrUn_JTFH01000612v1_decoy	LN:1379	M5:040a6029ad56ae20245dd1757c313f19	UR:file:///goast/hemat_data/references/hg38_broad/Homo_sapiens_assembly38.masked.fasta
@SQ	SN:chrUn_JTFH01000613v1_decoy	LN:1377	M5:cc1f3e1b6fbcf7cf33ba399c84ff0fd7	UR:file:///goast/hemat_data/references/hg38_broad/Homo_sapiens_assembly38.masked.fasta
@SQ	SN:chrUn_JTFH01000614v1_decoy	LN:1376	M5:73782073ee88b30e5184f8c58b162395	UR:file:///goast/hemat_data/references/hg38_broad/Homo_sapiens_assembly38.masked.fasta
@SQ	SN:chrUn_JTFH01000615v1_decoy	LN:1376	M5:b49adf2ce996df0a067aa5afccc4d593	UR:file:///goast/hemat_data/references/hg38_broad/Homo_sapiens_assembly38.masked.fasta
@SQ	SN:chrUn_JTFH01000616v1_decoy	LN:1375	M5:ebef890f7fb5122bf631a5489d6d46a6	UR:file:///goast/hemat_data/references/hg38_broad/Homo_sapiens_assembly38.masked.fasta
@SQ	SN:chrUn_JTFH01000617v1_decoy	LN:1374	M5:d165c7fd94b756243531a20cd030e7f1	UR:file:///goast/hemat_data/references/hg38_broad/Homo_sapiens_assembly38.masked.fasta
@SQ	SN:chrUn_JTFH01000618v1_decoy	LN:1372	M5:99bb1f26eea260757df2246652e20ce0	UR:file:///goast/hemat_data/references/hg38_broad/Homo_sapiens_assembly38.masked.fasta
@SQ	SN:chrUn_JTFH01000619v1_decoy	LN:1371	M5:fdc45233952efe3a4444e4fc118e9bd7	UR:file:///goast/hemat_data/references/hg38_broad/Homo_sapiens_assembly38.masked.fasta
@SQ	SN:chrUn_JTFH01000620v1_decoy	LN:1370	M5:023468d3dca8b3726de68eb85c7d2301	UR:file:///goast/hemat_data/references/hg38_broad/Homo_sapiens_assembly38.masked.fasta
@SQ	SN:chrUn_JTFH01000621v1_decoy	LN:1370	M5:fb5072d4c89ac94df7141cacd9701034	UR:file:///goast/hemat_data/references/hg38_broad/Homo_sapiens_assembly38.masked.fasta
@SQ	SN:chrUn_JTFH01000622v1_decoy	LN:1366	M5:5aee91a1f323fd56c65017a1878fae17	UR:file:///goast/hemat_data/references/hg38_broad/Homo_sapiens_assembly38.masked.fasta
@SQ	SN:chrUn_JTFH01000623v1_decoy	LN:1363	M5:6b6ecc4a02c37b540c86cd51299d13da	UR:file:///goast/hemat_data/references/hg38_broad/Homo_sapiens_assembly38.masked.fasta
@SQ	SN:chrUn_JTFH01000624v1_decoy	LN:1360	M5:06cd979553eb7045f14feac8e6f2e2bf	UR:file:///goast/hemat_data/references/hg38_broad/Homo_sapiens_assembly38.masked.fasta
@SQ	SN:chrUn_JTFH01000625v1_decoy	LN:1356	M5:d4cf98566c01e8715f3f2d3883ee0960	UR:file:///goast/hemat_data/references/hg38_broad/Homo_sapiens_assembly38.masked.fasta
@SQ	SN:chrUn_JTFH01000626v1_decoy	LN:1355	M5:1dfb4921c6f707d06505f67e59849603	UR:file:///goast/hemat_data/references/hg38_broad/Homo_sapiens_assembly38.masked.fasta
@SQ	SN:chrUn_JTFH01000627v1_decoy	LN:1355	M5:0d374e2ae6601c90f80dad8772daeec6	UR:file:///goast/hemat_data/references/hg38_broad/Homo_sapiens_assembly38.masked.fasta
@SQ	SN:chrUn_JTFH01000628v1_decoy	LN:1352	M5:474bb6fe17aa82dbe052602181e2c342	UR:file:///goast/hemat_data/references/hg38_broad/Homo_sapiens_assembly38.masked.fasta
@SQ	SN:chrUn_JTFH01000629v1_decoy	LN:1345	M5:be38a1cda1a6e1ae5e323c69f41169ca	UR:file:///goast/hemat_data/references/hg38_broad/Homo_sapiens_assembly38.masked.fasta
@SQ	SN:chrUn_JTFH01000630v1_decoy	LN:1344	M5:5f167804d39afced5ca6f11bdfc4e79e	UR:file:///goast/hemat_data/references/hg38_broad/Homo_sapiens_assembly38.masked.fasta
@SQ	SN:chrUn_JTFH01000631v1_decoy	LN:1344	M5:a8c1265cc335c37e42363c32f7004283	UR:file:///goast/hemat_data/references/hg38_broad/Homo_sapiens_assembly38.masked.fasta
@SQ	SN:chrUn_JTFH01000632v1_decoy	LN:1342	M5:7aad5f98492b8fca78e060b6be39462a	UR:file:///goast/hemat_data/references/hg38_broad/Homo_sapiens_assembly38.masked.fasta
@SQ	SN:chrUn_JTFH01000633v1_decoy	LN:1342	M5:f3ffd07c1b2dd961b6182008cc89dca9	UR:file:///goast/hemat_data/references/hg38_broad/Homo_sapiens_assembly38.masked.fasta
@SQ	SN:chrUn_JTFH01000634v1_decoy	LN:1336	M5:64e80f53b6b20fe69e1f570c4bf46bdf	UR:file:///goast/hemat_data/references/hg38_broad/Homo_sapiens_assembly38.masked.fasta
@SQ	SN:chrUn_JTFH01000635v1_decoy	LN:1334	M5:49441fe73d5a6c1424175db5c183d5f4	UR:file:///goast/hemat_data/references/hg38_broad/Homo_sapiens_assembly38.masked.fasta
@SQ	SN:chrUn_JTFH01000636v1_decoy	LN:1334	M5:7d75d91acde1b12b627eec4355428b3c	UR:file:///goast/hemat_data/references/hg38_broad/Homo_sapiens_assembly38.masked.fasta
@SQ	SN:chrUn_JTFH01000637v1_decoy	LN:1333	M5:e4ece619ebb5ab86de6fab33b38d5481	UR:file:///goast/hemat_data/references/hg38_broad/Homo_sapiens_assembly38.masked.fasta
@SQ	SN:chrUn_JTFH01000638v1_decoy	LN:1332	M5:7135701f246e43df19f5aba147d6ffe4	UR:file:///goast/hemat_data/references/hg38_broad/Homo_sapiens_assembly38.masked.fasta
@SQ	SN:chrUn_JTFH01000639v1_decoy	LN:1328	M5:fbb7b0f582ebca6f3cef730730d1ba0a	UR:file:///goast/hemat_data/references/hg38_broad/Homo_sapiens_assembly38.masked.fasta
@SQ	SN:chrUn_JTFH01000640v1_decoy	LN:1328	M5:62be463086e26b1df7d57735080ccdad	UR:file:///goast/hemat_data/references/hg38_broad/Homo_sapiens_assembly38.masked.fasta
@SQ	SN:chrUn_JTFH01000641v1_decoy	LN:1328	M5:14eb9b729a7e8e201661d1337b6c986d	UR:file:///goast/hemat_data/references/hg38_broad/Homo_sapiens_assembly38.masked.fasta
@SQ	SN:chrUn_JTFH01000642v1_decoy	LN:1327	M5:7758f1665792870c0c087b3c3dfa6f6f	UR:file:///goast/hemat_data/references/hg38_broad/Homo_sapiens_assembly38.masked.fasta
@SQ	SN:chrUn_JTFH01000643v1_decoy	LN:1325	M5:4e1088e1aa76be60fab929e87bddd522	UR:file:///goast/hemat_data/references/hg38_broad/Homo_sapiens_assembly38.masked.fasta
@SQ	SN:chrUn_JTFH01000644v1_decoy	LN:1322	M5:af3b1f03c49d83adafa3d8f2d6874c24	UR:file:///goast/hemat_data/references/hg38_broad/Homo_sapiens_assembly38.masked.fasta
@SQ	SN:chrUn_JTFH01000645v1_decoy	LN:1320	M5:446dcf62ddc2538c64ec6aa731ea150b	UR:file:///goast/hemat_data/references/hg38_broad/Homo_sapiens_assembly38.masked.fasta
@SQ	SN:chrUn_JTFH01000646v1_decoy	LN:1319	M5:56748fdfa4712830c7af4c68f4759228	UR:file:///goast/hemat_data/references/hg38_broad/Homo_sapiens_assembly38.masked.fasta
@SQ	SN:chrUn_JTFH01000647v1_decoy	LN:1318	M5:8eaa0a6e0ed839c74aab55d260c6fc46	UR:file:///goast/hemat_data/references/hg38_broad/Homo_sapiens_assembly38.masked.fasta
@SQ	SN:chrUn_JTFH01000648v1_decoy	LN:1315	M5:56712d4e2ff952bae0ab0ddd610f253d	UR:file:///goast/hemat_data/references/hg38_broad/Homo_sapiens_assembly38.masked.fasta
@SQ	SN:chrUn_JTFH01000649v1_decoy	LN:1314	M5:d3e12fcc460574d688e5bae5d2442b1e	UR:file:///goast/hemat_data/references/hg38_broad/Homo_sapiens_assembly38.masked.fasta
@SQ	SN:chrUn_JTFH01000650v1_decoy	LN:1313	M5:b547545a4b0358b765cecfc76a24f5c3	UR:file:///goast/hemat_data/references/hg38_broad/Homo_sapiens_assembly38.masked.fasta
@SQ	SN:chrUn_JTFH01000651v1_decoy	LN:1313	M5:6b644257e459efb9331cbf248eb360a1	UR:file:///goast/hemat_data/references/hg38_broad/Homo_sapiens_assembly38.masked.fasta
@SQ	SN:chrUn_JTFH01000652v1_decoy	LN:1312	M5:49650bf9d34993f3734ff8be22a21d8c	UR:file:///goast/hemat_data/references/hg38_broad/Homo_sapiens_assembly38.masked.fasta
@SQ	SN:chrUn_JTFH01000653v1_decoy	LN:1310	M5:a4ce42eeaf93dc12fd2c1d548ecb8ec1	UR:file:///goast/hemat_data/references/hg38_broad/Homo_sapiens_assembly38.masked.fasta
@SQ	SN:chrUn_JTFH01000654v1_decoy	LN:1309	M5:b6aa3601c472a96642590f2556fd60f6	UR:file:///goast/hemat_data/references/hg38_broad/Homo_sapiens_assembly38.masked.fasta
@SQ	SN:chrUn_JTFH01000655v1_decoy	LN:1309	M5:86d4783a9574d129cdf2d96b81899a69	UR:file:///goast/hemat_data/references/hg38_broad/Homo_sapiens_assembly38.masked.fasta
@SQ	SN:chrUn_JTFH01000656v1_decoy	LN:1307	M5:f7f361b3f660b392044fad24ffae29fc	UR:file:///goast/hemat_data/references/hg38_broad/Homo_sapiens_assembly38.masked.fasta
@SQ	SN:chrUn_JTFH01000657v1_decoy	LN:1307	M5:754ff5c46ace6aa00b6225c1395948bc	UR:file:///goast/hemat_data/references/hg38_broad/Homo_sapiens_assembly38.masked.fasta
@SQ	SN:chrUn_JTFH01000658v1_decoy	LN:1305	M5:93cb281ea84aef36a85cb9950604dd0b	UR:file:///goast/hemat_data/references/hg38_broad/Homo_sapiens_assembly38.masked.fasta
@SQ	SN:chrUn_JTFH01000659v1_decoy	LN:1304	M5:12d269dc2ce62735236ae94e1f20075b	UR:file:///goast/hemat_data/references/hg38_broad/Homo_sapiens_assembly38.masked.fasta
@SQ	SN:chrUn_JTFH01000660v1_decoy	LN:1303	M5:48fbe06e5f32a0378e9bb9f94280b087	UR:file:///goast/hemat_data/references/hg38_broad/Homo_sapiens_assembly38.masked.fasta
@SQ	SN:chrUn_JTFH01000661v1_decoy	LN:1302	M5:21449d3d68824fc9c13706be068c9b2d	UR:file:///goast/hemat_data/references/hg38_broad/Homo_sapiens_assembly38.masked.fasta
@SQ	SN:chrUn_JTFH01000662v1_decoy	LN:1302	M5:8b61707178e6e8435c171f9af9103412	UR:file:///goast/hemat_data/references/hg38_broad/Homo_sapiens_assembly38.masked.fasta
@SQ	SN:chrUn_JTFH01000663v1_decoy	LN:1301	M5:00401a0950f66bdb8079810e7cd7ea17	UR:file:///goast/hemat_data/references/hg38_broad/Homo_sapiens_assembly38.masked.fasta
@SQ	SN:chrUn_JTFH01000664v1_decoy	LN:1301	M5:da9b6adf8123090f1132c9b33c3aa8e1	UR:file:///goast/hemat_data/references/hg38_broad/Homo_sapiens_assembly38.masked.fasta
@SQ	SN:chrUn_JTFH01000665v1_decoy	LN:1300	M5:a6e3addcf5e77b6d35b918c3d4b07184	UR:file:///goast/hemat_data/references/hg38_broad/Homo_sapiens_assembly38.masked.fasta
@SQ	SN:chrUn_JTFH01000666v1_decoy	LN:1299	M5:74108c185dba89f41809a3192d33baec	UR:file:///goast/hemat_data/references/hg38_broad/Homo_sapiens_assembly38.masked.fasta
@SQ	SN:chrUn_JTFH01000667v1_decoy	LN:1297	M5:4aa3c2f67ac1c8f495575e8560808f7d	UR:file:///goast/hemat_data/references/hg38_broad/Homo_sapiens_assembly38.masked.fasta
@SQ	SN:chrUn_JTFH01000668v1_decoy	LN:1295	M5:c0e3f662ea9b92faded08da52ec79ba1	UR:file:///goast/hemat_data/references/hg38_broad/Homo_sapiens_assembly38.masked.fasta
@SQ	SN:chrUn_JTFH01000669v1_decoy	LN:1294	M5:acb9567104820929d7f17199b614c243	UR:file:///goast/hemat_data/references/hg38_broad/Homo_sapiens_assembly38.masked.fasta
@SQ	SN:chrUn_JTFH01000670v1_decoy	LN:1293	M5:d58180a24710ca20cd90857426fba9cf	UR:file:///goast/hemat_data/references/hg38_broad/Homo_sapiens_assembly38.masked.fasta
@SQ	SN:chrUn_JTFH01000671v1_decoy	LN:1291	M5:0021de79f69c7e6f7be872209251d8a2	UR:file:///goast/hemat_data/references/hg38_broad/Homo_sapiens_assembly38.masked.fasta
@SQ	SN:chrUn_JTFH01000672v1_decoy	LN:1291	M5:ec57c06e1967b151af9716613687bf06	UR:file:///goast/hemat_data/references/hg38_broad/Homo_sapiens_assembly38.masked.fasta
@SQ	SN:chrUn_JTFH01000673v1_decoy	LN:1289	M5:9e48e5eb17a1e58951e1b652dd9f44d0	UR:file:///goast/hemat_data/references/hg38_broad/Homo_sapiens_assembly38.masked.fasta
@SQ	SN:chrUn_JTFH01000674v1_decoy	LN:1288	M5:93d19765c9dd00919c6cfa7d93347c46	UR:file:///goast/hemat_data/references/hg38_broad/Homo_sapiens_assembly38.masked.fasta
@SQ	SN:chrUn_JTFH01000675v1_decoy	LN:1288	M5:71235a1d58334d223edcaa90fefacfdd	UR:file:///goast/hemat_data/references/hg38_broad/Homo_sapiens_assembly38.masked.fasta
@SQ	SN:chrUn_JTFH01000676v1_decoy	LN:1287	M5:a76f2f42317a6ab2cb892a72174adb45	UR:file:///goast/hemat_data/references/hg38_broad/Homo_sapiens_assembly38.masked.fasta
@SQ	SN:chrUn_JTFH01000677v1_decoy	LN:1287	M5:f334340b46a994fa73de757843dce680	UR:file:///goast/hemat_data/references/hg38_broad/Homo_sapiens_assembly38.masked.fasta
@SQ	SN:chrUn_JTFH01000678v1_decoy	LN:1287	M5:e2d24061f1801ed1293ec0b863363b3e	UR:file:///goast/hemat_data/references/hg38_broad/Homo_sapiens_assembly38.masked.fasta
@SQ	SN:chrUn_JTFH01000679v1_decoy	LN:1286	M5:23647de37c2ff39cd67aaef8a5580814	UR:file:///goast/hemat_data/references/hg38_broad/Homo_sapiens_assembly38.masked.fasta
@SQ	SN:chrUn_JTFH01000680v1_decoy	LN:1283	M5:1dbcdc4ac713f81604583fa6b6106bb4	UR:file:///goast/hemat_data/references/hg38_broad/Homo_sapiens_assembly38.masked.fasta
@SQ	SN:chrUn_JTFH01000681v1_decoy	LN:1281	M5:bb3d85c707984bea66a348264a710aa3	UR:file:///goast/hemat_data/references/hg38_broad/Homo_sapiens_assembly38.masked.fasta
@SQ	SN:chrUn_JTFH01000682v1_decoy	LN:1277	M5:5c2e53fdc0f5cd26c68ab66f14416b3b	UR:file:///goast/hemat_data/references/hg38_broad/Homo_sapiens_assembly38.masked.fasta
@SQ	SN:chrUn_JTFH01000683v1_decoy	LN:1274	M5:f1d20984b2bcf2b2b0e005c54fff514a	UR:file:///goast/hemat_data/references/hg38_broad/Homo_sapiens_assembly38.masked.fasta
@SQ	SN:chrUn_JTFH01000684v1_decoy	LN:1270	M5:0e776546d49756c788dae25d1787fb00	UR:file:///goast/hemat_data/references/hg38_broad/Homo_sapiens_assembly38.masked.fasta
@SQ	SN:chrUn_JTFH01000685v1_decoy	LN:1267	M5:e52038740e15a18dd9b464342630faed	UR:file:///goast/hemat_data/references/hg38_broad/Homo_sapiens_assembly38.masked.fasta
@SQ	SN:chrUn_JTFH01000686v1_decoy	LN:1266	M5:9b437657983b2138524382ca0130b93b	UR:file:///goast/hemat_data/references/hg38_broad/Homo_sapiens_assembly38.masked.fasta
@SQ	SN:chrUn_JTFH01000687v1_decoy	LN:1260	M5:0a5f065c6de74f1ae3424582269c48da	UR:file:///goast/hemat_data/references/hg38_broad/Homo_sapiens_assembly38.masked.fasta
@SQ	SN:chrUn_JTFH01000688v1_decoy	LN:1259	M5:78788ef8ba3807f9a105d4a9a55a3c65	UR:file:///goast/hemat_data/references/hg38_broad/Homo_sapiens_assembly38.masked.fasta
@SQ	SN:chrUn_JTFH01000689v1_decoy	LN:1258	M5:4860c125f57848f7afe40d583f7477ad	UR:file:///goast/hemat_data/references/hg38_broad/Homo_sapiens_assembly38.masked.fasta
@SQ	SN:chrUn_JTFH01000690v1_decoy	LN:1258	M5:2713e855b2f8f1734239f0523b6200ce	UR:file:///goast/hemat_data/references/hg38_broad/Homo_sapiens_assembly38.masked.fasta
@SQ	SN:chrUn_JTFH01000691v1_decoy	LN:1258	M5:619c058b99f936b291f949550793c9f1	UR:file:///goast/hemat_data/references/hg38_broad/Homo_sapiens_assembly38.masked.fasta
@SQ	SN:chrUn_JTFH01000692v1_decoy	LN:1256	M5:c21ff94783721fb59f3db81a80c1e0d0	UR:file:///goast/hemat_data/references/hg38_broad/Homo_sapiens_assembly38.masked.fasta
@SQ	SN:chrUn_JTFH01000693v1_decoy	LN:1255	M5:8c83cfffa25879e35ab28858fa33d70a	UR:file:///goast/hemat_data/references/hg38_broad/Homo_sapiens_assembly38.masked.fasta
@SQ	SN:chrUn_JTFH01000694v1_decoy	LN:1254	M5:b0caa977dfdfb73b5e1a58b423ff4a8b	UR:file:///goast/hemat_data/references/hg38_broad/Homo_sapiens_assembly38.masked.fasta
@SQ	SN:chrUn_JTFH01000695v1_decoy	LN:1254	M5:e2dd86e353ba1cebb9ee6ed4e35b54f6	UR:file:///goast/hemat_data/references/hg38_broad/Homo_sapiens_assembly38.masked.fasta
@SQ	SN:chrUn_JTFH01000696v1_decoy	LN:1253	M5:5036e5442498d2a7fdb0f573f258cd60	UR:file:///goast/hemat_data/references/hg38_broad/Homo_sapiens_assembly38.masked.fasta
@SQ	SN:chrUn_JTFH01000697v1_decoy	LN:1250	M5:a082ce0af37351135354a3448f4e1e21	UR:file:///goast/hemat_data/references/hg38_broad/Homo_sapiens_assembly38.masked.fasta
@SQ	SN:chrUn_JTFH01000698v1_decoy	LN:1249	M5:d47b3d78169ea825e882ac16b3117146	UR:file:///goast/hemat_data/references/hg38_broad/Homo_sapiens_assembly38.masked.fasta
@SQ	SN:chrUn_JTFH01000699v1_decoy	LN:1248	M5:208d107183937e7c221f38693342e39d	UR:file:///goast/hemat_data/references/hg38_broad/Homo_sapiens_assembly38.masked.fasta
@SQ	SN:chrUn_JTFH01000700v1_decoy	LN:1248	M5:0f92b053b9f7b2d596ce45e73486fe32	UR:file:///goast/hemat_data/references/hg38_broad/Homo_sapiens_assembly38.masked.fasta
@SQ	SN:chrUn_JTFH01000701v1_decoy	LN:1247	M5:38be4b2a0f1e5aa9c09b662eee046034	UR:file:///goast/hemat_data/references/hg38_broad/Homo_sapiens_assembly38.masked.fasta
@SQ	SN:chrUn_JTFH01000702v1_decoy	LN:1242	M5:05cde0965d9330b1048d4d3c3d3d700c	UR:file:///goast/hemat_data/references/hg38_broad/Homo_sapiens_assembly38.masked.fasta
@SQ	SN:chrUn_JTFH01000703v1_decoy	LN:1242	M5:0861806c0301513ad259fe070d39e0dc	UR:file:///goast/hemat_data/references/hg38_broad/Homo_sapiens_assembly38.masked.fasta
@SQ	SN:chrUn_JTFH01000704v1_decoy	LN:1241	M5:364bee56428db3836e130cf7a18b713d	UR:file:///goast/hemat_data/references/hg38_broad/Homo_sapiens_assembly38.masked.fasta
@SQ	SN:chrUn_JTFH01000705v1_decoy	LN:1241	M5:854cf124e49f41012ddbad98fa6676d8	UR:file:///goast/hemat_data/references/hg38_broad/Homo_sapiens_assembly38.masked.fasta
@SQ	SN:chrUn_JTFH01000706v1_decoy	LN:1241	M5:1f8ca7e72524d4e37948801d7b5a8afe	UR:file:///goast/hemat_data/references/hg38_broad/Homo_sapiens_assembly38.masked.fasta
@SQ	SN:chrUn_JTFH01000707v1_decoy	LN:1239	M5:f24cb34121b984ca68855edd34574629	UR:file:///goast/hemat_data/references/hg38_broad/Homo_sapiens_assembly38.masked.fasta
@SQ	SN:chrUn_JTFH01000708v1_decoy	LN:1238	M5:d209df786f3b1d1ad941874631548588	UR:file:///goast/hemat_data/references/hg38_broad/Homo_sapiens_assembly38.masked.fasta
@SQ	SN:chrUn_JTFH01000709v1_decoy	LN:1237	M5:b4a98205bda995826a33cefc257ca695	UR:file:///goast/hemat_data/references/hg38_broad/Homo_sapiens_assembly38.masked.fasta
@SQ	SN:chrUn_JTFH01000710v1_decoy	LN:1236	M5:e889a8feacb30e59ab4f4b36b7d9c1e2	UR:file:///goast/hemat_data/references/hg38_broad/Homo_sapiens_assembly38.masked.fasta
@SQ	SN:chrUn_JTFH01000711v1_decoy	LN:1235	M5:1d00a257b98ad31640bb5ba492b84179	UR:file:///goast/hemat_data/references/hg38_broad/Homo_sapiens_assembly38.masked.fasta
@SQ	SN:chrUn_JTFH01000712v1_decoy	LN:1234	M5:33721b9972767397365deed771dbf073	UR:file:///goast/hemat_data/references/hg38_broad/Homo_sapiens_assembly38.masked.fasta
@SQ	SN:chrUn_JTFH01000713v1_decoy	LN:1234	M5:036d24e0ed6b0b50f1cfbd3f587c4cc2	UR:file:///goast/hemat_data/references/hg38_broad/Homo_sapiens_assembly38.masked.fasta
@SQ	SN:chrUn_JTFH01000714v1_decoy	LN:1234	M5:a7ddd63607d708a84ae2b88906989e89	UR:file:///goast/hemat_data/references/hg38_broad/Homo_sapiens_assembly38.masked.fasta
@SQ	SN:chrUn_JTFH01000715v1_decoy	LN:1233	M5:9eac1d4d910f6c899ce66d778f2f1151	UR:file:///goast/hemat_data/references/hg38_broad/Homo_sapiens_assembly38.masked.fasta
@SQ	SN:chrUn_JTFH01000716v1_decoy	LN:1232	M5:0b8643f1a24c79b3ecdd1a67db0cc86a	UR:file:///goast/hemat_data/references/hg38_broad/Homo_sapiens_assembly38.masked.fasta
@SQ	SN:chrUn_JTFH01000717v1_decoy	LN:1232	M5:c5a5a989ac7252d8392936662ea77847	UR:file:///goast/hemat_data/references/hg38_broad/Homo_sapiens_assembly38.masked.fasta
@SQ	SN:chrUn_JTFH01000718v1_decoy	LN:1231	M5:ac3030bfebae64338eb50915e6c8bd90	UR:file:///goast/hemat_data/references/hg38_broad/Homo_sapiens_assembly38.masked.fasta
@SQ	SN:chrUn_JTFH01000719v1_decoy	LN:1230	M5:57901862b298a5add08f5cca114254dd	UR:file:///goast/hemat_data/references/hg38_broad/Homo_sapiens_assembly38.masked.fasta
@SQ	SN:chrUn_JTFH01000720v1_decoy	LN:1228	M5:425fcf156dc340ca958e76e678b5b1e3	UR:file:///goast/hemat_data/references/hg38_broad/Homo_sapiens_assembly38.masked.fasta
@SQ	SN:chrUn_JTFH01000721v1_decoy	LN:1227	M5:8202dba5ecf55e01c2eaa23654a65b28	UR:file:///goast/hemat_data/references/hg38_broad/Homo_sapiens_assembly38.masked.fasta
@SQ	SN:chrUn_JTFH01000722v1_decoy	LN:1227	M5:84410313c42ed3e74a0db6afd68aea27	UR:file:///goast/hemat_data/references/hg38_broad/Homo_sapiens_assembly38.masked.fasta
@SQ	SN:chrUn_JTFH01000723v1_decoy	LN:1226	M5:abbfddc0795df55c6e15788256752132	UR:file:///goast/hemat_data/references/hg38_broad/Homo_sapiens_assembly38.masked.fasta
@SQ	SN:chrUn_JTFH01000724v1_decoy	LN:1224	M5:a62c3a744a6da312ddb499103c0e5dd1	UR:file:///goast/hemat_data/references/hg38_broad/Homo_sapiens_assembly38.masked.fasta
@SQ	SN:chrUn_JTFH01000725v1_decoy	LN:1224	M5:8de8180c87074519ebeedefce23a5bd0	UR:file:///goast/hemat_data/references/hg38_broad/Homo_sapiens_assembly38.masked.fasta
@SQ	SN:chrUn_JTFH01000726v1_decoy	LN:1220	M5:f04fd8bfac48f74f1ba90d5f1730840b	UR:file:///goast/hemat_data/references/hg38_broad/Homo_sapiens_assembly38.masked.fasta
@SQ	SN:chrUn_JTFH01000727v1_decoy	LN:1220	M5:f0dfe089c3f7b049c98dc63e934ff352	UR:file:///goast/hemat_data/references/hg38_broad/Homo_sapiens_assembly38.masked.fasta
@SQ	SN:chrUn_JTFH01000728v1_decoy	LN:1219	M5:e7c7be67e8022eceeb1748e1bc896244	UR:file:///goast/hemat_data/references/hg38_broad/Homo_sapiens_assembly38.masked.fasta
@SQ	SN:chrUn_JTFH01000729v1_decoy	LN:1217	M5:d54b84b201adc65a8f6c321c0a9b82b6	UR:file:///goast/hemat_data/references/hg38_broad/Homo_sapiens_assembly38.masked.fasta
@SQ	SN:chrUn_JTFH01000730v1_decoy	LN:1216	M5:2a49da07788e874c277958962ecb0df3	UR:file:///goast/hemat_data/references/hg38_broad/Homo_sapiens_assembly38.masked.fasta
@SQ	SN:chrUn_JTFH01000731v1_decoy	LN:1215	M5:c382bd37421a81163d88288a6f7cde1d	UR:file:///goast/hemat_data/references/hg38_broad/Homo_sapiens_assembly38.masked.fasta
@SQ	SN:chrUn_JTFH01000732v1_decoy	LN:1214	M5:2987b50923434c160ee2c370f1a0665f	UR:file:///goast/hemat_data/references/hg38_broad/Homo_sapiens_assembly38.masked.fasta
@SQ	SN:chrUn_JTFH01000733v1_decoy	LN:1214	M5:2cef32c11c190dec442c6760ce3b95d1	UR:file:///goast/hemat_data/references/hg38_broad/Homo_sapiens_assembly38.masked.fasta
@SQ	SN:chrUn_JTFH01000734v1_decoy	LN:1214	M5:3320cf99748892c60e02c948326286eb	UR:file:///goast/hemat_data/references/hg38_broad/Homo_sapiens_assembly38.masked.fasta
@SQ	SN:chrUn_JTFH01000735v1_decoy	LN:1213	M5:ed1d21ad71609ae43a9b6bcebb49639f	UR:file:///goast/hemat_data/references/hg38_broad/Homo_sapiens_assembly38.masked.fasta
@SQ	SN:chrUn_JTFH01000736v1_decoy	LN:1212	M5:b586f3157d6a08d059ff88c2a8b09110	UR:file:///goast/hemat_data/references/hg38_broad/Homo_sapiens_assembly38.masked.fasta
@SQ	SN:chrUn_JTFH01000737v1_decoy	LN:1209	M5:7ba7bce4d6531a5524c73a86b5bedbb3	UR:file:///goast/hemat_data/references/hg38_broad/Homo_sapiens_assembly38.masked.fasta
@SQ	SN:chrUn_JTFH01000738v1_decoy	LN:1208	M5:04bd45b790033b8311ed85dea3015e01	UR:file:///goast/hemat_data/references/hg38_broad/Homo_sapiens_assembly38.masked.fasta
@SQ	SN:chrUn_JTFH01000739v1_decoy	LN:1207	M5:347ce8f1f6a746892189ab8494e8aaa8	UR:file:///goast/hemat_data/references/hg38_broad/Homo_sapiens_assembly38.masked.fasta
@SQ	SN:chrUn_JTFH01000740v1_decoy	LN:1207	M5:707de4a5497ea34c4e4f0bc0c85de3fb	UR:file:///goast/hemat_data/references/hg38_broad/Homo_sapiens_assembly38.masked.fasta
@SQ	SN:chrUn_JTFH01000741v1_decoy	LN:1207	M5:be1fcf2149a75c654ccdcd7bdf0f6fbe	UR:file:///goast/hemat_data/references/hg38_broad/Homo_sapiens_assembly38.masked.fasta
@SQ	SN:chrUn_JTFH01000742v1_decoy	LN:1206	M5:4e1effd0109053a328e58366f9f97082	UR:file:///goast/hemat_data/references/hg38_broad/Homo_sapiens_assembly38.masked.fasta
@SQ	SN:chrUn_JTFH01000743v1_decoy	LN:1206	M5:9f9dfe453260eb10828d18745f7f5dcc	UR:file:///goast/hemat_data/references/hg38_broad/Homo_sapiens_assembly38.masked.fasta
@SQ	SN:chrUn_JTFH01000744v1_decoy	LN:1205	M5:855e900b59e0654686ce1a3d9955d650	UR:file:///goast/hemat_data/references/hg38_broad/Homo_sapiens_assembly38.masked.fasta
@SQ	SN:chrUn_JTFH01000745v1_decoy	LN:1205	M5:137e80b53681aa0957f4489dc3bebca5	UR:file:///goast/hemat_data/references/hg38_broad/Homo_sapiens_assembly38.masked.fasta
@SQ	SN:chrUn_JTFH01000746v1_decoy	LN:1204	M5:d5ccfc0afa0a8ffeb39566a3edbd5831	UR:file:///goast/hemat_data/references/hg38_broad/Homo_sapiens_assembly38.masked.fasta
@SQ	SN:chrUn_JTFH01000747v1_decoy	LN:1204	M5:2d8e3051fce1f6364064a61a1015f902	UR:file:///goast/hemat_data/references/hg38_broad/Homo_sapiens_assembly38.masked.fasta
@SQ	SN:chrUn_JTFH01000748v1_decoy	LN:1204	M5:4ae1aece0937c17d93e0b54aab43444f	UR:file:///goast/hemat_data/references/hg38_broad/Homo_sapiens_assembly38.masked.fasta
@SQ	SN:chrUn_JTFH01000749v1_decoy	LN:1203	M5:108a33f55fef0274c3265bbadc509de9	UR:file:///goast/hemat_data/references/hg38_broad/Homo_sapiens_assembly38.masked.fasta
@SQ	SN:chrUn_JTFH01000750v1_decoy	LN:1201	M5:6ca12ea72ce31843c3a72b1519b0f252	UR:file:///goast/hemat_data/references/hg38_broad/Homo_sapiens_assembly38.masked.fasta
@SQ	SN:chrUn_JTFH01000751v1_decoy	LN:1201	M5:85e6c0c98d00cefe52487084168379f2	UR:file:///goast/hemat_data/references/hg38_broad/Homo_sapiens_assembly38.masked.fasta
@SQ	SN:chrUn_JTFH01000752v1_decoy	LN:1200	M5:6db13990bde5be0862c8524915fea770	UR:file:///goast/hemat_data/references/hg38_broad/Homo_sapiens_assembly38.masked.fasta
@SQ	SN:chrUn_JTFH01000753v1_decoy	LN:1200	M5:e2708863bd36e41c2e8ea5a6b3ec5110	UR:file:///goast/hemat_data/references/hg38_broad/Homo_sapiens_assembly38.masked.fasta
@SQ	SN:chrUn_JTFH01000754v1_decoy	LN:1199	M5:beae786e8598f79032fc8c16208aeb00	UR:file:///goast/hemat_data/references/hg38_broad/Homo_sapiens_assembly38.masked.fasta
@SQ	SN:chrUn_JTFH01000755v1_decoy	LN:1198	M5:0a56caad49417b3587e394dcf70fb6f9	UR:file:///goast/hemat_data/references/hg38_broad/Homo_sapiens_assembly38.masked.fasta
@SQ	SN:chrUn_JTFH01000756v1_decoy	LN:1197	M5:7f43dc6c55686b78a0ca14bb83eaf8c4	UR:file:///goast/hemat_data/references/hg38_broad/Homo_sapiens_assembly38.masked.fasta
@SQ	SN:chrUn_JTFH01000757v1_decoy	LN:1196	M5:ed9e0446d6bb51755db408158805d507	UR:file:///goast/hemat_data/references/hg38_broad/Homo_sapiens_assembly38.masked.fasta
@SQ	SN:chrUn_JTFH01000758v1_decoy	LN:1195	M5:cbb14c85e5696a49ce697e346634e422	UR:file:///goast/hemat_data/references/hg38_broad/Homo_sapiens_assembly38.masked.fasta
@SQ	SN:chrUn_JTFH01000759v1_decoy	LN:1194	M5:af5aad17aff7705f0fd96e58a32a59d0	UR:file:///goast/hemat_data/references/hg38_broad/Homo_sapiens_assembly38.masked.fasta
@SQ	SN:chrUn_JTFH01000760v1_decoy	LN:1194	M5:b1a7eab6e2cc0e62933274443fed0a24	UR:file:///goast/hemat_data/references/hg38_broad/Homo_sapiens_assembly38.masked.fasta
@SQ	SN:chrUn_JTFH01000761v1_decoy	LN:1191	M5:23fae8306c0b4a5bf7d0941294736058	UR:file:///goast/hemat_data/references/hg38_broad/Homo_sapiens_assembly38.masked.fasta
@SQ	SN:chrUn_JTFH01000762v1_decoy	LN:1189	M5:5b7ba9e9888da831b0aa4565b412bcc6	UR:file:///goast/hemat_data/references/hg38_broad/Homo_sapiens_assembly38.masked.fasta
@SQ	SN:chrUn_JTFH01000763v1_decoy	LN:1186	M5:b39edd9fdfea3b1d9644fa805f33a2b8	UR:file:///goast/hemat_data/references/hg38_broad/Homo_sapiens_assembly38.masked.fasta
@SQ	SN:chrUn_JTFH01000764v1_decoy	LN:1186	M5:ad284b4b4daf92a4456309e77375468a	UR:file:///goast/hemat_data/references/hg38_broad/Homo_sapiens_assembly38.masked.fasta
@SQ	SN:chrUn_JTFH01000765v1_decoy	LN:1184	M5:98516b9021a46bcc79d7386ac6dc34c3	UR:file:///goast/hemat_data/references/hg38_broad/Homo_sapiens_assembly38.masked.fasta
@SQ	SN:chrUn_JTFH01000766v1_decoy	LN:1183	M5:64d3e55e37f2e86e15c96ef1d879bba1	UR:file:///goast/hemat_data/references/hg38_broad/Homo_sapiens_assembly38.masked.fasta
@SQ	SN:chrUn_JTFH01000767v1_decoy	LN:1183	M5:bb4656c8fbc2436252c45a1da9ec9583	UR:file:///goast/hemat_data/references/hg38_broad/Homo_sapiens_assembly38.masked.fasta
@SQ	SN:chrUn_JTFH01000768v1_decoy	LN:1182	M5:fef2856f46d2c7724e666eafdd402ebc	UR:file:///goast/hemat_data/references/hg38_broad/Homo_sapiens_assembly38.masked.fasta
@SQ	SN:chrUn_JTFH01000769v1_decoy	LN:1181	M5:987931dd2bf6bac95e341d207f146623	UR:file:///goast/hemat_data/references/hg38_broad/Homo_sapiens_assembly38.masked.fasta
@SQ	SN:chrUn_JTFH01000770v1_decoy	LN:1181	M5:eac4c9bfba221a54e6f9e50cbda276fa	UR:file:///goast/hemat_data/references/hg38_broad/Homo_sapiens_assembly38.masked.fasta
@SQ	SN:chrUn_JTFH01000771v1_decoy	LN:1181	M5:cf5eee43e4ec7820ecca7ad7864f52ac	UR:file:///goast/hemat_data/references/hg38_broad/Homo_sapiens_assembly38.masked.fasta
@SQ	SN:chrUn_JTFH01000772v1_decoy	LN:1181	M5:0b58fd78215049a25bf9904c8d82de05	UR:file:///goast/hemat_data/references/hg38_broad/Homo_sapiens_assembly38.masked.fasta
@SQ	SN:chrUn_JTFH01000773v1_decoy	LN:1179	M5:bbff47313bf9094c388338d41292f0da	UR:file:///goast/hemat_data/references/hg38_broad/Homo_sapiens_assembly38.masked.fasta
@SQ	SN:chrUn_JTFH01000774v1_decoy	LN:1178	M5:0e47d0853364f93c33da6738f79bd494	UR:file:///goast/hemat_data/references/hg38_broad/Homo_sapiens_assembly38.masked.fasta
@SQ	SN:chrUn_JTFH01000775v1_decoy	LN:1178	M5:f12f849bba7e72b4f1f60d7aad6a21a4	UR:file:///goast/hemat_data/references/hg38_broad/Homo_sapiens_assembly38.masked.fasta
@SQ	SN:chrUn_JTFH01000776v1_decoy	LN:1177	M5:1b10327e63ec134bcc76d1d55f9e78d8	UR:file:///goast/hemat_data/references/hg38_broad/Homo_sapiens_assembly38.masked.fasta
@SQ	SN:chrUn_JTFH01000777v1_decoy	LN:1177	M5:c87caf65afb409c1775c034ed6b2c791	UR:file:///goast/hemat_data/references/hg38_broad/Homo_sapiens_assembly38.masked.fasta
@SQ	SN:chrUn_JTFH01000778v1_decoy	LN:1171	M5:d25c5de51ec9619b03cce2f95298e8a1	UR:file:///goast/hemat_data/references/hg38_broad/Homo_sapiens_assembly38.masked.fasta
@SQ	SN:chrUn_JTFH01000779v1_decoy	LN:1171	M5:3e4f5e7a0753a3239b3bc0d49eeaf461	UR:file:///goast/hemat_data/references/hg38_broad/Homo_sapiens_assembly38.masked.fasta
@SQ	SN:chrUn_JTFH01000780v1_decoy	LN:1171	M5:b988438edbb2bbad2f8c1dd32c116f59	UR:file:///goast/hemat_data/references/hg38_broad/Homo_sapiens_assembly38.masked.fasta
@SQ	SN:chrUn_JTFH01000781v1_decoy	LN:1170	M5:41b5e67b7143e5bf81dbb61b81a230a8	UR:file:///goast/hemat_data/references/hg38_broad/Homo_sapiens_assembly38.masked.fasta
@SQ	SN:chrUn_JTFH01000782v1_decoy	LN:1170	M5:ac3de3666d0730b5fb7f44a84f9c4d1d	UR:file:///goast/hemat_data/references/hg38_broad/Homo_sapiens_assembly38.masked.fasta
@SQ	SN:chrUn_JTFH01000783v1_decoy	LN:1167	M5:7187d1e3ed138db9f1610a9c4dbefeb7	UR:file:///goast/hemat_data/references/hg38_broad/Homo_sapiens_assembly38.masked.fasta
@SQ	SN:chrUn_JTFH01000784v1_decoy	LN:1167	M5:a1f7192900c80cfabbb39df8dc8d3c48	UR:file:///goast/hemat_data/references/hg38_broad/Homo_sapiens_assembly38.masked.fasta
@SQ	SN:chrUn_JTFH01000785v1_decoy	LN:1167	M5:80ff0c82d9a5bc156c3c0bf340bd68ce	UR:file:///goast/hemat_data/references/hg38_broad/Homo_sapiens_assembly38.masked.fasta
@SQ	SN:chrUn_JTFH01000786v1_decoy	LN:1165	M5:688f5bf8eb90c874eda7108fcf283889	UR:file:///goast/hemat_data/references/hg38_broad/Homo_sapiens_assembly38.masked.fasta
@SQ	SN:chrUn_JTFH01000787v1_decoy	LN:1165	M5:f768117d9e7c2526c123ea228e2cafe9	UR:file:///goast/hemat_data/references/hg38_broad/Homo_sapiens_assembly38.masked.fasta
@SQ	SN:chrUn_JTFH01000788v1_decoy	LN:1162	M5:039765c983a107557b8c3ec0a025e44c	UR:file:///goast/hemat_data/references/hg38_broad/Homo_sapiens_assembly38.masked.fasta
@SQ	SN:chrUn_JTFH01000789v1_decoy	LN:1157	M5:220dbbeab5a5d61415cdfde9f50b5766	UR:file:///goast/hemat_data/references/hg38_broad/Homo_sapiens_assembly38.masked.fasta
@SQ	SN:chrUn_JTFH01000790v1_decoy	LN:1156	M5:23d66ea0a7a7d160c9413d93f5ad0162	UR:file:///goast/hemat_data/references/hg38_broad/Homo_sapiens_assembly38.masked.fasta
@SQ	SN:chrUn_JTFH01000791v1_decoy	LN:1156	M5:5cb979a509d0b6052c6e0a55be36cc00	UR:file:///goast/hemat_data/references/hg38_broad/Homo_sapiens_assembly38.masked.fasta
@SQ	SN:chrUn_JTFH01000792v1_decoy	LN:1154	M5:b0ee554cec6a7fca1a6556932643d8a5	UR:file:///goast/hemat_data/references/hg38_broad/Homo_sapiens_assembly38.masked.fasta
@SQ	SN:chrUn_JTFH01000793v1_decoy	LN:1154	M5:0370a3a0105a0683cbd802403418f170	UR:file:///goast/hemat_data/references/hg38_broad/Homo_sapiens_assembly38.masked.fasta
@SQ	SN:chrUn_JTFH01000794v1_decoy	LN:1151	M5:8e0e1ffe5b02de8878bd4d564bb6323c	UR:file:///goast/hemat_data/references/hg38_broad/Homo_sapiens_assembly38.masked.fasta
@SQ	SN:chrUn_JTFH01000795v1_decoy	LN:1151	M5:7bd0473f38ad03caa52a001a9fbb7354	UR:file:///goast/hemat_data/references/hg38_broad/Homo_sapiens_assembly38.masked.fasta
@SQ	SN:chrUn_JTFH01000796v1_decoy	LN:1150	M5:5a37e3660ee2c75c170b2b5b40e9fb6b	UR:file:///goast/hemat_data/references/hg38_broad/Homo_sapiens_assembly38.masked.fasta
@SQ	SN:chrUn_JTFH01000797v1_decoy	LN:1150	M5:490b01f6455790bd5df9ffc337520f37	UR:file:///goast/hemat_data/references/hg38_broad/Homo_sapiens_assembly38.masked.fasta
@SQ	SN:chrUn_JTFH01000798v1_decoy	LN:1147	M5:20582882471f3bed3cd0120b82323ac3	UR:file:///goast/hemat_data/references/hg38_broad/Homo_sapiens_assembly38.masked.fasta
@SQ	SN:chrUn_JTFH01000799v1_decoy	LN:1147	M5:0e5917e383190727d973a070137a2fbc	UR:file:///goast/hemat_data/references/hg38_broad/Homo_sapiens_assembly38.masked.fasta
@SQ	SN:chrUn_JTFH01000800v1_decoy	LN:1146	M5:4bd3ad205dd76c8fb5e52879cad2ae96	UR:file:///goast/hemat_data/references/hg38_broad/Homo_sapiens_assembly38.masked.fasta
@SQ	SN:chrUn_JTFH01000801v1_decoy	LN:1144	M5:b97e8d5a835434eb2a718b9e61b8108e	UR:file:///goast/hemat_data/references/hg38_broad/Homo_sapiens_assembly38.masked.fasta
@SQ	SN:chrUn_JTFH01000802v1_decoy	LN:1144	M5:2df1004e75f2e124d3578d82432b9495	UR:file:///goast/hemat_data/references/hg38_broad/Homo_sapiens_assembly38.masked.fasta
@SQ	SN:chrUn_JTFH01000803v1_decoy	LN:1143	M5:f38f2b568b969edfffe4cb768ffbf1f8	UR:file:///goast/hemat_data/references/hg38_broad/Homo_sapiens_assembly38.masked.fasta
@SQ	SN:chrUn_JTFH01000804v1_decoy	LN:1142	M5:9aab8eca5e4d310eded1b7375ddc7cf6	UR:file:///goast/hemat_data/references/hg38_broad/Homo_sapiens_assembly38.masked.fasta
@SQ	SN:chrUn_JTFH01000805v1_decoy	LN:1141	M5:9d60d12e15605e5bdc4e95d5507c5fbe	UR:file:///goast/hemat_data/references/hg38_broad/Homo_sapiens_assembly38.masked.fasta
@SQ	SN:chrUn_JTFH01000806v1_decoy	LN:1141	M5:ed137b8aa6491c9545e9486d7412e617	UR:file:///goast/hemat_data/references/hg38_broad/Homo_sapiens_assembly38.masked.fasta
@SQ	SN:chrUn_JTFH01000807v1_decoy	LN:1140	M5:153c981d613562052e1fb0b115c4534f	UR:file:///goast/hemat_data/references/hg38_broad/Homo_sapiens_assembly38.masked.fasta
@SQ	SN:chrUn_JTFH01000808v1_decoy	LN:1138	M5:0338a9928d761051eb989aba5a478df1	UR:file:///goast/hemat_data/references/hg38_broad/Homo_sapiens_assembly38.masked.fasta
@SQ	SN:chrUn_JTFH01000809v1_decoy	LN:1134	M5:58756cfdfe491443b22624377976b379	UR:file:///goast/hemat_data/references/hg38_broad/Homo_sapiens_assembly38.masked.fasta
@SQ	SN:chrUn_JTFH01000810v1_decoy	LN:1134	M5:684bc9fdb4e26e632a8183d8802beedf	UR:file:///goast/hemat_data/references/hg38_broad/Homo_sapiens_assembly38.masked.fasta
@SQ	SN:chrUn_JTFH01000811v1_decoy	LN:1132	M5:cbe47496e2df2406ca4e66332ba1ec10	UR:file:///goast/hemat_data/references/hg38_broad/Homo_sapiens_assembly38.masked.fasta
@SQ	SN:chrUn_JTFH01000812v1_decoy	LN:1131	M5:4408dcacff9d3e25b64da0a9935a7bc3	UR:file:///goast/hemat_data/references/hg38_broad/Homo_sapiens_assembly38.masked.fasta
@SQ	SN:chrUn_JTFH01000813v1_decoy	LN:1131	M5:58cc2832c5530babe80d72360b82afcb	UR:file:///goast/hemat_data/references/hg38_broad/Homo_sapiens_assembly38.masked.fasta
@SQ	SN:chrUn_JTFH01000814v1_decoy	LN:1130	M5:c537aaab4d2fffc792fff332ba26df17	UR:file:///goast/hemat_data/references/hg38_broad/Homo_sapiens_assembly38.masked.fasta
@SQ	SN:chrUn_JTFH01000815v1_decoy	LN:1127	M5:c10ad449537826ed9790a8e7a91cc9f4	UR:file:///goast/hemat_data/references/hg38_broad/Homo_sapiens_assembly38.masked.fasta
@SQ	SN:chrUn_JTFH01000816v1_decoy	LN:1126	M5:43067a55481ed1a3a07a02ad65eaa2df	UR:file:///goast/hemat_data/references/hg38_broad/Homo_sapiens_assembly38.masked.fasta
@SQ	SN:chrUn_JTFH01000817v1_decoy	LN:1124	M5:68a35e6dd8db1522069b2a5cee954207	UR:file:///goast/hemat_data/references/hg38_broad/Homo_sapiens_assembly38.masked.fasta
@SQ	SN:chrUn_JTFH01000818v1_decoy	LN:1122	M5:488cfcbe81f47dcfda704c5c28ebbe03	UR:file:///goast/hemat_data/references/hg38_broad/Homo_sapiens_assembly38.masked.fasta
@SQ	SN:chrUn_JTFH01000819v1_decoy	LN:1122	M5:de91661f937117bf675c5f21a54ab668	UR:file:///goast/hemat_data/references/hg38_broad/Homo_sapiens_assembly38.masked.fasta
@SQ	SN:chrUn_JTFH01000820v1_decoy	LN:1121	M5:5e6a5620500506981d3ab73624f63d9e	UR:file:///goast/hemat_data/references/hg38_broad/Homo_sapiens_assembly38.masked.fasta
@SQ	SN:chrUn_JTFH01000821v1_decoy	LN:1119	M5:fb748af1360cb775a390f0e931dd02b9	UR:file:///goast/hemat_data/references/hg38_broad/Homo_sapiens_assembly38.masked.fasta
@SQ	SN:chrUn_JTFH01000822v1_decoy	LN:1119	M5:6b4f3cf5f29db2ef1bddb02c5828ce30	UR:file:///goast/hemat_data/references/hg38_broad/Homo_sapiens_assembly38.masked.fasta
@SQ	SN:chrUn_JTFH01000823v1_decoy	LN:1119	M5:90f491e70c191edb78a37852f165ac39	UR:file:///goast/hemat_data/references/hg38_broad/Homo_sapiens_assembly38.masked.fasta
@SQ	SN:chrUn_JTFH01000824v1_decoy	LN:1119	M5:53358ae1c3833697bd5f0eb0f8ac79d5	UR:file:///goast/hemat_data/references/hg38_broad/Homo_sapiens_assembly38.masked.fasta
@SQ	SN:chrUn_JTFH01000825v1_decoy	LN:1118	M5:e36d0f228ae617024efb91c918776dbc	UR:file:///goast/hemat_data/references/hg38_broad/Homo_sapiens_assembly38.masked.fasta
@SQ	SN:chrUn_JTFH01000826v1_decoy	LN:1116	M5:28d254c1b706d0bf3b10df07746930cf	UR:file:///goast/hemat_data/references/hg38_broad/Homo_sapiens_assembly38.masked.fasta
@SQ	SN:chrUn_JTFH01000827v1_decoy	LN:1116	M5:08d17cf8bbbea61863d1111ebec35b21	UR:file:///goast/hemat_data/references/hg38_broad/Homo_sapiens_assembly38.masked.fasta
@SQ	SN:chrUn_JTFH01000828v1_decoy	LN:1115	M5:6ab6da5d7d22274a6ed522846b55ebc0	UR:file:///goast/hemat_data/references/hg38_broad/Homo_sapiens_assembly38.masked.fasta
@SQ	SN:chrUn_JTFH01000829v1_decoy	LN:1115	M5:798a4b9e0b964f40d8c23e5cc3336db7	UR:file:///goast/hemat_data/references/hg38_broad/Homo_sapiens_assembly38.masked.fasta
@SQ	SN:chrUn_JTFH01000830v1_decoy	LN:1115	M5:9cbd8613556330a85d27a64185ea84cc	UR:file:///goast/hemat_data/references/hg38_broad/Homo_sapiens_assembly38.masked.fasta
@SQ	SN:chrUn_JTFH01000831v1_decoy	LN:1114	M5:83cc1a5967022f8e841c81fe75d58ffd	UR:file:///goast/hemat_data/references/hg38_broad/Homo_sapiens_assembly38.masked.fasta
@SQ	SN:chrUn_JTFH01000832v1_decoy	LN:1113	M5:01c1108b447f8fc1ac66a83a185cf320	UR:file:///goast/hemat_data/references/hg38_broad/Homo_sapiens_assembly38.masked.fasta
@SQ	SN:chrUn_JTFH01000833v1_decoy	LN:1113	M5:7f89f5d60ad86ff56b75b22948d678c2	UR:file:///goast/hemat_data/references/hg38_broad/Homo_sapiens_assembly38.masked.fasta
@SQ	SN:chrUn_JTFH01000834v1_decoy	LN:1110	M5:5a70b2a58e433469ccb66822189128d1	UR:file:///goast/hemat_data/references/hg38_broad/Homo_sapiens_assembly38.masked.fasta
@SQ	SN:chrUn_JTFH01000835v1_decoy	LN:1110	M5:1e38e29d6d62fd249bf64655d6f81862	UR:file:///goast/hemat_data/references/hg38_broad/Homo_sapiens_assembly38.masked.fasta
@SQ	SN:chrUn_JTFH01000836v1_decoy	LN:1109	M5:96a1d9adc17f059b56e67cfb6937a345	UR:file:///goast/hemat_data/references/hg38_broad/Homo_sapiens_assembly38.masked.fasta
@SQ	SN:chrUn_JTFH01000837v1_decoy	LN:1108	M5:45ea81c798eb106c5436246caa66b2ed	UR:file:///goast/hemat_data/references/hg38_broad/Homo_sapiens_assembly38.masked.fasta
@SQ	SN:chrUn_JTFH01000838v1_decoy	LN:1107	M5:1814f68b7f841bfe03b315aa32382c00	UR:file:///goast/hemat_data/references/hg38_broad/Homo_sapiens_assembly38.masked.fasta
@SQ	SN:chrUn_JTFH01000839v1_decoy	LN:1107	M5:48441754ca4953c7e3a4a0c8d47ee1e2	UR:file:///goast/hemat_data/references/hg38_broad/Homo_sapiens_assembly38.masked.fasta
@SQ	SN:chrUn_JTFH01000840v1_decoy	LN:1107	M5:7f28434a41e01b99a0d611c226b8dae7	UR:file:///goast/hemat_data/references/hg38_broad/Homo_sapiens_assembly38.masked.fasta
@SQ	SN:chrUn_JTFH01000841v1_decoy	LN:1107	M5:d18ae976cb8e092b2164fb5cf8e96c57	UR:file:///goast/hemat_data/references/hg38_broad/Homo_sapiens_assembly38.masked.fasta
@SQ	SN:chrUn_JTFH01000842v1_decoy	LN:1106	M5:7d6bf428559a5a4c3e493b755ebe5524	UR:file:///goast/hemat_data/references/hg38_broad/Homo_sapiens_assembly38.masked.fasta
@SQ	SN:chrUn_JTFH01000843v1_decoy	LN:1103	M5:c32717ad22315f9c16c5ec2cc21c930d	UR:file:///goast/hemat_data/references/hg38_broad/Homo_sapiens_assembly38.masked.fasta
@SQ	SN:chrUn_JTFH01000844v1_decoy	LN:1103	M5:a1754553d128a5a63a67e63de2fd3738	UR:file:///goast/hemat_data/references/hg38_broad/Homo_sapiens_assembly38.masked.fasta
@SQ	SN:chrUn_JTFH01000845v1_decoy	LN:1103	M5:39f91ddc96023a6c28b74bce8ab2612c	UR:file:///goast/hemat_data/references/hg38_broad/Homo_sapiens_assembly38.masked.fasta
@SQ	SN:chrUn_JTFH01000846v1_decoy	LN:1100	M5:82964c295c4313b285a6149d3c1566a3	UR:file:///goast/hemat_data/references/hg38_broad/Homo_sapiens_assembly38.masked.fasta
@SQ	SN:chrUn_JTFH01000847v1_decoy	LN:1099	M5:b6ad0bd8376da6c84aad8cf5fe7bc6d8	UR:file:///goast/hemat_data/references/hg38_broad/Homo_sapiens_assembly38.masked.fasta
@SQ	SN:chrUn_JTFH01000848v1_decoy	LN:1098	M5:e14ec564d8038b588e7bbcc8b2ec0a9a	UR:file:///goast/hemat_data/references/hg38_broad/Homo_sapiens_assembly38.masked.fasta
@SQ	SN:chrUn_JTFH01000849v1_decoy	LN:1097	M5:7307c9a55c6540dd0e2d41858ae31cbd	UR:file:///goast/hemat_data/references/hg38_broad/Homo_sapiens_assembly38.masked.fasta
@SQ	SN:chrUn_JTFH01000850v1_decoy	LN:1096	M5:a2998a406a8123e41e824e2ede54ed2b	UR:file:///goast/hemat_data/references/hg38_broad/Homo_sapiens_assembly38.masked.fasta
@SQ	SN:chrUn_JTFH01000851v1_decoy	LN:1096	M5:e62b4e85fecea83baffc447a08ca6785	UR:file:///goast/hemat_data/references/hg38_broad/Homo_sapiens_assembly38.masked.fasta
@SQ	SN:chrUn_JTFH01000852v1_decoy	LN:1094	M5:6e5c8b4b68744e944eab55ecb8fb5844	UR:file:///goast/hemat_data/references/hg38_broad/Homo_sapiens_assembly38.masked.fasta
@SQ	SN:chrUn_JTFH01000853v1_decoy	LN:1093	M5:24331159404d19f94c9138da50577e51	UR:file:///goast/hemat_data/references/hg38_broad/Homo_sapiens_assembly38.masked.fasta
@SQ	SN:chrUn_JTFH01000854v1_decoy	LN:1090	M5:2929cff1249a75eefb4cfffd96d62464	UR:file:///goast/hemat_data/references/hg38_broad/Homo_sapiens_assembly38.masked.fasta
@SQ	SN:chrUn_JTFH01000855v1_decoy	LN:1088	M5:fbb037cbafc5f686b9ab73e07f0ffcfe	UR:file:///goast/hemat_data/references/hg38_broad/Homo_sapiens_assembly38.masked.fasta
@SQ	SN:chrUn_JTFH01000856v1_decoy	LN:1087	M5:211034f9737003efb857df7e977d5277	UR:file:///goast/hemat_data/references/hg38_broad/Homo_sapiens_assembly38.masked.fasta
@SQ	SN:chrUn_JTFH01000857v1_decoy	LN:1086	M5:368e68935f97965228ac78bb2aae203c	UR:file:///goast/hemat_data/references/hg38_broad/Homo_sapiens_assembly38.masked.fasta
@SQ	SN:chrUn_JTFH01000858v1_decoy	LN:1085	M5:ce2ac36f0b0097282b1bff60c135f74e	UR:file:///goast/hemat_data/references/hg38_broad/Homo_sapiens_assembly38.masked.fasta
@SQ	SN:chrUn_JTFH01000859v1_decoy	LN:1084	M5:3418f70e7ae002b97228bff0e077080b	UR:file:///goast/hemat_data/references/hg38_broad/Homo_sapiens_assembly38.masked.fasta
@SQ	SN:chrUn_JTFH01000860v1_decoy	LN:1084	M5:b8e4715e539923de16e145b5eac6191e	UR:file:///goast/hemat_data/references/hg38_broad/Homo_sapiens_assembly38.masked.fasta
@SQ	SN:chrUn_JTFH01000861v1_decoy	LN:1084	M5:fc5500f691a93bcad35796e610743159	UR:file:///goast/hemat_data/references/hg38_broad/Homo_sapiens_assembly38.masked.fasta
@SQ	SN:chrUn_JTFH01000862v1_decoy	LN:1084	M5:e59c0bee43efc00f925e98deafcb1339	UR:file:///goast/hemat_data/references/hg38_broad/Homo_sapiens_assembly38.masked.fasta
@SQ	SN:chrUn_JTFH01000863v1_decoy	LN:1083	M5:3f45413c28190577d1c4837a73d4a27a	UR:file:///goast/hemat_data/references/hg38_broad/Homo_sapiens_assembly38.masked.fasta
@SQ	SN:chrUn_JTFH01000864v1_decoy	LN:1083	M5:5e5b283ed71b787f5a90e2a85cae8fcc	UR:file:///goast/hemat_data/references/hg38_broad/Homo_sapiens_assembly38.masked.fasta
@SQ	SN:chrUn_JTFH01000865v1_decoy	LN:1082	M5:50f12f0b974f354351bb88c197b21126	UR:file:///goast/hemat_data/references/hg38_broad/Homo_sapiens_assembly38.masked.fasta
@SQ	SN:chrUn_JTFH01000866v1_decoy	LN:1082	M5:d678f152fcc7e46daafe921a0a41337d	UR:file:///goast/hemat_data/references/hg38_broad/Homo_sapiens_assembly38.masked.fasta
@SQ	SN:chrUn_JTFH01000867v1_decoy	LN:1081	M5:b861e354b7da07ac9ff8f421b6caf341	UR:file:///goast/hemat_data/references/hg38_broad/Homo_sapiens_assembly38.masked.fasta
@SQ	SN:chrUn_JTFH01000868v1_decoy	LN:1081	M5:0eb25de463e630b62cb8c32bb42f6ad5	UR:file:///goast/hemat_data/references/hg38_broad/Homo_sapiens_assembly38.masked.fasta
@SQ	SN:chrUn_JTFH01000869v1_decoy	LN:1079	M5:47743f7eabd8f065bf223bf5327dc730	UR:file:///goast/hemat_data/references/hg38_broad/Homo_sapiens_assembly38.masked.fasta
@SQ	SN:chrUn_JTFH01000870v1_decoy	LN:1076	M5:43ee859a8e75e455f0f1bdbfb155b6c9	UR:file:///goast/hemat_data/references/hg38_broad/Homo_sapiens_assembly38.masked.fasta
@SQ	SN:chrUn_JTFH01000871v1_decoy	LN:1074	M5:8de0f0af578c623d46ac53461a51a3cc	UR:file:///goast/hemat_data/references/hg38_broad/Homo_sapiens_assembly38.masked.fasta
@SQ	SN:chrUn_JTFH01000872v1_decoy	LN:1073	M5:788f48af377f20246f7f9a21e90b0e0f	UR:file:///goast/hemat_data/references/hg38_broad/Homo_sapiens_assembly38.masked.fasta
@SQ	SN:chrUn_JTFH01000873v1_decoy	LN:1073	M5:45c2f5e2b5413134f6030f49be58ba4f	UR:file:///goast/hemat_data/references/hg38_broad/Homo_sapiens_assembly38.masked.fasta
@SQ	SN:chrUn_JTFH01000874v1_decoy	LN:1071	M5:86a4e6ad2956475caac9b348e6e7f8b7	UR:file:///goast/hemat_data/references/hg38_broad/Homo_sapiens_assembly38.masked.fasta
@SQ	SN:chrUn_JTFH01000875v1_decoy	LN:1069	M5:22ee1b95d0dcca48ee2f77ec8135e0d5	UR:file:///goast/hemat_data/references/hg38_broad/Homo_sapiens_assembly38.masked.fasta
@SQ	SN:chrUn_JTFH01000876v1_decoy	LN:1067	M5:3f76ce94efafe5dd1634e6d51aa6d1d2	UR:file:///goast/hemat_data/references/hg38_broad/Homo_sapiens_assembly38.masked.fasta
@SQ	SN:chrUn_JTFH01000877v1_decoy	LN:1067	M5:5bc259606f224eb610c64d5e5d55321b	UR:file:///goast/hemat_data/references/hg38_broad/Homo_sapiens_assembly38.masked.fasta
@SQ	SN:chrUn_JTFH01000878v1_decoy	LN:1067	M5:9449555579bbe1f92046e6c9b1d6eb4a	UR:file:///goast/hemat_data/references/hg38_broad/Homo_sapiens_assembly38.masked.fasta
@SQ	SN:chrUn_JTFH01000879v1_decoy	LN:1066	M5:2777151312e10fd89af514515090fcca	UR:file:///goast/hemat_data/references/hg38_broad/Homo_sapiens_assembly38.masked.fasta
@SQ	SN:chrUn_JTFH01000880v1_decoy	LN:1065	M5:ae8283b9a8386e65951be3f19e3b7006	UR:file:///goast/hemat_data/references/hg38_broad/Homo_sapiens_assembly38.masked.fasta
@SQ	SN:chrUn_JTFH01000881v1_decoy	LN:1065	M5:79e7ca97d9a943a065f8d902b9b01244	UR:file:///goast/hemat_data/references/hg38_broad/Homo_sapiens_assembly38.masked.fasta
@SQ	SN:chrUn_JTFH01000882v1_decoy	LN:1065	M5:0991862c1ee6015ab6ba1008ec3ff69d	UR:file:///goast/hemat_data/references/hg38_broad/Homo_sapiens_assembly38.masked.fasta
@SQ	SN:chrUn_JTFH01000883v1_decoy	LN:1065	M5:d68bf7942659eebe8f4973154fd1da22	UR:file:///goast/hemat_data/references/hg38_broad/Homo_sapiens_assembly38.masked.fasta
@SQ	SN:chrUn_JTFH01000884v1_decoy	LN:1065	M5:dd08ea8e4c5ee4d1f942b2dce2296cbe	UR:file:///goast/hemat_data/references/hg38_broad/Homo_sapiens_assembly38.masked.fasta
@SQ	SN:chrUn_JTFH01000885v1_decoy	LN:1064	M5:a5179394ece1fe9e2392cac1241bcacf	UR:file:///goast/hemat_data/references/hg38_broad/Homo_sapiens_assembly38.masked.fasta
@SQ	SN:chrUn_JTFH01000886v1_decoy	LN:1064	M5:5ad23055bdc140edb211af99bf7d76e3	UR:file:///goast/hemat_data/references/hg38_broad/Homo_sapiens_assembly38.masked.fasta
@SQ	SN:chrUn_JTFH01000887v1_decoy	LN:1064	M5:5fb9770dcbf52d1a7f41c9d235a9ceeb	UR:file:///goast/hemat_data/references/hg38_broad/Homo_sapiens_assembly38.masked.fasta
@SQ	SN:chrUn_JTFH01000888v1_decoy	LN:1063	M5:68844d1f612bcae36302b17758f78e86	UR:file:///goast/hemat_data/references/hg38_broad/Homo_sapiens_assembly38.masked.fasta
@SQ	SN:chrUn_JTFH01000889v1_decoy	LN:1062	M5:844d181d05473e9b6d06b5defabf50d7	UR:file:///goast/hemat_data/references/hg38_broad/Homo_sapiens_assembly38.masked.fasta
@SQ	SN:chrUn_JTFH01000890v1_decoy	LN:1062	M5:224848a8b0947ecc656065423b7862ce	UR:file:///goast/hemat_data/references/hg38_broad/Homo_sapiens_assembly38.masked.fasta
@SQ	SN:chrUn_JTFH01000891v1_decoy	LN:1062	M5:de33c1fe76fea17846a96ea7bc9e91f5	UR:file:///goast/hemat_data/references/hg38_broad/Homo_sapiens_assembly38.masked.fasta
@SQ	SN:chrUn_JTFH01000892v1_decoy	LN:1061	M5:919160e2c6fec7a7c92d823d76b66027	UR:file:///goast/hemat_data/references/hg38_broad/Homo_sapiens_assembly38.masked.fasta
@SQ	SN:chrUn_JTFH01000893v1_decoy	LN:1060	M5:f79c0acfc167625b085df24f5058e8f9	UR:file:///goast/hemat_data/references/hg38_broad/Homo_sapiens_assembly38.masked.fasta
@SQ	SN:chrUn_JTFH01000894v1_decoy	LN:1057	M5:6cae16f687b6453bea4343f3a72ea5d7	UR:file:///goast/hemat_data/references/hg38_broad/Homo_sapiens_assembly38.masked.fasta
@SQ	SN:chrUn_JTFH01000895v1_decoy	LN:1057	M5:7b95591d319231c96c2db2ab196e568c	UR:file:///goast/hemat_data/references/hg38_broad/Homo_sapiens_assembly38.masked.fasta
@SQ	SN:chrUn_JTFH01000896v1_decoy	LN:1056	M5:59477a60f18aa435be9cd8e8cb8958fb	UR:file:///goast/hemat_data/references/hg38_broad/Homo_sapiens_assembly38.masked.fasta
@SQ	SN:chrUn_JTFH01000897v1_decoy	LN:1055	M5:ef9e2ac86b6dc21510af5a157ffdd9a7	UR:file:///goast/hemat_data/references/hg38_broad/Homo_sapiens_assembly38.masked.fasta
@SQ	SN:chrUn_JTFH01000898v1_decoy	LN:1055	M5:8a426cfbaa95d3a4ff9de0b8cc401ed0	UR:file:///goast/hemat_data/references/hg38_broad/Homo_sapiens_assembly38.masked.fasta
@SQ	SN:chrUn_JTFH01000899v1_decoy	LN:1055	M5:071ea5ccf103c1e5bc64476b69297cae	UR:file:///goast/hemat_data/references/hg38_broad/Homo_sapiens_assembly38.masked.fasta
@SQ	SN:chrUn_JTFH01000900v1_decoy	LN:1055	M5:a0183c0c525e9830c2487ba397d48984	UR:file:///goast/hemat_data/references/hg38_broad/Homo_sapiens_assembly38.masked.fasta
@SQ	SN:chrUn_JTFH01000901v1_decoy	LN:1054	M5:fbc0b340afbabfc63b03b8ec4caf77ec	UR:file:///goast/hemat_data/references/hg38_broad/Homo_sapiens_assembly38.masked.fasta
@SQ	SN:chrUn_JTFH01000902v1_decoy	LN:1051	M5:5f5a077b53495abe7fc001c49c8b9306	UR:file:///goast/hemat_data/references/hg38_broad/Homo_sapiens_assembly38.masked.fasta
@SQ	SN:chrUn_JTFH01000903v1_decoy	LN:1050	M5:69420a1791c126a89681a6620ca82d48	UR:file:///goast/hemat_data/references/hg38_broad/Homo_sapiens_assembly38.masked.fasta
@SQ	SN:chrUn_JTFH01000904v1_decoy	LN:1050	M5:9c4f6e5286d911f86ede7780174ee24a	UR:file:///goast/hemat_data/references/hg38_broad/Homo_sapiens_assembly38.masked.fasta
@SQ	SN:chrUn_JTFH01000905v1_decoy	LN:1049	M5:0940c85e47df41bd6052ec8f8ca76da3	UR:file:///goast/hemat_data/references/hg38_broad/Homo_sapiens_assembly38.masked.fasta
@SQ	SN:chrUn_JTFH01000906v1_decoy	LN:1048	M5:d1bb56cbbe04f366cb8b9e00e16c0292	UR:file:///goast/hemat_data/references/hg38_broad/Homo_sapiens_assembly38.masked.fasta
@SQ	SN:chrUn_JTFH01000907v1_decoy	LN:1047	M5:b1bfe8c8a961d7d57914f4d7c4244100	UR:file:///goast/hemat_data/references/hg38_broad/Homo_sapiens_assembly38.masked.fasta
@SQ	SN:chrUn_JTFH01000908v1_decoy	LN:1046	M5:e48424ce325e8f78e32af41d56e93243	UR:file:///goast/hemat_data/references/hg38_broad/Homo_sapiens_assembly38.masked.fasta
@SQ	SN:chrUn_JTFH01000909v1_decoy	LN:1046	M5:2b08cbae6f429b208c980cf721fc1a43	UR:file:///goast/hemat_data/references/hg38_broad/Homo_sapiens_assembly38.masked.fasta
@SQ	SN:chrUn_JTFH01000910v1_decoy	LN:1046	M5:43dfe59c93ea059ca8557bb58d0d3e39	UR:file:///goast/hemat_data/references/hg38_broad/Homo_sapiens_assembly38.masked.fasta
@SQ	SN:chrUn_JTFH01000911v1_decoy	LN:1045	M5:4a62b434c567f91554aba4fe9d29bee5	UR:file:///goast/hemat_data/references/hg38_broad/Homo_sapiens_assembly38.masked.fasta
@SQ	SN:chrUn_JTFH01000912v1_decoy	LN:1045	M5:9dda9f1dca0f324d3ec28a2f95399b6f	UR:file:///goast/hemat_data/references/hg38_broad/Homo_sapiens_assembly38.masked.fasta
@SQ	SN:chrUn_JTFH01000913v1_decoy	LN:1045	M5:f7d06c828a959e093ca5c4fefcaed79d	UR:file:///goast/hemat_data/references/hg38_broad/Homo_sapiens_assembly38.masked.fasta
@SQ	SN:chrUn_JTFH01000914v1_decoy	LN:1044	M5:9565e8a0c6d2b4911f44a2dec3319fec	UR:file:///goast/hemat_data/references/hg38_broad/Homo_sapiens_assembly38.masked.fasta
@SQ	SN:chrUn_JTFH01000915v1_decoy	LN:1042	M5:63910bd693964213823ca9ff1e270883	UR:file:///goast/hemat_data/references/hg38_broad/Homo_sapiens_assembly38.masked.fasta
@SQ	SN:chrUn_JTFH01000916v1_decoy	LN:1041	M5:9350358a6726a178c8e3c5c038a58b5c	UR:file:///goast/hemat_data/references/hg38_broad/Homo_sapiens_assembly38.masked.fasta
@SQ	SN:chrUn_JTFH01000917v1_decoy	LN:1039	M5:1c73f73eb55cd6290be7beede9ad10f1	UR:file:///goast/hemat_data/references/hg38_broad/Homo_sapiens_assembly38.masked.fasta
@SQ	SN:chrUn_JTFH01000918v1_decoy	LN:1039	M5:95035075514c5d5ad7852ba2c1b2b649	UR:file:///goast/hemat_data/references/hg38_broad/Homo_sapiens_assembly38.masked.fasta
@SQ	SN:chrUn_JTFH01000919v1_decoy	LN:1038	M5:f8b064906cddf6b316b6aee040120925	UR:file:///goast/hemat_data/references/hg38_broad/Homo_sapiens_assembly38.masked.fasta
@SQ	SN:chrUn_JTFH01000920v1_decoy	LN:1036	M5:510d0277b9afc44d0f3a07b3327a111d	UR:file:///goast/hemat_data/references/hg38_broad/Homo_sapiens_assembly38.masked.fasta
@SQ	SN:chrUn_JTFH01000921v1_decoy	LN:1036	M5:d7a9e2e36d916e57d735f657035a9829	UR:file:///goast/hemat_data/references/hg38_broad/Homo_sapiens_assembly38.masked.fasta
@SQ	SN:chrUn_JTFH01000922v1_decoy	LN:1035	M5:318ac9befd9a2449cae3c371dec8e628	UR:file:///goast/hemat_data/references/hg38_broad/Homo_sapiens_assembly38.masked.fasta
@SQ	SN:chrUn_JTFH01000923v1_decoy	LN:1035	M5:6af821ff48f6593ccd322ce697bdc253	UR:file:///goast/hemat_data/references/hg38_broad/Homo_sapiens_assembly38.masked.fasta
@SQ	SN:chrUn_JTFH01000924v1_decoy	LN:1033	M5:bdd1f96a69f748c2a2fc4b21e31c2f06	UR:file:///goast/hemat_data/references/hg38_broad/Homo_sapiens_assembly38.masked.fasta
@SQ	SN:chrUn_JTFH01000925v1_decoy	LN:1032	M5:5b23ae1b5786a5a5eadc92b69bd836c1	UR:file:///goast/hemat_data/references/hg38_broad/Homo_sapiens_assembly38.masked.fasta
@SQ	SN:chrUn_JTFH01000926v1_decoy	LN:1031	M5:b06aa5a4fb487a467429373242a18923	UR:file:///goast/hemat_data/references/hg38_broad/Homo_sapiens_assembly38.masked.fasta
@SQ	SN:chrUn_JTFH01000927v1_decoy	LN:1031	M5:6fd21c6cec0c8086aa77d26c6d200aeb	UR:file:///goast/hemat_data/references/hg38_broad/Homo_sapiens_assembly38.masked.fasta
@SQ	SN:chrUn_JTFH01000928v1_decoy	LN:1031	M5:196c591c8593f2c090224ae6cec80358	UR:file:///goast/hemat_data/references/hg38_broad/Homo_sapiens_assembly38.masked.fasta
@SQ	SN:chrUn_JTFH01000929v1_decoy	LN:1027	M5:b7eb33328daf9d0ae316619a61384cec	UR:file:///goast/hemat_data/references/hg38_broad/Homo_sapiens_assembly38.masked.fasta
@SQ	SN:chrUn_JTFH01000930v1_decoy	LN:1027	M5:a1112db1101bde90d172ceb0b455adc0	UR:file:///goast/hemat_data/references/hg38_broad/Homo_sapiens_assembly38.masked.fasta
@SQ	SN:chrUn_JTFH01000931v1_decoy	LN:1026	M5:42be32c5547cde39b2ccc77ac8e41c3e	UR:file:///goast/hemat_data/references/hg38_broad/Homo_sapiens_assembly38.masked.fasta
@SQ	SN:chrUn_JTFH01000932v1_decoy	LN:1026	M5:62f5a154eeb5e3613de4f255efe75565	UR:file:///goast/hemat_data/references/hg38_broad/Homo_sapiens_assembly38.masked.fasta
@SQ	SN:chrUn_JTFH01000933v1_decoy	LN:1024	M5:69e6c66e0db5f669e7762df739c9bba6	UR:file:///goast/hemat_data/references/hg38_broad/Homo_sapiens_assembly38.masked.fasta
@SQ	SN:chrUn_JTFH01000934v1_decoy	LN:1024	M5:f2b5de034be298d37051f37061d1748a	UR:file:///goast/hemat_data/references/hg38_broad/Homo_sapiens_assembly38.masked.fasta
@SQ	SN:chrUn_JTFH01000935v1_decoy	LN:1022	M5:d81ab37920ea303d70fec80162569190	UR:file:///goast/hemat_data/references/hg38_broad/Homo_sapiens_assembly38.masked.fasta
@SQ	SN:chrUn_JTFH01000936v1_decoy	LN:1022	M5:08f1fd0b0e3cb4204a68c0bd7c5c57a3	UR:file:///goast/hemat_data/references/hg38_broad/Homo_sapiens_assembly38.masked.fasta
@SQ	SN:chrUn_JTFH01000937v1_decoy	LN:1021	M5:4c13817a5ba74eee0c03aada914a0243	UR:file:///goast/hemat_data/references/hg38_broad/Homo_sapiens_assembly38.masked.fasta
@SQ	SN:chrUn_JTFH01000938v1_decoy	LN:1020	M5:e4ef90447f68425ac775770584c2ac6d	UR:file:///goast/hemat_data/references/hg38_broad/Homo_sapiens_assembly38.masked.fasta
@SQ	SN:chrUn_JTFH01000939v1_decoy	LN:1019	M5:d7d108b06883f65ce1ec9f6a55b4842e	UR:file:///goast/hemat_data/references/hg38_broad/Homo_sapiens_assembly38.masked.fasta
@SQ	SN:chrUn_JTFH01000940v1_decoy	LN:1018	M5:3e1e177644a21aa70ff44fba9753313c	UR:file:///goast/hemat_data/references/hg38_broad/Homo_sapiens_assembly38.masked.fasta
@SQ	SN:chrUn_JTFH01000941v1_decoy	LN:1018	M5:6bff6cc8151a99c46a864ea703c2f8b1	UR:file:///goast/hemat_data/references/hg38_broad/Homo_sapiens_assembly38.masked.fasta
@SQ	SN:chrUn_JTFH01000942v1_decoy	LN:1018	M5:e7f0466b453823ed7d075d4a2ede4a7b	UR:file:///goast/hemat_data/references/hg38_broad/Homo_sapiens_assembly38.masked.fasta
@SQ	SN:chrUn_JTFH01000943v1_decoy	LN:1016	M5:3d62e68db3dcf0e169c55174dcbd79c8	UR:file:///goast/hemat_data/references/hg38_broad/Homo_sapiens_assembly38.masked.fasta
@SQ	SN:chrUn_JTFH01000944v1_decoy	LN:1010	M5:7b808bb60e41db8c1149f10d7bd5465e	UR:file:///goast/hemat_data/references/hg38_broad/Homo_sapiens_assembly38.masked.fasta
@SQ	SN:chrUn_JTFH01000945v1_decoy	LN:1010	M5:8f606e0943101b0656668a2ae35e055f	UR:file:///goast/hemat_data/references/hg38_broad/Homo_sapiens_assembly38.masked.fasta
@SQ	SN:chrUn_JTFH01000946v1_decoy	LN:1009	M5:5af16ec72873d3cf402dd411e1bbaafa	UR:file:///goast/hemat_data/references/hg38_broad/Homo_sapiens_assembly38.masked.fasta
@SQ	SN:chrUn_JTFH01000947v1_decoy	LN:1008	M5:ccfac7e6bd5f5a5fb98e773922be5b3f	UR:file:///goast/hemat_data/references/hg38_broad/Homo_sapiens_assembly38.masked.fasta
@SQ	SN:chrUn_JTFH01000948v1_decoy	LN:1007	M5:d5e4ec92647dc97d7ca5c479effc5698	UR:file:///goast/hemat_data/references/hg38_broad/Homo_sapiens_assembly38.masked.fasta
@SQ	SN:chrUn_JTFH01000949v1_decoy	LN:1006	M5:53c640d8a27c49f44643fa6cff64c7bd	UR:file:///goast/hemat_data/references/hg38_broad/Homo_sapiens_assembly38.masked.fasta
@SQ	SN:chrUn_JTFH01000950v1_decoy	LN:1005	M5:4f20464a0e34b4c139f58567dac67a9d	UR:file:///goast/hemat_data/references/hg38_broad/Homo_sapiens_assembly38.masked.fasta
@SQ	SN:chrUn_JTFH01000951v1_decoy	LN:1005	M5:47b4982ddfd84f1b626e9ea7b0859169	UR:file:///goast/hemat_data/references/hg38_broad/Homo_sapiens_assembly38.masked.fasta
@SQ	SN:chrUn_JTFH01000952v1_decoy	LN:1004	M5:77403eb0765e6a6422307122ee3a0544	UR:file:///goast/hemat_data/references/hg38_broad/Homo_sapiens_assembly38.masked.fasta
@SQ	SN:chrUn_JTFH01000953v1_decoy	LN:1004	M5:74caf00415bd1b5764ea6082c0945b27	UR:file:///goast/hemat_data/references/hg38_broad/Homo_sapiens_assembly38.masked.fasta
@SQ	SN:chrUn_JTFH01000954v1_decoy	LN:1003	M5:811dd1c7e02a779772cb0adcd330822d	UR:file:///goast/hemat_data/references/hg38_broad/Homo_sapiens_assembly38.masked.fasta
@SQ	SN:chrUn_JTFH01000955v1_decoy	LN:1003	M5:b217fa3505a5024cd26ddcf42d514a4d	UR:file:///goast/hemat_data/references/hg38_broad/Homo_sapiens_assembly38.masked.fasta
@SQ	SN:chrUn_JTFH01000956v1_decoy	LN:1003	M5:c90b2e71160e8f5cd6d23a740a17841b	UR:file:///goast/hemat_data/references/hg38_broad/Homo_sapiens_assembly38.masked.fasta
@SQ	SN:chrUn_JTFH01000957v1_decoy	LN:1003	M5:3bf126803f3335d9227e753cb43060dc	UR:file:///goast/hemat_data/references/hg38_broad/Homo_sapiens_assembly38.masked.fasta
@SQ	SN:chrUn_JTFH01000958v1_decoy	LN:1002	M5:3904df1efaf5438d8e060141cf4dd6a9	UR:file:///goast/hemat_data/references/hg38_broad/Homo_sapiens_assembly38.masked.fasta
@SQ	SN:chrUn_JTFH01000959v1_decoy	LN:1002	M5:ab5ef802456142b25705723663909e35	UR:file:///goast/hemat_data/references/hg38_broad/Homo_sapiens_assembly38.masked.fasta
@SQ	SN:chrUn_JTFH01000960v1_decoy	LN:1000	M5:ff514a3d2ae42b584daf88b9a9a8751d	UR:file:///goast/hemat_data/references/hg38_broad/Homo_sapiens_assembly38.masked.fasta
@SQ	SN:chrUn_JTFH01000961v1_decoy	LN:1000	M5:eb02c1a37ede0d1a737a6c8c984eb06e	UR:file:///goast/hemat_data/references/hg38_broad/Homo_sapiens_assembly38.masked.fasta
@SQ	SN:chrUn_JTFH01000962v1_decoy	LN:8358	M5:567a758298b590bb1f4a159d81b84283	UR:file:///goast/hemat_data/references/hg38_broad/Homo_sapiens_assembly38.masked.fasta
@SQ	SN:chrUn_JTFH01000963v1_decoy	LN:7932	M5:fd0a26e270577d3a6cc4cb9256e21cc2	UR:file:///goast/hemat_data/references/hg38_broad/Homo_sapiens_assembly38.masked.fasta
@SQ	SN:chrUn_JTFH01000964v1_decoy	LN:6846	M5:4fd9f0f9e88fcd125702c11dfc2c4efc	UR:file:///goast/hemat_data/references/hg38_broad/Homo_sapiens_assembly38.masked.fasta
@SQ	SN:chrUn_JTFH01000965v1_decoy	LN:4591	M5:31483ec110747cfcac4dc1e36e8758ef	UR:file:///goast/hemat_data/references/hg38_broad/Homo_sapiens_assembly38.masked.fasta
@SQ	SN:chrUn_JTFH01000966v1_decoy	LN:4041	M5:f4f7ba029902c50fa77ed2b9966eb1a8	UR:file:///goast/hemat_data/references/hg38_broad/Homo_sapiens_assembly38.masked.fasta
@SQ	SN:chrUn_JTFH01000967v1_decoy	LN:3841	M5:00a9379bf89f4556f66988ab0193b4c8	UR:file:///goast/hemat_data/references/hg38_broad/Homo_sapiens_assembly38.masked.fasta
@SQ	SN:chrUn_JTFH01000968v1_decoy	LN:3754	M5:bb2217ed56094a266a3fb1b82e6c6a23	UR:file:///goast/hemat_data/references/hg38_broad/Homo_sapiens_assembly38.masked.fasta
@SQ	SN:chrUn_JTFH01000969v1_decoy	LN:3743	M5:5332a570edd08ee710cafaec398e0156	UR:file:///goast/hemat_data/references/hg38_broad/Homo_sapiens_assembly38.masked.fasta
@SQ	SN:chrUn_JTFH01000970v1_decoy	LN:3702	M5:2b25e772f95c73582eacc01e9a048d9c	UR:file:///goast/hemat_data/references/hg38_broad/Homo_sapiens_assembly38.masked.fasta
@SQ	SN:chrUn_JTFH01000971v1_decoy	LN:3625	M5:44cc5ae081c41e1c77f2043b88c70e0d	UR:file:///goast/hemat_data/references/hg38_broad/Homo_sapiens_assembly38.masked.fasta
@SQ	SN:chrUn_JTFH01000972v1_decoy	LN:3529	M5:9c1927ed8f09b5ddff51f2f25450a4a1	UR:file:///goast/hemat_data/references/hg38_broad/Homo_sapiens_assembly38.masked.fasta
@SQ	SN:chrUn_JTFH01000973v1_decoy	LN:3508	M5:04e36a548c184b404c00b7841ba45394	UR:file:///goast/hemat_data/references/hg38_broad/Homo_sapiens_assembly38.masked.fasta
@SQ	SN:chrUn_JTFH01000974v1_decoy	LN:3359	M5:43e1fbfc042ef8b79879bd53c3b27521	UR:file:///goast/hemat_data/references/hg38_broad/Homo_sapiens_assembly38.masked.fasta
@SQ	SN:chrUn_JTFH01000975v1_decoy	LN:3320	M5:4c9cce705cc18e643a96d433b0f0d80d	UR:file:///goast/hemat_data/references/hg38_broad/Homo_sapiens_assembly38.masked.fasta
@SQ	SN:chrUn_JTFH01000976v1_decoy	LN:3231	M5:090a5929ce6079dacc5408a9a7212f91	UR:file:///goast/hemat_data/references/hg38_broad/Homo_sapiens_assembly38.masked.fasta
@SQ	SN:chrUn_JTFH01000977v1_decoy	LN:3220	M5:b353222bd8f3e04b305911608d5b8b16	UR:file:///goast/hemat_data/references/hg38_broad/Homo_sapiens_assembly38.masked.fasta
@SQ	SN:chrUn_JTFH01000978v1_decoy	LN:3212	M5:d21eaa3001500aa078c0457aa0ecb160	UR:file:///goast/hemat_data/references/hg38_broad/Homo_sapiens_assembly38.masked.fasta
@SQ	SN:chrUn_JTFH01000979v1_decoy	LN:3192	M5:87ce752d8b9611f39e6371d84b00dd68	UR:file:///goast/hemat_data/references/hg38_broad/Homo_sapiens_assembly38.masked.fasta
@SQ	SN:chrUn_JTFH01000980v1_decoy	LN:3092	M5:51fba58b7e482359134618d7115ef0b9	UR:file:///goast/hemat_data/references/hg38_broad/Homo_sapiens_assembly38.masked.fasta
@SQ	SN:chrUn_JTFH01000981v1_decoy	LN:3087	M5:86e1c20fe0c0fc2ee5a4627c9dc91dde	UR:file:///goast/hemat_data/references/hg38_broad/Homo_sapiens_assembly38.masked.fasta
@SQ	SN:chrUn_JTFH01000982v1_decoy	LN:3048	M5:0f4f9a676207d67aa7b835ec767daa3c	UR:file:///goast/hemat_data/references/hg38_broad/Homo_sapiens_assembly38.masked.fasta
@SQ	SN:chrUn_JTFH01000983v1_decoy	LN:3005	M5:8cf60855c69aaa947ecffc2d85f7b836	UR:file:///goast/hemat_data/references/hg38_broad/Homo_sapiens_assembly38.masked.fasta
@SQ	SN:chrUn_JTFH01000984v1_decoy	LN:3004	M5:1fe6d0e0f45dd1c103c83d965f4d065f	UR:file:///goast/hemat_data/references/hg38_broad/Homo_sapiens_assembly38.masked.fasta
@SQ	SN:chrUn_JTFH01000985v1_decoy	LN:2959	M5:5734404ace148ab496a0589c177d68d0	UR:file:///goast/hemat_data/references/hg38_broad/Homo_sapiens_assembly38.masked.fasta
@SQ	SN:chrUn_JTFH01000986v1_decoy	LN:2934	M5:6091b4163a2558a3b376861ba46e49b9	UR:file:///goast/hemat_data/references/hg38_broad/Homo_sapiens_assembly38.masked.fasta
@SQ	SN:chrUn_JTFH01000987v1_decoy	LN:2933	M5:867d88d0d6a7b4576b5f40df8aee32a0	UR:file:///goast/hemat_data/references/hg38_broad/Homo_sapiens_assembly38.masked.fasta
@SQ	SN:chrUn_JTFH01000988v1_decoy	LN:2827	M5:fc01429a43e70e9f45d2e9b183f1cbb5	UR:file:///goast/hemat_data/references/hg38_broad/Homo_sapiens_assembly38.masked.fasta
@SQ	SN:chrUn_JTFH01000989v1_decoy	LN:2794	M5:8c97ce716667af6e7bf7b16598a2d1a3	UR:file:///goast/hemat_data/references/hg38_broad/Homo_sapiens_assembly38.masked.fasta
@SQ	SN:chrUn_JTFH01000990v1_decoy	LN:2749	M5:460d8510eb2de1d5521b6303183eca65	UR:file:///goast/hemat_data/references/hg38_broad/Homo_sapiens_assembly38.masked.fasta
@SQ	SN:chrUn_JTFH01000991v1_decoy	LN:2745	M5:bcb193217c039f3d327b106f7bbb1eb2	UR:file:///goast/hemat_data/references/hg38_broad/Homo_sapiens_assembly38.masked.fasta
@SQ	SN:chrUn_JTFH01000992v1_decoy	LN:2733	M5:38d3109378fc051e0d6d30c9c768c361	UR:file:///goast/hemat_data/references/hg38_broad/Homo_sapiens_assembly38.masked.fasta
@SQ	SN:chrUn_JTFH01000993v1_decoy	LN:2698	M5:7909dcbf170e075fd5ae77f2de6658bf	UR:file:///goast/hemat_data/references/hg38_broad/Homo_sapiens_assembly38.masked.fasta
@SQ	SN:chrUn_JTFH01000994v1_decoy	LN:2665	M5:90d637dd87631542f98b8a2fb31e45d8	UR:file:///goast/hemat_data/references/hg38_broad/Homo_sapiens_assembly38.masked.fasta
@SQ	SN:chrUn_JTFH01000995v1_decoy	LN:2634	M5:a5125437bf818a2f4ece1a2cb7ad4e5c	UR:file:///goast/hemat_data/references/hg38_broad/Homo_sapiens_assembly38.masked.fasta
@SQ	SN:chrUn_JTFH01000996v1_decoy	LN:2492	M5:82de7c0346b508963d47eaef107ba2ed	UR:file:///goast/hemat_data/references/hg38_broad/Homo_sapiens_assembly38.masked.fasta
@SQ	SN:chrUn_JTFH01000997v1_decoy	LN:2489	M5:904eab4180cdf8accc4e926f65892e16	UR:file:///goast/hemat_data/references/hg38_broad/Homo_sapiens_assembly38.masked.fasta
@SQ	SN:chrUn_JTFH01000998v1_decoy	LN:2468	M5:5a16ed756cd3e8451225c0c89c299ac3	UR:file:///goast/hemat_data/references/hg38_broad/Homo_sapiens_assembly38.masked.fasta
@SQ	SN:chrUn_JTFH01000999v1_decoy	LN:2414	M5:a7f82c5206197f2b60bf6e21e8406ff1	UR:file:///goast/hemat_data/references/hg38_broad/Homo_sapiens_assembly38.masked.fasta
@SQ	SN:chrUn_JTFH01001000v1_decoy	LN:2395	M5:fa87a3decbc163bd5c4be47f26ce4c72	UR:file:///goast/hemat_data/references/hg38_broad/Homo_sapiens_assembly38.masked.fasta
@SQ	SN:chrUn_JTFH01001001v1_decoy	LN:2356	M5:c1764faa777d0cb7e6d10ff41a7f4d46	UR:file:///goast/hemat_data/references/hg38_broad/Homo_sapiens_assembly38.masked.fasta
@SQ	SN:chrUn_JTFH01001002v1_decoy	LN:2339	M5:a71335121d2395b90f88701d0d395b28	UR:file:///goast/hemat_data/references/hg38_broad/Homo_sapiens_assembly38.masked.fasta
@SQ	SN:chrUn_JTFH01001003v1_decoy	LN:2310	M5:e7727f2a6ea39391478a70b270b9a4c6	UR:file:///goast/hemat_data/references/hg38_broad/Homo_sapiens_assembly38.masked.fasta
@SQ	SN:chrUn_JTFH01001004v1_decoy	LN:2288	M5:27c3653c8e9470329db519a7e855887b	UR:file:///goast/hemat_data/references/hg38_broad/Homo_sapiens_assembly38.masked.fasta
@SQ	SN:chrUn_JTFH01001005v1_decoy	LN:2285	M5:07a062d63e1175496ade57cb4924ac86	UR:file:///goast/hemat_data/references/hg38_broad/Homo_sapiens_assembly38.masked.fasta
@SQ	SN:chrUn_JTFH01001006v1_decoy	LN:2269	M5:da22a2b66c30d77f9c75ac5543b82df4	UR:file:///goast/hemat_data/references/hg38_broad/Homo_sapiens_assembly38.masked.fasta
@SQ	SN:chrUn_JTFH01001007v1_decoy	LN:2253	M5:521007d0a98d89311d4fef1f850e5c3d	UR:file:///goast/hemat_data/references/hg38_broad/Homo_sapiens_assembly38.masked.fasta
@SQ	SN:chrUn_JTFH01001008v1_decoy	LN:2203	M5:efd830cbd9f13d6f2e59621b80df1cc0	UR:file:///goast/hemat_data/references/hg38_broad/Homo_sapiens_assembly38.masked.fasta
@SQ	SN:chrUn_JTFH01001009v1_decoy	LN:2176	M5:35223579474d332cd9c25530d391cb37	UR:file:///goast/hemat_data/references/hg38_broad/Homo_sapiens_assembly38.masked.fasta
@SQ	SN:chrUn_JTFH01001010v1_decoy	LN:2159	M5:c6451a9867c60bb9414b9f531733227b	UR:file:///goast/hemat_data/references/hg38_broad/Homo_sapiens_assembly38.masked.fasta
@SQ	SN:chrUn_JTFH01001011v1_decoy	LN:2155	M5:c9a15197997fcc229a4ba16daaef7ab9	UR:file:///goast/hemat_data/references/hg38_broad/Homo_sapiens_assembly38.masked.fasta
@SQ	SN:chrUn_JTFH01001012v1_decoy	LN:2149	M5:8fc79f00adb9b9876fc0c760212279a6	UR:file:///goast/hemat_data/references/hg38_broad/Homo_sapiens_assembly38.masked.fasta
@SQ	SN:chrUn_JTFH01001013v1_decoy	LN:2129	M5:e0053f5c6a91ee7561e587740719a89a	UR:file:///goast/hemat_data/references/hg38_broad/Homo_sapiens_assembly38.masked.fasta
@SQ	SN:chrUn_JTFH01001014v1_decoy	LN:2116	M5:c4594c9954ddda6bf892d1221deb1f5a	UR:file:///goast/hemat_data/references/hg38_broad/Homo_sapiens_assembly38.masked.fasta
@SQ	SN:chrUn_JTFH01001015v1_decoy	LN:2113	M5:a604e6df460c882c18dd0b761e7da09a	UR:file:///goast/hemat_data/references/hg38_broad/Homo_sapiens_assembly38.masked.fasta
@SQ	SN:chrUn_JTFH01001016v1_decoy	LN:2098	M5:1e7f643633169955a530300b89b41499	UR:file:///goast/hemat_data/references/hg38_broad/Homo_sapiens_assembly38.masked.fasta
@SQ	SN:chrUn_JTFH01001017v1_decoy	LN:2066	M5:95e88f3c4f847fe97ff528408aee9885	UR:file:///goast/hemat_data/references/hg38_broad/Homo_sapiens_assembly38.masked.fasta
@SQ	SN:chrUn_JTFH01001018v1_decoy	LN:2066	M5:50eb710c12d63d96710eead27936dbd0	UR:file:///goast/hemat_data/references/hg38_broad/Homo_sapiens_assembly38.masked.fasta
@SQ	SN:chrUn_JTFH01001019v1_decoy	LN:2059	M5:80e50b65d76c95f06a65b213d6e22e3d	UR:file:///goast/hemat_data/references/hg38_broad/Homo_sapiens_assembly38.masked.fasta
@SQ	SN:chrUn_JTFH01001020v1_decoy	LN:2047	M5:1e5494b45601a7dacb84814da24724db	UR:file:///goast/hemat_data/references/hg38_broad/Homo_sapiens_assembly38.masked.fasta
@SQ	SN:chrUn_JTFH01001021v1_decoy	LN:2040	M5:0fd285ea19d36ac7fbfeb49f98d0e3fc	UR:file:///goast/hemat_data/references/hg38_broad/Homo_sapiens_assembly38.masked.fasta
@SQ	SN:chrUn_JTFH01001022v1_decoy	LN:2030	M5:4d3b39f0ab2f0f051d917cc94faeae9d	UR:file:///goast/hemat_data/references/hg38_broad/Homo_sapiens_assembly38.masked.fasta
@SQ	SN:chrUn_JTFH01001023v1_decoy	LN:2024	M5:a4cef27d7ccd380794cbff4dd6eb41e7	UR:file:///goast/hemat_data/references/hg38_broad/Homo_sapiens_assembly38.masked.fasta
@SQ	SN:chrUn_JTFH01001024v1_decoy	LN:2001	M5:e6821e55e6dbf96dd5ab53b59be17ce5	UR:file:///goast/hemat_data/references/hg38_broad/Homo_sapiens_assembly38.masked.fasta
@SQ	SN:chrUn_JTFH01001025v1_decoy	LN:1992	M5:dda157c4b492e3c1a4e277e1dab4aa7e	UR:file:///goast/hemat_data/references/hg38_broad/Homo_sapiens_assembly38.masked.fasta
@SQ	SN:chrUn_JTFH01001026v1_decoy	LN:1981	M5:4166a173f0411e5579f9d3ed8aacd959	UR:file:///goast/hemat_data/references/hg38_broad/Homo_sapiens_assembly38.masked.fasta
@SQ	SN:chrUn_JTFH01001027v1_decoy	LN:1979	M5:88e1e86ee00ad030c8e1f25e49ad569a	UR:file:///goast/hemat_data/references/hg38_broad/Homo_sapiens_assembly38.masked.fasta
@SQ	SN:chrUn_JTFH01001028v1_decoy	LN:1957	M5:26727871d8918ce12f1e7fa8f5914c7d	UR:file:///goast/hemat_data/references/hg38_broad/Homo_sapiens_assembly38.masked.fasta
@SQ	SN:chrUn_JTFH01001029v1_decoy	LN:1953	M5:9b38c1ef5a1efb5065c9f3dc102ff199	UR:file:///goast/hemat_data/references/hg38_broad/Homo_sapiens_assembly38.masked.fasta
@SQ	SN:chrUn_JTFH01001030v1_decoy	LN:1944	M5:85264a3258514a27228a82bcec9ea08d	UR:file:///goast/hemat_data/references/hg38_broad/Homo_sapiens_assembly38.masked.fasta
@SQ	SN:chrUn_JTFH01001031v1_decoy	LN:1936	M5:a7347a7344187fa04690bfdffc33512e	UR:file:///goast/hemat_data/references/hg38_broad/Homo_sapiens_assembly38.masked.fasta
@SQ	SN:chrUn_JTFH01001032v1_decoy	LN:1932	M5:4030d4f8fc378be7ab110a327a3a7f7a	UR:file:///goast/hemat_data/references/hg38_broad/Homo_sapiens_assembly38.masked.fasta
@SQ	SN:chrUn_JTFH01001033v1_decoy	LN:1882	M5:ca4279d8b8d3f3b766ec81b34c402aa0	UR:file:///goast/hemat_data/references/hg38_broad/Homo_sapiens_assembly38.masked.fasta
@SQ	SN:chrUn_JTFH01001034v1_decoy	LN:1878	M5:e5d3efe3296f7f5ffb2193bd5be2aead	UR:file:///goast/hemat_data/references/hg38_broad/Homo_sapiens_assembly38.masked.fasta
@SQ	SN:chrUn_JTFH01001035v1_decoy	LN:1870	M5:1c898a94d86446ff18aeae6c9836d2cf	UR:file:///goast/hemat_data/references/hg38_broad/Homo_sapiens_assembly38.masked.fasta
@SQ	SN:chrUn_JTFH01001036v1_decoy	LN:1821	M5:8f2121509d8a9d3e95e78ceeaca8db95	UR:file:///goast/hemat_data/references/hg38_broad/Homo_sapiens_assembly38.masked.fasta
@SQ	SN:chrUn_JTFH01001037v1_decoy	LN:1813	M5:1111c9f5ecffa495ea2a9408094b8fb6	UR:file:///goast/hemat_data/references/hg38_broad/Homo_sapiens_assembly38.masked.fasta
@SQ	SN:chrUn_JTFH01001038v1_decoy	LN:1809	M5:0ef16d8e23134785f99146b8b3cada3f	UR:file:///goast/hemat_data/references/hg38_broad/Homo_sapiens_assembly38.masked.fasta
@SQ	SN:chrUn_JTFH01001039v1_decoy	LN:1804	M5:11e7f4e8d60fef86d7fbefca0fabf5df	UR:file:///goast/hemat_data/references/hg38_broad/Homo_sapiens_assembly38.masked.fasta
@SQ	SN:chrUn_JTFH01001040v1_decoy	LN:1797	M5:42437cf6fa6210fd9b127e7487d14e4b	UR:file:///goast/hemat_data/references/hg38_broad/Homo_sapiens_assembly38.masked.fasta
@SQ	SN:chrUn_JTFH01001041v1_decoy	LN:1791	M5:1b98bd8020f173b5205948481dd39658	UR:file:///goast/hemat_data/references/hg38_broad/Homo_sapiens_assembly38.masked.fasta
@SQ	SN:chrUn_JTFH01001042v1_decoy	LN:1781	M5:7460d29d17ba264f4358d5876a383fac	UR:file:///goast/hemat_data/references/hg38_broad/Homo_sapiens_assembly38.masked.fasta
@SQ	SN:chrUn_JTFH01001043v1_decoy	LN:1766	M5:1599e276d124e4a9aa2f66a6300f8a3c	UR:file:///goast/hemat_data/references/hg38_broad/Homo_sapiens_assembly38.masked.fasta
@SQ	SN:chrUn_JTFH01001044v1_decoy	LN:1764	M5:fba6f4c5474d22767649a8328d8f3670	UR:file:///goast/hemat_data/references/hg38_broad/Homo_sapiens_assembly38.masked.fasta
@SQ	SN:chrUn_JTFH01001045v1_decoy	LN:1743	M5:8b83d468225e1a45cb1846dc726f2562	UR:file:///goast/hemat_data/references/hg38_broad/Homo_sapiens_assembly38.masked.fasta
@SQ	SN:chrUn_JTFH01001046v1_decoy	LN:1741	M5:8adc2f7bd9e61fde6e9824026c0a2430	UR:file:///goast/hemat_data/references/hg38_broad/Homo_sapiens_assembly38.masked.fasta
@SQ	SN:chrUn_JTFH01001047v1_decoy	LN:1709	M5:7363ff9bc2e506ad5041f70fc083e7fd	UR:file:///goast/hemat_data/references/hg38_broad/Homo_sapiens_assembly38.masked.fasta
@SQ	SN:chrUn_JTFH01001048v1_decoy	LN:1706	M5:ef2492257bbf08783a4db0aecad49550	UR:file:///goast/hemat_data/references/hg38_broad/Homo_sapiens_assembly38.masked.fasta
@SQ	SN:chrUn_JTFH01001049v1_decoy	LN:1701	M5:9c322f81502c32f0c8f405ee752a4f44	UR:file:///goast/hemat_data/references/hg38_broad/Homo_sapiens_assembly38.masked.fasta
@SQ	SN:chrUn_JTFH01001050v1_decoy	LN:1689	M5:5fe371c4096ae41150f76981d68dacd2	UR:file:///goast/hemat_data/references/hg38_broad/Homo_sapiens_assembly38.masked.fasta
@SQ	SN:chrUn_JTFH01001051v1_decoy	LN:1646	M5:ed85a7af0713ab3b3bcdf61bafeedea5	UR:file:///goast/hemat_data/references/hg38_broad/Homo_sapiens_assembly38.masked.fasta
@SQ	SN:chrUn_JTFH01001052v1_decoy	LN:1641	M5:97b84c347da74fc7614b6363ba4f28e0	UR:file:///goast/hemat_data/references/hg38_broad/Homo_sapiens_assembly38.masked.fasta
@SQ	SN:chrUn_JTFH01001053v1_decoy	LN:1639	M5:dc79cb73595caf151cffe0be4286ce1e	UR:file:///goast/hemat_data/references/hg38_broad/Homo_sapiens_assembly38.masked.fasta
@SQ	SN:chrUn_JTFH01001054v1_decoy	LN:1636	M5:221da4dd1119306af9f8fa1bc567f6fb	UR:file:///goast/hemat_data/references/hg38_broad/Homo_sapiens_assembly38.masked.fasta
@SQ	SN:chrUn_JTFH01001055v1_decoy	LN:1632	M5:6f572e5698e138bf1e7b1edba75588f6	UR:file:///goast/hemat_data/references/hg38_broad/Homo_sapiens_assembly38.masked.fasta
@SQ	SN:chrUn_JTFH01001056v1_decoy	LN:1629	M5:fd6f43c6fc2542ce63298bdd465a38a3	UR:file:///goast/hemat_data/references/hg38_broad/Homo_sapiens_assembly38.masked.fasta
@SQ	SN:chrUn_JTFH01001057v1_decoy	LN:1623	M5:4a44475e85813d0b54e2afdd3aa8315b	UR:file:///goast/hemat_data/references/hg38_broad/Homo_sapiens_assembly38.masked.fasta
@SQ	SN:chrUn_JTFH01001058v1_decoy	LN:1622	M5:d30e3342b06bd2428d574ef50226a9b8	UR:file:///goast/hemat_data/references/hg38_broad/Homo_sapiens_assembly38.masked.fasta
@SQ	SN:chrUn_JTFH01001059v1_decoy	LN:1622	M5:0e6aaefcfab75455e8f59e751c8d44a5	UR:file:///goast/hemat_data/references/hg38_broad/Homo_sapiens_assembly38.masked.fasta
@SQ	SN:chrUn_JTFH01001060v1_decoy	LN:1619	M5:e91e56fee1ae99144354eba8e5ec571c	UR:file:///goast/hemat_data/references/hg38_broad/Homo_sapiens_assembly38.masked.fasta
@SQ	SN:chrUn_JTFH01001061v1_decoy	LN:1606	M5:e266b715eded02faa272225186a213dc	UR:file:///goast/hemat_data/references/hg38_broad/Homo_sapiens_assembly38.masked.fasta
@SQ	SN:chrUn_JTFH01001062v1_decoy	LN:1593	M5:74d3a9f8a38387de10a759100154372c	UR:file:///goast/hemat_data/references/hg38_broad/Homo_sapiens_assembly38.masked.fasta
@SQ	SN:chrUn_JTFH01001063v1_decoy	LN:1592	M5:efcf64c62b2233135f5794d7b9e2f4cf	UR:file:///goast/hemat_data/references/hg38_broad/Homo_sapiens_assembly38.masked.fasta
@SQ	SN:chrUn_JTFH01001064v1_decoy	LN:1558	M5:bbc8fdfa71746e3e396e745a1fc9d63d	UR:file:///goast/hemat_data/references/hg38_broad/Homo_sapiens_assembly38.masked.fasta
@SQ	SN:chrUn_JTFH01001065v1_decoy	LN:1545	M5:fc836522e323b4779fcc5b16f2d28505	UR:file:///goast/hemat_data/references/hg38_broad/Homo_sapiens_assembly38.masked.fasta
@SQ	SN:chrUn_JTFH01001066v1_decoy	LN:1542	M5:6fe808dc84087dc7d8418eced9744173	UR:file:///goast/hemat_data/references/hg38_broad/Homo_sapiens_assembly38.masked.fasta
@SQ	SN:chrUn_JTFH01001067v1_decoy	LN:1540	M5:9c582e02bbde278105b2764116a44ef6	UR:file:///goast/hemat_data/references/hg38_broad/Homo_sapiens_assembly38.masked.fasta
@SQ	SN:chrUn_JTFH01001068v1_decoy	LN:1529	M5:9f25be63cbf7cc5da1d1bc6fe23db799	UR:file:///goast/hemat_data/references/hg38_broad/Homo_sapiens_assembly38.masked.fasta
@SQ	SN:chrUn_JTFH01001069v1_decoy	LN:1518	M5:772df05b40eabe6b084af8cac402aef4	UR:file:///goast/hemat_data/references/hg38_broad/Homo_sapiens_assembly38.masked.fasta
@SQ	SN:chrUn_JTFH01001070v1_decoy	LN:1515	M5:bda033712d93ab6c918ec5b0fa58f343	UR:file:///goast/hemat_data/references/hg38_broad/Homo_sapiens_assembly38.masked.fasta
@SQ	SN:chrUn_JTFH01001071v1_decoy	LN:1513	M5:faf46f2a8ea7b8d1d0282aaf9e10141b	UR:file:///goast/hemat_data/references/hg38_broad/Homo_sapiens_assembly38.masked.fasta
@SQ	SN:chrUn_JTFH01001072v1_decoy	LN:1507	M5:12e6bce1a4e70c91a764227eafe6d229	UR:file:///goast/hemat_data/references/hg38_broad/Homo_sapiens_assembly38.masked.fasta
@SQ	SN:chrUn_JTFH01001073v1_decoy	LN:1504	M5:c757ce71d69487d184714bb6bf879036	UR:file:///goast/hemat_data/references/hg38_broad/Homo_sapiens_assembly38.masked.fasta
@SQ	SN:chrUn_JTFH01001074v1_decoy	LN:1499	M5:d6645febc4c0e7fef261124c74ecff8b	UR:file:///goast/hemat_data/references/hg38_broad/Homo_sapiens_assembly38.masked.fasta
@SQ	SN:chrUn_JTFH01001075v1_decoy	LN:1495	M5:adf3668dcf991b59a38c281c3d7b5647	UR:file:///goast/hemat_data/references/hg38_broad/Homo_sapiens_assembly38.masked.fasta
@SQ	SN:chrUn_JTFH01001076v1_decoy	LN:1495	M5:2edd8f2a644a90e4ca21826bb31402dd	UR:file:///goast/hemat_data/references/hg38_broad/Homo_sapiens_assembly38.masked.fasta
@SQ	SN:chrUn_JTFH01001077v1_decoy	LN:1492	M5:3dc6cc3ffd2a9b7966ca3e8ea12dc81f	UR:file:///goast/hemat_data/references/hg38_broad/Homo_sapiens_assembly38.masked.fasta
@SQ	SN:chrUn_JTFH01001078v1_decoy	LN:1492	M5:308ce742886a73a84ab8cb90370451ad	UR:file:///goast/hemat_data/references/hg38_broad/Homo_sapiens_assembly38.masked.fasta
@SQ	SN:chrUn_JTFH01001079v1_decoy	LN:1489	M5:39d5f26be15da228d1d38b408e0a392c	UR:file:///goast/hemat_data/references/hg38_broad/Homo_sapiens_assembly38.masked.fasta
@SQ	SN:chrUn_JTFH01001080v1_decoy	LN:1485	M5:2a52bf85b6a45c79c92a6c6027abf122	UR:file:///goast/hemat_data/references/hg38_broad/Homo_sapiens_assembly38.masked.fasta
@SQ	SN:chrUn_JTFH01001081v1_decoy	LN:1483	M5:d22840c21eb279736a5a8262ec8a66b4	UR:file:///goast/hemat_data/references/hg38_broad/Homo_sapiens_assembly38.masked.fasta
@SQ	SN:chrUn_JTFH01001082v1_decoy	LN:1473	M5:d6b57113fdeadd16b92fed725a02d12d	UR:file:///goast/hemat_data/references/hg38_broad/Homo_sapiens_assembly38.masked.fasta
@SQ	SN:chrUn_JTFH01001083v1_decoy	LN:1470	M5:5b5ff1a6c8fff55ac6ebd1d9bda4fd80	UR:file:///goast/hemat_data/references/hg38_broad/Homo_sapiens_assembly38.masked.fasta
@SQ	SN:chrUn_JTFH01001084v1_decoy	LN:1463	M5:80030f88512ee394cc4e9a81b032e17a	UR:file:///goast/hemat_data/references/hg38_broad/Homo_sapiens_assembly38.masked.fasta
@SQ	SN:chrUn_JTFH01001085v1_decoy	LN:1460	M5:2587132a077227d0b8742ec9439f95b6	UR:file:///goast/hemat_data/references/hg38_broad/Homo_sapiens_assembly38.masked.fasta
@SQ	SN:chrUn_JTFH01001086v1_decoy	LN:1458	M5:5366ad05ba9fe3bdfbc51dee8759c348	UR:file:///goast/hemat_data/references/hg38_broad/Homo_sapiens_assembly38.masked.fasta
@SQ	SN:chrUn_JTFH01001087v1_decoy	LN:1456	M5:1d39f2ea075eca983ca23f12efc47f22	UR:file:///goast/hemat_data/references/hg38_broad/Homo_sapiens_assembly38.masked.fasta
@SQ	SN:chrUn_JTFH01001088v1_decoy	LN:1453	M5:020a82dc938b6e53e904f477268c7d5c	UR:file:///goast/hemat_data/references/hg38_broad/Homo_sapiens_assembly38.masked.fasta
@SQ	SN:chrUn_JTFH01001089v1_decoy	LN:1443	M5:541cab251db4f8356953dfc20e8cb327	UR:file:///goast/hemat_data/references/hg38_broad/Homo_sapiens_assembly38.masked.fasta
@SQ	SN:chrUn_JTFH01001090v1_decoy	LN:1441	M5:a563ca647fc20b65ba7baf52e3eb4648	UR:file:///goast/hemat_data/references/hg38_broad/Homo_sapiens_assembly38.masked.fasta
@SQ	SN:chrUn_JTFH01001091v1_decoy	LN:1426	M5:d096cb367c98d6804b4a1b205054c9ad	UR:file:///goast/hemat_data/references/hg38_broad/Homo_sapiens_assembly38.masked.fasta
@SQ	SN:chrUn_JTFH01001092v1_decoy	LN:1425	M5:4c1a5daffb2303c754e4383ec3bff31f	UR:file:///goast/hemat_data/references/hg38_broad/Homo_sapiens_assembly38.masked.fasta
@SQ	SN:chrUn_JTFH01001093v1_decoy	LN:1418	M5:5305c46f4221a62f8001b24ced994801	UR:file:///goast/hemat_data/references/hg38_broad/Homo_sapiens_assembly38.masked.fasta
@SQ	SN:chrUn_JTFH01001094v1_decoy	LN:1413	M5:8d8667fd137515e7c5d31b0b942a7525	UR:file:///goast/hemat_data/references/hg38_broad/Homo_sapiens_assembly38.masked.fasta
@SQ	SN:chrUn_JTFH01001095v1_decoy	LN:1413	M5:e38f0eb475fa6f2aee1b51ea785af3f6	UR:file:///goast/hemat_data/references/hg38_broad/Homo_sapiens_assembly38.masked.fasta
@SQ	SN:chrUn_JTFH01001096v1_decoy	LN:1412	M5:88ee82e753efc8d4fbd5f1e02ddff9e2	UR:file:///goast/hemat_data/references/hg38_broad/Homo_sapiens_assembly38.masked.fasta
@SQ	SN:chrUn_JTFH01001097v1_decoy	LN:1407	M5:732666474ada2d4fe1316edd249b2f5d	UR:file:///goast/hemat_data/references/hg38_broad/Homo_sapiens_assembly38.masked.fasta
@SQ	SN:chrUn_JTFH01001098v1_decoy	LN:1406	M5:f63dbabd25745821024183fe0082257b	UR:file:///goast/hemat_data/references/hg38_broad/Homo_sapiens_assembly38.masked.fasta
@SQ	SN:chrUn_JTFH01001099v1_decoy	LN:1396	M5:0102bc3c8078cc16bddfa125f005370a	UR:file:///goast/hemat_data/references/hg38_broad/Homo_sapiens_assembly38.masked.fasta
@SQ	SN:chrUn_JTFH01001100v1_decoy	LN:1390	M5:181bb8fe5095e667506c66e213f3b51d	UR:file:///goast/hemat_data/references/hg38_broad/Homo_sapiens_assembly38.masked.fasta
@SQ	SN:chrUn_JTFH01001101v1_decoy	LN:1382	M5:545aae1204533fcf75e6c622471d3061	UR:file:///goast/hemat_data/references/hg38_broad/Homo_sapiens_assembly38.masked.fasta
@SQ	SN:chrUn_JTFH01001102v1_decoy	LN:1376	M5:a69102cf73d82bc4298048ee7eb0aa85	UR:file:///goast/hemat_data/references/hg38_broad/Homo_sapiens_assembly38.masked.fasta
@SQ	SN:chrUn_JTFH01001103v1_decoy	LN:1375	M5:61f67b4a0c7573bf583ae5a051e7aaf3	UR:file:///goast/hemat_data/references/hg38_broad/Homo_sapiens_assembly38.masked.fasta
@SQ	SN:chrUn_JTFH01001104v1_decoy	LN:1371	M5:4b33e5f1a51a79cdc62fd070cf874f91	UR:file:///goast/hemat_data/references/hg38_broad/Homo_sapiens_assembly38.masked.fasta
@SQ	SN:chrUn_JTFH01001105v1_decoy	LN:1367	M5:4286f9ebcff872815a9246b3a2596781	UR:file:///goast/hemat_data/references/hg38_broad/Homo_sapiens_assembly38.masked.fasta
@SQ	SN:chrUn_JTFH01001106v1_decoy	LN:1364	M5:9a3f9b88cf1926d9c75b673647ff46c8	UR:file:///goast/hemat_data/references/hg38_broad/Homo_sapiens_assembly38.masked.fasta
@SQ	SN:chrUn_JTFH01001107v1_decoy	LN:1356	M5:b54b34217f1c3efb1ba9d4477a0f2045	UR:file:///goast/hemat_data/references/hg38_broad/Homo_sapiens_assembly38.masked.fasta
@SQ	SN:chrUn_JTFH01001108v1_decoy	LN:1355	M5:c49fb7670582bf2f81413071056f61ff	UR:file:///goast/hemat_data/references/hg38_broad/Homo_sapiens_assembly38.masked.fasta
@SQ	SN:chrUn_JTFH01001109v1_decoy	LN:1352	M5:32abeff50bcab272795c72f7b7edd46e	UR:file:///goast/hemat_data/references/hg38_broad/Homo_sapiens_assembly38.masked.fasta
@SQ	SN:chrUn_JTFH01001110v1_decoy	LN:1350	M5:9660451ad55da2148a00b49a126176d9	UR:file:///goast/hemat_data/references/hg38_broad/Homo_sapiens_assembly38.masked.fasta
@SQ	SN:chrUn_JTFH01001111v1_decoy	LN:1346	M5:c6722a471b0e8cb1384d59ff72cc732a	UR:file:///goast/hemat_data/references/hg38_broad/Homo_sapiens_assembly38.masked.fasta
@SQ	SN:chrUn_JTFH01001112v1_decoy	LN:1345	M5:6ffb665540f55661d5ccf40795cebd35	UR:file:///goast/hemat_data/references/hg38_broad/Homo_sapiens_assembly38.masked.fasta
@SQ	SN:chrUn_JTFH01001113v1_decoy	LN:1340	M5:e0ba11f5404075a40b0072d19c2bced2	UR:file:///goast/hemat_data/references/hg38_broad/Homo_sapiens_assembly38.masked.fasta
@SQ	SN:chrUn_JTFH01001114v1_decoy	LN:1330	M5:ccb7f39ff649bf360b5b4186cf18c01f	UR:file:///goast/hemat_data/references/hg38_broad/Homo_sapiens_assembly38.masked.fasta
@SQ	SN:chrUn_JTFH01001115v1_decoy	LN:1329	M5:c52f3a9196ca3b03d2a02680f15419e3	UR:file:///goast/hemat_data/references/hg38_broad/Homo_sapiens_assembly38.masked.fasta
@SQ	SN:chrUn_JTFH01001116v1_decoy	LN:1324	M5:f07d0c07c8951023331599b2df20380d	UR:file:///goast/hemat_data/references/hg38_broad/Homo_sapiens_assembly38.masked.fasta
@SQ	SN:chrUn_JTFH01001117v1_decoy	LN:1316	M5:8195f619c45e8d571a25264aa6e7a65c	UR:file:///goast/hemat_data/references/hg38_broad/Homo_sapiens_assembly38.masked.fasta
@SQ	SN:chrUn_JTFH01001118v1_decoy	LN:1307	M5:49f9986c45cac526b89e5520a9baa4dc	UR:file:///goast/hemat_data/references/hg38_broad/Homo_sapiens_assembly38.masked.fasta
@SQ	SN:chrUn_JTFH01001119v1_decoy	LN:1304	M5:fdbf4160ba84788b20bd855b64cea30f	UR:file:///goast/hemat_data/references/hg38_broad/Homo_sapiens_assembly38.masked.fasta
@SQ	SN:chrUn_JTFH01001120v1_decoy	LN:1304	M5:edc34fe61ae9a3b15bc5a4ad8d291271	UR:file:///goast/hemat_data/references/hg38_broad/Homo_sapiens_assembly38.masked.fasta
@SQ	SN:chrUn_JTFH01001121v1_decoy	LN:1303	M5:6aea0ad92108bcebca7f7886b75bf9b5	UR:file:///goast/hemat_data/references/hg38_broad/Homo_sapiens_assembly38.masked.fasta
@SQ	SN:chrUn_JTFH01001122v1_decoy	LN:1301	M5:ccf0d28aa2b30e1d8e7ef2eafe01e849	UR:file:///goast/hemat_data/references/hg38_broad/Homo_sapiens_assembly38.masked.fasta
@SQ	SN:chrUn_JTFH01001123v1_decoy	LN:1300	M5:8bce51ab0470cf3f210d3b25582c2297	UR:file:///goast/hemat_data/references/hg38_broad/Homo_sapiens_assembly38.masked.fasta
@SQ	SN:chrUn_JTFH01001124v1_decoy	LN:1297	M5:01e9ba63de5b8b6e1a07efb0b1179f20	UR:file:///goast/hemat_data/references/hg38_broad/Homo_sapiens_assembly38.masked.fasta
@SQ	SN:chrUn_JTFH01001125v1_decoy	LN:1296	M5:dd2148d2b631c1a7e61a18155b56698f	UR:file:///goast/hemat_data/references/hg38_broad/Homo_sapiens_assembly38.masked.fasta
@SQ	SN:chrUn_JTFH01001126v1_decoy	LN:1290	M5:9e7639e4c222198ef6503cc2e1c7577d	UR:file:///goast/hemat_data/references/hg38_broad/Homo_sapiens_assembly38.masked.fasta
@SQ	SN:chrUn_JTFH01001127v1_decoy	LN:1284	M5:1ed6768a3d0449e96d3939d08102f424	UR:file:///goast/hemat_data/references/hg38_broad/Homo_sapiens_assembly38.masked.fasta
@SQ	SN:chrUn_JTFH01001128v1_decoy	LN:1282	M5:a8d94de0900b31bf20f7c16fa5eb29c4	UR:file:///goast/hemat_data/references/hg38_broad/Homo_sapiens_assembly38.masked.fasta
@SQ	SN:chrUn_JTFH01001129v1_decoy	LN:1281	M5:30eded62211ca354db518348aab06f6c	UR:file:///goast/hemat_data/references/hg38_broad/Homo_sapiens_assembly38.masked.fasta
@SQ	SN:chrUn_JTFH01001130v1_decoy	LN:1280	M5:35b60389b57134465f6d190d5955cf46	UR:file:///goast/hemat_data/references/hg38_broad/Homo_sapiens_assembly38.masked.fasta
@SQ	SN:chrUn_JTFH01001131v1_decoy	LN:1279	M5:448c65a5e874d8959bde564141823daa	UR:file:///goast/hemat_data/references/hg38_broad/Homo_sapiens_assembly38.masked.fasta
@SQ	SN:chrUn_JTFH01001132v1_decoy	LN:1272	M5:aeacf07664f294565febc34b1f8f640b	UR:file:///goast/hemat_data/references/hg38_broad/Homo_sapiens_assembly38.masked.fasta
@SQ	SN:chrUn_JTFH01001133v1_decoy	LN:1267	M5:df7730fbbc24afefb2749741f708f001	UR:file:///goast/hemat_data/references/hg38_broad/Homo_sapiens_assembly38.masked.fasta
@SQ	SN:chrUn_JTFH01001134v1_decoy	LN:1267	M5:eb717a13171c7390c1c2e91a50473c32	UR:file:///goast/hemat_data/references/hg38_broad/Homo_sapiens_assembly38.masked.fasta
@SQ	SN:chrUn_JTFH01001135v1_decoy	LN:1266	M5:76896544c6b4b9c8bc2be23ce31fbe4f	UR:file:///goast/hemat_data/references/hg38_broad/Homo_sapiens_assembly38.masked.fasta
@SQ	SN:chrUn_JTFH01001136v1_decoy	LN:1264	M5:f3195b89752559a8a693e50e17a9d0c8	UR:file:///goast/hemat_data/references/hg38_broad/Homo_sapiens_assembly38.masked.fasta
@SQ	SN:chrUn_JTFH01001137v1_decoy	LN:1264	M5:73ff474a35189bec700ddd7f25a140a9	UR:file:///goast/hemat_data/references/hg38_broad/Homo_sapiens_assembly38.masked.fasta
@SQ	SN:chrUn_JTFH01001138v1_decoy	LN:1264	M5:b090d99b3c28f2a84a801018d5843220	UR:file:///goast/hemat_data/references/hg38_broad/Homo_sapiens_assembly38.masked.fasta
@SQ	SN:chrUn_JTFH01001139v1_decoy	LN:1263	M5:a0baed3aa07a676a4fded91fd8edca4a	UR:file:///goast/hemat_data/references/hg38_broad/Homo_sapiens_assembly38.masked.fasta
@SQ	SN:chrUn_JTFH01001140v1_decoy	LN:1249	M5:0e81abee1c989a0f1ceebfa48b5eacee	UR:file:///goast/hemat_data/references/hg38_broad/Homo_sapiens_assembly38.masked.fasta
@SQ	SN:chrUn_JTFH01001141v1_decoy	LN:1240	M5:ddced69f19f82a08186fb39c0354eff3	UR:file:///goast/hemat_data/references/hg38_broad/Homo_sapiens_assembly38.masked.fasta
@SQ	SN:chrUn_JTFH01001142v1_decoy	LN:1239	M5:43ea2140da380099332cf0cb0490293d	UR:file:///goast/hemat_data/references/hg38_broad/Homo_sapiens_assembly38.masked.fasta
@SQ	SN:chrUn_JTFH01001143v1_decoy	LN:1235	M5:fe6e8b59583fb141e7b203df304e688e	UR:file:///goast/hemat_data/references/hg38_broad/Homo_sapiens_assembly38.masked.fasta
@SQ	SN:chrUn_JTFH01001144v1_decoy	LN:1235	M5:7051b4e9e0386119d27af1cbe5a2c633	UR:file:///goast/hemat_data/references/hg38_broad/Homo_sapiens_assembly38.masked.fasta
@SQ	SN:chrUn_JTFH01001145v1_decoy	LN:1233	M5:703871732eddddd1c5ade422c3a7e105	UR:file:///goast/hemat_data/references/hg38_broad/Homo_sapiens_assembly38.masked.fasta
@SQ	SN:chrUn_JTFH01001146v1_decoy	LN:1232	M5:a281258df9fd861e7ca6bdb869fd27d4	UR:file:///goast/hemat_data/references/hg38_broad/Homo_sapiens_assembly38.masked.fasta
@SQ	SN:chrUn_JTFH01001147v1_decoy	LN:1230	M5:d0939ee2b936624fd9dc5f0bb2a0cff5	UR:file:///goast/hemat_data/references/hg38_broad/Homo_sapiens_assembly38.masked.fasta
@SQ	SN:chrUn_JTFH01001148v1_decoy	LN:1226	M5:21f414046e47b5e9c13d47b9b073c6cf	UR:file:///goast/hemat_data/references/hg38_broad/Homo_sapiens_assembly38.masked.fasta
@SQ	SN:chrUn_JTFH01001149v1_decoy	LN:1223	M5:6e73b42728119fe2041f6c920248ed9a	UR:file:///goast/hemat_data/references/hg38_broad/Homo_sapiens_assembly38.masked.fasta
@SQ	SN:chrUn_JTFH01001150v1_decoy	LN:1214	M5:44865e67b99f28cb3bf0d5d89d259a99	UR:file:///goast/hemat_data/references/hg38_broad/Homo_sapiens_assembly38.masked.fasta
@SQ	SN:chrUn_JTFH01001151v1_decoy	LN:1213	M5:062e3bbeb41213d0e68f944e1911f058	UR:file:///goast/hemat_data/references/hg38_broad/Homo_sapiens_assembly38.masked.fasta
@SQ	SN:chrUn_JTFH01001152v1_decoy	LN:1211	M5:75ee5d3d8230d6db22a735709fd78e40	UR:file:///goast/hemat_data/references/hg38_broad/Homo_sapiens_assembly38.masked.fasta
@SQ	SN:chrUn_JTFH01001153v1_decoy	LN:1209	M5:8ea8e29581777bdb7e7e2435b43a9123	UR:file:///goast/hemat_data/references/hg38_broad/Homo_sapiens_assembly38.masked.fasta
@SQ	SN:chrUn_JTFH01001154v1_decoy	LN:1202	M5:5e4321979f4ad7f0e0630deaf3292360	UR:file:///goast/hemat_data/references/hg38_broad/Homo_sapiens_assembly38.masked.fasta
@SQ	SN:chrUn_JTFH01001155v1_decoy	LN:1199	M5:de05fbc3c15237ca2c8d5c37f3f66dad	UR:file:///goast/hemat_data/references/hg38_broad/Homo_sapiens_assembly38.masked.fasta
@SQ	SN:chrUn_JTFH01001156v1_decoy	LN:1197	M5:81532092e3b56c94488f88b7b40525f4	UR:file:///goast/hemat_data/references/hg38_broad/Homo_sapiens_assembly38.masked.fasta
@SQ	SN:chrUn_JTFH01001157v1_decoy	LN:1193	M5:ebc3be993ac1b9ab8acddc283066d160	UR:file:///goast/hemat_data/references/hg38_broad/Homo_sapiens_assembly38.masked.fasta
@SQ	SN:chrUn_JTFH01001158v1_decoy	LN:1191	M5:9bb2ea3006a7f808a16cf62efac3d39c	UR:file:///goast/hemat_data/references/hg38_broad/Homo_sapiens_assembly38.masked.fasta
@SQ	SN:chrUn_JTFH01001159v1_decoy	LN:1187	M5:c5586dfb4606cba7d04c9bdb9b970ca3	UR:file:///goast/hemat_data/references/hg38_broad/Homo_sapiens_assembly38.masked.fasta
@SQ	SN:chrUn_JTFH01001160v1_decoy	LN:1186	M5:8ac59cbe50a76ddb4315fa75de02a202	UR:file:///goast/hemat_data/references/hg38_broad/Homo_sapiens_assembly38.masked.fasta
@SQ	SN:chrUn_JTFH01001161v1_decoy	LN:1184	M5:1acac09b845dc4ff431c33916e819c87	UR:file:///goast/hemat_data/references/hg38_broad/Homo_sapiens_assembly38.masked.fasta
@SQ	SN:chrUn_JTFH01001162v1_decoy	LN:1184	M5:b3d7d809b498912a66c53542f6164aa9	UR:file:///goast/hemat_data/references/hg38_broad/Homo_sapiens_assembly38.masked.fasta
@SQ	SN:chrUn_JTFH01001163v1_decoy	LN:1182	M5:a06ad4e450a32bf31e43fa9794e6c635	UR:file:///goast/hemat_data/references/hg38_broad/Homo_sapiens_assembly38.masked.fasta
@SQ	SN:chrUn_JTFH01001164v1_decoy	LN:1179	M5:2fa76b3fa2caedda0d3aa46b0071fd03	UR:file:///goast/hemat_data/references/hg38_broad/Homo_sapiens_assembly38.masked.fasta
@SQ	SN:chrUn_JTFH01001165v1_decoy	LN:1173	M5:ba3aca12cb0c76e77a2ab28a3366cc21	UR:file:///goast/hemat_data/references/hg38_broad/Homo_sapiens_assembly38.masked.fasta
@SQ	SN:chrUn_JTFH01001166v1_decoy	LN:1169	M5:7eaa353b323f8eadf6cafe90fce641bd	UR:file:///goast/hemat_data/references/hg38_broad/Homo_sapiens_assembly38.masked.fasta
@SQ	SN:chrUn_JTFH01001167v1_decoy	LN:1167	M5:61d674b4fcb995535cf94aa7ee127946	UR:file:///goast/hemat_data/references/hg38_broad/Homo_sapiens_assembly38.masked.fasta
@SQ	SN:chrUn_JTFH01001168v1_decoy	LN:1166	M5:38aa98ae17ee349012bee80c9828adfe	UR:file:///goast/hemat_data/references/hg38_broad/Homo_sapiens_assembly38.masked.fasta
@SQ	SN:chrUn_JTFH01001169v1_decoy	LN:1165	M5:bbd8f8056d59712fd77f6bbaddca57b1	UR:file:///goast/hemat_data/references/hg38_broad/Homo_sapiens_assembly38.masked.fasta
@SQ	SN:chrUn_JTFH01001170v1_decoy	LN:1164	M5:807bdf141f9ae4103c56e43d949f531e	UR:file:///goast/hemat_data/references/hg38_broad/Homo_sapiens_assembly38.masked.fasta
@SQ	SN:chrUn_JTFH01001171v1_decoy	LN:1163	M5:cd8efaef0aa61647e740aa2b0e22ecd4	UR:file:///goast/hemat_data/references/hg38_broad/Homo_sapiens_assembly38.masked.fasta
@SQ	SN:chrUn_JTFH01001172v1_decoy	LN:1158	M5:3e53721e66305f3f2b4da98d998268d4	UR:file:///goast/hemat_data/references/hg38_broad/Homo_sapiens_assembly38.masked.fasta
@SQ	SN:chrUn_JTFH01001173v1_decoy	LN:1158	M5:8ba71ae4bcbf61a48eabeee68296f62e	UR:file:///goast/hemat_data/references/hg38_broad/Homo_sapiens_assembly38.masked.fasta
@SQ	SN:chrUn_JTFH01001174v1_decoy	LN:1157	M5:b99ae11f6934e857cb9399ae6c41824f	UR:file:///goast/hemat_data/references/hg38_broad/Homo_sapiens_assembly38.masked.fasta
@SQ	SN:chrUn_JTFH01001175v1_decoy	LN:1157	M5:bbc9020c1846bb053b237d5b0478531d	UR:file:///goast/hemat_data/references/hg38_broad/Homo_sapiens_assembly38.masked.fasta
@SQ	SN:chrUn_JTFH01001176v1_decoy	LN:1157	M5:52700c360bd82baf97d7bc5fd70a9825	UR:file:///goast/hemat_data/references/hg38_broad/Homo_sapiens_assembly38.masked.fasta
@SQ	SN:chrUn_JTFH01001177v1_decoy	LN:1155	M5:8e366717b85c08e01d0acc612724c6b8	UR:file:///goast/hemat_data/references/hg38_broad/Homo_sapiens_assembly38.masked.fasta
@SQ	SN:chrUn_JTFH01001178v1_decoy	LN:1154	M5:53cfcde178b82cf94450e6ecc610ef24	UR:file:///goast/hemat_data/references/hg38_broad/Homo_sapiens_assembly38.masked.fasta
@SQ	SN:chrUn_JTFH01001179v1_decoy	LN:1149	M5:857f173eae9d86a6ed33b462c9607c5e	UR:file:///goast/hemat_data/references/hg38_broad/Homo_sapiens_assembly38.masked.fasta
@SQ	SN:chrUn_JTFH01001180v1_decoy	LN:1148	M5:ea231418525b44371f390a8a2a11af78	UR:file:///goast/hemat_data/references/hg38_broad/Homo_sapiens_assembly38.masked.fasta
@SQ	SN:chrUn_JTFH01001181v1_decoy	LN:1148	M5:5a71efd43a930d44ebcb3574bb9cc031	UR:file:///goast/hemat_data/references/hg38_broad/Homo_sapiens_assembly38.masked.fasta
@SQ	SN:chrUn_JTFH01001182v1_decoy	LN:1146	M5:c8f128dd7893d4ec3036e468d8bd6522	UR:file:///goast/hemat_data/references/hg38_broad/Homo_sapiens_assembly38.masked.fasta
@SQ	SN:chrUn_JTFH01001183v1_decoy	LN:1144	M5:3cc0de0dd79e700a3369cf024230bc41	UR:file:///goast/hemat_data/references/hg38_broad/Homo_sapiens_assembly38.masked.fasta
@SQ	SN:chrUn_JTFH01001184v1_decoy	LN:1140	M5:fe4503df1d12b851a419140fa4b4173f	UR:file:///goast/hemat_data/references/hg38_broad/Homo_sapiens_assembly38.masked.fasta
@SQ	SN:chrUn_JTFH01001185v1_decoy	LN:1136	M5:224b91af2e2925de5d844cccabcf05ba	UR:file:///goast/hemat_data/references/hg38_broad/Homo_sapiens_assembly38.masked.fasta
@SQ	SN:chrUn_JTFH01001186v1_decoy	LN:1134	M5:cfbd851609b789f2899a3be61d9127c8	UR:file:///goast/hemat_data/references/hg38_broad/Homo_sapiens_assembly38.masked.fasta
@SQ	SN:chrUn_JTFH01001187v1_decoy	LN:1133	M5:463b232f53f888f5d3bf049f131ebba1	UR:file:///goast/hemat_data/references/hg38_broad/Homo_sapiens_assembly38.masked.fasta
@SQ	SN:chrUn_JTFH01001188v1_decoy	LN:1129	M5:1e9b1998943db973b5af6f8d3f8cc934	UR:file:///goast/hemat_data/references/hg38_broad/Homo_sapiens_assembly38.masked.fasta
@SQ	SN:chrUn_JTFH01001189v1_decoy	LN:1127	M5:e780622b257020939988b4785d91218a	UR:file:///goast/hemat_data/references/hg38_broad/Homo_sapiens_assembly38.masked.fasta
@SQ	SN:chrUn_JTFH01001190v1_decoy	LN:1127	M5:7efc9fb11679f19ad35fe9371a9dbb1e	UR:file:///goast/hemat_data/references/hg38_broad/Homo_sapiens_assembly38.masked.fasta
@SQ	SN:chrUn_JTFH01001191v1_decoy	LN:1118	M5:911cf50162dfce9f1bec2ae5f5ffcd74	UR:file:///goast/hemat_data/references/hg38_broad/Homo_sapiens_assembly38.masked.fasta
@SQ	SN:chrUn_JTFH01001192v1_decoy	LN:1110	M5:e8f80a36c02331c337e0b327ff8faf9f	UR:file:///goast/hemat_data/references/hg38_broad/Homo_sapiens_assembly38.masked.fasta
@SQ	SN:chrUn_JTFH01001193v1_decoy	LN:1104	M5:807ca6abca6229d97d8e363a0d01228f	UR:file:///goast/hemat_data/references/hg38_broad/Homo_sapiens_assembly38.masked.fasta
@SQ	SN:chrUn_JTFH01001194v1_decoy	LN:1104	M5:0f010a7025fef93df6efa5c5bf5a0f20	UR:file:///goast/hemat_data/references/hg38_broad/Homo_sapiens_assembly38.masked.fasta
@SQ	SN:chrUn_JTFH01001195v1_decoy	LN:1101	M5:1c2dc8ff99f4cc1ff11ad3d16b9f272a	UR:file:///goast/hemat_data/references/hg38_broad/Homo_sapiens_assembly38.masked.fasta
@SQ	SN:chrUn_JTFH01001196v1_decoy	LN:1098	M5:cb8ee97689963848f0ab08fab52ac3a0	UR:file:///goast/hemat_data/references/hg38_broad/Homo_sapiens_assembly38.masked.fasta
@SQ	SN:chrUn_JTFH01001197v1_decoy	LN:1096	M5:0724eae831018e8ab18798c02eaa4f1a	UR:file:///goast/hemat_data/references/hg38_broad/Homo_sapiens_assembly38.masked.fasta
@SQ	SN:chrUn_JTFH01001198v1_decoy	LN:1094	M5:fefb3d4308c57ce507d9c50c88eaae9f	UR:file:///goast/hemat_data/references/hg38_broad/Homo_sapiens_assembly38.masked.fasta
@SQ	SN:chrUn_JTFH01001199v1_decoy	LN:1091	M5:a86fb31cc351320639079ba611824352	UR:file:///goast/hemat_data/references/hg38_broad/Homo_sapiens_assembly38.masked.fasta
@SQ	SN:chrUn_JTFH01001200v1_decoy	LN:1089	M5:b75ffa24b8714c207a1d8de82e0812f5	UR:file:///goast/hemat_data/references/hg38_broad/Homo_sapiens_assembly38.masked.fasta
@SQ	SN:chrUn_JTFH01001201v1_decoy	LN:1086	M5:0fcd8b558e0ab2ccf0b0d8bc3db23d07	UR:file:///goast/hemat_data/references/hg38_broad/Homo_sapiens_assembly38.masked.fasta
@SQ	SN:chrUn_JTFH01001202v1_decoy	LN:1085	M5:9e3b81bef0ba768284fd5cdc7b7ccf13	UR:file:///goast/hemat_data/references/hg38_broad/Homo_sapiens_assembly38.masked.fasta
@SQ	SN:chrUn_JTFH01001203v1_decoy	LN:1084	M5:35268d23224ae41608aa13bd7fdc7fdd	UR:file:///goast/hemat_data/references/hg38_broad/Homo_sapiens_assembly38.masked.fasta
@SQ	SN:chrUn_JTFH01001204v1_decoy	LN:1083	M5:a74077cc79c0fe324530f49b263b3307	UR:file:///goast/hemat_data/references/hg38_broad/Homo_sapiens_assembly38.masked.fasta
@SQ	SN:chrUn_JTFH01001205v1_decoy	LN:1083	M5:cc88bb09f7a6ad37d5d5bf95400fc329	UR:file:///goast/hemat_data/references/hg38_broad/Homo_sapiens_assembly38.masked.fasta
@SQ	SN:chrUn_JTFH01001206v1_decoy	LN:1079	M5:35f5a907b81ef8dbf77ec725790583dc	UR:file:///goast/hemat_data/references/hg38_broad/Homo_sapiens_assembly38.masked.fasta
@SQ	SN:chrUn_JTFH01001207v1_decoy	LN:1076	M5:de787959b71e3c620c8ef7e41f6bf5b6	UR:file:///goast/hemat_data/references/hg38_broad/Homo_sapiens_assembly38.masked.fasta
@SQ	SN:chrUn_JTFH01001208v1_decoy	LN:1069	M5:062313b0d5e67fee9d60100c7938397d	UR:file:///goast/hemat_data/references/hg38_broad/Homo_sapiens_assembly38.masked.fasta
@SQ	SN:chrUn_JTFH01001209v1_decoy	LN:1068	M5:93480c74c7540c0e7af8c2576e2b9dac	UR:file:///goast/hemat_data/references/hg38_broad/Homo_sapiens_assembly38.masked.fasta
@SQ	SN:chrUn_JTFH01001210v1_decoy	LN:1067	M5:8f8b744585f712f3e0f83707464cf886	UR:file:///goast/hemat_data/references/hg38_broad/Homo_sapiens_assembly38.masked.fasta
@SQ	SN:chrUn_JTFH01001211v1_decoy	LN:1067	M5:929d9dd00e1ad8454c70511ea362a4e8	UR:file:///goast/hemat_data/references/hg38_broad/Homo_sapiens_assembly38.masked.fasta
@SQ	SN:chrUn_JTFH01001212v1_decoy	LN:1067	M5:24aa3c508b845b2b1048334ce78332c8	UR:file:///goast/hemat_data/references/hg38_broad/Homo_sapiens_assembly38.masked.fasta
@SQ	SN:chrUn_JTFH01001213v1_decoy	LN:1063	M5:29f3cd44f918aff7d3164e28bfddb98c	UR:file:///goast/hemat_data/references/hg38_broad/Homo_sapiens_assembly38.masked.fasta
@SQ	SN:chrUn_JTFH01001214v1_decoy	LN:1062	M5:12f432068dd357613e770c93cafe0452	UR:file:///goast/hemat_data/references/hg38_broad/Homo_sapiens_assembly38.masked.fasta
@SQ	SN:chrUn_JTFH01001215v1_decoy	LN:1059	M5:47cb3f694ffe2d6ce654ed3b6cb5e3f7	UR:file:///goast/hemat_data/references/hg38_broad/Homo_sapiens_assembly38.masked.fasta
@SQ	SN:chrUn_JTFH01001216v1_decoy	LN:1058	M5:f49ebea87cb9479f2d50f484c3217850	UR:file:///goast/hemat_data/references/hg38_broad/Homo_sapiens_assembly38.masked.fasta
@SQ	SN:chrUn_JTFH01001217v1_decoy	LN:1058	M5:4828d8055dbb4bfe4f703bb55a2ba1f2	UR:file:///goast/hemat_data/references/hg38_broad/Homo_sapiens_assembly38.masked.fasta
@SQ	SN:chrUn_JTFH01001218v1_decoy	LN:1055	M5:6feebb18b6b36dd7c31078b901101e23	UR:file:///goast/hemat_data/references/hg38_broad/Homo_sapiens_assembly38.masked.fasta
@SQ	SN:chrUn_JTFH01001219v1_decoy	LN:1054	M5:bbd43557ef56c3c1b056aa213470e130	UR:file:///goast/hemat_data/references/hg38_broad/Homo_sapiens_assembly38.masked.fasta
@SQ	SN:chrUn_JTFH01001220v1_decoy	LN:1054	M5:135c9383230d02f4fa50cd9ef42c51d8	UR:file:///goast/hemat_data/references/hg38_broad/Homo_sapiens_assembly38.masked.fasta
@SQ	SN:chrUn_JTFH01001221v1_decoy	LN:1053	M5:bf3402855155585fef154c6f26c2f42f	UR:file:///goast/hemat_data/references/hg38_broad/Homo_sapiens_assembly38.masked.fasta
@SQ	SN:chrUn_JTFH01001222v1_decoy	LN:1053	M5:55f5597ffafbca066600c886b78932ab	UR:file:///goast/hemat_data/references/hg38_broad/Homo_sapiens_assembly38.masked.fasta
@SQ	SN:chrUn_JTFH01001223v1_decoy	LN:1052	M5:777b4dde14fe0e0c5aff39ba12f25d7a	UR:file:///goast/hemat_data/references/hg38_broad/Homo_sapiens_assembly38.masked.fasta
@SQ	SN:chrUn_JTFH01001224v1_decoy	LN:1051	M5:f46bdaf70049d1b5dcdcf4d9bb8bb616	UR:file:///goast/hemat_data/references/hg38_broad/Homo_sapiens_assembly38.masked.fasta
@SQ	SN:chrUn_JTFH01001225v1_decoy	LN:1049	M5:a1ecf64987c3a271019ca2bcf6dfb797	UR:file:///goast/hemat_data/references/hg38_broad/Homo_sapiens_assembly38.masked.fasta
@SQ	SN:chrUn_JTFH01001226v1_decoy	LN:1047	M5:c2548a36b128c6216d1689299d9bc6e8	UR:file:///goast/hemat_data/references/hg38_broad/Homo_sapiens_assembly38.masked.fasta
@SQ	SN:chrUn_JTFH01001227v1_decoy	LN:1044	M5:57aaa99e04236628ee2e2c48688a28e3	UR:file:///goast/hemat_data/references/hg38_broad/Homo_sapiens_assembly38.masked.fasta
@SQ	SN:chrUn_JTFH01001228v1_decoy	LN:1043	M5:8ab15ca1a985afa87ec7a9cf048505ef	UR:file:///goast/hemat_data/references/hg38_broad/Homo_sapiens_assembly38.masked.fasta
@SQ	SN:chrUn_JTFH01001229v1_decoy	LN:1043	M5:ad851f750b29642813387f1b00a09791	UR:file:///goast/hemat_data/references/hg38_broad/Homo_sapiens_assembly38.masked.fasta
@SQ	SN:chrUn_JTFH01001230v1_decoy	LN:1042	M5:794f6bbb5ddfaa81ad10c9f97e460d93	UR:file:///goast/hemat_data/references/hg38_broad/Homo_sapiens_assembly38.masked.fasta
@SQ	SN:chrUn_JTFH01001231v1_decoy	LN:1042	M5:a88fd0ab44445757ce49b2886b3483dc	UR:file:///goast/hemat_data/references/hg38_broad/Homo_sapiens_assembly38.masked.fasta
@SQ	SN:chrUn_JTFH01001232v1_decoy	LN:1041	M5:16cfe1e6b786b55e14e1c23b0010abd7	UR:file:///goast/hemat_data/references/hg38_broad/Homo_sapiens_assembly38.masked.fasta
@SQ	SN:chrUn_JTFH01001233v1_decoy	LN:1040	M5:03f3627a2f7242721c8ba740808d67d3	UR:file:///goast/hemat_data/references/hg38_broad/Homo_sapiens_assembly38.masked.fasta
@SQ	SN:chrUn_JTFH01001234v1_decoy	LN:1039	M5:2bd140282d454fa86b3d845400c68456	UR:file:///goast/hemat_data/references/hg38_broad/Homo_sapiens_assembly38.masked.fasta
@SQ	SN:chrUn_JTFH01001235v1_decoy	LN:1038	M5:44928251b94a7ba7b6d78cfdc7b74903	UR:file:///goast/hemat_data/references/hg38_broad/Homo_sapiens_assembly38.masked.fasta
@SQ	SN:chrUn_JTFH01001236v1_decoy	LN:1037	M5:0021932312a252327115aef207a22260	UR:file:///goast/hemat_data/references/hg38_broad/Homo_sapiens_assembly38.masked.fasta
@SQ	SN:chrUn_JTFH01001237v1_decoy	LN:1037	M5:7ff32784d45f4a2b9d90d895152d8586	UR:file:///goast/hemat_data/references/hg38_broad/Homo_sapiens_assembly38.masked.fasta
@SQ	SN:chrUn_JTFH01001238v1_decoy	LN:1035	M5:cafb9e327ae844419f531cc74ad34c2a	UR:file:///goast/hemat_data/references/hg38_broad/Homo_sapiens_assembly38.masked.fasta
@SQ	SN:chrUn_JTFH01001239v1_decoy	LN:1027	M5:87b6d1b7895e0e98849ddb847f85e535	UR:file:///goast/hemat_data/references/hg38_broad/Homo_sapiens_assembly38.masked.fasta
@SQ	SN:chrUn_JTFH01001240v1_decoy	LN:1021	M5:9f34ec8f23890b5c5ec129f3aa55fb28	UR:file:///goast/hemat_data/references/hg38_broad/Homo_sapiens_assembly38.masked.fasta
@SQ	SN:chrUn_JTFH01001241v1_decoy	LN:1021	M5:52f88af4a5a6b8a7171df7143c99cec1	UR:file:///goast/hemat_data/references/hg38_broad/Homo_sapiens_assembly38.masked.fasta
@SQ	SN:chrUn_JTFH01001242v1_decoy	LN:1019	M5:093ab05e7ea2f698daf568af4a5f9314	UR:file:///goast/hemat_data/references/hg38_broad/Homo_sapiens_assembly38.masked.fasta
@SQ	SN:chrUn_JTFH01001243v1_decoy	LN:1019	M5:322f96479243e771eb980526832e662f	UR:file:///goast/hemat_data/references/hg38_broad/Homo_sapiens_assembly38.masked.fasta
@SQ	SN:chrUn_JTFH01001244v1_decoy	LN:1016	M5:cf6212ddc0a137e657fec0764722dcad	UR:file:///goast/hemat_data/references/hg38_broad/Homo_sapiens_assembly38.masked.fasta
@SQ	SN:chrUn_JTFH01001245v1_decoy	LN:1014	M5:21eab5ad8f971f8753d0aee1004c1335	UR:file:///goast/hemat_data/references/hg38_broad/Homo_sapiens_assembly38.masked.fasta
@SQ	SN:chrUn_JTFH01001246v1_decoy	LN:1013	M5:3c7ad60ac9394211fb081912b61e0f03	UR:file:///goast/hemat_data/references/hg38_broad/Homo_sapiens_assembly38.masked.fasta
@SQ	SN:chrUn_JTFH01001247v1_decoy	LN:1009	M5:09f86dc178eeb4ecffafd9734a2afd5c	UR:file:///goast/hemat_data/references/hg38_broad/Homo_sapiens_assembly38.masked.fasta
@SQ	SN:chrUn_JTFH01001248v1_decoy	LN:1008	M5:43929eb34efd2bbaf9f730d06a1e4799	UR:file:///goast/hemat_data/references/hg38_broad/Homo_sapiens_assembly38.masked.fasta
@SQ	SN:chrUn_JTFH01001249v1_decoy	LN:1007	M5:494ad809a7d99f4147c2398821be92a9	UR:file:///goast/hemat_data/references/hg38_broad/Homo_sapiens_assembly38.masked.fasta
@SQ	SN:chrUn_JTFH01001250v1_decoy	LN:1004	M5:589a72200353f7537edc3a9acccfe913	UR:file:///goast/hemat_data/references/hg38_broad/Homo_sapiens_assembly38.masked.fasta
@SQ	SN:chrUn_JTFH01001251v1_decoy	LN:1004	M5:183d62e7208aff9604bbbf27702052f2	UR:file:///goast/hemat_data/references/hg38_broad/Homo_sapiens_assembly38.masked.fasta
@SQ	SN:chrUn_JTFH01001252v1_decoy	LN:1003	M5:8f62a1d759dfd3a68b63b88c50e5fa85	UR:file:///goast/hemat_data/references/hg38_broad/Homo_sapiens_assembly38.masked.fasta
@SQ	SN:chrUn_JTFH01001253v1_decoy	LN:1001	M5:0bae6492e6a77abd67b50475fa94a80d	UR:file:///goast/hemat_data/references/hg38_broad/Homo_sapiens_assembly38.masked.fasta
@SQ	SN:chrUn_JTFH01001254v1_decoy	LN:1000	M5:6c3e8a079341eb05dd337a0413754070	UR:file:///goast/hemat_data/references/hg38_broad/Homo_sapiens_assembly38.masked.fasta
@SQ	SN:chrUn_JTFH01001255v1_decoy	LN:1000	M5:39444bfd408b4e184afe6e0476041965	UR:file:///goast/hemat_data/references/hg38_broad/Homo_sapiens_assembly38.masked.fasta
@SQ	SN:chrUn_JTFH01001256v1_decoy	LN:1000	M5:44d266b549830722a7a161606171afd9	UR:file:///goast/hemat_data/references/hg38_broad/Homo_sapiens_assembly38.masked.fasta
@SQ	SN:chrUn_JTFH01001257v1_decoy	LN:17929	M5:329d6c2a67aaff331fd020d0c9627310	UR:file:///goast/hemat_data/references/hg38_broad/Homo_sapiens_assembly38.masked.fasta
@SQ	SN:chrUn_JTFH01001258v1_decoy	LN:9749	M5:446c5fb7d2e7af681df8773fae61fb27	UR:file:///goast/hemat_data/references/hg38_broad/Homo_sapiens_assembly38.masked.fasta
@SQ	SN:chrUn_JTFH01001259v1_decoy	LN:8053	M5:83998e69640a5925a4a86054bce5f2ed	UR:file:///goast/hemat_data/references/hg38_broad/Homo_sapiens_assembly38.masked.fasta
@SQ	SN:chrUn_JTFH01001260v1_decoy	LN:7826	M5:30c34924be761a9b459c27c08f1f85e5	UR:file:///goast/hemat_data/references/hg38_broad/Homo_sapiens_assembly38.masked.fasta
@SQ	SN:chrUn_JTFH01001261v1_decoy	LN:7768	M5:32d54ea636150f497c9484a714b37b8b	UR:file:///goast/hemat_data/references/hg38_broad/Homo_sapiens_assembly38.masked.fasta
@SQ	SN:chrUn_JTFH01001262v1_decoy	LN:5691	M5:ed6cb5bb44a3cfa13f40e14e70bd5fda	UR:file:///goast/hemat_data/references/hg38_broad/Homo_sapiens_assembly38.masked.fasta
@SQ	SN:chrUn_JTFH01001263v1_decoy	LN:5444	M5:40da5cd1840a6368532eaf7e9e4dbe8b	UR:file:///goast/hemat_data/references/hg38_broad/Homo_sapiens_assembly38.masked.fasta
@SQ	SN:chrUn_JTFH01001264v1_decoy	LN:5077	M5:ea25764cf81ce3030520b86de80c9758	UR:file:///goast/hemat_data/references/hg38_broad/Homo_sapiens_assembly38.masked.fasta
@SQ	SN:chrUn_JTFH01001265v1_decoy	LN:4990	M5:be003e2c8206a15f2159483f284c898a	UR:file:///goast/hemat_data/references/hg38_broad/Homo_sapiens_assembly38.masked.fasta
@SQ	SN:chrUn_JTFH01001266v1_decoy	LN:4545	M5:f2f37f70dde8161d632cee33ff5ba435	UR:file:///goast/hemat_data/references/hg38_broad/Homo_sapiens_assembly38.masked.fasta
@SQ	SN:chrUn_JTFH01001267v1_decoy	LN:4544	M5:2b0987b0fb64b16ed454eaff1b74be84	UR:file:///goast/hemat_data/references/hg38_broad/Homo_sapiens_assembly38.masked.fasta
@SQ	SN:chrUn_JTFH01001268v1_decoy	LN:4202	M5:78643a9f481cc635295ad076fe1e82bc	UR:file:///goast/hemat_data/references/hg38_broad/Homo_sapiens_assembly38.masked.fasta
@SQ	SN:chrUn_JTFH01001269v1_decoy	LN:4195	M5:eb3537b9b9d637c74f1d3b43e5fd06c9	UR:file:///goast/hemat_data/references/hg38_broad/Homo_sapiens_assembly38.masked.fasta
@SQ	SN:chrUn_JTFH01001270v1_decoy	LN:3807	M5:dc3d4eca4636d838ee52fe920bbffbfe	UR:file:///goast/hemat_data/references/hg38_broad/Homo_sapiens_assembly38.masked.fasta
@SQ	SN:chrUn_JTFH01001271v1_decoy	LN:3741	M5:dc2e137e3cac9a5093030c34fa68c2ad	UR:file:///goast/hemat_data/references/hg38_broad/Homo_sapiens_assembly38.masked.fasta
@SQ	SN:chrUn_JTFH01001272v1_decoy	LN:3699	M5:db44a6f6dcd56edde16009cdfc186ccb	UR:file:///goast/hemat_data/references/hg38_broad/Homo_sapiens_assembly38.masked.fasta
@SQ	SN:chrUn_JTFH01001273v1_decoy	LN:3640	M5:5bda6902f082f2b4a6823836d5d0b48c	UR:file:///goast/hemat_data/references/hg38_broad/Homo_sapiens_assembly38.masked.fasta
@SQ	SN:chrUn_JTFH01001274v1_decoy	LN:3531	M5:2740aeab0828fa2d4f2789d353a40b8c	UR:file:///goast/hemat_data/references/hg38_broad/Homo_sapiens_assembly38.masked.fasta
@SQ	SN:chrUn_JTFH01001275v1_decoy	LN:3455	M5:03cdb0fa6bc0f56dc7266334229fca85	UR:file:///goast/hemat_data/references/hg38_broad/Homo_sapiens_assembly38.masked.fasta
@SQ	SN:chrUn_JTFH01001276v1_decoy	LN:3411	M5:2127857d57a589d739a30316547e9447	UR:file:///goast/hemat_data/references/hg38_broad/Homo_sapiens_assembly38.masked.fasta
@SQ	SN:chrUn_JTFH01001277v1_decoy	LN:3387	M5:6b2e8c2f953822e034c233e94c710473	UR:file:///goast/hemat_data/references/hg38_broad/Homo_sapiens_assembly38.masked.fasta
@SQ	SN:chrUn_JTFH01001278v1_decoy	LN:3358	M5:61be95906f76f332c029bcaaca590c79	UR:file:///goast/hemat_data/references/hg38_broad/Homo_sapiens_assembly38.masked.fasta
@SQ	SN:chrUn_JTFH01001279v1_decoy	LN:3285	M5:3c9976ca87f24507e195746c96cd0b4f	UR:file:///goast/hemat_data/references/hg38_broad/Homo_sapiens_assembly38.masked.fasta
@SQ	SN:chrUn_JTFH01001280v1_decoy	LN:3273	M5:8e25e50d38f8fb4cbe34cb3c83f14fc5	UR:file:///goast/hemat_data/references/hg38_broad/Homo_sapiens_assembly38.masked.fasta
@SQ	SN:chrUn_JTFH01001281v1_decoy	LN:3262	M5:c1e6634aa95f817084fc1e1eced2abad	UR:file:///goast/hemat_data/references/hg38_broad/Homo_sapiens_assembly38.masked.fasta
@SQ	SN:chrUn_JTFH01001282v1_decoy	LN:3259	M5:eded84ead1eb3b92edb6b77f27f8c4f6	UR:file:///goast/hemat_data/references/hg38_broad/Homo_sapiens_assembly38.masked.fasta
@SQ	SN:chrUn_JTFH01001283v1_decoy	LN:3222	M5:08c79b1d017ddd4136c42b4cb8c16e5c	UR:file:///goast/hemat_data/references/hg38_broad/Homo_sapiens_assembly38.masked.fasta
@SQ	SN:chrUn_JTFH01001284v1_decoy	LN:3127	M5:78f9666a13abcf03877f434199528e58	UR:file:///goast/hemat_data/references/hg38_broad/Homo_sapiens_assembly38.masked.fasta
@SQ	SN:chrUn_JTFH01001285v1_decoy	LN:3110	M5:19e028e80d77e35d088ea23eb52c9f68	UR:file:///goast/hemat_data/references/hg38_broad/Homo_sapiens_assembly38.masked.fasta
@SQ	SN:chrUn_JTFH01001286v1_decoy	LN:3104	M5:7f7ac2759ee408d0324f4841b60eb208	UR:file:///goast/hemat_data/references/hg38_broad/Homo_sapiens_assembly38.masked.fasta
@SQ	SN:chrUn_JTFH01001287v1_decoy	LN:3071	M5:cea9d8679bb3eacfb8b04f6ebbf1d4da	UR:file:///goast/hemat_data/references/hg38_broad/Homo_sapiens_assembly38.masked.fasta
@SQ	SN:chrUn_JTFH01001288v1_decoy	LN:3063	M5:52b2d8ce5acdb6c47cd5cf7924b1bc24	UR:file:///goast/hemat_data/references/hg38_broad/Homo_sapiens_assembly38.masked.fasta
@SQ	SN:chrUn_JTFH01001289v1_decoy	LN:3059	M5:8f356c7dd57f009b249e5147f708ff1a	UR:file:///goast/hemat_data/references/hg38_broad/Homo_sapiens_assembly38.masked.fasta
@SQ	SN:chrUn_JTFH01001290v1_decoy	LN:2990	M5:5ef88696d7bd42f40685d222c13e3750	UR:file:///goast/hemat_data/references/hg38_broad/Homo_sapiens_assembly38.masked.fasta
@SQ	SN:chrUn_JTFH01001291v1_decoy	LN:2986	M5:5e39db2cc6d246fa9083dae9ffacda96	UR:file:///goast/hemat_data/references/hg38_broad/Homo_sapiens_assembly38.masked.fasta
@SQ	SN:chrUn_JTFH01001292v1_decoy	LN:2928	M5:09a5226cdb11c4ba418a8bdf844de126	UR:file:///goast/hemat_data/references/hg38_broad/Homo_sapiens_assembly38.masked.fasta
@SQ	SN:chrUn_JTFH01001293v1_decoy	LN:2922	M5:0b5455a2f20844d83c853abef966cffa	UR:file:///goast/hemat_data/references/hg38_broad/Homo_sapiens_assembly38.masked.fasta
@SQ	SN:chrUn_JTFH01001294v1_decoy	LN:2875	M5:82e9fdbdba365f9449c25c473beabbcd	UR:file:///goast/hemat_data/references/hg38_broad/Homo_sapiens_assembly38.masked.fasta
@SQ	SN:chrUn_JTFH01001295v1_decoy	LN:2859	M5:f0957c602b216d5ed18be6c38733aaf1	UR:file:///goast/hemat_data/references/hg38_broad/Homo_sapiens_assembly38.masked.fasta
@SQ	SN:chrUn_JTFH01001296v1_decoy	LN:2850	M5:183158b1e867bb90712701171e344b1c	UR:file:///goast/hemat_data/references/hg38_broad/Homo_sapiens_assembly38.masked.fasta
@SQ	SN:chrUn_JTFH01001297v1_decoy	LN:2813	M5:cad265dba180a6379fe3ff72f3874c51	UR:file:///goast/hemat_data/references/hg38_broad/Homo_sapiens_assembly38.masked.fasta
@SQ	SN:chrUn_JTFH01001298v1_decoy	LN:2785	M5:b2dea38e300ff000f19f2ed7c17637ea	UR:file:///goast/hemat_data/references/hg38_broad/Homo_sapiens_assembly38.masked.fasta
@SQ	SN:chrUn_JTFH01001299v1_decoy	LN:2736	M5:75d2dcbfc2388d15030e0f3414952222	UR:file:///goast/hemat_data/references/hg38_broad/Homo_sapiens_assembly38.masked.fasta
@SQ	SN:chrUn_JTFH01001300v1_decoy	LN:2688	M5:0a109d9d73d2f16494f280419a294b45	UR:file:///goast/hemat_data/references/hg38_broad/Homo_sapiens_assembly38.masked.fasta
@SQ	SN:chrUn_JTFH01001301v1_decoy	LN:2658	M5:3d83558c586ec81407c8717d1bcf07f3	UR:file:///goast/hemat_data/references/hg38_broad/Homo_sapiens_assembly38.masked.fasta
@SQ	SN:chrUn_JTFH01001302v1_decoy	LN:2643	M5:c91faf6dba1b10dadf69cfb999d96386	UR:file:///goast/hemat_data/references/hg38_broad/Homo_sapiens_assembly38.masked.fasta
@SQ	SN:chrUn_JTFH01001303v1_decoy	LN:2618	M5:10b7e187737a04307d41acec7960dffe	UR:file:///goast/hemat_data/references/hg38_broad/Homo_sapiens_assembly38.masked.fasta
@SQ	SN:chrUn_JTFH01001304v1_decoy	LN:2605	M5:3385ffd5cef2e207dd33adbc369436c9	UR:file:///goast/hemat_data/references/hg38_broad/Homo_sapiens_assembly38.masked.fasta
@SQ	SN:chrUn_JTFH01001305v1_decoy	LN:2583	M5:4906d3167051868d21d54e95faccf81d	UR:file:///goast/hemat_data/references/hg38_broad/Homo_sapiens_assembly38.masked.fasta
@SQ	SN:chrUn_JTFH01001306v1_decoy	LN:2534	M5:b315ca81b05ca7fa9b615787a3b18066	UR:file:///goast/hemat_data/references/hg38_broad/Homo_sapiens_assembly38.masked.fasta
@SQ	SN:chrUn_JTFH01001307v1_decoy	LN:2512	M5:fa1111a29692e4566683516ee2cb9829	UR:file:///goast/hemat_data/references/hg38_broad/Homo_sapiens_assembly38.masked.fasta
@SQ	SN:chrUn_JTFH01001308v1_decoy	LN:2500	M5:51a81bda9467ea2f1691f1136a69d3a7	UR:file:///goast/hemat_data/references/hg38_broad/Homo_sapiens_assembly38.masked.fasta
@SQ	SN:chrUn_JTFH01001309v1_decoy	LN:2481	M5:66e34aaf92c2486bd4c11db6543995e6	UR:file:///goast/hemat_data/references/hg38_broad/Homo_sapiens_assembly38.masked.fasta
@SQ	SN:chrUn_JTFH01001310v1_decoy	LN:2478	M5:c4ac4ca4a4312da763c265a008380d31	UR:file:///goast/hemat_data/references/hg38_broad/Homo_sapiens_assembly38.masked.fasta
@SQ	SN:chrUn_JTFH01001311v1_decoy	LN:2473	M5:464b136e01802236f8fcd38d3f548eb8	UR:file:///goast/hemat_data/references/hg38_broad/Homo_sapiens_assembly38.masked.fasta
@SQ	SN:chrUn_JTFH01001312v1_decoy	LN:2467	M5:b4c84cee8bcb72c5b5260d702510937f	UR:file:///goast/hemat_data/references/hg38_broad/Homo_sapiens_assembly38.masked.fasta
@SQ	SN:chrUn_JTFH01001313v1_decoy	LN:2442	M5:9d63b837b16220bf689f455bdc1d96c2	UR:file:///goast/hemat_data/references/hg38_broad/Homo_sapiens_assembly38.masked.fasta
@SQ	SN:chrUn_JTFH01001314v1_decoy	LN:2430	M5:56acbbe636fd49946581fc122c6688d9	UR:file:///goast/hemat_data/references/hg38_broad/Homo_sapiens_assembly38.masked.fasta
@SQ	SN:chrUn_JTFH01001315v1_decoy	LN:2417	M5:8082a8e6410572af77ebb845f8c1df94	UR:file:///goast/hemat_data/references/hg38_broad/Homo_sapiens_assembly38.masked.fasta
@SQ	SN:chrUn_JTFH01001316v1_decoy	LN:2408	M5:9a55c9ad04d332fd58a9914422f7d836	UR:file:///goast/hemat_data/references/hg38_broad/Homo_sapiens_assembly38.masked.fasta
@SQ	SN:chrUn_JTFH01001317v1_decoy	LN:2395	M5:c6c6115fb6941b48dc5a0abc409f5eac	UR:file:///goast/hemat_data/references/hg38_broad/Homo_sapiens_assembly38.masked.fasta
@SQ	SN:chrUn_JTFH01001318v1_decoy	LN:2352	M5:755f704f0ecbfcbbfd31d8f375c83c5b	UR:file:///goast/hemat_data/references/hg38_broad/Homo_sapiens_assembly38.masked.fasta
@SQ	SN:chrUn_JTFH01001319v1_decoy	LN:2337	M5:666a5906da91f80774c953543fb9c2c7	UR:file:///goast/hemat_data/references/hg38_broad/Homo_sapiens_assembly38.masked.fasta
@SQ	SN:chrUn_JTFH01001320v1_decoy	LN:2322	M5:0f19d9949679348751b92e237ed27888	UR:file:///goast/hemat_data/references/hg38_broad/Homo_sapiens_assembly38.masked.fasta
@SQ	SN:chrUn_JTFH01001321v1_decoy	LN:2307	M5:439c6600d966bee934ed52a2139c4687	UR:file:///goast/hemat_data/references/hg38_broad/Homo_sapiens_assembly38.masked.fasta
@SQ	SN:chrUn_JTFH01001322v1_decoy	LN:2306	M5:27db03ab4ca9e14af33b697876aaa754	UR:file:///goast/hemat_data/references/hg38_broad/Homo_sapiens_assembly38.masked.fasta
@SQ	SN:chrUn_JTFH01001323v1_decoy	LN:2292	M5:5fe69547ba8f4b03aaa8e71c2608fe14	UR:file:///goast/hemat_data/references/hg38_broad/Homo_sapiens_assembly38.masked.fasta
@SQ	SN:chrUn_JTFH01001324v1_decoy	LN:2271	M5:69ed4113a87f0c964d9f7515adb0dfeb	UR:file:///goast/hemat_data/references/hg38_broad/Homo_sapiens_assembly38.masked.fasta
@SQ	SN:chrUn_JTFH01001325v1_decoy	LN:2265	M5:78e3664d88395ed413c3de96d0b6aa0d	UR:file:///goast/hemat_data/references/hg38_broad/Homo_sapiens_assembly38.masked.fasta
@SQ	SN:chrUn_JTFH01001326v1_decoy	LN:2260	M5:ccac0591cbfd65e9a8d51f8e05d34f2a	UR:file:///goast/hemat_data/references/hg38_broad/Homo_sapiens_assembly38.masked.fasta
@SQ	SN:chrUn_JTFH01001327v1_decoy	LN:2240	M5:bc9efb2dbf8706ae63a9da56f74a5940	UR:file:///goast/hemat_data/references/hg38_broad/Homo_sapiens_assembly38.masked.fasta
@SQ	SN:chrUn_JTFH01001328v1_decoy	LN:2238	M5:a0265d5b1e9532d8f124c363fe675206	UR:file:///goast/hemat_data/references/hg38_broad/Homo_sapiens_assembly38.masked.fasta
@SQ	SN:chrUn_JTFH01001329v1_decoy	LN:2228	M5:422f2cb811b961c3513bb155a4a0fed0	UR:file:///goast/hemat_data/references/hg38_broad/Homo_sapiens_assembly38.masked.fasta
@SQ	SN:chrUn_JTFH01001330v1_decoy	LN:2215	M5:0d7e0facbdb02ac5cbe36bcb3f1683a4	UR:file:///goast/hemat_data/references/hg38_broad/Homo_sapiens_assembly38.masked.fasta
@SQ	SN:chrUn_JTFH01001331v1_decoy	LN:2205	M5:8aeb5e1e49ad042e60fd97cbe3bd36b5	UR:file:///goast/hemat_data/references/hg38_broad/Homo_sapiens_assembly38.masked.fasta
@SQ	SN:chrUn_JTFH01001332v1_decoy	LN:2191	M5:bc35b989cffe895e99e6a2fc45b7f65e	UR:file:///goast/hemat_data/references/hg38_broad/Homo_sapiens_assembly38.masked.fasta
@SQ	SN:chrUn_JTFH01001333v1_decoy	LN:2191	M5:b1ccfad8f6bde8d9d40c0b7199e30cc5	UR:file:///goast/hemat_data/references/hg38_broad/Homo_sapiens_assembly38.masked.fasta
@SQ	SN:chrUn_JTFH01001334v1_decoy	LN:2190	M5:0ae32cfb78573ddb9929745e2e7a0313	UR:file:///goast/hemat_data/references/hg38_broad/Homo_sapiens_assembly38.masked.fasta
@SQ	SN:chrUn_JTFH01001335v1_decoy	LN:2184	M5:08a18a9ad801c228f5de34b35b58ce5f	UR:file:///goast/hemat_data/references/hg38_broad/Homo_sapiens_assembly38.masked.fasta
@SQ	SN:chrUn_JTFH01001336v1_decoy	LN:2166	M5:95badad6f81c843868ebb07d1f2d7911	UR:file:///goast/hemat_data/references/hg38_broad/Homo_sapiens_assembly38.masked.fasta
@SQ	SN:chrUn_JTFH01001337v1_decoy	LN:2165	M5:e10a87e41dccb3ec25e99df332d5a560	UR:file:///goast/hemat_data/references/hg38_broad/Homo_sapiens_assembly38.masked.fasta
@SQ	SN:chrUn_JTFH01001338v1_decoy	LN:2162	M5:7973da1851b09e72b47bf83450c468dc	UR:file:///goast/hemat_data/references/hg38_broad/Homo_sapiens_assembly38.masked.fasta
@SQ	SN:chrUn_JTFH01001339v1_decoy	LN:2146	M5:e8939fd820d746a8792b356c04e54cce	UR:file:///goast/hemat_data/references/hg38_broad/Homo_sapiens_assembly38.masked.fasta
@SQ	SN:chrUn_JTFH01001340v1_decoy	LN:2116	M5:b67c09bdf1ed2f6a0ddd972711b36104	UR:file:///goast/hemat_data/references/hg38_broad/Homo_sapiens_assembly38.masked.fasta
@SQ	SN:chrUn_JTFH01001341v1_decoy	LN:2112	M5:90340b9fb118df304042bb73e83ec202	UR:file:///goast/hemat_data/references/hg38_broad/Homo_sapiens_assembly38.masked.fasta
@SQ	SN:chrUn_JTFH01001342v1_decoy	LN:2108	M5:465277293cdb0bf1897d5a17e266d354	UR:file:///goast/hemat_data/references/hg38_broad/Homo_sapiens_assembly38.masked.fasta
@SQ	SN:chrUn_JTFH01001343v1_decoy	LN:2106	M5:ddc350523aba6f1c4b90f820904cd233	UR:file:///goast/hemat_data/references/hg38_broad/Homo_sapiens_assembly38.masked.fasta
@SQ	SN:chrUn_JTFH01001344v1_decoy	LN:2106	M5:8c726624d2d1347ec079d4a89d25759e	UR:file:///goast/hemat_data/references/hg38_broad/Homo_sapiens_assembly38.masked.fasta
@SQ	SN:chrUn_JTFH01001345v1_decoy	LN:2106	M5:4b1887bbf69131a205c5cc1a4303c860	UR:file:///goast/hemat_data/references/hg38_broad/Homo_sapiens_assembly38.masked.fasta
@SQ	SN:chrUn_JTFH01001346v1_decoy	LN:2097	M5:6dc99a12532b35dedef60dc2cfae35b6	UR:file:///goast/hemat_data/references/hg38_broad/Homo_sapiens_assembly38.masked.fasta
@SQ	SN:chrUn_JTFH01001347v1_decoy	LN:2081	M5:12316554f4811e33853508ac262465d6	UR:file:///goast/hemat_data/references/hg38_broad/Homo_sapiens_assembly38.masked.fasta
@SQ	SN:chrUn_JTFH01001348v1_decoy	LN:2058	M5:b1935843fbea95bed6588d9d700d9936	UR:file:///goast/hemat_data/references/hg38_broad/Homo_sapiens_assembly38.masked.fasta
@SQ	SN:chrUn_JTFH01001349v1_decoy	LN:2055	M5:b013f57c784235eb32f6871dd01e5e13	UR:file:///goast/hemat_data/references/hg38_broad/Homo_sapiens_assembly38.masked.fasta
@SQ	SN:chrUn_JTFH01001350v1_decoy	LN:2054	M5:c6835412045762a4c54200ada23f30b6	UR:file:///goast/hemat_data/references/hg38_broad/Homo_sapiens_assembly38.masked.fasta
@SQ	SN:chrUn_JTFH01001351v1_decoy	LN:2037	M5:50c1358c2b24fd59d5a286bbaa57818b	UR:file:///goast/hemat_data/references/hg38_broad/Homo_sapiens_assembly38.masked.fasta
@SQ	SN:chrUn_JTFH01001352v1_decoy	LN:2032	M5:45ee3ea9d4de3859645f9b51f0ca2c67	UR:file:///goast/hemat_data/references/hg38_broad/Homo_sapiens_assembly38.masked.fasta
@SQ	SN:chrUn_JTFH01001353v1_decoy	LN:2032	M5:924e5cc3295232068cf32022f5f7e779	UR:file:///goast/hemat_data/references/hg38_broad/Homo_sapiens_assembly38.masked.fasta
@SQ	SN:chrUn_JTFH01001354v1_decoy	LN:2020	M5:70660abb35fad19ab75c06b301d4163a	UR:file:///goast/hemat_data/references/hg38_broad/Homo_sapiens_assembly38.masked.fasta
@SQ	SN:chrUn_JTFH01001355v1_decoy	LN:2018	M5:9126be7c6d2612a65885a2fec496e2a3	UR:file:///goast/hemat_data/references/hg38_broad/Homo_sapiens_assembly38.masked.fasta
@SQ	SN:chrUn_JTFH01001356v1_decoy	LN:2014	M5:847a7ff01c6682c63ad35fae4dd6f947	UR:file:///goast/hemat_data/references/hg38_broad/Homo_sapiens_assembly38.masked.fasta
@SQ	SN:chrUn_JTFH01001357v1_decoy	LN:2001	M5:71668bc6a710ff919fd32549ee63f1f5	UR:file:///goast/hemat_data/references/hg38_broad/Homo_sapiens_assembly38.masked.fasta
@SQ	SN:chrUn_JTFH01001358v1_decoy	LN:2001	M5:3288f97535eb71395eaf3b088578bc3e	UR:file:///goast/hemat_data/references/hg38_broad/Homo_sapiens_assembly38.masked.fasta
@SQ	SN:chrUn_JTFH01001359v1_decoy	LN:1991	M5:b29d731dd150421c4e201d1adc92bd3f	UR:file:///goast/hemat_data/references/hg38_broad/Homo_sapiens_assembly38.masked.fasta
@SQ	SN:chrUn_JTFH01001360v1_decoy	LN:1990	M5:7e91b8bc1cf2c754f8af12a28921575f	UR:file:///goast/hemat_data/references/hg38_broad/Homo_sapiens_assembly38.masked.fasta
@SQ	SN:chrUn_JTFH01001361v1_decoy	LN:1983	M5:71f21061b64aff6e62b116e9384a099a	UR:file:///goast/hemat_data/references/hg38_broad/Homo_sapiens_assembly38.masked.fasta
@SQ	SN:chrUn_JTFH01001362v1_decoy	LN:1981	M5:87dba9523601c5cfc29630be31297114	UR:file:///goast/hemat_data/references/hg38_broad/Homo_sapiens_assembly38.masked.fasta
@SQ	SN:chrUn_JTFH01001363v1_decoy	LN:1981	M5:2a3b4956ecd118211708b9d7c428818f	UR:file:///goast/hemat_data/references/hg38_broad/Homo_sapiens_assembly38.masked.fasta
@SQ	SN:chrUn_JTFH01001364v1_decoy	LN:1979	M5:eb8501b5022cd696a32a2bff2acbbb3e	UR:file:///goast/hemat_data/references/hg38_broad/Homo_sapiens_assembly38.masked.fasta
@SQ	SN:chrUn_JTFH01001365v1_decoy	LN:1963	M5:87a0635cbf78d7359208e0d29a3b9596	UR:file:///goast/hemat_data/references/hg38_broad/Homo_sapiens_assembly38.masked.fasta
@SQ	SN:chrUn_JTFH01001366v1_decoy	LN:1932	M5:42a66b3579061c6333cfeec8e7bc7b0f	UR:file:///goast/hemat_data/references/hg38_broad/Homo_sapiens_assembly38.masked.fasta
@SQ	SN:chrUn_JTFH01001367v1_decoy	LN:1929	M5:95db3317d465876b900ca9167ec31b73	UR:file:///goast/hemat_data/references/hg38_broad/Homo_sapiens_assembly38.masked.fasta
@SQ	SN:chrUn_JTFH01001368v1_decoy	LN:1881	M5:31fb7324b8669148c367ef667ff3c928	UR:file:///goast/hemat_data/references/hg38_broad/Homo_sapiens_assembly38.masked.fasta
@SQ	SN:chrUn_JTFH01001369v1_decoy	LN:1874	M5:bb9c6a2d6ec56835ea520c45a854e8eb	UR:file:///goast/hemat_data/references/hg38_broad/Homo_sapiens_assembly38.masked.fasta
@SQ	SN:chrUn_JTFH01001370v1_decoy	LN:1849	M5:8f83bc8528784a67dd64f10d89331d81	UR:file:///goast/hemat_data/references/hg38_broad/Homo_sapiens_assembly38.masked.fasta
@SQ	SN:chrUn_JTFH01001371v1_decoy	LN:1849	M5:aadeed33b6077b0febbd1f61c186805c	UR:file:///goast/hemat_data/references/hg38_broad/Homo_sapiens_assembly38.masked.fasta
@SQ	SN:chrUn_JTFH01001372v1_decoy	LN:1833	M5:155c69774a39a66871981c66bb0f0535	UR:file:///goast/hemat_data/references/hg38_broad/Homo_sapiens_assembly38.masked.fasta
@SQ	SN:chrUn_JTFH01001373v1_decoy	LN:1832	M5:2677f37d4424e092deaaf6c2371defb9	UR:file:///goast/hemat_data/references/hg38_broad/Homo_sapiens_assembly38.masked.fasta
@SQ	SN:chrUn_JTFH01001374v1_decoy	LN:1826	M5:4dbca21467f25692d20f062b08c3238d	UR:file:///goast/hemat_data/references/hg38_broad/Homo_sapiens_assembly38.masked.fasta
@SQ	SN:chrUn_JTFH01001375v1_decoy	LN:1814	M5:208039e11c53bf03a11d83b417fe5920	UR:file:///goast/hemat_data/references/hg38_broad/Homo_sapiens_assembly38.masked.fasta
@SQ	SN:chrUn_JTFH01001376v1_decoy	LN:1814	M5:8ef785587310c1f2d2226b740e7e4553	UR:file:///goast/hemat_data/references/hg38_broad/Homo_sapiens_assembly38.masked.fasta
@SQ	SN:chrUn_JTFH01001377v1_decoy	LN:1791	M5:ab8270aa2cc7626669c77a954b338953	UR:file:///goast/hemat_data/references/hg38_broad/Homo_sapiens_assembly38.masked.fasta
@SQ	SN:chrUn_JTFH01001378v1_decoy	LN:1789	M5:3ac762e7071f807dda31f5513d9624cd	UR:file:///goast/hemat_data/references/hg38_broad/Homo_sapiens_assembly38.masked.fasta
@SQ	SN:chrUn_JTFH01001379v1_decoy	LN:1786	M5:9149be02831b6a76a57da93d45460920	UR:file:///goast/hemat_data/references/hg38_broad/Homo_sapiens_assembly38.masked.fasta
@SQ	SN:chrUn_JTFH01001380v1_decoy	LN:1778	M5:a17c5b0d2e1771a62091b6705cfbf5a3	UR:file:///goast/hemat_data/references/hg38_broad/Homo_sapiens_assembly38.masked.fasta
@SQ	SN:chrUn_JTFH01001381v1_decoy	LN:1776	M5:2ebb9adddc8d21f56ed91c6fbc97cfe1	UR:file:///goast/hemat_data/references/hg38_broad/Homo_sapiens_assembly38.masked.fasta
@SQ	SN:chrUn_JTFH01001382v1_decoy	LN:1762	M5:686009ce9e6490069ba0845173cf2c16	UR:file:///goast/hemat_data/references/hg38_broad/Homo_sapiens_assembly38.masked.fasta
@SQ	SN:chrUn_JTFH01001383v1_decoy	LN:1758	M5:34dc7958ca4e0be1690c80cce1f048de	UR:file:///goast/hemat_data/references/hg38_broad/Homo_sapiens_assembly38.masked.fasta
@SQ	SN:chrUn_JTFH01001384v1_decoy	LN:1757	M5:af98ed1ffd7c4a0166ed1d3bb789d039	UR:file:///goast/hemat_data/references/hg38_broad/Homo_sapiens_assembly38.masked.fasta
@SQ	SN:chrUn_JTFH01001385v1_decoy	LN:1754	M5:80b9896356b85bbe70c7ed49afb616a5	UR:file:///goast/hemat_data/references/hg38_broad/Homo_sapiens_assembly38.masked.fasta
@SQ	SN:chrUn_JTFH01001386v1_decoy	LN:1752	M5:a7c233ed3f050d44d75a9138231b5384	UR:file:///goast/hemat_data/references/hg38_broad/Homo_sapiens_assembly38.masked.fasta
@SQ	SN:chrUn_JTFH01001387v1_decoy	LN:1751	M5:6e2fe9e7a9951deedb4a39fd837721a0	UR:file:///goast/hemat_data/references/hg38_broad/Homo_sapiens_assembly38.masked.fasta
@SQ	SN:chrUn_JTFH01001388v1_decoy	LN:1749	M5:5d5cf3896254f422f70ace465b0f820d	UR:file:///goast/hemat_data/references/hg38_broad/Homo_sapiens_assembly38.masked.fasta
@SQ	SN:chrUn_JTFH01001389v1_decoy	LN:1738	M5:f8265cae7fb03630effc0fede6811b3f	UR:file:///goast/hemat_data/references/hg38_broad/Homo_sapiens_assembly38.masked.fasta
@SQ	SN:chrUn_JTFH01001390v1_decoy	LN:1729	M5:48fe4b417655ad69a29770ec6e412fdb	UR:file:///goast/hemat_data/references/hg38_broad/Homo_sapiens_assembly38.masked.fasta
@SQ	SN:chrUn_JTFH01001391v1_decoy	LN:1726	M5:01bbe99249b489660daa17fa9f958d10	UR:file:///goast/hemat_data/references/hg38_broad/Homo_sapiens_assembly38.masked.fasta
@SQ	SN:chrUn_JTFH01001392v1_decoy	LN:1716	M5:bd9a3ab49b9960e88c2490efe5d8c749	UR:file:///goast/hemat_data/references/hg38_broad/Homo_sapiens_assembly38.masked.fasta
@SQ	SN:chrUn_JTFH01001393v1_decoy	LN:1712	M5:f05c2bfa07a617b06e6a8ebc4efc5022	UR:file:///goast/hemat_data/references/hg38_broad/Homo_sapiens_assembly38.masked.fasta
@SQ	SN:chrUn_JTFH01001394v1_decoy	LN:1711	M5:0f06abd7c321228fa763fb3815140af5	UR:file:///goast/hemat_data/references/hg38_broad/Homo_sapiens_assembly38.masked.fasta
@SQ	SN:chrUn_JTFH01001395v1_decoy	LN:1703	M5:09b91ffc2209fd9adc0e0fbac86de4bd	UR:file:///goast/hemat_data/references/hg38_broad/Homo_sapiens_assembly38.masked.fasta
@SQ	SN:chrUn_JTFH01001396v1_decoy	LN:1702	M5:ff652624b7319ee60f8946d8f751cf16	UR:file:///goast/hemat_data/references/hg38_broad/Homo_sapiens_assembly38.masked.fasta
@SQ	SN:chrUn_JTFH01001397v1_decoy	LN:1699	M5:2a71713d93ad2a6a8edc736ddc02907d	UR:file:///goast/hemat_data/references/hg38_broad/Homo_sapiens_assembly38.masked.fasta
@SQ	SN:chrUn_JTFH01001398v1_decoy	LN:1686	M5:3bfbf7d5273c5ec692b1907c7c3ff2d0	UR:file:///goast/hemat_data/references/hg38_broad/Homo_sapiens_assembly38.masked.fasta
@SQ	SN:chrUn_JTFH01001399v1_decoy	LN:1684	M5:6d040733a43c01650e5c098e00d46a62	UR:file:///goast/hemat_data/references/hg38_broad/Homo_sapiens_assembly38.masked.fasta
@SQ	SN:chrUn_JTFH01001400v1_decoy	LN:1680	M5:c353280f0d833806daec83385e95e393	UR:file:///goast/hemat_data/references/hg38_broad/Homo_sapiens_assembly38.masked.fasta
@SQ	SN:chrUn_JTFH01001401v1_decoy	LN:1678	M5:c2edb1379f817a8378d4eb089dcdfc0d	UR:file:///goast/hemat_data/references/hg38_broad/Homo_sapiens_assembly38.masked.fasta
@SQ	SN:chrUn_JTFH01001402v1_decoy	LN:1678	M5:740b37d2e6785fc699776f93cc872e86	UR:file:///goast/hemat_data/references/hg38_broad/Homo_sapiens_assembly38.masked.fasta
@SQ	SN:chrUn_JTFH01001403v1_decoy	LN:1677	M5:6d4b39914847504188d3b9feaf3348fb	UR:file:///goast/hemat_data/references/hg38_broad/Homo_sapiens_assembly38.masked.fasta
@SQ	SN:chrUn_JTFH01001404v1_decoy	LN:1676	M5:31845da6d4ed6000f50d5122bdef15cf	UR:file:///goast/hemat_data/references/hg38_broad/Homo_sapiens_assembly38.masked.fasta
@SQ	SN:chrUn_JTFH01001405v1_decoy	LN:1672	M5:0630c8622e65da828a153d66ab29b298	UR:file:///goast/hemat_data/references/hg38_broad/Homo_sapiens_assembly38.masked.fasta
@SQ	SN:chrUn_JTFH01001406v1_decoy	LN:1669	M5:e7d237d72fb65c19aac7bcaca3d86d95	UR:file:///goast/hemat_data/references/hg38_broad/Homo_sapiens_assembly38.masked.fasta
@SQ	SN:chrUn_JTFH01001407v1_decoy	LN:1668	M5:86c9c0f792de2f54f69278df5e3246cd	UR:file:///goast/hemat_data/references/hg38_broad/Homo_sapiens_assembly38.masked.fasta
@SQ	SN:chrUn_JTFH01001408v1_decoy	LN:1663	M5:481fc7b87114d19302cdde760018a39c	UR:file:///goast/hemat_data/references/hg38_broad/Homo_sapiens_assembly38.masked.fasta
@SQ	SN:chrUn_JTFH01001409v1_decoy	LN:1660	M5:ca249c982b9bc0cae8d02ae5a7e497cf	UR:file:///goast/hemat_data/references/hg38_broad/Homo_sapiens_assembly38.masked.fasta
@SQ	SN:chrUn_JTFH01001410v1_decoy	LN:1660	M5:9a4adc64cf2fd32db34af21df269bfe0	UR:file:///goast/hemat_data/references/hg38_broad/Homo_sapiens_assembly38.masked.fasta
@SQ	SN:chrUn_JTFH01001411v1_decoy	LN:1658	M5:9e0ca112ba9edd83dd02ee0a1b977682	UR:file:///goast/hemat_data/references/hg38_broad/Homo_sapiens_assembly38.masked.fasta
@SQ	SN:chrUn_JTFH01001412v1_decoy	LN:1656	M5:30ba767a8335a19ffbb875f109afcac3	UR:file:///goast/hemat_data/references/hg38_broad/Homo_sapiens_assembly38.masked.fasta
@SQ	SN:chrUn_JTFH01001413v1_decoy	LN:1656	M5:e77633b957a375847ad25f9b01d08580	UR:file:///goast/hemat_data/references/hg38_broad/Homo_sapiens_assembly38.masked.fasta
@SQ	SN:chrUn_JTFH01001414v1_decoy	LN:1652	M5:33a7cad76ee390036b7d61b167e2b351	UR:file:///goast/hemat_data/references/hg38_broad/Homo_sapiens_assembly38.masked.fasta
@SQ	SN:chrUn_JTFH01001415v1_decoy	LN:1647	M5:904ad5deeeb540a10728c9fabf9e5909	UR:file:///goast/hemat_data/references/hg38_broad/Homo_sapiens_assembly38.masked.fasta
@SQ	SN:chrUn_JTFH01001416v1_decoy	LN:1645	M5:378193508f34a25cf912974a4c531bb2	UR:file:///goast/hemat_data/references/hg38_broad/Homo_sapiens_assembly38.masked.fasta
@SQ	SN:chrUn_JTFH01001417v1_decoy	LN:1641	M5:fe667f1d920a30b730d27903d4de3610	UR:file:///goast/hemat_data/references/hg38_broad/Homo_sapiens_assembly38.masked.fasta
@SQ	SN:chrUn_JTFH01001418v1_decoy	LN:1638	M5:dd1f1f8b342e987caf5e43ffa4b193ad	UR:file:///goast/hemat_data/references/hg38_broad/Homo_sapiens_assembly38.masked.fasta
@SQ	SN:chrUn_JTFH01001419v1_decoy	LN:1633	M5:775a347b6935f9e170d809222897833a	UR:file:///goast/hemat_data/references/hg38_broad/Homo_sapiens_assembly38.masked.fasta
@SQ	SN:chrUn_JTFH01001420v1_decoy	LN:1626	M5:44b1b569182bce231346586fe77f0651	UR:file:///goast/hemat_data/references/hg38_broad/Homo_sapiens_assembly38.masked.fasta
@SQ	SN:chrUn_JTFH01001421v1_decoy	LN:1614	M5:04a70773f36888dde7766a58c3a92de1	UR:file:///goast/hemat_data/references/hg38_broad/Homo_sapiens_assembly38.masked.fasta
@SQ	SN:chrUn_JTFH01001422v1_decoy	LN:1612	M5:0f0f7a8906ae3367b908acc806579e87	UR:file:///goast/hemat_data/references/hg38_broad/Homo_sapiens_assembly38.masked.fasta
@SQ	SN:chrUn_JTFH01001423v1_decoy	LN:1605	M5:345b541ac9d588f32be39d15d00f6305	UR:file:///goast/hemat_data/references/hg38_broad/Homo_sapiens_assembly38.masked.fasta
@SQ	SN:chrUn_JTFH01001424v1_decoy	LN:1603	M5:dd25e42a5806fade892f5be6c5517133	UR:file:///goast/hemat_data/references/hg38_broad/Homo_sapiens_assembly38.masked.fasta
@SQ	SN:chrUn_JTFH01001425v1_decoy	LN:1599	M5:42c61caf5957d89e892870d7abb0086a	UR:file:///goast/hemat_data/references/hg38_broad/Homo_sapiens_assembly38.masked.fasta
@SQ	SN:chrUn_JTFH01001426v1_decoy	LN:1589	M5:ff1c151f692dba0e79005392390f2639	UR:file:///goast/hemat_data/references/hg38_broad/Homo_sapiens_assembly38.masked.fasta
@SQ	SN:chrUn_JTFH01001427v1_decoy	LN:1588	M5:d409b0b1699f38489ac9b78c9e547b12	UR:file:///goast/hemat_data/references/hg38_broad/Homo_sapiens_assembly38.masked.fasta
@SQ	SN:chrUn_JTFH01001428v1_decoy	LN:1585	M5:549a7c1ad8b79d31a311204a8ce078c5	UR:file:///goast/hemat_data/references/hg38_broad/Homo_sapiens_assembly38.masked.fasta
@SQ	SN:chrUn_JTFH01001429v1_decoy	LN:1584	M5:21ac82f5d3944ac17a667861fe4eb50c	UR:file:///goast/hemat_data/references/hg38_broad/Homo_sapiens_assembly38.masked.fasta
@SQ	SN:chrUn_JTFH01001430v1_decoy	LN:1584	M5:d717e9b20496c0e3cf6f096572904e94	UR:file:///goast/hemat_data/references/hg38_broad/Homo_sapiens_assembly38.masked.fasta
@SQ	SN:chrUn_JTFH01001431v1_decoy	LN:1580	M5:4cef86e6f0c85a15667ecccf0ec2e509	UR:file:///goast/hemat_data/references/hg38_broad/Homo_sapiens_assembly38.masked.fasta
@SQ	SN:chrUn_JTFH01001432v1_decoy	LN:1572	M5:83a76ba3b28ab176a0fe0c3932129c1d	UR:file:///goast/hemat_data/references/hg38_broad/Homo_sapiens_assembly38.masked.fasta
@SQ	SN:chrUn_JTFH01001433v1_decoy	LN:1570	M5:eefbc920c0c274a05ccd03672089bd6a	UR:file:///goast/hemat_data/references/hg38_broad/Homo_sapiens_assembly38.masked.fasta
@SQ	SN:chrUn_JTFH01001434v1_decoy	LN:1569	M5:e84f6544b2757c3d68e8333237c05b9c	UR:file:///goast/hemat_data/references/hg38_broad/Homo_sapiens_assembly38.masked.fasta
@SQ	SN:chrUn_JTFH01001435v1_decoy	LN:1568	M5:085a737d9ac2ce5ad615c127373713e9	UR:file:///goast/hemat_data/references/hg38_broad/Homo_sapiens_assembly38.masked.fasta
@SQ	SN:chrUn_JTFH01001436v1_decoy	LN:1567	M5:d0cc61096796d51c565e73784c3df91e	UR:file:///goast/hemat_data/references/hg38_broad/Homo_sapiens_assembly38.masked.fasta
@SQ	SN:chrUn_JTFH01001437v1_decoy	LN:1565	M5:963645d93472e0f55f70cf30e5541dcb	UR:file:///goast/hemat_data/references/hg38_broad/Homo_sapiens_assembly38.masked.fasta
@SQ	SN:chrUn_JTFH01001438v1_decoy	LN:1559	M5:6cd647a043602392b10b564ef25b9bfa	UR:file:///goast/hemat_data/references/hg38_broad/Homo_sapiens_assembly38.masked.fasta
@SQ	SN:chrUn_JTFH01001439v1_decoy	LN:1559	M5:41e3d96f1e4d9a77d4314fb0c550ddc8	UR:file:///goast/hemat_data/references/hg38_broad/Homo_sapiens_assembly38.masked.fasta
@SQ	SN:chrUn_JTFH01001440v1_decoy	LN:1556	M5:f95112abd208efc5ebe4d5529e2537a0	UR:file:///goast/hemat_data/references/hg38_broad/Homo_sapiens_assembly38.masked.fasta
@SQ	SN:chrUn_JTFH01001441v1_decoy	LN:1554	M5:ff55b1b730eb936e0ffca09b8fff9a89	UR:file:///goast/hemat_data/references/hg38_broad/Homo_sapiens_assembly38.masked.fasta
@SQ	SN:chrUn_JTFH01001442v1_decoy	LN:1549	M5:df38873f39fd89b3782d53eb4bd35345	UR:file:///goast/hemat_data/references/hg38_broad/Homo_sapiens_assembly38.masked.fasta
@SQ	SN:chrUn_JTFH01001443v1_decoy	LN:1542	M5:66b6405dd4c7537d3119eeb1dfa81795	UR:file:///goast/hemat_data/references/hg38_broad/Homo_sapiens_assembly38.masked.fasta
@SQ	SN:chrUn_JTFH01001444v1_decoy	LN:1541	M5:ce00bd7a73eab91b6d81729240662ea1	UR:file:///goast/hemat_data/references/hg38_broad/Homo_sapiens_assembly38.masked.fasta
@SQ	SN:chrUn_JTFH01001445v1_decoy	LN:1538	M5:96e6001e127eea7213d8378afb6f24d3	UR:file:///goast/hemat_data/references/hg38_broad/Homo_sapiens_assembly38.masked.fasta
@SQ	SN:chrUn_JTFH01001446v1_decoy	LN:1537	M5:4a49340b952f5a6e1fbcfbe271cbee49	UR:file:///goast/hemat_data/references/hg38_broad/Homo_sapiens_assembly38.masked.fasta
@SQ	SN:chrUn_JTFH01001447v1_decoy	LN:1535	M5:9d30511ff7644e5e501c629d82f97441	UR:file:///goast/hemat_data/references/hg38_broad/Homo_sapiens_assembly38.masked.fasta
@SQ	SN:chrUn_JTFH01001448v1_decoy	LN:1530	M5:ed3d23f4c537a88a36a4a6964bf2d332	UR:file:///goast/hemat_data/references/hg38_broad/Homo_sapiens_assembly38.masked.fasta
@SQ	SN:chrUn_JTFH01001449v1_decoy	LN:1528	M5:e2f85fa47e8361a098aacb0ddfe058e3	UR:file:///goast/hemat_data/references/hg38_broad/Homo_sapiens_assembly38.masked.fasta
@SQ	SN:chrUn_JTFH01001450v1_decoy	LN:1522	M5:525443cf312658767f3ffb263b1ab40a	UR:file:///goast/hemat_data/references/hg38_broad/Homo_sapiens_assembly38.masked.fasta
@SQ	SN:chrUn_JTFH01001451v1_decoy	LN:1514	M5:d378e3b3268d04ee2ed255d9b671404b	UR:file:///goast/hemat_data/references/hg38_broad/Homo_sapiens_assembly38.masked.fasta
@SQ	SN:chrUn_JTFH01001452v1_decoy	LN:1509	M5:434a0e69d1dfb2f439fd8c4c6efee812	UR:file:///goast/hemat_data/references/hg38_broad/Homo_sapiens_assembly38.masked.fasta
@SQ	SN:chrUn_JTFH01001453v1_decoy	LN:1507	M5:1c60f6588a6a6fdf49ba74bd4d8844ae	UR:file:///goast/hemat_data/references/hg38_broad/Homo_sapiens_assembly38.masked.fasta
@SQ	SN:chrUn_JTFH01001454v1_decoy	LN:1500	M5:4a8517743aa87c3edd4556e876facf8e	UR:file:///goast/hemat_data/references/hg38_broad/Homo_sapiens_assembly38.masked.fasta
@SQ	SN:chrUn_JTFH01001455v1_decoy	LN:1499	M5:3787c00e3019dc0bd4b019ac8bd677e3	UR:file:///goast/hemat_data/references/hg38_broad/Homo_sapiens_assembly38.masked.fasta
@SQ	SN:chrUn_JTFH01001456v1_decoy	LN:1499	M5:93e8bbddc43d5e902eaac3b1569c191d	UR:file:///goast/hemat_data/references/hg38_broad/Homo_sapiens_assembly38.masked.fasta
@SQ	SN:chrUn_JTFH01001457v1_decoy	LN:1497	M5:cedf6613fedd7bcfb6cf4822d6133393	UR:file:///goast/hemat_data/references/hg38_broad/Homo_sapiens_assembly38.masked.fasta
@SQ	SN:chrUn_JTFH01001458v1_decoy	LN:1496	M5:c6421744963f5f5ef7d06349345f8c11	UR:file:///goast/hemat_data/references/hg38_broad/Homo_sapiens_assembly38.masked.fasta
@SQ	SN:chrUn_JTFH01001459v1_decoy	LN:1488	M5:c3d6f0be5c1768c3f4ab357b40330c07	UR:file:///goast/hemat_data/references/hg38_broad/Homo_sapiens_assembly38.masked.fasta
@SQ	SN:chrUn_JTFH01001460v1_decoy	LN:1486	M5:cfa272f94abe2b6ea6b8fff9bc2743a0	UR:file:///goast/hemat_data/references/hg38_broad/Homo_sapiens_assembly38.masked.fasta
@SQ	SN:chrUn_JTFH01001461v1_decoy	LN:1485	M5:73b05431178ff099c7143b2c3310a8d2	UR:file:///goast/hemat_data/references/hg38_broad/Homo_sapiens_assembly38.masked.fasta
@SQ	SN:chrUn_JTFH01001462v1_decoy	LN:1481	M5:815cd718fd3524c82596f553bc50c030	UR:file:///goast/hemat_data/references/hg38_broad/Homo_sapiens_assembly38.masked.fasta
@SQ	SN:chrUn_JTFH01001463v1_decoy	LN:1479	M5:3be54176b83f28ddb8402da62d8368c5	UR:file:///goast/hemat_data/references/hg38_broad/Homo_sapiens_assembly38.masked.fasta
@SQ	SN:chrUn_JTFH01001464v1_decoy	LN:1472	M5:a3d5a1d61c0377010cab585d8f86782b	UR:file:///goast/hemat_data/references/hg38_broad/Homo_sapiens_assembly38.masked.fasta
@SQ	SN:chrUn_JTFH01001465v1_decoy	LN:1472	M5:54ed54ed3b16b9482b8bb7a42358e3f5	UR:file:///goast/hemat_data/references/hg38_broad/Homo_sapiens_assembly38.masked.fasta
@SQ	SN:chrUn_JTFH01001466v1_decoy	LN:1470	M5:957a8cadb7ce3ea0f910acb49b0d28f4	UR:file:///goast/hemat_data/references/hg38_broad/Homo_sapiens_assembly38.masked.fasta
@SQ	SN:chrUn_JTFH01001467v1_decoy	LN:1466	M5:5f1e18ba047f8e50f57be2e0ec9d7ee0	UR:file:///goast/hemat_data/references/hg38_broad/Homo_sapiens_assembly38.masked.fasta
@SQ	SN:chrUn_JTFH01001468v1_decoy	LN:1465	M5:1371b580bc13e98f593106d0c6cc7055	UR:file:///goast/hemat_data/references/hg38_broad/Homo_sapiens_assembly38.masked.fasta
@SQ	SN:chrUn_JTFH01001469v1_decoy	LN:1461	M5:a1e27c8891fb421149591b6254008534	UR:file:///goast/hemat_data/references/hg38_broad/Homo_sapiens_assembly38.masked.fasta
@SQ	SN:chrUn_JTFH01001470v1_decoy	LN:1458	M5:0a299df79227b0b8f9d01b64c1091040	UR:file:///goast/hemat_data/references/hg38_broad/Homo_sapiens_assembly38.masked.fasta
@SQ	SN:chrUn_JTFH01001471v1_decoy	LN:1457	M5:fb81cfbfe3dcf83480d1566dbfb35cdf	UR:file:///goast/hemat_data/references/hg38_broad/Homo_sapiens_assembly38.masked.fasta
@SQ	SN:chrUn_JTFH01001472v1_decoy	LN:1448	M5:5ccf4c226bbe31dec446e5f2cfb754aa	UR:file:///goast/hemat_data/references/hg38_broad/Homo_sapiens_assembly38.masked.fasta
@SQ	SN:chrUn_JTFH01001473v1_decoy	LN:1447	M5:d4e733a5240b77f6521178683ef92f11	UR:file:///goast/hemat_data/references/hg38_broad/Homo_sapiens_assembly38.masked.fasta
@SQ	SN:chrUn_JTFH01001474v1_decoy	LN:1444	M5:266aac36179cb1faca5c4a0102fc8ace	UR:file:///goast/hemat_data/references/hg38_broad/Homo_sapiens_assembly38.masked.fasta
@SQ	SN:chrUn_JTFH01001475v1_decoy	LN:1443	M5:6153fa9f83b2dca77912302a435e6783	UR:file:///goast/hemat_data/references/hg38_broad/Homo_sapiens_assembly38.masked.fasta
@SQ	SN:chrUn_JTFH01001476v1_decoy	LN:1443	M5:eadd62062090a328419de772556bec04	UR:file:///goast/hemat_data/references/hg38_broad/Homo_sapiens_assembly38.masked.fasta
@SQ	SN:chrUn_JTFH01001477v1_decoy	LN:1438	M5:808b663863cc7b8062a075d60a932ee0	UR:file:///goast/hemat_data/references/hg38_broad/Homo_sapiens_assembly38.masked.fasta
@SQ	SN:chrUn_JTFH01001478v1_decoy	LN:1432	M5:3d320a29f829d8b30da651831563b8fb	UR:file:///goast/hemat_data/references/hg38_broad/Homo_sapiens_assembly38.masked.fasta
@SQ	SN:chrUn_JTFH01001479v1_decoy	LN:1430	M5:d406932c6d2e5cda5d40bd5282612ec8	UR:file:///goast/hemat_data/references/hg38_broad/Homo_sapiens_assembly38.masked.fasta
@SQ	SN:chrUn_JTFH01001480v1_decoy	LN:1430	M5:1b514b0604012b9c3bf96dc729d5b570	UR:file:///goast/hemat_data/references/hg38_broad/Homo_sapiens_assembly38.masked.fasta
@SQ	SN:chrUn_JTFH01001481v1_decoy	LN:1429	M5:bba1c32000bf8515723b23e91e3d73d8	UR:file:///goast/hemat_data/references/hg38_broad/Homo_sapiens_assembly38.masked.fasta
@SQ	SN:chrUn_JTFH01001482v1_decoy	LN:1429	M5:469a525eaccd114705d3876e6497d24c	UR:file:///goast/hemat_data/references/hg38_broad/Homo_sapiens_assembly38.masked.fasta
@SQ	SN:chrUn_JTFH01001483v1_decoy	LN:1429	M5:1cab4c8d35aa87cfadcc67327c0cde05	UR:file:///goast/hemat_data/references/hg38_broad/Homo_sapiens_assembly38.masked.fasta
@SQ	SN:chrUn_JTFH01001484v1_decoy	LN:1426	M5:7f0b3e31f88382eb1a9d667b4fa5ae8f	UR:file:///goast/hemat_data/references/hg38_broad/Homo_sapiens_assembly38.masked.fasta
@SQ	SN:chrUn_JTFH01001485v1_decoy	LN:1426	M5:600029364a5faff2a6121c791c26f3b6	UR:file:///goast/hemat_data/references/hg38_broad/Homo_sapiens_assembly38.masked.fasta
@SQ	SN:chrUn_JTFH01001486v1_decoy	LN:1420	M5:bd2635b8f37ae8d36555126a2efda82f	UR:file:///goast/hemat_data/references/hg38_broad/Homo_sapiens_assembly38.masked.fasta
@SQ	SN:chrUn_JTFH01001487v1_decoy	LN:1416	M5:1feda0b1dfda8eb29e804bb83d191350	UR:file:///goast/hemat_data/references/hg38_broad/Homo_sapiens_assembly38.masked.fasta
@SQ	SN:chrUn_JTFH01001488v1_decoy	LN:1416	M5:381713228fbc436ef15eb3fc5ce95526	UR:file:///goast/hemat_data/references/hg38_broad/Homo_sapiens_assembly38.masked.fasta
@SQ	SN:chrUn_JTFH01001489v1_decoy	LN:1415	M5:c7b5a3592ce2955180a8bf93340ce7a5	UR:file:///goast/hemat_data/references/hg38_broad/Homo_sapiens_assembly38.masked.fasta
@SQ	SN:chrUn_JTFH01001490v1_decoy	LN:1415	M5:8a9071712ed09640282279375c1aab9e	UR:file:///goast/hemat_data/references/hg38_broad/Homo_sapiens_assembly38.masked.fasta
@SQ	SN:chrUn_JTFH01001491v1_decoy	LN:1414	M5:ad3849a6c284e0371da519c83c3efd56	UR:file:///goast/hemat_data/references/hg38_broad/Homo_sapiens_assembly38.masked.fasta
@SQ	SN:chrUn_JTFH01001492v1_decoy	LN:1413	M5:1897ebbd3ccc3ed5dfd33e64df6cee2e	UR:file:///goast/hemat_data/references/hg38_broad/Homo_sapiens_assembly38.masked.fasta
@SQ	SN:chrUn_JTFH01001493v1_decoy	LN:1410	M5:bbae6ade32694ea4d23d50d382e589ed	UR:file:///goast/hemat_data/references/hg38_broad/Homo_sapiens_assembly38.masked.fasta
@SQ	SN:chrUn_JTFH01001494v1_decoy	LN:1405	M5:60eac2719276e2c8aed1dd8879086460	UR:file:///goast/hemat_data/references/hg38_broad/Homo_sapiens_assembly38.masked.fasta
@SQ	SN:chrUn_JTFH01001495v1_decoy	LN:1402	M5:560d0b9e5abc45feb134351a94cda358	UR:file:///goast/hemat_data/references/hg38_broad/Homo_sapiens_assembly38.masked.fasta
@SQ	SN:chrUn_JTFH01001496v1_decoy	LN:1398	M5:c87eb09186b0ed776438697cefe49c34	UR:file:///goast/hemat_data/references/hg38_broad/Homo_sapiens_assembly38.masked.fasta
@SQ	SN:chrUn_JTFH01001497v1_decoy	LN:1397	M5:17bdfaf46a6963ba97861fcb9ff9d4ed	UR:file:///goast/hemat_data/references/hg38_broad/Homo_sapiens_assembly38.masked.fasta
@SQ	SN:chrUn_JTFH01001498v1_decoy	LN:1395	M5:14942812a5a15869999430aa17472a47	UR:file:///goast/hemat_data/references/hg38_broad/Homo_sapiens_assembly38.masked.fasta
@SQ	SN:chrUn_JTFH01001499v1_decoy	LN:1392	M5:14d8c0e42dbe62d45491f288a844c263	UR:file:///goast/hemat_data/references/hg38_broad/Homo_sapiens_assembly38.masked.fasta
@SQ	SN:chrUn_JTFH01001500v1_decoy	LN:1388	M5:3535c9f286c4bc12e2fdab3ebd0e4cbd	UR:file:///goast/hemat_data/references/hg38_broad/Homo_sapiens_assembly38.masked.fasta
@SQ	SN:chrUn_JTFH01001501v1_decoy	LN:1386	M5:3ed31b85ef3e34d8e053031462c9cc64	UR:file:///goast/hemat_data/references/hg38_broad/Homo_sapiens_assembly38.masked.fasta
@SQ	SN:chrUn_JTFH01001502v1_decoy	LN:1382	M5:370ef584d4cfe29bba430512c01c2d92	UR:file:///goast/hemat_data/references/hg38_broad/Homo_sapiens_assembly38.masked.fasta
@SQ	SN:chrUn_JTFH01001503v1_decoy	LN:1381	M5:0d6317f9e8c37b0d588aaf5c404621d6	UR:file:///goast/hemat_data/references/hg38_broad/Homo_sapiens_assembly38.masked.fasta
@SQ	SN:chrUn_JTFH01001504v1_decoy	LN:1379	M5:15b371e04aee1e2cd7a2c3ad778615cd	UR:file:///goast/hemat_data/references/hg38_broad/Homo_sapiens_assembly38.masked.fasta
@SQ	SN:chrUn_JTFH01001505v1_decoy	LN:1376	M5:9e5d443eae0beb889e93d9fec1df500f	UR:file:///goast/hemat_data/references/hg38_broad/Homo_sapiens_assembly38.masked.fasta
@SQ	SN:chrUn_JTFH01001506v1_decoy	LN:1374	M5:19e75c42356ec21ffffd6ead1147246d	UR:file:///goast/hemat_data/references/hg38_broad/Homo_sapiens_assembly38.masked.fasta
@SQ	SN:chrUn_JTFH01001507v1_decoy	LN:1374	M5:d047841fe73e626cbad1d1a075cc1179	UR:file:///goast/hemat_data/references/hg38_broad/Homo_sapiens_assembly38.masked.fasta
@SQ	SN:chrUn_JTFH01001508v1_decoy	LN:1373	M5:9af5c2bfca12c6e109d87d15a001f382	UR:file:///goast/hemat_data/references/hg38_broad/Homo_sapiens_assembly38.masked.fasta
@SQ	SN:chrUn_JTFH01001509v1_decoy	LN:1373	M5:26c1cdc503f21321bdbbf7184681fd57	UR:file:///goast/hemat_data/references/hg38_broad/Homo_sapiens_assembly38.masked.fasta
@SQ	SN:chrUn_JTFH01001510v1_decoy	LN:1372	M5:c08f8502b7b9423df1c4988d25d4e1e9	UR:file:///goast/hemat_data/references/hg38_broad/Homo_sapiens_assembly38.masked.fasta
@SQ	SN:chrUn_JTFH01001511v1_decoy	LN:1370	M5:51b5c0febc1d93a3ae056b562f29febe	UR:file:///goast/hemat_data/references/hg38_broad/Homo_sapiens_assembly38.masked.fasta
@SQ	SN:chrUn_JTFH01001512v1_decoy	LN:1367	M5:84cb97f5fa89889026682a6ddb4e17ec	UR:file:///goast/hemat_data/references/hg38_broad/Homo_sapiens_assembly38.masked.fasta
@SQ	SN:chrUn_JTFH01001513v1_decoy	LN:1365	M5:9b35f302f4d7104621ee94c9466fcf05	UR:file:///goast/hemat_data/references/hg38_broad/Homo_sapiens_assembly38.masked.fasta
@SQ	SN:chrUn_JTFH01001514v1_decoy	LN:1364	M5:d26988a458e184ce67dfdf1494cce818	UR:file:///goast/hemat_data/references/hg38_broad/Homo_sapiens_assembly38.masked.fasta
@SQ	SN:chrUn_JTFH01001515v1_decoy	LN:1361	M5:2be502a9c104f048b5faab19bf6b0c94	UR:file:///goast/hemat_data/references/hg38_broad/Homo_sapiens_assembly38.masked.fasta
@SQ	SN:chrUn_JTFH01001516v1_decoy	LN:1361	M5:a66a14b66c130258ed0f9a2e60b977a8	UR:file:///goast/hemat_data/references/hg38_broad/Homo_sapiens_assembly38.masked.fasta
@SQ	SN:chrUn_JTFH01001517v1_decoy	LN:1355	M5:f8520c48ea6b728718603ce85ba18832	UR:file:///goast/hemat_data/references/hg38_broad/Homo_sapiens_assembly38.masked.fasta
@SQ	SN:chrUn_JTFH01001518v1_decoy	LN:1355	M5:d16784b4fc04cab4570de94e9753760e	UR:file:///goast/hemat_data/references/hg38_broad/Homo_sapiens_assembly38.masked.fasta
@SQ	SN:chrUn_JTFH01001519v1_decoy	LN:1354	M5:226153c1ffcb6ca5cb3a64d124c3b9fd	UR:file:///goast/hemat_data/references/hg38_broad/Homo_sapiens_assembly38.masked.fasta
@SQ	SN:chrUn_JTFH01001520v1_decoy	LN:1353	M5:36898b58e8fec2ff86a3db37bffcfe2d	UR:file:///goast/hemat_data/references/hg38_broad/Homo_sapiens_assembly38.masked.fasta
@SQ	SN:chrUn_JTFH01001521v1_decoy	LN:1349	M5:919f3dc576e969ebb845489e155befd1	UR:file:///goast/hemat_data/references/hg38_broad/Homo_sapiens_assembly38.masked.fasta
@SQ	SN:chrUn_JTFH01001522v1_decoy	LN:1345	M5:e1f3dc21c137a83319e95d8cd641953b	UR:file:///goast/hemat_data/references/hg38_broad/Homo_sapiens_assembly38.masked.fasta
@SQ	SN:chrUn_JTFH01001523v1_decoy	LN:1344	M5:c7cc4c4587e7e5f69d3afcaca3f62ef6	UR:file:///goast/hemat_data/references/hg38_broad/Homo_sapiens_assembly38.masked.fasta
@SQ	SN:chrUn_JTFH01001524v1_decoy	LN:1343	M5:12b492bc7285ab647a13d8ac1efecc61	UR:file:///goast/hemat_data/references/hg38_broad/Homo_sapiens_assembly38.masked.fasta
@SQ	SN:chrUn_JTFH01001525v1_decoy	LN:1338	M5:8d831cbc5a7d72f9a5c05360b502005d	UR:file:///goast/hemat_data/references/hg38_broad/Homo_sapiens_assembly38.masked.fasta
@SQ	SN:chrUn_JTFH01001526v1_decoy	LN:1338	M5:89ce2ba0c1414088ff5f502a0908059f	UR:file:///goast/hemat_data/references/hg38_broad/Homo_sapiens_assembly38.masked.fasta
@SQ	SN:chrUn_JTFH01001527v1_decoy	LN:1338	M5:ed5c2d0150ddb784f059ca25eb3b32c6	UR:file:///goast/hemat_data/references/hg38_broad/Homo_sapiens_assembly38.masked.fasta
@SQ	SN:chrUn_JTFH01001528v1_decoy	LN:1336	M5:1dbe3107f4bae73b01853e98084f8f47	UR:file:///goast/hemat_data/references/hg38_broad/Homo_sapiens_assembly38.masked.fasta
@SQ	SN:chrUn_JTFH01001529v1_decoy	LN:1333	M5:1d1e9eb7e4182425f8718dc456a8e9bc	UR:file:///goast/hemat_data/references/hg38_broad/Homo_sapiens_assembly38.masked.fasta
@SQ	SN:chrUn_JTFH01001530v1_decoy	LN:1333	M5:d77e50f1375e757aefd872040ee290b7	UR:file:///goast/hemat_data/references/hg38_broad/Homo_sapiens_assembly38.masked.fasta
@SQ	SN:chrUn_JTFH01001531v1_decoy	LN:1332	M5:93546f6ce6b44646b5a2d20190054dcb	UR:file:///goast/hemat_data/references/hg38_broad/Homo_sapiens_assembly38.masked.fasta
@SQ	SN:chrUn_JTFH01001532v1_decoy	LN:1324	M5:bcb215dd97bfb4682fe3d17f99605c5f	UR:file:///goast/hemat_data/references/hg38_broad/Homo_sapiens_assembly38.masked.fasta
@SQ	SN:chrUn_JTFH01001533v1_decoy	LN:1323	M5:0c68586edd47761d55b6a127af21b958	UR:file:///goast/hemat_data/references/hg38_broad/Homo_sapiens_assembly38.masked.fasta
@SQ	SN:chrUn_JTFH01001534v1_decoy	LN:1323	M5:8290481e03f0efd3da641df90d6a09f0	UR:file:///goast/hemat_data/references/hg38_broad/Homo_sapiens_assembly38.masked.fasta
@SQ	SN:chrUn_JTFH01001535v1_decoy	LN:1320	M5:06b5a586c070a38af486a0ae25dac08e	UR:file:///goast/hemat_data/references/hg38_broad/Homo_sapiens_assembly38.masked.fasta
@SQ	SN:chrUn_JTFH01001536v1_decoy	LN:1320	M5:aa7f4ccf5b8955783f201e89c6b8b61b	UR:file:///goast/hemat_data/references/hg38_broad/Homo_sapiens_assembly38.masked.fasta
@SQ	SN:chrUn_JTFH01001537v1_decoy	LN:1317	M5:5f5c4304240e41a75cdf79d590705a7b	UR:file:///goast/hemat_data/references/hg38_broad/Homo_sapiens_assembly38.masked.fasta
@SQ	SN:chrUn_JTFH01001538v1_decoy	LN:1316	M5:2b2e47e474a04b2c5d7538dee74a4520	UR:file:///goast/hemat_data/references/hg38_broad/Homo_sapiens_assembly38.masked.fasta
@SQ	SN:chrUn_JTFH01001539v1_decoy	LN:1304	M5:70b1f3865cf28cf8c3cb6ca89e299e75	UR:file:///goast/hemat_data/references/hg38_broad/Homo_sapiens_assembly38.masked.fasta
@SQ	SN:chrUn_JTFH01001540v1_decoy	LN:1304	M5:801a2a35c0eb1ddde4f339fae91bdd02	UR:file:///goast/hemat_data/references/hg38_broad/Homo_sapiens_assembly38.masked.fasta
@SQ	SN:chrUn_JTFH01001541v1_decoy	LN:1303	M5:0013745a3b7f3937b3f0d58b8fb8b96d	UR:file:///goast/hemat_data/references/hg38_broad/Homo_sapiens_assembly38.masked.fasta
@SQ	SN:chrUn_JTFH01001542v1_decoy	LN:1302	M5:2e708be5a88bc87556f10487d43af5f9	UR:file:///goast/hemat_data/references/hg38_broad/Homo_sapiens_assembly38.masked.fasta
@SQ	SN:chrUn_JTFH01001543v1_decoy	LN:1301	M5:9b421120b8e61665a80c2202f9742b11	UR:file:///goast/hemat_data/references/hg38_broad/Homo_sapiens_assembly38.masked.fasta
@SQ	SN:chrUn_JTFH01001544v1_decoy	LN:1300	M5:7b6b985d4c9b335dde3369fc8ae75a4f	UR:file:///goast/hemat_data/references/hg38_broad/Homo_sapiens_assembly38.masked.fasta
@SQ	SN:chrUn_JTFH01001545v1_decoy	LN:1298	M5:c2c9f5a874990de1d53e53efca362cd0	UR:file:///goast/hemat_data/references/hg38_broad/Homo_sapiens_assembly38.masked.fasta
@SQ	SN:chrUn_JTFH01001546v1_decoy	LN:1297	M5:8849c9f185b5ae8ed6d60d3b99c6591c	UR:file:///goast/hemat_data/references/hg38_broad/Homo_sapiens_assembly38.masked.fasta
@SQ	SN:chrUn_JTFH01001547v1_decoy	LN:1295	M5:134596128a40e4a4c8f40d310152fe2f	UR:file:///goast/hemat_data/references/hg38_broad/Homo_sapiens_assembly38.masked.fasta
@SQ	SN:chrUn_JTFH01001548v1_decoy	LN:1284	M5:c943fc593d7c12a3edad870f24db083c	UR:file:///goast/hemat_data/references/hg38_broad/Homo_sapiens_assembly38.masked.fasta
@SQ	SN:chrUn_JTFH01001549v1_decoy	LN:1283	M5:de6680db4756a0d685d2f2405be073be	UR:file:///goast/hemat_data/references/hg38_broad/Homo_sapiens_assembly38.masked.fasta
@SQ	SN:chrUn_JTFH01001550v1_decoy	LN:1283	M5:a86669f9a78babae5db999b036d712b5	UR:file:///goast/hemat_data/references/hg38_broad/Homo_sapiens_assembly38.masked.fasta
@SQ	SN:chrUn_JTFH01001551v1_decoy	LN:1279	M5:48d3b7e152913253a1c7749be4542da0	UR:file:///goast/hemat_data/references/hg38_broad/Homo_sapiens_assembly38.masked.fasta
@SQ	SN:chrUn_JTFH01001552v1_decoy	LN:1278	M5:6f732db21b1679f66b34145d0d179a57	UR:file:///goast/hemat_data/references/hg38_broad/Homo_sapiens_assembly38.masked.fasta
@SQ	SN:chrUn_JTFH01001553v1_decoy	LN:1271	M5:18a0c55016d63414e1a7c9a868d2167b	UR:file:///goast/hemat_data/references/hg38_broad/Homo_sapiens_assembly38.masked.fasta
@SQ	SN:chrUn_JTFH01001554v1_decoy	LN:1271	M5:fbb66e8da3ee67360e823061c517c47b	UR:file:///goast/hemat_data/references/hg38_broad/Homo_sapiens_assembly38.masked.fasta
@SQ	SN:chrUn_JTFH01001555v1_decoy	LN:1268	M5:668bc50dfcee6830bfd6b8b193cf9aab	UR:file:///goast/hemat_data/references/hg38_broad/Homo_sapiens_assembly38.masked.fasta
@SQ	SN:chrUn_JTFH01001556v1_decoy	LN:1264	M5:512e1b52aa8bc91a79e98a21f48fd69a	UR:file:///goast/hemat_data/references/hg38_broad/Homo_sapiens_assembly38.masked.fasta
@SQ	SN:chrUn_JTFH01001557v1_decoy	LN:1263	M5:a280a5ddd14400e7a21e262dacba0878	UR:file:///goast/hemat_data/references/hg38_broad/Homo_sapiens_assembly38.masked.fasta
@SQ	SN:chrUn_JTFH01001558v1_decoy	LN:1262	M5:074796c17da27a3ae23b3ab43837eff9	UR:file:///goast/hemat_data/references/hg38_broad/Homo_sapiens_assembly38.masked.fasta
@SQ	SN:chrUn_JTFH01001559v1_decoy	LN:1261	M5:f75ff3300dbd75160e935cd46e4511c3	UR:file:///goast/hemat_data/references/hg38_broad/Homo_sapiens_assembly38.masked.fasta
@SQ	SN:chrUn_JTFH01001560v1_decoy	LN:1260	M5:67884b5403ffc61f67795ef0fcc3b616	UR:file:///goast/hemat_data/references/hg38_broad/Homo_sapiens_assembly38.masked.fasta
@SQ	SN:chrUn_JTFH01001561v1_decoy	LN:1259	M5:778ef716a17f44127ce4648ca3d01437	UR:file:///goast/hemat_data/references/hg38_broad/Homo_sapiens_assembly38.masked.fasta
@SQ	SN:chrUn_JTFH01001562v1_decoy	LN:1259	M5:79561487702e7f87d4c1babb97cbf910	UR:file:///goast/hemat_data/references/hg38_broad/Homo_sapiens_assembly38.masked.fasta
@SQ	SN:chrUn_JTFH01001563v1_decoy	LN:1258	M5:05c2d3d1fe5c9569c6f982e7978b0d6d	UR:file:///goast/hemat_data/references/hg38_broad/Homo_sapiens_assembly38.masked.fasta
@SQ	SN:chrUn_JTFH01001564v1_decoy	LN:1256	M5:443af4844c7fe05604fbf14d61807faf	UR:file:///goast/hemat_data/references/hg38_broad/Homo_sapiens_assembly38.masked.fasta
@SQ	SN:chrUn_JTFH01001565v1_decoy	LN:1253	M5:3ab1b0cbc9dfe5e1b97cc5bbee6ba5d9	UR:file:///goast/hemat_data/references/hg38_broad/Homo_sapiens_assembly38.masked.fasta
@SQ	SN:chrUn_JTFH01001566v1_decoy	LN:1248	M5:6ca9712ce96adea0a2a178a885e6c403	UR:file:///goast/hemat_data/references/hg38_broad/Homo_sapiens_assembly38.masked.fasta
@SQ	SN:chrUn_JTFH01001567v1_decoy	LN:1248	M5:a9815826b47ba4c29bb0b6f427c91f9b	UR:file:///goast/hemat_data/references/hg38_broad/Homo_sapiens_assembly38.masked.fasta
@SQ	SN:chrUn_JTFH01001568v1_decoy	LN:1246	M5:847154b1d516e188b5d8b9b6932658a8	UR:file:///goast/hemat_data/references/hg38_broad/Homo_sapiens_assembly38.masked.fasta
@SQ	SN:chrUn_JTFH01001569v1_decoy	LN:1246	M5:cc8ad8f95e7d72b075ce88fc9fd93560	UR:file:///goast/hemat_data/references/hg38_broad/Homo_sapiens_assembly38.masked.fasta
@SQ	SN:chrUn_JTFH01001570v1_decoy	LN:1244	M5:3df737516c175d1baf5cb57874761a06	UR:file:///goast/hemat_data/references/hg38_broad/Homo_sapiens_assembly38.masked.fasta
@SQ	SN:chrUn_JTFH01001571v1_decoy	LN:1238	M5:350c62d6852c839c79bb94399823a7c6	UR:file:///goast/hemat_data/references/hg38_broad/Homo_sapiens_assembly38.masked.fasta
@SQ	SN:chrUn_JTFH01001572v1_decoy	LN:1238	M5:cf4520e99994e5810535b8e92f1f4764	UR:file:///goast/hemat_data/references/hg38_broad/Homo_sapiens_assembly38.masked.fasta
@SQ	SN:chrUn_JTFH01001573v1_decoy	LN:1236	M5:27e61fe700513169fa02b0a6b9224fb6	UR:file:///goast/hemat_data/references/hg38_broad/Homo_sapiens_assembly38.masked.fasta
@SQ	SN:chrUn_JTFH01001574v1_decoy	LN:1234	M5:6af09c7c1feeb50a156ab599d39314f0	UR:file:///goast/hemat_data/references/hg38_broad/Homo_sapiens_assembly38.masked.fasta
@SQ	SN:chrUn_JTFH01001575v1_decoy	LN:1234	M5:1b1c2b7e28c781322697a77df6b717c4	UR:file:///goast/hemat_data/references/hg38_broad/Homo_sapiens_assembly38.masked.fasta
@SQ	SN:chrUn_JTFH01001576v1_decoy	LN:1231	M5:24168a14a8a7b0626a75964a5ffa4c06	UR:file:///goast/hemat_data/references/hg38_broad/Homo_sapiens_assembly38.masked.fasta
@SQ	SN:chrUn_JTFH01001577v1_decoy	LN:1231	M5:7b5c30f4c44dc17f05a6022490a1b06b	UR:file:///goast/hemat_data/references/hg38_broad/Homo_sapiens_assembly38.masked.fasta
@SQ	SN:chrUn_JTFH01001578v1_decoy	LN:1230	M5:7dd3d8aa3ad6ae0467cbb5729a65b7fb	UR:file:///goast/hemat_data/references/hg38_broad/Homo_sapiens_assembly38.masked.fasta
@SQ	SN:chrUn_JTFH01001579v1_decoy	LN:1230	M5:9838f95ca9d84335f580003e43e0e909	UR:file:///goast/hemat_data/references/hg38_broad/Homo_sapiens_assembly38.masked.fasta
@SQ	SN:chrUn_JTFH01001580v1_decoy	LN:1228	M5:40d2f9b81666f0aeaadf3b60d6f00326	UR:file:///goast/hemat_data/references/hg38_broad/Homo_sapiens_assembly38.masked.fasta
@SQ	SN:chrUn_JTFH01001581v1_decoy	LN:1227	M5:b603baea2a6d239b5a0e0482be39ebae	UR:file:///goast/hemat_data/references/hg38_broad/Homo_sapiens_assembly38.masked.fasta
@SQ	SN:chrUn_JTFH01001582v1_decoy	LN:1222	M5:592ec40093cfd07fe7ae22531e7ff948	UR:file:///goast/hemat_data/references/hg38_broad/Homo_sapiens_assembly38.masked.fasta
@SQ	SN:chrUn_JTFH01001583v1_decoy	LN:1222	M5:45d2796dafa85ef3ebb8d378ab5c4fe2	UR:file:///goast/hemat_data/references/hg38_broad/Homo_sapiens_assembly38.masked.fasta
@SQ	SN:chrUn_JTFH01001584v1_decoy	LN:1221	M5:7171fedcff845d9bf0eed62d8de65582	UR:file:///goast/hemat_data/references/hg38_broad/Homo_sapiens_assembly38.masked.fasta
@SQ	SN:chrUn_JTFH01001585v1_decoy	LN:1221	M5:1919b7c47b361c4925ba7f89f672c639	UR:file:///goast/hemat_data/references/hg38_broad/Homo_sapiens_assembly38.masked.fasta
@SQ	SN:chrUn_JTFH01001586v1_decoy	LN:1220	M5:9b6bee47fab2e16188e112fd219cb63b	UR:file:///goast/hemat_data/references/hg38_broad/Homo_sapiens_assembly38.masked.fasta
@SQ	SN:chrUn_JTFH01001587v1_decoy	LN:1218	M5:403153f244f25427f95b761c7e7643f0	UR:file:///goast/hemat_data/references/hg38_broad/Homo_sapiens_assembly38.masked.fasta
@SQ	SN:chrUn_JTFH01001588v1_decoy	LN:1218	M5:4bdec42af039130bb647f35a1587442e	UR:file:///goast/hemat_data/references/hg38_broad/Homo_sapiens_assembly38.masked.fasta
@SQ	SN:chrUn_JTFH01001589v1_decoy	LN:1216	M5:5eb119c85dbdbac20fd9b54ca19e3bb0	UR:file:///goast/hemat_data/references/hg38_broad/Homo_sapiens_assembly38.masked.fasta
@SQ	SN:chrUn_JTFH01001590v1_decoy	LN:1216	M5:30be84f72824c6a73cb46db0880fca34	UR:file:///goast/hemat_data/references/hg38_broad/Homo_sapiens_assembly38.masked.fasta
@SQ	SN:chrUn_JTFH01001591v1_decoy	LN:1212	M5:a3990c8502d89fd44d2744a7c3b5ec27	UR:file:///goast/hemat_data/references/hg38_broad/Homo_sapiens_assembly38.masked.fasta
@SQ	SN:chrUn_JTFH01001592v1_decoy	LN:1210	M5:812ecd7a45c18a1ca8e07d380fa9c7fe	UR:file:///goast/hemat_data/references/hg38_broad/Homo_sapiens_assembly38.masked.fasta
@SQ	SN:chrUn_JTFH01001593v1_decoy	LN:1209	M5:f3658490a61b9678c62147607e15dd39	UR:file:///goast/hemat_data/references/hg38_broad/Homo_sapiens_assembly38.masked.fasta
@SQ	SN:chrUn_JTFH01001594v1_decoy	LN:1208	M5:6ad7956bf60e17b114d96c186021ba22	UR:file:///goast/hemat_data/references/hg38_broad/Homo_sapiens_assembly38.masked.fasta
@SQ	SN:chrUn_JTFH01001595v1_decoy	LN:1208	M5:07b45f43574a98e35df01f1b02658afa	UR:file:///goast/hemat_data/references/hg38_broad/Homo_sapiens_assembly38.masked.fasta
@SQ	SN:chrUn_JTFH01001596v1_decoy	LN:1206	M5:7ad1a707f9ee83f188f836b84f0ee5de	UR:file:///goast/hemat_data/references/hg38_broad/Homo_sapiens_assembly38.masked.fasta
@SQ	SN:chrUn_JTFH01001597v1_decoy	LN:1205	M5:c5fe9e310df6cae87f2d597153392ce3	UR:file:///goast/hemat_data/references/hg38_broad/Homo_sapiens_assembly38.masked.fasta
@SQ	SN:chrUn_JTFH01001598v1_decoy	LN:1205	M5:3253a26afa899ec2cde4d0fe80a95557	UR:file:///goast/hemat_data/references/hg38_broad/Homo_sapiens_assembly38.masked.fasta
@SQ	SN:chrUn_JTFH01001599v1_decoy	LN:1202	M5:7eba2ca9a5450bf7c6febae054f41555	UR:file:///goast/hemat_data/references/hg38_broad/Homo_sapiens_assembly38.masked.fasta
@SQ	SN:chrUn_JTFH01001600v1_decoy	LN:1200	M5:00f180d0f4f2be5d3a79232ebf1f4150	UR:file:///goast/hemat_data/references/hg38_broad/Homo_sapiens_assembly38.masked.fasta
@SQ	SN:chrUn_JTFH01001601v1_decoy	LN:1199	M5:06c81b1f3014d187114393c990dbb3d1	UR:file:///goast/hemat_data/references/hg38_broad/Homo_sapiens_assembly38.masked.fasta
@SQ	SN:chrUn_JTFH01001602v1_decoy	LN:1198	M5:04ad661ad55cf80b26d65b537fa28426	UR:file:///goast/hemat_data/references/hg38_broad/Homo_sapiens_assembly38.masked.fasta
@SQ	SN:chrUn_JTFH01001603v1_decoy	LN:1198	M5:10cec3a4b27c1a9e83dba32c764db1a9	UR:file:///goast/hemat_data/references/hg38_broad/Homo_sapiens_assembly38.masked.fasta
@SQ	SN:chrUn_JTFH01001604v1_decoy	LN:1198	M5:ca938a555284768f7de4aa5bc45030af	UR:file:///goast/hemat_data/references/hg38_broad/Homo_sapiens_assembly38.masked.fasta
@SQ	SN:chrUn_JTFH01001605v1_decoy	LN:1195	M5:6352f3ee72fc500fb234cefdc58d230c	UR:file:///goast/hemat_data/references/hg38_broad/Homo_sapiens_assembly38.masked.fasta
@SQ	SN:chrUn_JTFH01001606v1_decoy	LN:1194	M5:7761a04b81c344864c4196c9fa348529	UR:file:///goast/hemat_data/references/hg38_broad/Homo_sapiens_assembly38.masked.fasta
@SQ	SN:chrUn_JTFH01001607v1_decoy	LN:1191	M5:6f495eb0c24a06b146428c8e15145289	UR:file:///goast/hemat_data/references/hg38_broad/Homo_sapiens_assembly38.masked.fasta
@SQ	SN:chrUn_JTFH01001608v1_decoy	LN:1189	M5:7cdef7e7fe5039c26f91054002844a08	UR:file:///goast/hemat_data/references/hg38_broad/Homo_sapiens_assembly38.masked.fasta
@SQ	SN:chrUn_JTFH01001609v1_decoy	LN:1188	M5:8fb25530ab0d6cc405ed3820a00a19b9	UR:file:///goast/hemat_data/references/hg38_broad/Homo_sapiens_assembly38.masked.fasta
@SQ	SN:chrUn_JTFH01001610v1_decoy	LN:1180	M5:baa36ab5e7d359dcf38de58e0578aa06	UR:file:///goast/hemat_data/references/hg38_broad/Homo_sapiens_assembly38.masked.fasta
@SQ	SN:chrUn_JTFH01001611v1_decoy	LN:1180	M5:fbf128a1dc1f9852e12d0f7cc819e220	UR:file:///goast/hemat_data/references/hg38_broad/Homo_sapiens_assembly38.masked.fasta
@SQ	SN:chrUn_JTFH01001612v1_decoy	LN:1179	M5:cb72123adfc2996fb4f8c8023e656377	UR:file:///goast/hemat_data/references/hg38_broad/Homo_sapiens_assembly38.masked.fasta
@SQ	SN:chrUn_JTFH01001613v1_decoy	LN:1172	M5:9a828a68ee9904074c07ecb9b4a66d85	UR:file:///goast/hemat_data/references/hg38_broad/Homo_sapiens_assembly38.masked.fasta
@SQ	SN:chrUn_JTFH01001614v1_decoy	LN:1168	M5:47f21c445bb5e0f2901a60313a4b54fe	UR:file:///goast/hemat_data/references/hg38_broad/Homo_sapiens_assembly38.masked.fasta
@SQ	SN:chrUn_JTFH01001615v1_decoy	LN:1166	M5:6640bdaa008c2b633f8732710aea42e5	UR:file:///goast/hemat_data/references/hg38_broad/Homo_sapiens_assembly38.masked.fasta
@SQ	SN:chrUn_JTFH01001616v1_decoy	LN:1157	M5:548cacc169d84926fc794c75c8fe890a	UR:file:///goast/hemat_data/references/hg38_broad/Homo_sapiens_assembly38.masked.fasta
@SQ	SN:chrUn_JTFH01001617v1_decoy	LN:1156	M5:ed240ec48dfc49536a05c15b0cf84b32	UR:file:///goast/hemat_data/references/hg38_broad/Homo_sapiens_assembly38.masked.fasta
@SQ	SN:chrUn_JTFH01001618v1_decoy	LN:1156	M5:4cf17295af5ac519eeb5b60d65d8d630	UR:file:///goast/hemat_data/references/hg38_broad/Homo_sapiens_assembly38.masked.fasta
@SQ	SN:chrUn_JTFH01001619v1_decoy	LN:1155	M5:7535ed3093386510b39164d7d8c0e75d	UR:file:///goast/hemat_data/references/hg38_broad/Homo_sapiens_assembly38.masked.fasta
@SQ	SN:chrUn_JTFH01001620v1_decoy	LN:1154	M5:942a2c1ebc2dcdc44aca71c7998704e3	UR:file:///goast/hemat_data/references/hg38_broad/Homo_sapiens_assembly38.masked.fasta
@SQ	SN:chrUn_JTFH01001621v1_decoy	LN:1154	M5:172266936a16cb96c0fa51a30de2f617	UR:file:///goast/hemat_data/references/hg38_broad/Homo_sapiens_assembly38.masked.fasta
@SQ	SN:chrUn_JTFH01001622v1_decoy	LN:1149	M5:904c6976a4151582f6e20888f8882b1c	UR:file:///goast/hemat_data/references/hg38_broad/Homo_sapiens_assembly38.masked.fasta
@SQ	SN:chrUn_JTFH01001623v1_decoy	LN:1143	M5:e146ce9a62548893f8042eb31c9eb73a	UR:file:///goast/hemat_data/references/hg38_broad/Homo_sapiens_assembly38.masked.fasta
@SQ	SN:chrUn_JTFH01001624v1_decoy	LN:1143	M5:226937ae596ef9af068232903d42c1f3	UR:file:///goast/hemat_data/references/hg38_broad/Homo_sapiens_assembly38.masked.fasta
@SQ	SN:chrUn_JTFH01001625v1_decoy	LN:1140	M5:9f8924f0407c98c271d938a89ce0651a	UR:file:///goast/hemat_data/references/hg38_broad/Homo_sapiens_assembly38.masked.fasta
@SQ	SN:chrUn_JTFH01001626v1_decoy	LN:1137	M5:e6dc97de94f6ebca61e2afaa11081a24	UR:file:///goast/hemat_data/references/hg38_broad/Homo_sapiens_assembly38.masked.fasta
@SQ	SN:chrUn_JTFH01001627v1_decoy	LN:1135	M5:ddc4671e6fc9af479ecc987b65228b89	UR:file:///goast/hemat_data/references/hg38_broad/Homo_sapiens_assembly38.masked.fasta
@SQ	SN:chrUn_JTFH01001628v1_decoy	LN:1135	M5:156395c17267dbc279afab948e04d7eb	UR:file:///goast/hemat_data/references/hg38_broad/Homo_sapiens_assembly38.masked.fasta
@SQ	SN:chrUn_JTFH01001629v1_decoy	LN:1135	M5:b51c39a7e5a4d0f3a185dfe0405d28be	UR:file:///goast/hemat_data/references/hg38_broad/Homo_sapiens_assembly38.masked.fasta
@SQ	SN:chrUn_JTFH01001630v1_decoy	LN:1127	M5:eee6cec0d44e913c8909412bdc06fa14	UR:file:///goast/hemat_data/references/hg38_broad/Homo_sapiens_assembly38.masked.fasta
@SQ	SN:chrUn_JTFH01001631v1_decoy	LN:1127	M5:e614e251417f03894a86d226643c44b7	UR:file:///goast/hemat_data/references/hg38_broad/Homo_sapiens_assembly38.masked.fasta
@SQ	SN:chrUn_JTFH01001632v1_decoy	LN:1126	M5:e3d6bcc05df478652842790b2163c80e	UR:file:///goast/hemat_data/references/hg38_broad/Homo_sapiens_assembly38.masked.fasta
@SQ	SN:chrUn_JTFH01001633v1_decoy	LN:1123	M5:62a0c3d0311f689e83c69aca70ff1d7c	UR:file:///goast/hemat_data/references/hg38_broad/Homo_sapiens_assembly38.masked.fasta
@SQ	SN:chrUn_JTFH01001634v1_decoy	LN:1123	M5:4c25a0253e0d7c0aa032a2af4dc159a1	UR:file:///goast/hemat_data/references/hg38_broad/Homo_sapiens_assembly38.masked.fasta
@SQ	SN:chrUn_JTFH01001635v1_decoy	LN:1123	M5:77f17c8bda201de22cb683529469d159	UR:file:///goast/hemat_data/references/hg38_broad/Homo_sapiens_assembly38.masked.fasta
@SQ	SN:chrUn_JTFH01001636v1_decoy	LN:1122	M5:4716e9809cd6983cc872a801adcfcc46	UR:file:///goast/hemat_data/references/hg38_broad/Homo_sapiens_assembly38.masked.fasta
@SQ	SN:chrUn_JTFH01001637v1_decoy	LN:1122	M5:e854813fe411b829feb5122630115359	UR:file:///goast/hemat_data/references/hg38_broad/Homo_sapiens_assembly38.masked.fasta
@SQ	SN:chrUn_JTFH01001638v1_decoy	LN:1121	M5:9ee360ada2996f37f05bc35f51af2274	UR:file:///goast/hemat_data/references/hg38_broad/Homo_sapiens_assembly38.masked.fasta
@SQ	SN:chrUn_JTFH01001639v1_decoy	LN:1121	M5:e9eacf65a91b75a7484d73c0960d1f14	UR:file:///goast/hemat_data/references/hg38_broad/Homo_sapiens_assembly38.masked.fasta
@SQ	SN:chrUn_JTFH01001640v1_decoy	LN:1119	M5:115a5a8bf67d2676b18db1fa2cf1fb41	UR:file:///goast/hemat_data/references/hg38_broad/Homo_sapiens_assembly38.masked.fasta
@SQ	SN:chrUn_JTFH01001641v1_decoy	LN:1119	M5:8c12171780de61fb413546e612810679	UR:file:///goast/hemat_data/references/hg38_broad/Homo_sapiens_assembly38.masked.fasta
@SQ	SN:chrUn_JTFH01001642v1_decoy	LN:1119	M5:d36511233c4008330a6ea48f39a48c8e	UR:file:///goast/hemat_data/references/hg38_broad/Homo_sapiens_assembly38.masked.fasta
@SQ	SN:chrUn_JTFH01001643v1_decoy	LN:1118	M5:49d64211fa0e9269ff0335c106fadf0a	UR:file:///goast/hemat_data/references/hg38_broad/Homo_sapiens_assembly38.masked.fasta
@SQ	SN:chrUn_JTFH01001644v1_decoy	LN:1115	M5:d3b2472895f28b7fa60956f7b18c525d	UR:file:///goast/hemat_data/references/hg38_broad/Homo_sapiens_assembly38.masked.fasta
@SQ	SN:chrUn_JTFH01001645v1_decoy	LN:1106	M5:14d31945977d0566bc15d63216affa59	UR:file:///goast/hemat_data/references/hg38_broad/Homo_sapiens_assembly38.masked.fasta
@SQ	SN:chrUn_JTFH01001646v1_decoy	LN:1106	M5:954d5725f47430e77ac7a65db6252cb7	UR:file:///goast/hemat_data/references/hg38_broad/Homo_sapiens_assembly38.masked.fasta
@SQ	SN:chrUn_JTFH01001647v1_decoy	LN:1104	M5:afc20c7775696bfe6b465aa9d8d5a2cb	UR:file:///goast/hemat_data/references/hg38_broad/Homo_sapiens_assembly38.masked.fasta
@SQ	SN:chrUn_JTFH01001648v1_decoy	LN:1102	M5:1a699dde289aa62b55f6ac11bb7947e7	UR:file:///goast/hemat_data/references/hg38_broad/Homo_sapiens_assembly38.masked.fasta
@SQ	SN:chrUn_JTFH01001649v1_decoy	LN:1101	M5:97d8bdd4c01947f81c47b798baa7b71e	UR:file:///goast/hemat_data/references/hg38_broad/Homo_sapiens_assembly38.masked.fasta
@SQ	SN:chrUn_JTFH01001650v1_decoy	LN:1098	M5:81be16ab671a23dae662d52a90f53d45	UR:file:///goast/hemat_data/references/hg38_broad/Homo_sapiens_assembly38.masked.fasta
@SQ	SN:chrUn_JTFH01001651v1_decoy	LN:1098	M5:849d2fca45af7dd15c549778da256bd5	UR:file:///goast/hemat_data/references/hg38_broad/Homo_sapiens_assembly38.masked.fasta
@SQ	SN:chrUn_JTFH01001652v1_decoy	LN:1096	M5:85135079f59c18f32cab3330238996f9	UR:file:///goast/hemat_data/references/hg38_broad/Homo_sapiens_assembly38.masked.fasta
@SQ	SN:chrUn_JTFH01001653v1_decoy	LN:1096	M5:eeee606c5ce1877c2c17f3c35cee97c0	UR:file:///goast/hemat_data/references/hg38_broad/Homo_sapiens_assembly38.masked.fasta
@SQ	SN:chrUn_JTFH01001654v1_decoy	LN:1095	M5:a67b439018f9500bd22116207fa78bb7	UR:file:///goast/hemat_data/references/hg38_broad/Homo_sapiens_assembly38.masked.fasta
@SQ	SN:chrUn_JTFH01001655v1_decoy	LN:1093	M5:45193d6dc28c575afe0a816a04981a13	UR:file:///goast/hemat_data/references/hg38_broad/Homo_sapiens_assembly38.masked.fasta
@SQ	SN:chrUn_JTFH01001656v1_decoy	LN:1090	M5:9e9a3deb3fbb62096e9267cf17b4538e	UR:file:///goast/hemat_data/references/hg38_broad/Homo_sapiens_assembly38.masked.fasta
@SQ	SN:chrUn_JTFH01001657v1_decoy	LN:1089	M5:2fcd006deec28bc7b3e2ed1c81f6bd69	UR:file:///goast/hemat_data/references/hg38_broad/Homo_sapiens_assembly38.masked.fasta
@SQ	SN:chrUn_JTFH01001658v1_decoy	LN:1087	M5:b5ff50152c9932bd5f5c8f6d8f085250	UR:file:///goast/hemat_data/references/hg38_broad/Homo_sapiens_assembly38.masked.fasta
@SQ	SN:chrUn_JTFH01001659v1_decoy	LN:1087	M5:8dc8692a004984e174cae1a798c308ac	UR:file:///goast/hemat_data/references/hg38_broad/Homo_sapiens_assembly38.masked.fasta
@SQ	SN:chrUn_JTFH01001660v1_decoy	LN:1085	M5:a26ef2777b049efc475e9f983166c858	UR:file:///goast/hemat_data/references/hg38_broad/Homo_sapiens_assembly38.masked.fasta
@SQ	SN:chrUn_JTFH01001661v1_decoy	LN:1085	M5:1d1b538881461819bddec7da548477d9	UR:file:///goast/hemat_data/references/hg38_broad/Homo_sapiens_assembly38.masked.fasta
@SQ	SN:chrUn_JTFH01001662v1_decoy	LN:1085	M5:a02c26203237d3ab0fdeec3b2226e415	UR:file:///goast/hemat_data/references/hg38_broad/Homo_sapiens_assembly38.masked.fasta
@SQ	SN:chrUn_JTFH01001663v1_decoy	LN:1083	M5:97595ecd8251d05c23a9a1f24c4fc331	UR:file:///goast/hemat_data/references/hg38_broad/Homo_sapiens_assembly38.masked.fasta
@SQ	SN:chrUn_JTFH01001664v1_decoy	LN:1080	M5:bb065f6218181f056b36deb6d5ea3fcf	UR:file:///goast/hemat_data/references/hg38_broad/Homo_sapiens_assembly38.masked.fasta
@SQ	SN:chrUn_JTFH01001665v1_decoy	LN:1080	M5:242177401fdbd05a55373745dd7678ca	UR:file:///goast/hemat_data/references/hg38_broad/Homo_sapiens_assembly38.masked.fasta
@SQ	SN:chrUn_JTFH01001666v1_decoy	LN:1079	M5:aee38ae173783e327db2c83e4636269b	UR:file:///goast/hemat_data/references/hg38_broad/Homo_sapiens_assembly38.masked.fasta
@SQ	SN:chrUn_JTFH01001667v1_decoy	LN:1079	M5:eb281bc766d87e3e887aff0c1f473bb7	UR:file:///goast/hemat_data/references/hg38_broad/Homo_sapiens_assembly38.masked.fasta
@SQ	SN:chrUn_JTFH01001668v1_decoy	LN:1079	M5:b15b982e045772eb4fae4cf61eff32f5	UR:file:///goast/hemat_data/references/hg38_broad/Homo_sapiens_assembly38.masked.fasta
@SQ	SN:chrUn_JTFH01001669v1_decoy	LN:1075	M5:a0fe4aa8f27e7528a49b7fc241413bcd	UR:file:///goast/hemat_data/references/hg38_broad/Homo_sapiens_assembly38.masked.fasta
@SQ	SN:chrUn_JTFH01001670v1_decoy	LN:1074	M5:5a9ee12d6200281af569684e9eb6c44d	UR:file:///goast/hemat_data/references/hg38_broad/Homo_sapiens_assembly38.masked.fasta
@SQ	SN:chrUn_JTFH01001671v1_decoy	LN:1073	M5:58e3e1c01c24005c1bf6ecc4081328af	UR:file:///goast/hemat_data/references/hg38_broad/Homo_sapiens_assembly38.masked.fasta
@SQ	SN:chrUn_JTFH01001672v1_decoy	LN:1070	M5:6b4eaaed019b55c1445f856fa75748c8	UR:file:///goast/hemat_data/references/hg38_broad/Homo_sapiens_assembly38.masked.fasta
@SQ	SN:chrUn_JTFH01001673v1_decoy	LN:1068	M5:962507e31477075a1ec295c7f3e4f370	UR:file:///goast/hemat_data/references/hg38_broad/Homo_sapiens_assembly38.masked.fasta
@SQ	SN:chrUn_JTFH01001674v1_decoy	LN:1067	M5:246916ebbed387cdb53894261342b334	UR:file:///goast/hemat_data/references/hg38_broad/Homo_sapiens_assembly38.masked.fasta
@SQ	SN:chrUn_JTFH01001675v1_decoy	LN:1066	M5:45ef97be51801b68eddaf9d903c6569e	UR:file:///goast/hemat_data/references/hg38_broad/Homo_sapiens_assembly38.masked.fasta
@SQ	SN:chrUn_JTFH01001676v1_decoy	LN:1066	M5:a1e2a77d7c51fc62c3f1261d96788416	UR:file:///goast/hemat_data/references/hg38_broad/Homo_sapiens_assembly38.masked.fasta
@SQ	SN:chrUn_JTFH01001677v1_decoy	LN:1066	M5:a72df1625ec9a3676769041db2b5db74	UR:file:///goast/hemat_data/references/hg38_broad/Homo_sapiens_assembly38.masked.fasta
@SQ	SN:chrUn_JTFH01001678v1_decoy	LN:1063	M5:63c3ca073be59c038fca2ce8cf57b58f	UR:file:///goast/hemat_data/references/hg38_broad/Homo_sapiens_assembly38.masked.fasta
@SQ	SN:chrUn_JTFH01001679v1_decoy	LN:1063	M5:3b4176334e519bf0fc0ea90b5c450256	UR:file:///goast/hemat_data/references/hg38_broad/Homo_sapiens_assembly38.masked.fasta
@SQ	SN:chrUn_JTFH01001680v1_decoy	LN:1063	M5:e0c561be692e2103d216fec5f81a004f	UR:file:///goast/hemat_data/references/hg38_broad/Homo_sapiens_assembly38.masked.fasta
@SQ	SN:chrUn_JTFH01001681v1_decoy	LN:1062	M5:a87bd7c0b225c0db2cc82df0e92fd34d	UR:file:///goast/hemat_data/references/hg38_broad/Homo_sapiens_assembly38.masked.fasta
@SQ	SN:chrUn_JTFH01001682v1_decoy	LN:1058	M5:bd1fa296d60d2c1447479727889fd06d	UR:file:///goast/hemat_data/references/hg38_broad/Homo_sapiens_assembly38.masked.fasta
@SQ	SN:chrUn_JTFH01001683v1_decoy	LN:1056	M5:ec709ad9663274dc4b8d9c95637e6231	UR:file:///goast/hemat_data/references/hg38_broad/Homo_sapiens_assembly38.masked.fasta
@SQ	SN:chrUn_JTFH01001684v1_decoy	LN:1052	M5:4c92b0e2cf0179f74e829358fdd4fd7d	UR:file:///goast/hemat_data/references/hg38_broad/Homo_sapiens_assembly38.masked.fasta
@SQ	SN:chrUn_JTFH01001685v1_decoy	LN:1051	M5:d301a97b1b34b2cbcd690824430ef873	UR:file:///goast/hemat_data/references/hg38_broad/Homo_sapiens_assembly38.masked.fasta
@SQ	SN:chrUn_JTFH01001686v1_decoy	LN:1051	M5:bbc47709fbd21b2776773a149cc0338a	UR:file:///goast/hemat_data/references/hg38_broad/Homo_sapiens_assembly38.masked.fasta
@SQ	SN:chrUn_JTFH01001687v1_decoy	LN:1050	M5:a01a1af5e1a2b7e924af29af696e561c	UR:file:///goast/hemat_data/references/hg38_broad/Homo_sapiens_assembly38.masked.fasta
@SQ	SN:chrUn_JTFH01001688v1_decoy	LN:1048	M5:71b188e0ec08d62bcf1e70c1ad5dece1	UR:file:///goast/hemat_data/references/hg38_broad/Homo_sapiens_assembly38.masked.fasta
@SQ	SN:chrUn_JTFH01001689v1_decoy	LN:1046	M5:6a0e08e5268e2e656a415ba75e6fd9bb	UR:file:///goast/hemat_data/references/hg38_broad/Homo_sapiens_assembly38.masked.fasta
@SQ	SN:chrUn_JTFH01001690v1_decoy	LN:1046	M5:59e6b5101b057b8b61117d4e775da1a3	UR:file:///goast/hemat_data/references/hg38_broad/Homo_sapiens_assembly38.masked.fasta
@SQ	SN:chrUn_JTFH01001691v1_decoy	LN:1045	M5:f09e7737756f026981c00c9f4e4a0fcb	UR:file:///goast/hemat_data/references/hg38_broad/Homo_sapiens_assembly38.masked.fasta
@SQ	SN:chrUn_JTFH01001692v1_decoy	LN:1043	M5:90cc154008842d098dcd3bfcb288fad9	UR:file:///goast/hemat_data/references/hg38_broad/Homo_sapiens_assembly38.masked.fasta
@SQ	SN:chrUn_JTFH01001693v1_decoy	LN:1038	M5:760fd011482ffc7b2972fff26ede08ed	UR:file:///goast/hemat_data/references/hg38_broad/Homo_sapiens_assembly38.masked.fasta
@SQ	SN:chrUn_JTFH01001694v1_decoy	LN:1036	M5:403a116827eda12cce96c83a442432ef	UR:file:///goast/hemat_data/references/hg38_broad/Homo_sapiens_assembly38.masked.fasta
@SQ	SN:chrUn_JTFH01001695v1_decoy	LN:1035	M5:aa903a22959e0e71bf9b65e184c98664	UR:file:///goast/hemat_data/references/hg38_broad/Homo_sapiens_assembly38.masked.fasta
@SQ	SN:chrUn_JTFH01001696v1_decoy	LN:1035	M5:c7b013db629c9e53bcc9e5ef6b45ea86	UR:file:///goast/hemat_data/references/hg38_broad/Homo_sapiens_assembly38.masked.fasta
@SQ	SN:chrUn_JTFH01001697v1_decoy	LN:1035	M5:b124dac1b39002796762805b01e70939	UR:file:///goast/hemat_data/references/hg38_broad/Homo_sapiens_assembly38.masked.fasta
@SQ	SN:chrUn_JTFH01001698v1_decoy	LN:1033	M5:973b579d06cff1e48883e0c933a40ace	UR:file:///goast/hemat_data/references/hg38_broad/Homo_sapiens_assembly38.masked.fasta
@SQ	SN:chrUn_JTFH01001699v1_decoy	LN:1032	M5:d91e5694037129aa77037d5c631b2c89	UR:file:///goast/hemat_data/references/hg38_broad/Homo_sapiens_assembly38.masked.fasta
@SQ	SN:chrUn_JTFH01001700v1_decoy	LN:1031	M5:26f0a1a25d70795beec266b79ee9872a	UR:file:///goast/hemat_data/references/hg38_broad/Homo_sapiens_assembly38.masked.fasta
@SQ	SN:chrUn_JTFH01001701v1_decoy	LN:1026	M5:d895a2e531136b85f91cae9c41bac3eb	UR:file:///goast/hemat_data/references/hg38_broad/Homo_sapiens_assembly38.masked.fasta
@SQ	SN:chrUn_JTFH01001702v1_decoy	LN:1026	M5:eeaed2987f143706ea90f593db2ee43c	UR:file:///goast/hemat_data/references/hg38_broad/Homo_sapiens_assembly38.masked.fasta
@SQ	SN:chrUn_JTFH01001703v1_decoy	LN:1026	M5:201ae22e581315eb83bf1b2a90a376ba	UR:file:///goast/hemat_data/references/hg38_broad/Homo_sapiens_assembly38.masked.fasta
@SQ	SN:chrUn_JTFH01001704v1_decoy	LN:1023	M5:676723aca3cbe94f5e6fa6e3e677382e	UR:file:///goast/hemat_data/references/hg38_broad/Homo_sapiens_assembly38.masked.fasta
@SQ	SN:chrUn_JTFH01001705v1_decoy	LN:1022	M5:079f24ae7a37258e2dcd3e45c2a82dc0	UR:file:///goast/hemat_data/references/hg38_broad/Homo_sapiens_assembly38.masked.fasta
@SQ	SN:chrUn_JTFH01001706v1_decoy	LN:1020	M5:0c6c76de07c4a66f7b7c1625990fe97c	UR:file:///goast/hemat_data/references/hg38_broad/Homo_sapiens_assembly38.masked.fasta
@SQ	SN:chrUn_JTFH01001707v1_decoy	LN:1020	M5:23b7cef7e53c021320be37e395337a6b	UR:file:///goast/hemat_data/references/hg38_broad/Homo_sapiens_assembly38.masked.fasta
@SQ	SN:chrUn_JTFH01001708v1_decoy	LN:1020	M5:442bbaf4d63d7243f581f2a4f3c8713e	UR:file:///goast/hemat_data/references/hg38_broad/Homo_sapiens_assembly38.masked.fasta
@SQ	SN:chrUn_JTFH01001709v1_decoy	LN:1019	M5:ead84759fc3d0742886397aa847a8c43	UR:file:///goast/hemat_data/references/hg38_broad/Homo_sapiens_assembly38.masked.fasta
@SQ	SN:chrUn_JTFH01001710v1_decoy	LN:1018	M5:30842e0e30b9626a2db87c8abee99c69	UR:file:///goast/hemat_data/references/hg38_broad/Homo_sapiens_assembly38.masked.fasta
@SQ	SN:chrUn_JTFH01001711v1_decoy	LN:1018	M5:85cd9b0b4ac27a135417acad1b49f347	UR:file:///goast/hemat_data/references/hg38_broad/Homo_sapiens_assembly38.masked.fasta
@SQ	SN:chrUn_JTFH01001712v1_decoy	LN:1017	M5:cf02f8f140f6cabc6edaa85f110e6a45	UR:file:///goast/hemat_data/references/hg38_broad/Homo_sapiens_assembly38.masked.fasta
@SQ	SN:chrUn_JTFH01001713v1_decoy	LN:1015	M5:a1b077bd6e18faf0ce248051997e87b1	UR:file:///goast/hemat_data/references/hg38_broad/Homo_sapiens_assembly38.masked.fasta
@SQ	SN:chrUn_JTFH01001714v1_decoy	LN:1015	M5:c108897419126d2b77335084625f756f	UR:file:///goast/hemat_data/references/hg38_broad/Homo_sapiens_assembly38.masked.fasta
@SQ	SN:chrUn_JTFH01001715v1_decoy	LN:1015	M5:887e1695f416731637dc46a35b2a9548	UR:file:///goast/hemat_data/references/hg38_broad/Homo_sapiens_assembly38.masked.fasta
@SQ	SN:chrUn_JTFH01001716v1_decoy	LN:1014	M5:f4c888663c13ab55190b9228c5b46bb8	UR:file:///goast/hemat_data/references/hg38_broad/Homo_sapiens_assembly38.masked.fasta
@SQ	SN:chrUn_JTFH01001717v1_decoy	LN:1014	M5:be3c4d0d37c5c1c8c88889dede5ba4b9	UR:file:///goast/hemat_data/references/hg38_broad/Homo_sapiens_assembly38.masked.fasta
@SQ	SN:chrUn_JTFH01001718v1_decoy	LN:1013	M5:2d3c3dfc692750b9b4c716debe8451a9	UR:file:///goast/hemat_data/references/hg38_broad/Homo_sapiens_assembly38.masked.fasta
@SQ	SN:chrUn_JTFH01001719v1_decoy	LN:1013	M5:c1212f7ba1d00f6f6553fc075e858e42	UR:file:///goast/hemat_data/references/hg38_broad/Homo_sapiens_assembly38.masked.fasta
@SQ	SN:chrUn_JTFH01001720v1_decoy	LN:1013	M5:6e854869ecc63cf6e45e7f0fc6eeb9c7	UR:file:///goast/hemat_data/references/hg38_broad/Homo_sapiens_assembly38.masked.fasta
@SQ	SN:chrUn_JTFH01001721v1_decoy	LN:1012	M5:05b1945756fa1adf0d4547bcd12f01ce	UR:file:///goast/hemat_data/references/hg38_broad/Homo_sapiens_assembly38.masked.fasta
@SQ	SN:chrUn_JTFH01001722v1_decoy	LN:1011	M5:0ef4eb4aa59e9725d43ed27a2f67d8d5	UR:file:///goast/hemat_data/references/hg38_broad/Homo_sapiens_assembly38.masked.fasta
@SQ	SN:chrUn_JTFH01001723v1_decoy	LN:1011	M5:b4080ef5ca76b971d7eea5438484ce22	UR:file:///goast/hemat_data/references/hg38_broad/Homo_sapiens_assembly38.masked.fasta
@SQ	SN:chrUn_JTFH01001724v1_decoy	LN:1009	M5:34953db0af28061b89bb32262121af7a	UR:file:///goast/hemat_data/references/hg38_broad/Homo_sapiens_assembly38.masked.fasta
@SQ	SN:chrUn_JTFH01001725v1_decoy	LN:1008	M5:b05c20cc6394423a0e1aef1bac72d0b5	UR:file:///goast/hemat_data/references/hg38_broad/Homo_sapiens_assembly38.masked.fasta
@SQ	SN:chrUn_JTFH01001726v1_decoy	LN:1008	M5:f2301601e3a88c6be9c38500a9d29685	UR:file:///goast/hemat_data/references/hg38_broad/Homo_sapiens_assembly38.masked.fasta
@SQ	SN:chrUn_JTFH01001727v1_decoy	LN:1007	M5:2ff7ac77e3568eeb2e7772e932dfa819	UR:file:///goast/hemat_data/references/hg38_broad/Homo_sapiens_assembly38.masked.fasta
@SQ	SN:chrUn_JTFH01001728v1_decoy	LN:1007	M5:04fd5dc748b4e7815316b0cccea3cba0	UR:file:///goast/hemat_data/references/hg38_broad/Homo_sapiens_assembly38.masked.fasta
@SQ	SN:chrUn_JTFH01001729v1_decoy	LN:1007	M5:957456ba0e3f879860817f3ae6bfca78	UR:file:///goast/hemat_data/references/hg38_broad/Homo_sapiens_assembly38.masked.fasta
@SQ	SN:chrUn_JTFH01001730v1_decoy	LN:1006	M5:8381668c661d255ffbd7498d663acff2	UR:file:///goast/hemat_data/references/hg38_broad/Homo_sapiens_assembly38.masked.fasta
@SQ	SN:chrUn_JTFH01001731v1_decoy	LN:1005	M5:92a03e55b43fc40c9c010df225cc650c	UR:file:///goast/hemat_data/references/hg38_broad/Homo_sapiens_assembly38.masked.fasta
@SQ	SN:chrUn_JTFH01001732v1_decoy	LN:1003	M5:bc99a37cda9c755b77763c0873a3435d	UR:file:///goast/hemat_data/references/hg38_broad/Homo_sapiens_assembly38.masked.fasta
@SQ	SN:chrUn_JTFH01001733v1_decoy	LN:1001	M5:6a123c9c76f9d1c0a35ba3666f861ddd	UR:file:///goast/hemat_data/references/hg38_broad/Homo_sapiens_assembly38.masked.fasta
@SQ	SN:chrUn_JTFH01001734v1_decoy	LN:1000	M5:31048d43d8cae8a2c51fe5fcfbfa2462	UR:file:///goast/hemat_data/references/hg38_broad/Homo_sapiens_assembly38.masked.fasta
@SQ	SN:chrUn_JTFH01001735v1_decoy	LN:19311	M5:110c68ef04650368b85e76c55d599fcb	UR:file:///goast/hemat_data/references/hg38_broad/Homo_sapiens_assembly38.masked.fasta
@SQ	SN:chrUn_JTFH01001736v1_decoy	LN:11713	M5:392799b68e6e2c6e288f07bc44a3a6b9	UR:file:///goast/hemat_data/references/hg38_broad/Homo_sapiens_assembly38.masked.fasta
@SQ	SN:chrUn_JTFH01001737v1_decoy	LN:11263	M5:091c74a89bf6767adbc92c7cfd9ab6bd	UR:file:///goast/hemat_data/references/hg38_broad/Homo_sapiens_assembly38.masked.fasta
@SQ	SN:chrUn_JTFH01001738v1_decoy	LN:9779	M5:fdbeb36b87e966517a30478e8fd55631	UR:file:///goast/hemat_data/references/hg38_broad/Homo_sapiens_assembly38.masked.fasta
@SQ	SN:chrUn_JTFH01001739v1_decoy	LN:9568	M5:3562fa1ff9f4f23377f715895ecd504e	UR:file:///goast/hemat_data/references/hg38_broad/Homo_sapiens_assembly38.masked.fasta
@SQ	SN:chrUn_JTFH01001740v1_decoy	LN:9344	M5:7c7fa5c413301e5c71020ee588c0c1cf	UR:file:///goast/hemat_data/references/hg38_broad/Homo_sapiens_assembly38.masked.fasta
@SQ	SN:chrUn_JTFH01001741v1_decoy	LN:9188	M5:ec88b5a808b4c20414719ba271b7b641	UR:file:///goast/hemat_data/references/hg38_broad/Homo_sapiens_assembly38.masked.fasta
@SQ	SN:chrUn_JTFH01001742v1_decoy	LN:9100	M5:bad4d9e7865b7ef45b00609846739bda	UR:file:///goast/hemat_data/references/hg38_broad/Homo_sapiens_assembly38.masked.fasta
@SQ	SN:chrUn_JTFH01001743v1_decoy	LN:8771	M5:56e67b8b7db6db977411d3485186a095	UR:file:///goast/hemat_data/references/hg38_broad/Homo_sapiens_assembly38.masked.fasta
@SQ	SN:chrUn_JTFH01001744v1_decoy	LN:8690	M5:f01b9132254ca4074ba5ddc5b74c3d1e	UR:file:///goast/hemat_data/references/hg38_broad/Homo_sapiens_assembly38.masked.fasta
@SQ	SN:chrUn_JTFH01001745v1_decoy	LN:8566	M5:d96c00c236c6c63764d62b50443c448a	UR:file:///goast/hemat_data/references/hg38_broad/Homo_sapiens_assembly38.masked.fasta
@SQ	SN:chrUn_JTFH01001746v1_decoy	LN:8058	M5:14979af859f72ff6efa1b0230cb0bbd9	UR:file:///goast/hemat_data/references/hg38_broad/Homo_sapiens_assembly38.masked.fasta
@SQ	SN:chrUn_JTFH01001747v1_decoy	LN:7759	M5:57af8f9f3fb38d3eb268e3d82b21e918	UR:file:///goast/hemat_data/references/hg38_broad/Homo_sapiens_assembly38.masked.fasta
@SQ	SN:chrUn_JTFH01001748v1_decoy	LN:7585	M5:332f1fac3f4964c85f80b068cd91e49f	UR:file:///goast/hemat_data/references/hg38_broad/Homo_sapiens_assembly38.masked.fasta
@SQ	SN:chrUn_JTFH01001749v1_decoy	LN:7471	M5:a2a4f2f140a6703cfaa11c1a6ca07380	UR:file:///goast/hemat_data/references/hg38_broad/Homo_sapiens_assembly38.masked.fasta
@SQ	SN:chrUn_JTFH01001750v1_decoy	LN:7461	M5:ec2b8f7282528afa2de49ece1a8d3daa	UR:file:///goast/hemat_data/references/hg38_broad/Homo_sapiens_assembly38.masked.fasta
@SQ	SN:chrUn_JTFH01001751v1_decoy	LN:7342	M5:328d2146da22838f30adcf361c5a9165	UR:file:///goast/hemat_data/references/hg38_broad/Homo_sapiens_assembly38.masked.fasta
@SQ	SN:chrUn_JTFH01001752v1_decoy	LN:7223	M5:b0e8a99c193409a71f86d373159d576c	UR:file:///goast/hemat_data/references/hg38_broad/Homo_sapiens_assembly38.masked.fasta
@SQ	SN:chrUn_JTFH01001753v1_decoy	LN:7064	M5:3c4648b387bc44aaabddf795d6678ca1	UR:file:///goast/hemat_data/references/hg38_broad/Homo_sapiens_assembly38.masked.fasta
@SQ	SN:chrUn_JTFH01001754v1_decoy	LN:6916	M5:c57ae49f10014609feff4fe84c91b31c	UR:file:///goast/hemat_data/references/hg38_broad/Homo_sapiens_assembly38.masked.fasta
@SQ	SN:chrUn_JTFH01001755v1_decoy	LN:6897	M5:0bd737852eeaf5c723587cbbd74005d9	UR:file:///goast/hemat_data/references/hg38_broad/Homo_sapiens_assembly38.masked.fasta
@SQ	SN:chrUn_JTFH01001756v1_decoy	LN:6880	M5:e3d30ef79c4983f0fb99ecf9ac1ca7fd	UR:file:///goast/hemat_data/references/hg38_broad/Homo_sapiens_assembly38.masked.fasta
@SQ	SN:chrUn_JTFH01001757v1_decoy	LN:6857	M5:cfd001bcac96f459ceac7a135a59cb04	UR:file:///goast/hemat_data/references/hg38_broad/Homo_sapiens_assembly38.masked.fasta
@SQ	SN:chrUn_JTFH01001758v1_decoy	LN:6840	M5:6757a710758275b58b95545211e06526	UR:file:///goast/hemat_data/references/hg38_broad/Homo_sapiens_assembly38.masked.fasta
@SQ	SN:chrUn_JTFH01001759v1_decoy	LN:6728	M5:4d8b4b254f60864202e63aa9dba42086	UR:file:///goast/hemat_data/references/hg38_broad/Homo_sapiens_assembly38.masked.fasta
@SQ	SN:chrUn_JTFH01001760v1_decoy	LN:6688	M5:9e056067d1281622858dfe9830f147f2	UR:file:///goast/hemat_data/references/hg38_broad/Homo_sapiens_assembly38.masked.fasta
@SQ	SN:chrUn_JTFH01001761v1_decoy	LN:6553	M5:9182e4b1d32ec558a3bd3c94a5254ecc	UR:file:///goast/hemat_data/references/hg38_broad/Homo_sapiens_assembly38.masked.fasta
@SQ	SN:chrUn_JTFH01001762v1_decoy	LN:6396	M5:23b91febfc6ba054d109596479f66f8f	UR:file:///goast/hemat_data/references/hg38_broad/Homo_sapiens_assembly38.masked.fasta
@SQ	SN:chrUn_JTFH01001763v1_decoy	LN:6345	M5:f038e6215610b387550c3b50dddd49a5	UR:file:///goast/hemat_data/references/hg38_broad/Homo_sapiens_assembly38.masked.fasta
@SQ	SN:chrUn_JTFH01001764v1_decoy	LN:6295	M5:d0f7f5b63499d6efd4d901a757b1cd7c	UR:file:///goast/hemat_data/references/hg38_broad/Homo_sapiens_assembly38.masked.fasta
@SQ	SN:chrUn_JTFH01001765v1_decoy	LN:6266	M5:95b3fdc4315475b9c0408bc1f1f49202	UR:file:///goast/hemat_data/references/hg38_broad/Homo_sapiens_assembly38.masked.fasta
@SQ	SN:chrUn_JTFH01001766v1_decoy	LN:6173	M5:4db332a6222e767873f0d9c5051b83f3	UR:file:///goast/hemat_data/references/hg38_broad/Homo_sapiens_assembly38.masked.fasta
@SQ	SN:chrUn_JTFH01001767v1_decoy	LN:6171	M5:399db4ef3a58b54f82a07da4f0d264af	UR:file:///goast/hemat_data/references/hg38_broad/Homo_sapiens_assembly38.masked.fasta
@SQ	SN:chrUn_JTFH01001768v1_decoy	LN:6120	M5:399aa8c3cb106b5c685092b0de9313fd	UR:file:///goast/hemat_data/references/hg38_broad/Homo_sapiens_assembly38.masked.fasta
@SQ	SN:chrUn_JTFH01001769v1_decoy	LN:6105	M5:4990624c065870871ce2bfff6bbd26e7	UR:file:///goast/hemat_data/references/hg38_broad/Homo_sapiens_assembly38.masked.fasta
@SQ	SN:chrUn_JTFH01001770v1_decoy	LN:6099	M5:2e817dafcd97d49c6dfa1eef14a5e32e	UR:file:///goast/hemat_data/references/hg38_broad/Homo_sapiens_assembly38.masked.fasta
@SQ	SN:chrUn_JTFH01001771v1_decoy	LN:5893	M5:c8155a905ca8708a397ff91ea578e41f	UR:file:///goast/hemat_data/references/hg38_broad/Homo_sapiens_assembly38.masked.fasta
@SQ	SN:chrUn_JTFH01001772v1_decoy	LN:5829	M5:85146edd3b2fab18762262a7455e00c8	UR:file:///goast/hemat_data/references/hg38_broad/Homo_sapiens_assembly38.masked.fasta
@SQ	SN:chrUn_JTFH01001773v1_decoy	LN:5793	M5:b72258377a1fd9ccb2a374de66066126	UR:file:///goast/hemat_data/references/hg38_broad/Homo_sapiens_assembly38.masked.fasta
@SQ	SN:chrUn_JTFH01001774v1_decoy	LN:5776	M5:51cdb4aa5438f8b50fb21eb9c0959839	UR:file:///goast/hemat_data/references/hg38_broad/Homo_sapiens_assembly38.masked.fasta
@SQ	SN:chrUn_JTFH01001775v1_decoy	LN:5759	M5:f30e892168c0f735365a13e51c8d0af3	UR:file:///goast/hemat_data/references/hg38_broad/Homo_sapiens_assembly38.masked.fasta
@SQ	SN:chrUn_JTFH01001776v1_decoy	LN:5716	M5:c03eea2b4a0bc45e1e7df084b89340ef	UR:file:///goast/hemat_data/references/hg38_broad/Homo_sapiens_assembly38.masked.fasta
@SQ	SN:chrUn_JTFH01001777v1_decoy	LN:5708	M5:5aba75f216a07e87387db64ea61a7c17	UR:file:///goast/hemat_data/references/hg38_broad/Homo_sapiens_assembly38.masked.fasta
@SQ	SN:chrUn_JTFH01001778v1_decoy	LN:5590	M5:09a93eafef7f433e1d2b0d7f3e4c2857	UR:file:///goast/hemat_data/references/hg38_broad/Homo_sapiens_assembly38.masked.fasta
@SQ	SN:chrUn_JTFH01001779v1_decoy	LN:5566	M5:173109c0f5077facb133a124c11fe44f	UR:file:///goast/hemat_data/references/hg38_broad/Homo_sapiens_assembly38.masked.fasta
@SQ	SN:chrUn_JTFH01001780v1_decoy	LN:5558	M5:c7f1155230324ea1ff2ec21957290278	UR:file:///goast/hemat_data/references/hg38_broad/Homo_sapiens_assembly38.masked.fasta
@SQ	SN:chrUn_JTFH01001781v1_decoy	LN:5418	M5:8de9a43d5de5e0bd3fbdc3a8ba79bb3a	UR:file:///goast/hemat_data/references/hg38_broad/Homo_sapiens_assembly38.masked.fasta
@SQ	SN:chrUn_JTFH01001782v1_decoy	LN:5375	M5:2d96ecf69a27a8876ecd20073def54b6	UR:file:///goast/hemat_data/references/hg38_broad/Homo_sapiens_assembly38.masked.fasta
@SQ	SN:chrUn_JTFH01001783v1_decoy	LN:5300	M5:07550b4953f67bec7ce4f4a04c493553	UR:file:///goast/hemat_data/references/hg38_broad/Homo_sapiens_assembly38.masked.fasta
@SQ	SN:chrUn_JTFH01001784v1_decoy	LN:5255	M5:5c4536fdcf9b0c8f69b6c13e9c535eb3	UR:file:///goast/hemat_data/references/hg38_broad/Homo_sapiens_assembly38.masked.fasta
@SQ	SN:chrUn_JTFH01001785v1_decoy	LN:5157	M5:af427140b151e2e892fc9a95aec694f5	UR:file:///goast/hemat_data/references/hg38_broad/Homo_sapiens_assembly38.masked.fasta
@SQ	SN:chrUn_JTFH01001786v1_decoy	LN:5130	M5:254488c203afc62f6965ed57e0644916	UR:file:///goast/hemat_data/references/hg38_broad/Homo_sapiens_assembly38.masked.fasta
@SQ	SN:chrUn_JTFH01001787v1_decoy	LN:4978	M5:a0d7d65d0e93baf75fd6d6d38c774828	UR:file:///goast/hemat_data/references/hg38_broad/Homo_sapiens_assembly38.masked.fasta
@SQ	SN:chrUn_JTFH01001788v1_decoy	LN:4957	M5:6acbb899137257944298b46317165e69	UR:file:///goast/hemat_data/references/hg38_broad/Homo_sapiens_assembly38.masked.fasta
@SQ	SN:chrUn_JTFH01001789v1_decoy	LN:4947	M5:cec51f8ad5909dd8e0d3b01e25acbfd7	UR:file:///goast/hemat_data/references/hg38_broad/Homo_sapiens_assembly38.masked.fasta
@SQ	SN:chrUn_JTFH01001790v1_decoy	LN:4897	M5:a8c98d6ff4dfa416c2dc12f726057ac0	UR:file:///goast/hemat_data/references/hg38_broad/Homo_sapiens_assembly38.masked.fasta
@SQ	SN:chrUn_JTFH01001791v1_decoy	LN:4867	M5:8ad543666fcb2e40d2ce2c0bcb95a150	UR:file:///goast/hemat_data/references/hg38_broad/Homo_sapiens_assembly38.masked.fasta
@SQ	SN:chrUn_JTFH01001792v1_decoy	LN:4845	M5:a4cb8d08b6f399bd75e5d3edc40320f2	UR:file:///goast/hemat_data/references/hg38_broad/Homo_sapiens_assembly38.masked.fasta
@SQ	SN:chrUn_JTFH01001793v1_decoy	LN:4678	M5:02de644cfd20b00dbf3730793f839102	UR:file:///goast/hemat_data/references/hg38_broad/Homo_sapiens_assembly38.masked.fasta
@SQ	SN:chrUn_JTFH01001794v1_decoy	LN:4641	M5:5326e7bd1418a6bd8475fc0cf9383333	UR:file:///goast/hemat_data/references/hg38_broad/Homo_sapiens_assembly38.masked.fasta
@SQ	SN:chrUn_JTFH01001795v1_decoy	LN:4592	M5:bd9741fa5a5eaf10cb939a6822ac9473	UR:file:///goast/hemat_data/references/hg38_broad/Homo_sapiens_assembly38.masked.fasta
@SQ	SN:chrUn_JTFH01001796v1_decoy	LN:4543	M5:465f55fb7df07a219d9cb52c8d369e8a	UR:file:///goast/hemat_data/references/hg38_broad/Homo_sapiens_assembly38.masked.fasta
@SQ	SN:chrUn_JTFH01001797v1_decoy	LN:4532	M5:4956e33b08cf6f8939a8053da18b8b4e	UR:file:///goast/hemat_data/references/hg38_broad/Homo_sapiens_assembly38.masked.fasta
@SQ	SN:chrUn_JTFH01001798v1_decoy	LN:4503	M5:1fe8c217b537b8ff77877f684728af90	UR:file:///goast/hemat_data/references/hg38_broad/Homo_sapiens_assembly38.masked.fasta
@SQ	SN:chrUn_JTFH01001799v1_decoy	LN:4495	M5:317fc278049d65e36b6b4ac9ea865e2c	UR:file:///goast/hemat_data/references/hg38_broad/Homo_sapiens_assembly38.masked.fasta
@SQ	SN:chrUn_JTFH01001800v1_decoy	LN:4444	M5:1815e62f1fb46ebe5a8f20ca027f5e3b	UR:file:///goast/hemat_data/references/hg38_broad/Homo_sapiens_assembly38.masked.fasta
@SQ	SN:chrUn_JTFH01001801v1_decoy	LN:4414	M5:7911ec2b81df531fe586719cf18f339f	UR:file:///goast/hemat_data/references/hg38_broad/Homo_sapiens_assembly38.masked.fasta
@SQ	SN:chrUn_JTFH01001802v1_decoy	LN:4409	M5:65257f0e3c59604d1b9d1534d2e05cc2	UR:file:///goast/hemat_data/references/hg38_broad/Homo_sapiens_assembly38.masked.fasta
@SQ	SN:chrUn_JTFH01001803v1_decoy	LN:4302	M5:dd3519a759d8fb2773d3ce4e05d2e0c9	UR:file:///goast/hemat_data/references/hg38_broad/Homo_sapiens_assembly38.masked.fasta
@SQ	SN:chrUn_JTFH01001804v1_decoy	LN:4300	M5:1baabb53ab93bc883f297c4fd3313726	UR:file:///goast/hemat_data/references/hg38_broad/Homo_sapiens_assembly38.masked.fasta
@SQ	SN:chrUn_JTFH01001805v1_decoy	LN:4277	M5:a93c3da31dbc626ca07c7a5bb2ae1fce	UR:file:///goast/hemat_data/references/hg38_broad/Homo_sapiens_assembly38.masked.fasta
@SQ	SN:chrUn_JTFH01001806v1_decoy	LN:4173	M5:ad4dbde798fb8814acca378a14f36ef4	UR:file:///goast/hemat_data/references/hg38_broad/Homo_sapiens_assembly38.masked.fasta
@SQ	SN:chrUn_JTFH01001807v1_decoy	LN:4169	M5:5e7896feb74a66cdf343257968e26128	UR:file:///goast/hemat_data/references/hg38_broad/Homo_sapiens_assembly38.masked.fasta
@SQ	SN:chrUn_JTFH01001808v1_decoy	LN:4136	M5:bb27f7b565373b54a90878f371ecb315	UR:file:///goast/hemat_data/references/hg38_broad/Homo_sapiens_assembly38.masked.fasta
@SQ	SN:chrUn_JTFH01001809v1_decoy	LN:4101	M5:cc0696dc2c3a1cf86aa2bcf3be4fea1c	UR:file:///goast/hemat_data/references/hg38_broad/Homo_sapiens_assembly38.masked.fasta
@SQ	SN:chrUn_JTFH01001810v1_decoy	LN:4089	M5:84d4249370d2ab227a405c59d78a49e5	UR:file:///goast/hemat_data/references/hg38_broad/Homo_sapiens_assembly38.masked.fasta
@SQ	SN:chrUn_JTFH01001811v1_decoy	LN:4015	M5:13a4dd160518b12fd8900d058ae24627	UR:file:///goast/hemat_data/references/hg38_broad/Homo_sapiens_assembly38.masked.fasta
@SQ	SN:chrUn_JTFH01001812v1_decoy	LN:4000	M5:0d5607a998bac1719a3842db4b2ac324	UR:file:///goast/hemat_data/references/hg38_broad/Homo_sapiens_assembly38.masked.fasta
@SQ	SN:chrUn_JTFH01001813v1_decoy	LN:3973	M5:c54b9de7f485ab7729a4b35a122e5676	UR:file:///goast/hemat_data/references/hg38_broad/Homo_sapiens_assembly38.masked.fasta
@SQ	SN:chrUn_JTFH01001814v1_decoy	LN:3732	M5:0b810e5685d52453ea3c4c3c15f4ab46	UR:file:///goast/hemat_data/references/hg38_broad/Homo_sapiens_assembly38.masked.fasta
@SQ	SN:chrUn_JTFH01001815v1_decoy	LN:3709	M5:41dc92336fe91882541594fefae1b397	UR:file:///goast/hemat_data/references/hg38_broad/Homo_sapiens_assembly38.masked.fasta
@SQ	SN:chrUn_JTFH01001816v1_decoy	LN:3686	M5:23342688bf37b8caa294e20464135302	UR:file:///goast/hemat_data/references/hg38_broad/Homo_sapiens_assembly38.masked.fasta
@SQ	SN:chrUn_JTFH01001817v1_decoy	LN:3676	M5:9d214925d90fe222b09cbc3b862d4be5	UR:file:///goast/hemat_data/references/hg38_broad/Homo_sapiens_assembly38.masked.fasta
@SQ	SN:chrUn_JTFH01001818v1_decoy	LN:3673	M5:c4bbe25da86730cc4e55c74636296210	UR:file:///goast/hemat_data/references/hg38_broad/Homo_sapiens_assembly38.masked.fasta
@SQ	SN:chrUn_JTFH01001819v1_decoy	LN:3672	M5:3365257914847acb537ffb644b32f6fc	UR:file:///goast/hemat_data/references/hg38_broad/Homo_sapiens_assembly38.masked.fasta
@SQ	SN:chrUn_JTFH01001820v1_decoy	LN:3633	M5:9af0a5d44c112d976299f598083354bd	UR:file:///goast/hemat_data/references/hg38_broad/Homo_sapiens_assembly38.masked.fasta
@SQ	SN:chrUn_JTFH01001821v1_decoy	LN:3633	M5:276e5a73fe80f25706975973fca81151	UR:file:///goast/hemat_data/references/hg38_broad/Homo_sapiens_assembly38.masked.fasta
@SQ	SN:chrUn_JTFH01001822v1_decoy	LN:3613	M5:96044e09be5ba69252a13d71123ac546	UR:file:///goast/hemat_data/references/hg38_broad/Homo_sapiens_assembly38.masked.fasta
@SQ	SN:chrUn_JTFH01001823v1_decoy	LN:3605	M5:2402d86c44cceab83a438a4af0e24939	UR:file:///goast/hemat_data/references/hg38_broad/Homo_sapiens_assembly38.masked.fasta
@SQ	SN:chrUn_JTFH01001824v1_decoy	LN:3592	M5:8e4cc1d20a97fbddc8d430158ab2f8a9	UR:file:///goast/hemat_data/references/hg38_broad/Homo_sapiens_assembly38.masked.fasta
@SQ	SN:chrUn_JTFH01001825v1_decoy	LN:3586	M5:b0cc5444bffc7aec1c01a855b52ec3a6	UR:file:///goast/hemat_data/references/hg38_broad/Homo_sapiens_assembly38.masked.fasta
@SQ	SN:chrUn_JTFH01001826v1_decoy	LN:3584	M5:9b94b86d924e51adbe1fa241e9eb4980	UR:file:///goast/hemat_data/references/hg38_broad/Homo_sapiens_assembly38.masked.fasta
@SQ	SN:chrUn_JTFH01001827v1_decoy	LN:3577	M5:2ed768998d7e36315f9b21917eff299e	UR:file:///goast/hemat_data/references/hg38_broad/Homo_sapiens_assembly38.masked.fasta
@SQ	SN:chrUn_JTFH01001828v1_decoy	LN:3537	M5:b9fb044a6692c6bc7dfdca8fcb811f79	UR:file:///goast/hemat_data/references/hg38_broad/Homo_sapiens_assembly38.masked.fasta
@SQ	SN:chrUn_JTFH01001829v1_decoy	LN:3510	M5:27176699c6daad8aa9991c140bb4dceb	UR:file:///goast/hemat_data/references/hg38_broad/Homo_sapiens_assembly38.masked.fasta
@SQ	SN:chrUn_JTFH01001830v1_decoy	LN:3509	M5:dab9d17bab4efaf2e54273afe4017807	UR:file:///goast/hemat_data/references/hg38_broad/Homo_sapiens_assembly38.masked.fasta
@SQ	SN:chrUn_JTFH01001831v1_decoy	LN:3488	M5:cc824ab2de05f959425033f7d1b34c54	UR:file:///goast/hemat_data/references/hg38_broad/Homo_sapiens_assembly38.masked.fasta
@SQ	SN:chrUn_JTFH01001832v1_decoy	LN:3473	M5:05d718c7b92a89c2a4b961ee6c0b008c	UR:file:///goast/hemat_data/references/hg38_broad/Homo_sapiens_assembly38.masked.fasta
@SQ	SN:chrUn_JTFH01001833v1_decoy	LN:3445	M5:c374915181a1f43da7688151fad2c609	UR:file:///goast/hemat_data/references/hg38_broad/Homo_sapiens_assembly38.masked.fasta
@SQ	SN:chrUn_JTFH01001834v1_decoy	LN:3427	M5:fea3edb105a855523da01bbac633b515	UR:file:///goast/hemat_data/references/hg38_broad/Homo_sapiens_assembly38.masked.fasta
@SQ	SN:chrUn_JTFH01001835v1_decoy	LN:3395	M5:9323a036098595da4ac07b2de10ef332	UR:file:///goast/hemat_data/references/hg38_broad/Homo_sapiens_assembly38.masked.fasta
@SQ	SN:chrUn_JTFH01001836v1_decoy	LN:3367	M5:19070dba7b35a5d94fffb7a4c9bc41d4	UR:file:///goast/hemat_data/references/hg38_broad/Homo_sapiens_assembly38.masked.fasta
@SQ	SN:chrUn_JTFH01001837v1_decoy	LN:3337	M5:21d6bebf3b38b8e623684b9e0e707909	UR:file:///goast/hemat_data/references/hg38_broad/Homo_sapiens_assembly38.masked.fasta
@SQ	SN:chrUn_JTFH01001838v1_decoy	LN:3324	M5:445cf21cdd79290b7e69a748db3691c6	UR:file:///goast/hemat_data/references/hg38_broad/Homo_sapiens_assembly38.masked.fasta
@SQ	SN:chrUn_JTFH01001839v1_decoy	LN:3315	M5:f1f38a814378ad3f53ab744d03c6faec	UR:file:///goast/hemat_data/references/hg38_broad/Homo_sapiens_assembly38.masked.fasta
@SQ	SN:chrUn_JTFH01001840v1_decoy	LN:3313	M5:943531134a853079b30be3d92c9a37ee	UR:file:///goast/hemat_data/references/hg38_broad/Homo_sapiens_assembly38.masked.fasta
@SQ	SN:chrUn_JTFH01001841v1_decoy	LN:3283	M5:aa33f6f89273b5d970d09f46c4acffc4	UR:file:///goast/hemat_data/references/hg38_broad/Homo_sapiens_assembly38.masked.fasta
@SQ	SN:chrUn_JTFH01001842v1_decoy	LN:3250	M5:6c7e5a0af5d65078902e7369e77c3eca	UR:file:///goast/hemat_data/references/hg38_broad/Homo_sapiens_assembly38.masked.fasta
@SQ	SN:chrUn_JTFH01001843v1_decoy	LN:3247	M5:a40dde4dacd9b3af8d1346af020f3826	UR:file:///goast/hemat_data/references/hg38_broad/Homo_sapiens_assembly38.masked.fasta
@SQ	SN:chrUn_JTFH01001844v1_decoy	LN:3237	M5:19c321a618697df2f90bf2623e39e09a	UR:file:///goast/hemat_data/references/hg38_broad/Homo_sapiens_assembly38.masked.fasta
@SQ	SN:chrUn_JTFH01001845v1_decoy	LN:3235	M5:858d4ef2c5182eec9a3af185040447c1	UR:file:///goast/hemat_data/references/hg38_broad/Homo_sapiens_assembly38.masked.fasta
@SQ	SN:chrUn_JTFH01001846v1_decoy	LN:3200	M5:5198826fed1230b23329839aa0fe293b	UR:file:///goast/hemat_data/references/hg38_broad/Homo_sapiens_assembly38.masked.fasta
@SQ	SN:chrUn_JTFH01001847v1_decoy	LN:3195	M5:bc41aa22979bdd3975774235ac080c4c	UR:file:///goast/hemat_data/references/hg38_broad/Homo_sapiens_assembly38.masked.fasta
@SQ	SN:chrUn_JTFH01001848v1_decoy	LN:3175	M5:e3cf116e22c63b9ca8f5f83ef00c9227	UR:file:///goast/hemat_data/references/hg38_broad/Homo_sapiens_assembly38.masked.fasta
@SQ	SN:chrUn_JTFH01001849v1_decoy	LN:3158	M5:2c546de8c11c8b020271c0a602c8e914	UR:file:///goast/hemat_data/references/hg38_broad/Homo_sapiens_assembly38.masked.fasta
@SQ	SN:chrUn_JTFH01001850v1_decoy	LN:3143	M5:b114278cb76d8a47cd1ea131b6b01c46	UR:file:///goast/hemat_data/references/hg38_broad/Homo_sapiens_assembly38.masked.fasta
@SQ	SN:chrUn_JTFH01001851v1_decoy	LN:3139	M5:836cf9f277e7abe51f821eea4e72f9da	UR:file:///goast/hemat_data/references/hg38_broad/Homo_sapiens_assembly38.masked.fasta
@SQ	SN:chrUn_JTFH01001852v1_decoy	LN:3138	M5:99ec6bed7ebdeb700737347dbb987feb	UR:file:///goast/hemat_data/references/hg38_broad/Homo_sapiens_assembly38.masked.fasta
@SQ	SN:chrUn_JTFH01001853v1_decoy	LN:3136	M5:3ce9684d466895b5b1ebc7b730c1a22d	UR:file:///goast/hemat_data/references/hg38_broad/Homo_sapiens_assembly38.masked.fasta
@SQ	SN:chrUn_JTFH01001854v1_decoy	LN:3132	M5:4133dd5a44f06f0676fd2c8f8f2e532a	UR:file:///goast/hemat_data/references/hg38_broad/Homo_sapiens_assembly38.masked.fasta
@SQ	SN:chrUn_JTFH01001855v1_decoy	LN:3132	M5:1d73546845d822a91cbc6d9f4e78688c	UR:file:///goast/hemat_data/references/hg38_broad/Homo_sapiens_assembly38.masked.fasta
@SQ	SN:chrUn_JTFH01001856v1_decoy	LN:3095	M5:318534fba07d7da9181de4e227a5ddf1	UR:file:///goast/hemat_data/references/hg38_broad/Homo_sapiens_assembly38.masked.fasta
@SQ	SN:chrUn_JTFH01001857v1_decoy	LN:3094	M5:bb93d34eb9f7a80b575056a9785171f8	UR:file:///goast/hemat_data/references/hg38_broad/Homo_sapiens_assembly38.masked.fasta
@SQ	SN:chrUn_JTFH01001858v1_decoy	LN:3093	M5:b4c67202f6c2cd5231bdf62ec60bf138	UR:file:///goast/hemat_data/references/hg38_broad/Homo_sapiens_assembly38.masked.fasta
@SQ	SN:chrUn_JTFH01001859v1_decoy	LN:3059	M5:80bd25131b27cbfb7222fb139cdc03f4	UR:file:///goast/hemat_data/references/hg38_broad/Homo_sapiens_assembly38.masked.fasta
@SQ	SN:chrUn_JTFH01001860v1_decoy	LN:2985	M5:3b138424ffa05470fbaf4e81e0b11722	UR:file:///goast/hemat_data/references/hg38_broad/Homo_sapiens_assembly38.masked.fasta
@SQ	SN:chrUn_JTFH01001861v1_decoy	LN:2975	M5:128ceb0f1b4c41d3107868af22cbd590	UR:file:///goast/hemat_data/references/hg38_broad/Homo_sapiens_assembly38.masked.fasta
@SQ	SN:chrUn_JTFH01001862v1_decoy	LN:2967	M5:f0bd303b1446335f781e0c2f74d28de3	UR:file:///goast/hemat_data/references/hg38_broad/Homo_sapiens_assembly38.masked.fasta
@SQ	SN:chrUn_JTFH01001863v1_decoy	LN:2961	M5:562fe7159c1f06d7750af9ef9c3d3e6f	UR:file:///goast/hemat_data/references/hg38_broad/Homo_sapiens_assembly38.masked.fasta
@SQ	SN:chrUn_JTFH01001864v1_decoy	LN:2955	M5:8028d9a1447473820a8c0b0e88325ffb	UR:file:///goast/hemat_data/references/hg38_broad/Homo_sapiens_assembly38.masked.fasta
@SQ	SN:chrUn_JTFH01001865v1_decoy	LN:2935	M5:2fb53f3d6f706d8f5738f63429c8de36	UR:file:///goast/hemat_data/references/hg38_broad/Homo_sapiens_assembly38.masked.fasta
@SQ	SN:chrUn_JTFH01001866v1_decoy	LN:2933	M5:a22cdeb6c078d85e19e089f7f9efb045	UR:file:///goast/hemat_data/references/hg38_broad/Homo_sapiens_assembly38.masked.fasta
@SQ	SN:chrUn_JTFH01001867v1_decoy	LN:2909	M5:1fd7abd65c5be9c9dc924daa280f43be	UR:file:///goast/hemat_data/references/hg38_broad/Homo_sapiens_assembly38.masked.fasta
@SQ	SN:chrUn_JTFH01001868v1_decoy	LN:2904	M5:5e863959002b0c580d4820a7cebdbf48	UR:file:///goast/hemat_data/references/hg38_broad/Homo_sapiens_assembly38.masked.fasta
@SQ	SN:chrUn_JTFH01001869v1_decoy	LN:2892	M5:662acc47cf615cef44478309a902b41b	UR:file:///goast/hemat_data/references/hg38_broad/Homo_sapiens_assembly38.masked.fasta
@SQ	SN:chrUn_JTFH01001870v1_decoy	LN:2886	M5:b83662f3f83e28d70a9133675fbe1b1e	UR:file:///goast/hemat_data/references/hg38_broad/Homo_sapiens_assembly38.masked.fasta
@SQ	SN:chrUn_JTFH01001871v1_decoy	LN:2885	M5:0734ed3f7e1aed9828f22b347664e98e	UR:file:///goast/hemat_data/references/hg38_broad/Homo_sapiens_assembly38.masked.fasta
@SQ	SN:chrUn_JTFH01001872v1_decoy	LN:2878	M5:2246626d2530d2260b223f28a96a624a	UR:file:///goast/hemat_data/references/hg38_broad/Homo_sapiens_assembly38.masked.fasta
@SQ	SN:chrUn_JTFH01001873v1_decoy	LN:2875	M5:a306eed4bf0048509612220ddfca4dca	UR:file:///goast/hemat_data/references/hg38_broad/Homo_sapiens_assembly38.masked.fasta
@SQ	SN:chrUn_JTFH01001874v1_decoy	LN:2861	M5:45f856116b6642c701e0671967fb8bfe	UR:file:///goast/hemat_data/references/hg38_broad/Homo_sapiens_assembly38.masked.fasta
@SQ	SN:chrUn_JTFH01001875v1_decoy	LN:2856	M5:a35e380dc9bcacbbc7a29692f039feb3	UR:file:///goast/hemat_data/references/hg38_broad/Homo_sapiens_assembly38.masked.fasta
@SQ	SN:chrUn_JTFH01001876v1_decoy	LN:2838	M5:e010e81c2ae154a12105872faac2d033	UR:file:///goast/hemat_data/references/hg38_broad/Homo_sapiens_assembly38.masked.fasta
@SQ	SN:chrUn_JTFH01001877v1_decoy	LN:2801	M5:c830abeee2c0527ca00ee4004e2f26f2	UR:file:///goast/hemat_data/references/hg38_broad/Homo_sapiens_assembly38.masked.fasta
@SQ	SN:chrUn_JTFH01001878v1_decoy	LN:2797	M5:9f0b46d448ffe81f55a61311b72408d1	UR:file:///goast/hemat_data/references/hg38_broad/Homo_sapiens_assembly38.masked.fasta
@SQ	SN:chrUn_JTFH01001879v1_decoy	LN:2788	M5:ff37de9e839a483b85b9978f165e2aa4	UR:file:///goast/hemat_data/references/hg38_broad/Homo_sapiens_assembly38.masked.fasta
@SQ	SN:chrUn_JTFH01001880v1_decoy	LN:2773	M5:45df0f07d5235217631f54d4decf8ce9	UR:file:///goast/hemat_data/references/hg38_broad/Homo_sapiens_assembly38.masked.fasta
@SQ	SN:chrUn_JTFH01001881v1_decoy	LN:2755	M5:22fbad6b463ff553fbe7482783018f9b	UR:file:///goast/hemat_data/references/hg38_broad/Homo_sapiens_assembly38.masked.fasta
@SQ	SN:chrUn_JTFH01001882v1_decoy	LN:2754	M5:f5751d68ef59013dd8a924405b61c766	UR:file:///goast/hemat_data/references/hg38_broad/Homo_sapiens_assembly38.masked.fasta
@SQ	SN:chrUn_JTFH01001883v1_decoy	LN:2743	M5:68564eee42e550492f0bf366f22345f1	UR:file:///goast/hemat_data/references/hg38_broad/Homo_sapiens_assembly38.masked.fasta
@SQ	SN:chrUn_JTFH01001884v1_decoy	LN:2725	M5:c4477959c12bb115614ea504cf712579	UR:file:///goast/hemat_data/references/hg38_broad/Homo_sapiens_assembly38.masked.fasta
@SQ	SN:chrUn_JTFH01001885v1_decoy	LN:2722	M5:d221c4dd4b764a3cf767ae2f408cd855	UR:file:///goast/hemat_data/references/hg38_broad/Homo_sapiens_assembly38.masked.fasta
@SQ	SN:chrUn_JTFH01001886v1_decoy	LN:2682	M5:6a91b1b63b686c713c6daaa9a5b28c48	UR:file:///goast/hemat_data/references/hg38_broad/Homo_sapiens_assembly38.masked.fasta
@SQ	SN:chrUn_JTFH01001887v1_decoy	LN:2669	M5:176039ee6f1d1ae8eaf240056ad7e1ea	UR:file:///goast/hemat_data/references/hg38_broad/Homo_sapiens_assembly38.masked.fasta
@SQ	SN:chrUn_JTFH01001888v1_decoy	LN:2663	M5:ac2fb1176f2733ad7fcdd03cc15e919d	UR:file:///goast/hemat_data/references/hg38_broad/Homo_sapiens_assembly38.masked.fasta
@SQ	SN:chrUn_JTFH01001889v1_decoy	LN:2652	M5:f14b36f702c6db220606dd6696067369	UR:file:///goast/hemat_data/references/hg38_broad/Homo_sapiens_assembly38.masked.fasta
@SQ	SN:chrUn_JTFH01001890v1_decoy	LN:2647	M5:82b5cfe2b5ccc5d14445809aefc4acee	UR:file:///goast/hemat_data/references/hg38_broad/Homo_sapiens_assembly38.masked.fasta
@SQ	SN:chrUn_JTFH01001891v1_decoy	LN:2635	M5:fa2959b22afb179b2e6b195f5bba68bc	UR:file:///goast/hemat_data/references/hg38_broad/Homo_sapiens_assembly38.masked.fasta
@SQ	SN:chrUn_JTFH01001892v1_decoy	LN:2633	M5:62d8ae1cef408d715d22ae3ba3dfb9c6	UR:file:///goast/hemat_data/references/hg38_broad/Homo_sapiens_assembly38.masked.fasta
@SQ	SN:chrUn_JTFH01001893v1_decoy	LN:2629	M5:cb667e2bdb9486da5a227dbd50803c45	UR:file:///goast/hemat_data/references/hg38_broad/Homo_sapiens_assembly38.masked.fasta
@SQ	SN:chrUn_JTFH01001894v1_decoy	LN:2612	M5:923dfb32d8271c70d8e8cd9288621481	UR:file:///goast/hemat_data/references/hg38_broad/Homo_sapiens_assembly38.masked.fasta
@SQ	SN:chrUn_JTFH01001895v1_decoy	LN:2599	M5:691f294fc31908fd910ca9dac0cd4362	UR:file:///goast/hemat_data/references/hg38_broad/Homo_sapiens_assembly38.masked.fasta
@SQ	SN:chrUn_JTFH01001896v1_decoy	LN:2566	M5:9cce036b1dc05a82d7a2bd677688b7a3	UR:file:///goast/hemat_data/references/hg38_broad/Homo_sapiens_assembly38.masked.fasta
@SQ	SN:chrUn_JTFH01001897v1_decoy	LN:2556	M5:975e1058290d80f4ab2cf207313135aa	UR:file:///goast/hemat_data/references/hg38_broad/Homo_sapiens_assembly38.masked.fasta
@SQ	SN:chrUn_JTFH01001898v1_decoy	LN:2551	M5:e52be60ead1084c5dbd6851964b3d575	UR:file:///goast/hemat_data/references/hg38_broad/Homo_sapiens_assembly38.masked.fasta
@SQ	SN:chrUn_JTFH01001899v1_decoy	LN:2551	M5:71028cef766fc1dc75684dc127ec3f73	UR:file:///goast/hemat_data/references/hg38_broad/Homo_sapiens_assembly38.masked.fasta
@SQ	SN:chrUn_JTFH01001900v1_decoy	LN:2538	M5:e180467b2632a688c6d3b1e58b17892d	UR:file:///goast/hemat_data/references/hg38_broad/Homo_sapiens_assembly38.masked.fasta
@SQ	SN:chrUn_JTFH01001901v1_decoy	LN:2538	M5:bcaea2754972af50dff62993504801c3	UR:file:///goast/hemat_data/references/hg38_broad/Homo_sapiens_assembly38.masked.fasta
@SQ	SN:chrUn_JTFH01001902v1_decoy	LN:2525	M5:647f59f3a4ad408b803a4c971db5651a	UR:file:///goast/hemat_data/references/hg38_broad/Homo_sapiens_assembly38.masked.fasta
@SQ	SN:chrUn_JTFH01001903v1_decoy	LN:2498	M5:80be471faeb22fb67458b7bb8e00ea3e	UR:file:///goast/hemat_data/references/hg38_broad/Homo_sapiens_assembly38.masked.fasta
@SQ	SN:chrUn_JTFH01001904v1_decoy	LN:2496	M5:be7e3722d3c1a45b98f79cf89cfc235f	UR:file:///goast/hemat_data/references/hg38_broad/Homo_sapiens_assembly38.masked.fasta
@SQ	SN:chrUn_JTFH01001905v1_decoy	LN:2483	M5:609856bcc6aeb799c0a57773bccc7598	UR:file:///goast/hemat_data/references/hg38_broad/Homo_sapiens_assembly38.masked.fasta
@SQ	SN:chrUn_JTFH01001906v1_decoy	LN:2475	M5:e64a6fb38d225decae7e079ea7b9732b	UR:file:///goast/hemat_data/references/hg38_broad/Homo_sapiens_assembly38.masked.fasta
@SQ	SN:chrUn_JTFH01001907v1_decoy	LN:2469	M5:e2b450a085ac14eec02539b8c1bd6bed	UR:file:///goast/hemat_data/references/hg38_broad/Homo_sapiens_assembly38.masked.fasta
@SQ	SN:chrUn_JTFH01001908v1_decoy	LN:2455	M5:0b0b3b8bce8db6dc091b3429802919bb	UR:file:///goast/hemat_data/references/hg38_broad/Homo_sapiens_assembly38.masked.fasta
@SQ	SN:chrUn_JTFH01001909v1_decoy	LN:2444	M5:6a091545fa77d96dc253bedeaccb6692	UR:file:///goast/hemat_data/references/hg38_broad/Homo_sapiens_assembly38.masked.fasta
@SQ	SN:chrUn_JTFH01001910v1_decoy	LN:2437	M5:ad77fbca3fa49f1c970e8c64b58391d2	UR:file:///goast/hemat_data/references/hg38_broad/Homo_sapiens_assembly38.masked.fasta
@SQ	SN:chrUn_JTFH01001911v1_decoy	LN:2435	M5:233e3f635c3bd0fae9ed04c155c799a4	UR:file:///goast/hemat_data/references/hg38_broad/Homo_sapiens_assembly38.masked.fasta
@SQ	SN:chrUn_JTFH01001912v1_decoy	LN:2427	M5:e22283fea810c2cc4c92cc5ac5ead914	UR:file:///goast/hemat_data/references/hg38_broad/Homo_sapiens_assembly38.masked.fasta
@SQ	SN:chrUn_JTFH01001913v1_decoy	LN:2419	M5:ea7d2ed4522c0ecea6389a3b9fb7bcfd	UR:file:///goast/hemat_data/references/hg38_broad/Homo_sapiens_assembly38.masked.fasta
@SQ	SN:chrUn_JTFH01001914v1_decoy	LN:2413	M5:953de10ba34733832f5bbcb37e12c5fd	UR:file:///goast/hemat_data/references/hg38_broad/Homo_sapiens_assembly38.masked.fasta
@SQ	SN:chrUn_JTFH01001915v1_decoy	LN:2412	M5:ea8ef9ae0476686a6cbd488a0202b2bd	UR:file:///goast/hemat_data/references/hg38_broad/Homo_sapiens_assembly38.masked.fasta
@SQ	SN:chrUn_JTFH01001916v1_decoy	LN:2400	M5:0198ad2dfad702357fb849a43500deaa	UR:file:///goast/hemat_data/references/hg38_broad/Homo_sapiens_assembly38.masked.fasta
@SQ	SN:chrUn_JTFH01001917v1_decoy	LN:2399	M5:d566d3ebbd937aa7ba415298188a1c93	UR:file:///goast/hemat_data/references/hg38_broad/Homo_sapiens_assembly38.masked.fasta
@SQ	SN:chrUn_JTFH01001918v1_decoy	LN:2396	M5:536fac7c509791bd524e9da425d7fd93	UR:file:///goast/hemat_data/references/hg38_broad/Homo_sapiens_assembly38.masked.fasta
@SQ	SN:chrUn_JTFH01001919v1_decoy	LN:2393	M5:522e11044a40018a2f755d9d4fd8103b	UR:file:///goast/hemat_data/references/hg38_broad/Homo_sapiens_assembly38.masked.fasta
@SQ	SN:chrUn_JTFH01001920v1_decoy	LN:2386	M5:aa9e69c6d5f6d04b4030be6b3226964c	UR:file:///goast/hemat_data/references/hg38_broad/Homo_sapiens_assembly38.masked.fasta
@SQ	SN:chrUn_JTFH01001921v1_decoy	LN:2384	M5:b4d05aabf35963906d1861ef966a4709	UR:file:///goast/hemat_data/references/hg38_broad/Homo_sapiens_assembly38.masked.fasta
@SQ	SN:chrUn_JTFH01001922v1_decoy	LN:2382	M5:97749df462ddf825702a260f9aa2f021	UR:file:///goast/hemat_data/references/hg38_broad/Homo_sapiens_assembly38.masked.fasta
@SQ	SN:chrUn_JTFH01001923v1_decoy	LN:2382	M5:3c0d3376e16a20d57497a815d2475873	UR:file:///goast/hemat_data/references/hg38_broad/Homo_sapiens_assembly38.masked.fasta
@SQ	SN:chrUn_JTFH01001924v1_decoy	LN:2367	M5:e76216aa8c58c6949a9c04cfa9b95995	UR:file:///goast/hemat_data/references/hg38_broad/Homo_sapiens_assembly38.masked.fasta
@SQ	SN:chrUn_JTFH01001925v1_decoy	LN:2366	M5:4b4ae46d37a4f45b63c4b8c3cb63294c	UR:file:///goast/hemat_data/references/hg38_broad/Homo_sapiens_assembly38.masked.fasta
@SQ	SN:chrUn_JTFH01001926v1_decoy	LN:2362	M5:589965b553dd53d631ae9970b0c65403	UR:file:///goast/hemat_data/references/hg38_broad/Homo_sapiens_assembly38.masked.fasta
@SQ	SN:chrUn_JTFH01001927v1_decoy	LN:2361	M5:aaac326f62cef7cc31b28e60534d0a3a	UR:file:///goast/hemat_data/references/hg38_broad/Homo_sapiens_assembly38.masked.fasta
@SQ	SN:chrUn_JTFH01001928v1_decoy	LN:2353	M5:2c60f763bb39af3328df40c97b8e4f0f	UR:file:///goast/hemat_data/references/hg38_broad/Homo_sapiens_assembly38.masked.fasta
@SQ	SN:chrUn_JTFH01001929v1_decoy	LN:2349	M5:5e3aee054d3451ec9e4e18ee277b5efb	UR:file:///goast/hemat_data/references/hg38_broad/Homo_sapiens_assembly38.masked.fasta
@SQ	SN:chrUn_JTFH01001930v1_decoy	LN:2348	M5:c885bcc19373dca31580a65ec6fc7e48	UR:file:///goast/hemat_data/references/hg38_broad/Homo_sapiens_assembly38.masked.fasta
@SQ	SN:chrUn_JTFH01001931v1_decoy	LN:2340	M5:b36f2e5330d409cd8ba0973000358c52	UR:file:///goast/hemat_data/references/hg38_broad/Homo_sapiens_assembly38.masked.fasta
@SQ	SN:chrUn_JTFH01001932v1_decoy	LN:2339	M5:63104b56d2278c3cb82c3d6f23d8977c	UR:file:///goast/hemat_data/references/hg38_broad/Homo_sapiens_assembly38.masked.fasta
@SQ	SN:chrUn_JTFH01001933v1_decoy	LN:2336	M5:2c7518f9e4ed0d994be4698762511cf3	UR:file:///goast/hemat_data/references/hg38_broad/Homo_sapiens_assembly38.masked.fasta
@SQ	SN:chrUn_JTFH01001934v1_decoy	LN:2333	M5:308cac07c79336f8162a8c2e855f7762	UR:file:///goast/hemat_data/references/hg38_broad/Homo_sapiens_assembly38.masked.fasta
@SQ	SN:chrUn_JTFH01001935v1_decoy	LN:2330	M5:bb4702fc9e6227387e8ce3498109d998	UR:file:///goast/hemat_data/references/hg38_broad/Homo_sapiens_assembly38.masked.fasta
@SQ	SN:chrUn_JTFH01001936v1_decoy	LN:2327	M5:ddad50424c1114dd98bc0202ac1cd9fa	UR:file:///goast/hemat_data/references/hg38_broad/Homo_sapiens_assembly38.masked.fasta
@SQ	SN:chrUn_JTFH01001937v1_decoy	LN:2318	M5:28804e3d50bf7764ac6b1897b1128790	UR:file:///goast/hemat_data/references/hg38_broad/Homo_sapiens_assembly38.masked.fasta
@SQ	SN:chrUn_JTFH01001938v1_decoy	LN:2293	M5:2aa344c0d737b4d9042325fb5a858bee	UR:file:///goast/hemat_data/references/hg38_broad/Homo_sapiens_assembly38.masked.fasta
@SQ	SN:chrUn_JTFH01001939v1_decoy	LN:2292	M5:22b000d9737a411cb3844951ebc17b87	UR:file:///goast/hemat_data/references/hg38_broad/Homo_sapiens_assembly38.masked.fasta
@SQ	SN:chrUn_JTFH01001940v1_decoy	LN:2287	M5:44ec350c3d506da4df5a5c6c60683796	UR:file:///goast/hemat_data/references/hg38_broad/Homo_sapiens_assembly38.masked.fasta
@SQ	SN:chrUn_JTFH01001941v1_decoy	LN:2274	M5:c2d8c7fed619477a490f674da302b98c	UR:file:///goast/hemat_data/references/hg38_broad/Homo_sapiens_assembly38.masked.fasta
@SQ	SN:chrUn_JTFH01001942v1_decoy	LN:2274	M5:bae016f221de9bcae9788e26dee71d3a	UR:file:///goast/hemat_data/references/hg38_broad/Homo_sapiens_assembly38.masked.fasta
@SQ	SN:chrUn_JTFH01001943v1_decoy	LN:2267	M5:88696dc559363af860e8828eed45eb07	UR:file:///goast/hemat_data/references/hg38_broad/Homo_sapiens_assembly38.masked.fasta
@SQ	SN:chrUn_JTFH01001944v1_decoy	LN:2260	M5:be18f9c08c02b23d6bc3e38f71843b69	UR:file:///goast/hemat_data/references/hg38_broad/Homo_sapiens_assembly38.masked.fasta
@SQ	SN:chrUn_JTFH01001945v1_decoy	LN:2257	M5:bc65d96f85bac2cf76e5db2847c7c723	UR:file:///goast/hemat_data/references/hg38_broad/Homo_sapiens_assembly38.masked.fasta
@SQ	SN:chrUn_JTFH01001946v1_decoy	LN:2240	M5:98c67c23fdf01dd3a05e1213470d56d5	UR:file:///goast/hemat_data/references/hg38_broad/Homo_sapiens_assembly38.masked.fasta
@SQ	SN:chrUn_JTFH01001947v1_decoy	LN:2239	M5:0ec5d58555d46a257ce56425c730f4d3	UR:file:///goast/hemat_data/references/hg38_broad/Homo_sapiens_assembly38.masked.fasta
@SQ	SN:chrUn_JTFH01001948v1_decoy	LN:2232	M5:b8901c5291103859cc240e5d6c96c4ea	UR:file:///goast/hemat_data/references/hg38_broad/Homo_sapiens_assembly38.masked.fasta
@SQ	SN:chrUn_JTFH01001949v1_decoy	LN:2230	M5:976e267cf6d42bc3c67a345bb56e707f	UR:file:///goast/hemat_data/references/hg38_broad/Homo_sapiens_assembly38.masked.fasta
@SQ	SN:chrUn_JTFH01001950v1_decoy	LN:2230	M5:f179f9db12db687102c9a63bacaf36ea	UR:file:///goast/hemat_data/references/hg38_broad/Homo_sapiens_assembly38.masked.fasta
@SQ	SN:chrUn_JTFH01001951v1_decoy	LN:2222	M5:f5a5058d6f869ae64c9a4b69439d4114	UR:file:///goast/hemat_data/references/hg38_broad/Homo_sapiens_assembly38.masked.fasta
@SQ	SN:chrUn_JTFH01001952v1_decoy	LN:2216	M5:63f1d3d20deaabfeeb68d11879debd0d	UR:file:///goast/hemat_data/references/hg38_broad/Homo_sapiens_assembly38.masked.fasta
@SQ	SN:chrUn_JTFH01001953v1_decoy	LN:2214	M5:b09d559a9d44f7eb887d75fd192524ce	UR:file:///goast/hemat_data/references/hg38_broad/Homo_sapiens_assembly38.masked.fasta
@SQ	SN:chrUn_JTFH01001954v1_decoy	LN:2210	M5:7d0a884bf7fd09ebc9175286c058635f	UR:file:///goast/hemat_data/references/hg38_broad/Homo_sapiens_assembly38.masked.fasta
@SQ	SN:chrUn_JTFH01001955v1_decoy	LN:2203	M5:6005c464e19405b659d2d2e09778b06b	UR:file:///goast/hemat_data/references/hg38_broad/Homo_sapiens_assembly38.masked.fasta
@SQ	SN:chrUn_JTFH01001956v1_decoy	LN:2197	M5:a15768dc613354cb73ec09a4c5c814ee	UR:file:///goast/hemat_data/references/hg38_broad/Homo_sapiens_assembly38.masked.fasta
@SQ	SN:chrUn_JTFH01001957v1_decoy	LN:2196	M5:cd06502f93b8e17fd05511c84cf6c523	UR:file:///goast/hemat_data/references/hg38_broad/Homo_sapiens_assembly38.masked.fasta
@SQ	SN:chrUn_JTFH01001958v1_decoy	LN:2196	M5:c315413cc7a46460c67bde0cd8e78b71	UR:file:///goast/hemat_data/references/hg38_broad/Homo_sapiens_assembly38.masked.fasta
@SQ	SN:chrUn_JTFH01001959v1_decoy	LN:2179	M5:708d5a6db13c3ac37d5e90e0cc2a8c32	UR:file:///goast/hemat_data/references/hg38_broad/Homo_sapiens_assembly38.masked.fasta
@SQ	SN:chrUn_JTFH01001960v1_decoy	LN:2178	M5:e217486e375bc7a5925ec6cc7fa9e003	UR:file:///goast/hemat_data/references/hg38_broad/Homo_sapiens_assembly38.masked.fasta
@SQ	SN:chrUn_JTFH01001961v1_decoy	LN:2178	M5:dd793d59199c7f60817d549e0c149b15	UR:file:///goast/hemat_data/references/hg38_broad/Homo_sapiens_assembly38.masked.fasta
@SQ	SN:chrUn_JTFH01001962v1_decoy	LN:2172	M5:aff6ab00ffade197cf1c12f043e2cbe5	UR:file:///goast/hemat_data/references/hg38_broad/Homo_sapiens_assembly38.masked.fasta
@SQ	SN:chrUn_JTFH01001963v1_decoy	LN:2170	M5:2cf0f6c81889758a8dadc195f7928b09	UR:file:///goast/hemat_data/references/hg38_broad/Homo_sapiens_assembly38.masked.fasta
@SQ	SN:chrUn_JTFH01001964v1_decoy	LN:2167	M5:c20e5ca2be0e106f7d0694f9e67a3ea2	UR:file:///goast/hemat_data/references/hg38_broad/Homo_sapiens_assembly38.masked.fasta
@SQ	SN:chrUn_JTFH01001965v1_decoy	LN:2167	M5:df1f17762d17818e216feee97299c37b	UR:file:///goast/hemat_data/references/hg38_broad/Homo_sapiens_assembly38.masked.fasta
@SQ	SN:chrUn_JTFH01001966v1_decoy	LN:2157	M5:071891675e2ba4476534e0035ef13cef	UR:file:///goast/hemat_data/references/hg38_broad/Homo_sapiens_assembly38.masked.fasta
@SQ	SN:chrUn_JTFH01001967v1_decoy	LN:2153	M5:59ad2443710d81ac651620a8f216e7c0	UR:file:///goast/hemat_data/references/hg38_broad/Homo_sapiens_assembly38.masked.fasta
@SQ	SN:chrUn_JTFH01001968v1_decoy	LN:2151	M5:2c5f2ad4a6812000584bf131c918c3f3	UR:file:///goast/hemat_data/references/hg38_broad/Homo_sapiens_assembly38.masked.fasta
@SQ	SN:chrUn_JTFH01001969v1_decoy	LN:2147	M5:e6458e552c51be648c8cc8ca7c01ac98	UR:file:///goast/hemat_data/references/hg38_broad/Homo_sapiens_assembly38.masked.fasta
@SQ	SN:chrUn_JTFH01001970v1_decoy	LN:2145	M5:408a6d5ea59519609696b4228f0cbf97	UR:file:///goast/hemat_data/references/hg38_broad/Homo_sapiens_assembly38.masked.fasta
@SQ	SN:chrUn_JTFH01001971v1_decoy	LN:2142	M5:90b747485a6b12433a92fb55202869fd	UR:file:///goast/hemat_data/references/hg38_broad/Homo_sapiens_assembly38.masked.fasta
@SQ	SN:chrUn_JTFH01001972v1_decoy	LN:2142	M5:7de080d8181d8066e63905fc22a7ee14	UR:file:///goast/hemat_data/references/hg38_broad/Homo_sapiens_assembly38.masked.fasta
@SQ	SN:chrUn_JTFH01001973v1_decoy	LN:2136	M5:b611d1ca78ef211201bfc0b6a68e74df	UR:file:///goast/hemat_data/references/hg38_broad/Homo_sapiens_assembly38.masked.fasta
@SQ	SN:chrUn_JTFH01001974v1_decoy	LN:2130	M5:5f1f983972aaf38be9f2fd9fbcef8a9a	UR:file:///goast/hemat_data/references/hg38_broad/Homo_sapiens_assembly38.masked.fasta
@SQ	SN:chrUn_JTFH01001975v1_decoy	LN:2128	M5:0323f4f5194c96dc1bcb919f06960a20	UR:file:///goast/hemat_data/references/hg38_broad/Homo_sapiens_assembly38.masked.fasta
@SQ	SN:chrUn_JTFH01001976v1_decoy	LN:2126	M5:c142de1e2c1924e545f116a373abafc1	UR:file:///goast/hemat_data/references/hg38_broad/Homo_sapiens_assembly38.masked.fasta
@SQ	SN:chrUn_JTFH01001977v1_decoy	LN:2126	M5:6ec3293375949e50d082d3f5639ba434	UR:file:///goast/hemat_data/references/hg38_broad/Homo_sapiens_assembly38.masked.fasta
@SQ	SN:chrUn_JTFH01001978v1_decoy	LN:2119	M5:e1eeff28afd215be837a02bfe59d8294	UR:file:///goast/hemat_data/references/hg38_broad/Homo_sapiens_assembly38.masked.fasta
@SQ	SN:chrUn_JTFH01001979v1_decoy	LN:2107	M5:eee07feaf8a44d69317e6b46e8eee089	UR:file:///goast/hemat_data/references/hg38_broad/Homo_sapiens_assembly38.masked.fasta
@SQ	SN:chrUn_JTFH01001980v1_decoy	LN:2091	M5:ea5e9165f2f579567e1addc7de1a7a6c	UR:file:///goast/hemat_data/references/hg38_broad/Homo_sapiens_assembly38.masked.fasta
@SQ	SN:chrUn_JTFH01001981v1_decoy	LN:2087	M5:635626092c6f01e77135d2798172beb8	UR:file:///goast/hemat_data/references/hg38_broad/Homo_sapiens_assembly38.masked.fasta
@SQ	SN:chrUn_JTFH01001982v1_decoy	LN:2086	M5:269d34f32d02129323bbc21d6336cc6f	UR:file:///goast/hemat_data/references/hg38_broad/Homo_sapiens_assembly38.masked.fasta
@SQ	SN:chrUn_JTFH01001983v1_decoy	LN:2083	M5:5aadd7636d45bda287185de4cefac8d9	UR:file:///goast/hemat_data/references/hg38_broad/Homo_sapiens_assembly38.masked.fasta
@SQ	SN:chrUn_JTFH01001984v1_decoy	LN:2075	M5:ae2d128f1ba2ba34942dffebf4b7905f	UR:file:///goast/hemat_data/references/hg38_broad/Homo_sapiens_assembly38.masked.fasta
@SQ	SN:chrUn_JTFH01001985v1_decoy	LN:2075	M5:0f195e7dde4153887f4f0615cbd730e8	UR:file:///goast/hemat_data/references/hg38_broad/Homo_sapiens_assembly38.masked.fasta
@SQ	SN:chrUn_JTFH01001986v1_decoy	LN:2072	M5:b236a0d4a67c91d699b3cdf5adc47a71	UR:file:///goast/hemat_data/references/hg38_broad/Homo_sapiens_assembly38.masked.fasta
@SQ	SN:chrUn_JTFH01001987v1_decoy	LN:2068	M5:2e34944b2779f309285d9db7a20b69ce	UR:file:///goast/hemat_data/references/hg38_broad/Homo_sapiens_assembly38.masked.fasta
@SQ	SN:chrUn_JTFH01001988v1_decoy	LN:2067	M5:233b964d4a2e5bab26b7b996dc46d4b8	UR:file:///goast/hemat_data/references/hg38_broad/Homo_sapiens_assembly38.masked.fasta
@SQ	SN:chrUn_JTFH01001989v1_decoy	LN:2055	M5:795ffd63a0e2d97ac00ca57cdab045eb	UR:file:///goast/hemat_data/references/hg38_broad/Homo_sapiens_assembly38.masked.fasta
@SQ	SN:chrUn_JTFH01001990v1_decoy	LN:2051	M5:5e69880a7e6f7bf744cf4b305624a7e7	UR:file:///goast/hemat_data/references/hg38_broad/Homo_sapiens_assembly38.masked.fasta
@SQ	SN:chrUn_JTFH01001991v1_decoy	LN:2050	M5:abba4241716dcac69b95e887f8358859	UR:file:///goast/hemat_data/references/hg38_broad/Homo_sapiens_assembly38.masked.fasta
@SQ	SN:chrUn_JTFH01001992v1_decoy	LN:2033	M5:096ca0754d9f8f4cf7a582f57c5fc083	UR:file:///goast/hemat_data/references/hg38_broad/Homo_sapiens_assembly38.masked.fasta
@SQ	SN:chrUn_JTFH01001993v1_decoy	LN:2024	M5:288495a36e0f4b1fc8e90cff6d4734eb	UR:file:///goast/hemat_data/references/hg38_broad/Homo_sapiens_assembly38.masked.fasta
@SQ	SN:chrUn_JTFH01001994v1_decoy	LN:2016	M5:96d95a271cf5d103433921842ead9915	UR:file:///goast/hemat_data/references/hg38_broad/Homo_sapiens_assembly38.masked.fasta
@SQ	SN:chrUn_JTFH01001995v1_decoy	LN:2011	M5:cb8560d292475a0fd481b0e794ed0186	UR:file:///goast/hemat_data/references/hg38_broad/Homo_sapiens_assembly38.masked.fasta
@SQ	SN:chrUn_JTFH01001996v1_decoy	LN:2009	M5:a6503ea36c1b69162d3eda87c4f33922	UR:file:///goast/hemat_data/references/hg38_broad/Homo_sapiens_assembly38.masked.fasta
@SQ	SN:chrUn_JTFH01001997v1_decoy	LN:2003	M5:d3a1bed41244634725882235662d11a6	UR:file:///goast/hemat_data/references/hg38_broad/Homo_sapiens_assembly38.masked.fasta
@SQ	SN:chrUn_JTFH01001998v1_decoy	LN:2001	M5:35916d4135a2a9db7bc0749955d7161a	UR:file:///goast/hemat_data/references/hg38_broad/Homo_sapiens_assembly38.masked.fasta
@SQ	SN:HLA-A*01:01:01:01	LN:3503	M5:01cd0df602495b044b2c214d69a60aa2	UR:file:///goast/hemat_data/references/hg38_broad/Homo_sapiens_assembly38.masked.fasta
@SQ	SN:HLA-A*01:01:01:02N	LN:3291	M5:743d9f66c77fc21b964a681e0c6de2ad	UR:file:///goast/hemat_data/references/hg38_broad/Homo_sapiens_assembly38.masked.fasta
@SQ	SN:HLA-A*01:01:38L	LN:3374	M5:dd27b7fe617e92bb77eea00fede6fd15	UR:file:///goast/hemat_data/references/hg38_broad/Homo_sapiens_assembly38.masked.fasta
@SQ	SN:HLA-A*01:02	LN:3374	M5:3ba47a11a8a5b47ccb855308e26a2f4a	UR:file:///goast/hemat_data/references/hg38_broad/Homo_sapiens_assembly38.masked.fasta
@SQ	SN:HLA-A*01:03	LN:3503	M5:554d43de8f2a97cae068169fe3d8462e	UR:file:///goast/hemat_data/references/hg38_broad/Homo_sapiens_assembly38.masked.fasta
@SQ	SN:HLA-A*01:04N	LN:3136	M5:072ea3e53c79f3d00e1f1a7b492b0a8f	UR:file:///goast/hemat_data/references/hg38_broad/Homo_sapiens_assembly38.masked.fasta
@SQ	SN:HLA-A*01:09	LN:3105	M5:68176666a98582ea361a9181d69679af	UR:file:///goast/hemat_data/references/hg38_broad/Homo_sapiens_assembly38.masked.fasta
@SQ	SN:HLA-A*01:11N	LN:3374	M5:b9ad3338cc73e2a99888a36e04c29f75	UR:file:///goast/hemat_data/references/hg38_broad/Homo_sapiens_assembly38.masked.fasta
@SQ	SN:HLA-A*01:14	LN:3095	M5:0385be87eb49df4c59d7487495e3b1b4	UR:file:///goast/hemat_data/references/hg38_broad/Homo_sapiens_assembly38.masked.fasta
@SQ	SN:HLA-A*01:16N	LN:2985	M5:10150ad21301a29f92e1521530fdd3f5	UR:file:///goast/hemat_data/references/hg38_broad/Homo_sapiens_assembly38.masked.fasta
@SQ	SN:HLA-A*01:20	LN:3105	M5:05dc0384da2f751afe549a9bfdbc3037	UR:file:///goast/hemat_data/references/hg38_broad/Homo_sapiens_assembly38.masked.fasta
@SQ	SN:HLA-A*02:01:01:01	LN:3517	M5:174a8ac24d2e6625c1e7589219d6fb84	UR:file:///goast/hemat_data/references/hg38_broad/Homo_sapiens_assembly38.masked.fasta
@SQ	SN:HLA-A*02:01:01:02L	LN:3287	M5:96a6b1f55c41a7da24857ab8844a7a22	UR:file:///goast/hemat_data/references/hg38_broad/Homo_sapiens_assembly38.masked.fasta
@SQ	SN:HLA-A*02:01:01:03	LN:3023	M5:0ac19a55ed1a22389a2d667c42ba1218	UR:file:///goast/hemat_data/references/hg38_broad/Homo_sapiens_assembly38.masked.fasta
@SQ	SN:HLA-A*02:01:01:04	LN:3516	M5:f6a0bed71d059f8387d9d22e2b0c46b2	UR:file:///goast/hemat_data/references/hg38_broad/Homo_sapiens_assembly38.masked.fasta
@SQ	SN:HLA-A*02:02:01	LN:2917	M5:a99f213073198aa5a532f950135f6d1d	UR:file:///goast/hemat_data/references/hg38_broad/Homo_sapiens_assembly38.masked.fasta
@SQ	SN:HLA-A*02:03:01	LN:3517	M5:8a795bfd81ee3440e8d0fa3e5d09cd35	UR:file:///goast/hemat_data/references/hg38_broad/Homo_sapiens_assembly38.masked.fasta
@SQ	SN:HLA-A*02:03:03	LN:3148	M5:6ec792b8a5944a6edb0c1acc18ee1418	UR:file:///goast/hemat_data/references/hg38_broad/Homo_sapiens_assembly38.masked.fasta
@SQ	SN:HLA-A*02:05:01	LN:3517	M5:dbb2cf4bd26ccd1d7c17327d2cbc119f	UR:file:///goast/hemat_data/references/hg38_broad/Homo_sapiens_assembly38.masked.fasta
@SQ	SN:HLA-A*02:06:01	LN:3517	M5:00a663d257ac9d4d6eabae95f6fb6d8d	UR:file:///goast/hemat_data/references/hg38_broad/Homo_sapiens_assembly38.masked.fasta
@SQ	SN:HLA-A*02:07:01	LN:3517	M5:2833baebca84548dd4e37d79642db779	UR:file:///goast/hemat_data/references/hg38_broad/Homo_sapiens_assembly38.masked.fasta
@SQ	SN:HLA-A*02:10	LN:3517	M5:61bf8d00643229eaec4eb8def24f1a98	UR:file:///goast/hemat_data/references/hg38_broad/Homo_sapiens_assembly38.masked.fasta
@SQ	SN:HLA-A*02:251	LN:3517	M5:d39aa010841e51a5fc857e82a3378d96	UR:file:///goast/hemat_data/references/hg38_broad/Homo_sapiens_assembly38.masked.fasta
@SQ	SN:HLA-A*02:259	LN:2978	M5:fcedee868a44319f80c453cf7b833abc	UR:file:///goast/hemat_data/references/hg38_broad/Homo_sapiens_assembly38.masked.fasta
@SQ	SN:HLA-A*02:264	LN:3002	M5:6cc807b0948af0b655ad0265629b7906	UR:file:///goast/hemat_data/references/hg38_broad/Homo_sapiens_assembly38.masked.fasta
@SQ	SN:HLA-A*02:265	LN:3148	M5:5e00ac7ffc401cd5f866e17cd6b7d76b	UR:file:///goast/hemat_data/references/hg38_broad/Homo_sapiens_assembly38.masked.fasta
@SQ	SN:HLA-A*02:266	LN:3084	M5:fe25829d3992130e1ca423e98507b843	UR:file:///goast/hemat_data/references/hg38_broad/Homo_sapiens_assembly38.masked.fasta
@SQ	SN:HLA-A*02:269	LN:3101	M5:724d76a112c0b557ae52e35dcc2973dc	UR:file:///goast/hemat_data/references/hg38_broad/Homo_sapiens_assembly38.masked.fasta
@SQ	SN:HLA-A*02:279	LN:3103	M5:0aef01822ccf2bada1e9a2ce8c771711	UR:file:///goast/hemat_data/references/hg38_broad/Homo_sapiens_assembly38.masked.fasta
@SQ	SN:HLA-A*02:32N	LN:3517	M5:02ae1b32f6268509dbfab828c8339a36	UR:file:///goast/hemat_data/references/hg38_broad/Homo_sapiens_assembly38.masked.fasta
@SQ	SN:HLA-A*02:376	LN:3104	M5:79dba7660c7fa948d23f2703e80eab7a	UR:file:///goast/hemat_data/references/hg38_broad/Homo_sapiens_assembly38.masked.fasta
@SQ	SN:HLA-A*02:43N	LN:3218	M5:68aa8847e8ec55dce252be3812b03bac	UR:file:///goast/hemat_data/references/hg38_broad/Homo_sapiens_assembly38.masked.fasta
@SQ	SN:HLA-A*02:455	LN:3118	M5:6903220f41d0f8754d6cc3ff6fb3fbba	UR:file:///goast/hemat_data/references/hg38_broad/Homo_sapiens_assembly38.masked.fasta
@SQ	SN:HLA-A*02:48	LN:3517	M5:2947ea9bc4c28b64abba44002460a38f	UR:file:///goast/hemat_data/references/hg38_broad/Homo_sapiens_assembly38.masked.fasta
@SQ	SN:HLA-A*02:51	LN:3109	M5:84c0d488e0a5f95cb3587efd6c84b00c	UR:file:///goast/hemat_data/references/hg38_broad/Homo_sapiens_assembly38.masked.fasta
@SQ	SN:HLA-A*02:533	LN:3217	M5:34bc003a99760f4ec928572b3a747094	UR:file:///goast/hemat_data/references/hg38_broad/Homo_sapiens_assembly38.masked.fasta
@SQ	SN:HLA-A*02:53N	LN:3305	M5:108696b83e605fa59b435cfb8406edf4	UR:file:///goast/hemat_data/references/hg38_broad/Homo_sapiens_assembly38.masked.fasta
@SQ	SN:HLA-A*02:57	LN:3054	M5:bc22083129551a34dbbdfd07e36f763b	UR:file:///goast/hemat_data/references/hg38_broad/Homo_sapiens_assembly38.masked.fasta
@SQ	SN:HLA-A*02:60:01	LN:3112	M5:b58aed6de00585e7f185bf3eb573cb45	UR:file:///goast/hemat_data/references/hg38_broad/Homo_sapiens_assembly38.masked.fasta
@SQ	SN:HLA-A*02:65	LN:3387	M5:03702f960713a7c42469b033b7ef05ec	UR:file:///goast/hemat_data/references/hg38_broad/Homo_sapiens_assembly38.masked.fasta
@SQ	SN:HLA-A*02:68	LN:3109	M5:74777150832f351162301c7d04a64d48	UR:file:///goast/hemat_data/references/hg38_broad/Homo_sapiens_assembly38.masked.fasta
@SQ	SN:HLA-A*02:77	LN:3371	M5:9e5ec638d0de688fc20aaf00b74b5a9c	UR:file:///goast/hemat_data/references/hg38_broad/Homo_sapiens_assembly38.masked.fasta
@SQ	SN:HLA-A*02:81	LN:3309	M5:2cbf6e9f368ea4387632204bbdcba76f	UR:file:///goast/hemat_data/references/hg38_broad/Homo_sapiens_assembly38.masked.fasta
@SQ	SN:HLA-A*02:89	LN:3371	M5:782c923ac311a590d29e9e85b6a6b5e0	UR:file:///goast/hemat_data/references/hg38_broad/Homo_sapiens_assembly38.masked.fasta
@SQ	SN:HLA-A*02:95	LN:3388	M5:36b421cc1baeb1cc37291f98566cc5f9	UR:file:///goast/hemat_data/references/hg38_broad/Homo_sapiens_assembly38.masked.fasta
@SQ	SN:HLA-A*03:01:01:01	LN:3502	M5:bc204fec41a0219e8044aae1c5a3a6ad	UR:file:///goast/hemat_data/references/hg38_broad/Homo_sapiens_assembly38.masked.fasta
@SQ	SN:HLA-A*03:01:01:02N	LN:3373	M5:c9d431f34db1cf123c6dec89ae7075f0	UR:file:///goast/hemat_data/references/hg38_broad/Homo_sapiens_assembly38.masked.fasta
@SQ	SN:HLA-A*03:01:01:03	LN:3094	M5:4744e9f0617b3715ed23779866c2e1ba	UR:file:///goast/hemat_data/references/hg38_broad/Homo_sapiens_assembly38.masked.fasta
@SQ	SN:HLA-A*03:02:01	LN:3502	M5:d54cdfb5d7a25804bc3b5a3711d1e42c	UR:file:///goast/hemat_data/references/hg38_broad/Homo_sapiens_assembly38.masked.fasta
@SQ	SN:HLA-A*03:11N	LN:3404	M5:fb87c0184303005cf961e7e6bc65a3f5	UR:file:///goast/hemat_data/references/hg38_broad/Homo_sapiens_assembly38.masked.fasta
@SQ	SN:HLA-A*03:21N	LN:3095	M5:665152840dba04b1bdbfefaf3d4913ac	UR:file:///goast/hemat_data/references/hg38_broad/Homo_sapiens_assembly38.masked.fasta
@SQ	SN:HLA-A*03:36N	LN:3142	M5:c5889d985a6d5ac0f86ee9a5f1449762	UR:file:///goast/hemat_data/references/hg38_broad/Homo_sapiens_assembly38.masked.fasta
@SQ	SN:HLA-A*11:01:01	LN:3503	M5:1b32d51d3415a99c68971d21b686744a	UR:file:///goast/hemat_data/references/hg38_broad/Homo_sapiens_assembly38.masked.fasta
@SQ	SN:HLA-A*11:01:18	LN:3503	M5:3283d7a24c7ad61f9024a8f7d76d5bd6	UR:file:///goast/hemat_data/references/hg38_broad/Homo_sapiens_assembly38.masked.fasta
@SQ	SN:HLA-A*11:02:01	LN:3503	M5:fd13f748ca0c574e318250f8dc0f147e	UR:file:///goast/hemat_data/references/hg38_broad/Homo_sapiens_assembly38.masked.fasta
@SQ	SN:HLA-A*11:05	LN:3373	M5:78f70065b11cbfb3f502af9802ae3b7d	UR:file:///goast/hemat_data/references/hg38_broad/Homo_sapiens_assembly38.masked.fasta
@SQ	SN:HLA-A*11:110	LN:2903	M5:ca7ce57dc961032a37af87fc26cb626e	UR:file:///goast/hemat_data/references/hg38_broad/Homo_sapiens_assembly38.masked.fasta
@SQ	SN:HLA-A*11:25	LN:3073	M5:e1ba0819b77d173c0a9c6697f76f3e50	UR:file:///goast/hemat_data/references/hg38_broad/Homo_sapiens_assembly38.masked.fasta
@SQ	SN:HLA-A*11:50Q	LN:3362	M5:ec1d5f53ad6427e623c41a11393bc518	UR:file:///goast/hemat_data/references/hg38_broad/Homo_sapiens_assembly38.masked.fasta
@SQ	SN:HLA-A*11:60	LN:3241	M5:6815ddd990a7231bc8dc40a414cba309	UR:file:///goast/hemat_data/references/hg38_broad/Homo_sapiens_assembly38.masked.fasta
@SQ	SN:HLA-A*11:69N	LN:3500	M5:dd8ce51ba7bb514b56ffcb5d7566dcae	UR:file:///goast/hemat_data/references/hg38_broad/Homo_sapiens_assembly38.masked.fasta
@SQ	SN:HLA-A*11:74	LN:3227	M5:057f5c85ad1f09e82b0f04bbc54f9283	UR:file:///goast/hemat_data/references/hg38_broad/Homo_sapiens_assembly38.masked.fasta
@SQ	SN:HLA-A*11:75	LN:3184	M5:9975bcb416ee87f54025f71692bbc1ce	UR:file:///goast/hemat_data/references/hg38_broad/Homo_sapiens_assembly38.masked.fasta
@SQ	SN:HLA-A*11:77	LN:3233	M5:615353e3ceac5a04cb381339a800ad9a	UR:file:///goast/hemat_data/references/hg38_broad/Homo_sapiens_assembly38.masked.fasta
@SQ	SN:HLA-A*23:01:01	LN:3502	M5:edf8a55a69faad1aab25516e1126b0c2	UR:file:///goast/hemat_data/references/hg38_broad/Homo_sapiens_assembly38.masked.fasta
@SQ	SN:HLA-A*23:09	LN:3104	M5:fbcac94109d55d95b94b869fd6e42705	UR:file:///goast/hemat_data/references/hg38_broad/Homo_sapiens_assembly38.masked.fasta
@SQ	SN:HLA-A*23:38N	LN:3020	M5:83381147ae6889a0af532bcb7af83e6a	UR:file:///goast/hemat_data/references/hg38_broad/Homo_sapiens_assembly38.masked.fasta
@SQ	SN:HLA-A*24:02:01:01	LN:3502	M5:95495e041aa53313d12032c49baa1b1e	UR:file:///goast/hemat_data/references/hg38_broad/Homo_sapiens_assembly38.masked.fasta
@SQ	SN:HLA-A*24:02:01:02L	LN:3502	M5:d91ba7d36f6472faec4c54d1f476c9f8	UR:file:///goast/hemat_data/references/hg38_broad/Homo_sapiens_assembly38.masked.fasta
@SQ	SN:HLA-A*24:02:01:03	LN:3075	M5:a89ed5d11db1d882965e052a6a049217	UR:file:///goast/hemat_data/references/hg38_broad/Homo_sapiens_assembly38.masked.fasta
@SQ	SN:HLA-A*24:02:03Q	LN:3247	M5:d55685eded22f07791df08b502ad3872	UR:file:///goast/hemat_data/references/hg38_broad/Homo_sapiens_assembly38.masked.fasta
@SQ	SN:HLA-A*24:02:10	LN:3356	M5:739b4ee3c4a555c2b699fa358ad07744	UR:file:///goast/hemat_data/references/hg38_broad/Homo_sapiens_assembly38.masked.fasta
@SQ	SN:HLA-A*24:03:01	LN:3502	M5:d866111fbc6e2ea2cf086915b28442b7	UR:file:///goast/hemat_data/references/hg38_broad/Homo_sapiens_assembly38.masked.fasta
@SQ	SN:HLA-A*24:07:01	LN:3502	M5:872c7be9ec525309cd91d949580a87e8	UR:file:///goast/hemat_data/references/hg38_broad/Homo_sapiens_assembly38.masked.fasta
@SQ	SN:HLA-A*24:08	LN:3502	M5:f0bbd52535d5ef86e21c4486e1761207	UR:file:///goast/hemat_data/references/hg38_broad/Homo_sapiens_assembly38.masked.fasta
@SQ	SN:HLA-A*24:09N	LN:3502	M5:9d122834f5117a876ff9ef768a61672e	UR:file:///goast/hemat_data/references/hg38_broad/Homo_sapiens_assembly38.masked.fasta
@SQ	SN:HLA-A*24:10:01	LN:3502	M5:035534e6b4f7a7b2b20506a41290b8de	UR:file:///goast/hemat_data/references/hg38_broad/Homo_sapiens_assembly38.masked.fasta
@SQ	SN:HLA-A*24:11N	LN:3503	M5:bb7085dbbd00c565896a17505dbd06c5	UR:file:///goast/hemat_data/references/hg38_broad/Homo_sapiens_assembly38.masked.fasta
@SQ	SN:HLA-A*24:152	LN:3176	M5:6d81297ebe64b08f9ec9e8adedcde902	UR:file:///goast/hemat_data/references/hg38_broad/Homo_sapiens_assembly38.masked.fasta
@SQ	SN:HLA-A*24:20	LN:3502	M5:eb4b55e730512095c889a1c36a7fb51d	UR:file:///goast/hemat_data/references/hg38_broad/Homo_sapiens_assembly38.masked.fasta
@SQ	SN:HLA-A*24:215	LN:3116	M5:f6c6ec83d1c70ef4bdc483abf45a141c	UR:file:///goast/hemat_data/references/hg38_broad/Homo_sapiens_assembly38.masked.fasta
@SQ	SN:HLA-A*24:61	LN:3043	M5:8ae770b761bfdf718a8cf382b54fc71a	UR:file:///goast/hemat_data/references/hg38_broad/Homo_sapiens_assembly38.masked.fasta
@SQ	SN:HLA-A*24:86N	LN:3415	M5:0e1108b26db8b22f177b460c8a34c017	UR:file:///goast/hemat_data/references/hg38_broad/Homo_sapiens_assembly38.masked.fasta
@SQ	SN:HLA-A*25:01:01	LN:2917	M5:2e22cd0725822e29d3f0df6844339714	UR:file:///goast/hemat_data/references/hg38_broad/Homo_sapiens_assembly38.masked.fasta
@SQ	SN:HLA-A*26:01:01	LN:3517	M5:51cabb4c3149d169568609c1906d969a	UR:file:///goast/hemat_data/references/hg38_broad/Homo_sapiens_assembly38.masked.fasta
@SQ	SN:HLA-A*26:11N	LN:3091	M5:112419eeaa846213785eadd7380308a3	UR:file:///goast/hemat_data/references/hg38_broad/Homo_sapiens_assembly38.masked.fasta
@SQ	SN:HLA-A*26:15	LN:3217	M5:2a2c8f5ba64eb0110f2de0d8b74a5d98	UR:file:///goast/hemat_data/references/hg38_broad/Homo_sapiens_assembly38.masked.fasta
@SQ	SN:HLA-A*26:50	LN:3141	M5:9a1a6cdedaef2a3c66ca98f77622fe50	UR:file:///goast/hemat_data/references/hg38_broad/Homo_sapiens_assembly38.masked.fasta
@SQ	SN:HLA-A*29:01:01:01	LN:3518	M5:6a6e4c826d8743d5f327d8906a311270	UR:file:///goast/hemat_data/references/hg38_broad/Homo_sapiens_assembly38.masked.fasta
@SQ	SN:HLA-A*29:01:01:02N	LN:3303	M5:497a11cff2fde28a5c500d529581c57b	UR:file:///goast/hemat_data/references/hg38_broad/Homo_sapiens_assembly38.masked.fasta
@SQ	SN:HLA-A*29:02:01:01	LN:3518	M5:77d1ca0d5ea97ccf052d85d9515117ed	UR:file:///goast/hemat_data/references/hg38_broad/Homo_sapiens_assembly38.masked.fasta
@SQ	SN:HLA-A*29:02:01:02	LN:3518	M5:53bad80334b21427430686d44dbda04d	UR:file:///goast/hemat_data/references/hg38_broad/Homo_sapiens_assembly38.masked.fasta
@SQ	SN:HLA-A*29:46	LN:3310	M5:b4635ec707263c634b27769afb46323a	UR:file:///goast/hemat_data/references/hg38_broad/Homo_sapiens_assembly38.masked.fasta
@SQ	SN:HLA-A*30:01:01	LN:3503	M5:c6b537ed485b72a6b78cf527493d8ca4	UR:file:///goast/hemat_data/references/hg38_broad/Homo_sapiens_assembly38.masked.fasta
@SQ	SN:HLA-A*30:02:01:01	LN:2903	M5:65d618ee20ba439ef5ae408a182e25df	UR:file:///goast/hemat_data/references/hg38_broad/Homo_sapiens_assembly38.masked.fasta
@SQ	SN:HLA-A*30:02:01:02	LN:3374	M5:4031b0ca00a39d4d076dcdc2808f590d	UR:file:///goast/hemat_data/references/hg38_broad/Homo_sapiens_assembly38.masked.fasta
@SQ	SN:HLA-A*30:04:01	LN:3503	M5:21f4d62eb6e85f6257661e4c94b68aa4	UR:file:///goast/hemat_data/references/hg38_broad/Homo_sapiens_assembly38.masked.fasta
@SQ	SN:HLA-A*30:89	LN:2903	M5:694bc9c1c804f437646697ba9d968bc5	UR:file:///goast/hemat_data/references/hg38_broad/Homo_sapiens_assembly38.masked.fasta
@SQ	SN:HLA-A*31:01:02	LN:3518	M5:6e24e36ceae5a9c0dfa1cbe4520b4425	UR:file:///goast/hemat_data/references/hg38_broad/Homo_sapiens_assembly38.masked.fasta
@SQ	SN:HLA-A*31:01:23	LN:2918	M5:61060b6e397e85fd905668b5876d8c50	UR:file:///goast/hemat_data/references/hg38_broad/Homo_sapiens_assembly38.masked.fasta
@SQ	SN:HLA-A*31:04	LN:2918	M5:2d4a59604c2d3d795f3647a186685ad9	UR:file:///goast/hemat_data/references/hg38_broad/Homo_sapiens_assembly38.masked.fasta
@SQ	SN:HLA-A*31:14N	LN:3090	M5:afc943d7553ef55e21a855f5e266c8a8	UR:file:///goast/hemat_data/references/hg38_broad/Homo_sapiens_assembly38.masked.fasta
@SQ	SN:HLA-A*31:46	LN:3075	M5:ae87be36c211dbf040022ade7713d2c9	UR:file:///goast/hemat_data/references/hg38_broad/Homo_sapiens_assembly38.masked.fasta
@SQ	SN:HLA-A*32:01:01	LN:3518	M5:d3a7f1fb642659538a431ee2c1d8113e	UR:file:///goast/hemat_data/references/hg38_broad/Homo_sapiens_assembly38.masked.fasta
@SQ	SN:HLA-A*32:06	LN:3389	M5:06c6aff700dd7ddd935fd83f2def16e9	UR:file:///goast/hemat_data/references/hg38_broad/Homo_sapiens_assembly38.masked.fasta
@SQ	SN:HLA-A*33:01:01	LN:3518	M5:f1f4a4e1fd2e774e4003c4f94c67b36a	UR:file:///goast/hemat_data/references/hg38_broad/Homo_sapiens_assembly38.masked.fasta
@SQ	SN:HLA-A*33:03:01	LN:3518	M5:4e7abd41072e8f3c62c49c683497d39c	UR:file:///goast/hemat_data/references/hg38_broad/Homo_sapiens_assembly38.masked.fasta
@SQ	SN:HLA-A*33:07	LN:3389	M5:4ed7b17c57b32199660f285b9e53bdd8	UR:file:///goast/hemat_data/references/hg38_broad/Homo_sapiens_assembly38.masked.fasta
@SQ	SN:HLA-A*34:01:01	LN:3517	M5:c79f20a6bd41e2e41b6e067222b4af42	UR:file:///goast/hemat_data/references/hg38_broad/Homo_sapiens_assembly38.masked.fasta
@SQ	SN:HLA-A*34:02:01	LN:3096	M5:a3a26d9b6292599851c207c193d92b23	UR:file:///goast/hemat_data/references/hg38_broad/Homo_sapiens_assembly38.masked.fasta
@SQ	SN:HLA-A*36:01	LN:2903	M5:a923a3fb762fa22c7956888b6634dbcf	UR:file:///goast/hemat_data/references/hg38_broad/Homo_sapiens_assembly38.masked.fasta
@SQ	SN:HLA-A*43:01	LN:3388	M5:a5e6a04ac5537f379e03956d57cefe3d	UR:file:///goast/hemat_data/references/hg38_broad/Homo_sapiens_assembly38.masked.fasta
@SQ	SN:HLA-A*66:01:01	LN:3517	M5:787d6cacbda41669a942dc4b54c4f7e0	UR:file:///goast/hemat_data/references/hg38_broad/Homo_sapiens_assembly38.masked.fasta
@SQ	SN:HLA-A*66:17	LN:3075	M5:5f0734606934302fccb508a2f5d3b915	UR:file:///goast/hemat_data/references/hg38_broad/Homo_sapiens_assembly38.masked.fasta
@SQ	SN:HLA-A*68:01:01:01	LN:2930	M5:93bb5b64ccd0bab2bc0478d6bd0e8854	UR:file:///goast/hemat_data/references/hg38_broad/Homo_sapiens_assembly38.masked.fasta
@SQ	SN:HLA-A*68:01:01:02	LN:3517	M5:957d09385dbaaadcf87f85227a2a43d2	UR:file:///goast/hemat_data/references/hg38_broad/Homo_sapiens_assembly38.masked.fasta
@SQ	SN:HLA-A*68:01:02:01	LN:3517	M5:0e43acd52311b6485d4542edf7c6d286	UR:file:///goast/hemat_data/references/hg38_broad/Homo_sapiens_assembly38.masked.fasta
@SQ	SN:HLA-A*68:01:02:02	LN:3388	M5:fbfbf3067287661249f797a0701cbb58	UR:file:///goast/hemat_data/references/hg38_broad/Homo_sapiens_assembly38.masked.fasta
@SQ	SN:HLA-A*68:02:01:01	LN:3517	M5:21b71bd572d6dda388a4d60211edba0f	UR:file:///goast/hemat_data/references/hg38_broad/Homo_sapiens_assembly38.masked.fasta
@SQ	SN:HLA-A*68:02:01:02	LN:3506	M5:00fd36e8b22143b0adfbe025e2d5d2b4	UR:file:///goast/hemat_data/references/hg38_broad/Homo_sapiens_assembly38.masked.fasta
@SQ	SN:HLA-A*68:02:01:03	LN:2909	M5:df913a8914cc697da83538a7b8e1898e	UR:file:///goast/hemat_data/references/hg38_broad/Homo_sapiens_assembly38.masked.fasta
@SQ	SN:HLA-A*68:02:02	LN:2916	M5:a34e21e7b4de5c05f67281bf68bdeb66	UR:file:///goast/hemat_data/references/hg38_broad/Homo_sapiens_assembly38.masked.fasta
@SQ	SN:HLA-A*68:03:01	LN:2917	M5:9eaaf636f6b7bcb8557a2b843eda3b60	UR:file:///goast/hemat_data/references/hg38_broad/Homo_sapiens_assembly38.masked.fasta
@SQ	SN:HLA-A*68:08:01	LN:3120	M5:c2e72d05d212b232f180c5020ad652ba	UR:file:///goast/hemat_data/references/hg38_broad/Homo_sapiens_assembly38.masked.fasta
@SQ	SN:HLA-A*68:113	LN:3070	M5:474b432629b8d4cc0486021e71e3dabd	UR:file:///goast/hemat_data/references/hg38_broad/Homo_sapiens_assembly38.masked.fasta
@SQ	SN:HLA-A*68:17	LN:3134	M5:f44b78e8df335a94b8ba2ee62214ed82	UR:file:///goast/hemat_data/references/hg38_broad/Homo_sapiens_assembly38.masked.fasta
@SQ	SN:HLA-A*68:18N	LN:3237	M5:250389f8d56a86c0037d9e10ce88aad4	UR:file:///goast/hemat_data/references/hg38_broad/Homo_sapiens_assembly38.masked.fasta
@SQ	SN:HLA-A*68:22	LN:3119	M5:5a8b2633f1fb32860f4d5df30e8677ca	UR:file:///goast/hemat_data/references/hg38_broad/Homo_sapiens_assembly38.masked.fasta
@SQ	SN:HLA-A*68:71	LN:3198	M5:dd6320e01a52a1aaa9224cd4c39807e3	UR:file:///goast/hemat_data/references/hg38_broad/Homo_sapiens_assembly38.masked.fasta
@SQ	SN:HLA-A*69:01	LN:2917	M5:02bd84b3d7b9d16ec8546efc41b4d0c5	UR:file:///goast/hemat_data/references/hg38_broad/Homo_sapiens_assembly38.masked.fasta
@SQ	SN:HLA-A*74:01	LN:2918	M5:948aa5c51d96d4ecbe3fc862f0214a3e	UR:file:///goast/hemat_data/references/hg38_broad/Homo_sapiens_assembly38.masked.fasta
@SQ	SN:HLA-A*74:02:01:01	LN:2918	M5:4b972360085a8e764c52f0a30ff47673	UR:file:///goast/hemat_data/references/hg38_broad/Homo_sapiens_assembly38.masked.fasta
@SQ	SN:HLA-A*74:02:01:02	LN:3518	M5:97a7f1d63575aaadaff78b53c7bdd231	UR:file:///goast/hemat_data/references/hg38_broad/Homo_sapiens_assembly38.masked.fasta
@SQ	SN:HLA-A*80:01:01:01	LN:3263	M5:5405ef04524037ea84ce1fc83dc9ac20	UR:file:///goast/hemat_data/references/hg38_broad/Homo_sapiens_assembly38.masked.fasta
@SQ	SN:HLA-A*80:01:01:02	LN:3055	M5:5cc77fd13bd6123b7300d6da19ae5c13	UR:file:///goast/hemat_data/references/hg38_broad/Homo_sapiens_assembly38.masked.fasta
@SQ	SN:HLA-B*07:02:01	LN:3323	M5:5eba87e3d51a0b86a498f97022e5714a	UR:file:///goast/hemat_data/references/hg38_broad/Homo_sapiens_assembly38.masked.fasta
@SQ	SN:HLA-B*07:05:01	LN:2676	M5:d41a7c05ac284e89b86b658d33564b3d	UR:file:///goast/hemat_data/references/hg38_broad/Homo_sapiens_assembly38.masked.fasta
@SQ	SN:HLA-B*07:06	LN:2676	M5:a5d7749f86004926ffe9fc104b1e99c4	UR:file:///goast/hemat_data/references/hg38_broad/Homo_sapiens_assembly38.masked.fasta
@SQ	SN:HLA-B*07:156	LN:2967	M5:8cc8227691836b87823ff2228f9b25a1	UR:file:///goast/hemat_data/references/hg38_broad/Homo_sapiens_assembly38.masked.fasta
@SQ	SN:HLA-B*07:33:01	LN:3239	M5:6ab184ee1fa9167f8857a4d6a7b33da6	UR:file:///goast/hemat_data/references/hg38_broad/Homo_sapiens_assembly38.masked.fasta
@SQ	SN:HLA-B*07:41	LN:3266	M5:9b52773dd0c042b641ea254944e932d1	UR:file:///goast/hemat_data/references/hg38_broad/Homo_sapiens_assembly38.masked.fasta
@SQ	SN:HLA-B*07:44	LN:3270	M5:03ee83997251cdeeec6269f547238122	UR:file:///goast/hemat_data/references/hg38_broad/Homo_sapiens_assembly38.masked.fasta
@SQ	SN:HLA-B*07:50	LN:3323	M5:e369192a36b773e819b37507a823343d	UR:file:///goast/hemat_data/references/hg38_broad/Homo_sapiens_assembly38.masked.fasta
@SQ	SN:HLA-B*08:01:01	LN:3322	M5:4ed3fc74f9934e922cc8345b00459784	UR:file:///goast/hemat_data/references/hg38_broad/Homo_sapiens_assembly38.masked.fasta
@SQ	SN:HLA-B*08:08N	LN:3035	M5:3d8eb010a8cb9c3da8d4eb759dee63f2	UR:file:///goast/hemat_data/references/hg38_broad/Homo_sapiens_assembly38.masked.fasta
@SQ	SN:HLA-B*08:132	LN:2675	M5:a863b21bd08f28404b8b991486beec56	UR:file:///goast/hemat_data/references/hg38_broad/Homo_sapiens_assembly38.masked.fasta
@SQ	SN:HLA-B*08:134	LN:2959	M5:cd3c81892d9127631465bd4454169e3c	UR:file:///goast/hemat_data/references/hg38_broad/Homo_sapiens_assembly38.masked.fasta
@SQ	SN:HLA-B*08:19N	LN:3322	M5:c64401d837f2f4eb51a6f89375d02401	UR:file:///goast/hemat_data/references/hg38_broad/Homo_sapiens_assembly38.masked.fasta
@SQ	SN:HLA-B*08:20	LN:3322	M5:87e42f5c7d6c6b2f1990fb2477271f14	UR:file:///goast/hemat_data/references/hg38_broad/Homo_sapiens_assembly38.masked.fasta
@SQ	SN:HLA-B*08:33	LN:3322	M5:704bdddcfc1c52e4181d4c12a4e25e54	UR:file:///goast/hemat_data/references/hg38_broad/Homo_sapiens_assembly38.masked.fasta
@SQ	SN:HLA-B*08:79	LN:2676	M5:f08c9b4724eaaedae63d87b79af851de	UR:file:///goast/hemat_data/references/hg38_broad/Homo_sapiens_assembly38.masked.fasta
@SQ	SN:HLA-B*13:01:01	LN:3324	M5:6a8fa9ecf6d7b7a57c77b21c908740b0	UR:file:///goast/hemat_data/references/hg38_broad/Homo_sapiens_assembly38.masked.fasta
@SQ	SN:HLA-B*13:02:01	LN:3324	M5:120d59fa894b11fe23dce75e3f4869f2	UR:file:///goast/hemat_data/references/hg38_broad/Homo_sapiens_assembly38.masked.fasta
@SQ	SN:HLA-B*13:02:03	LN:3323	M5:d52345523e7897e545fffd4718dcccf4	UR:file:///goast/hemat_data/references/hg38_broad/Homo_sapiens_assembly38.masked.fasta
@SQ	SN:HLA-B*13:02:09	LN:2919	M5:ef118f2b15e542e80c1b9c162ad69345	UR:file:///goast/hemat_data/references/hg38_broad/Homo_sapiens_assembly38.masked.fasta
@SQ	SN:HLA-B*13:08	LN:3324	M5:11f30cc59a8a4b6d4b43144c294440c7	UR:file:///goast/hemat_data/references/hg38_broad/Homo_sapiens_assembly38.masked.fasta
@SQ	SN:HLA-B*13:15	LN:3323	M5:0684fd43ee5428bc529561b33db2f2d0	UR:file:///goast/hemat_data/references/hg38_broad/Homo_sapiens_assembly38.masked.fasta
@SQ	SN:HLA-B*13:25	LN:2689	M5:dbbc5af54a1289ade5eb273e2f7aee7e	UR:file:///goast/hemat_data/references/hg38_broad/Homo_sapiens_assembly38.masked.fasta
@SQ	SN:HLA-B*14:01:01	LN:3312	M5:3764a48b755f8e31055b0e861e4c74e3	UR:file:///goast/hemat_data/references/hg38_broad/Homo_sapiens_assembly38.masked.fasta
@SQ	SN:HLA-B*14:02:01	LN:3312	M5:26b567e4c01ece594ca1d0f0b18ae0c2	UR:file:///goast/hemat_data/references/hg38_broad/Homo_sapiens_assembly38.masked.fasta
@SQ	SN:HLA-B*14:07N	LN:3255	M5:74dd725f56e8dad2652028bd0b496125	UR:file:///goast/hemat_data/references/hg38_broad/Homo_sapiens_assembly38.masked.fasta
@SQ	SN:HLA-B*15:01:01:01	LN:3336	M5:b00240fd0143d1f67ee96b53a30adcfa	UR:file:///goast/hemat_data/references/hg38_broad/Homo_sapiens_assembly38.masked.fasta
@SQ	SN:HLA-B*15:01:01:02N	LN:1208	M5:1c5acd964349055939ac8654093dde0b	UR:file:///goast/hemat_data/references/hg38_broad/Homo_sapiens_assembly38.masked.fasta
@SQ	SN:HLA-B*15:01:01:03	LN:3026	M5:dcd416dc1f3d5d91d7374096d09a68ec	UR:file:///goast/hemat_data/references/hg38_broad/Homo_sapiens_assembly38.masked.fasta
@SQ	SN:HLA-B*15:02:01	LN:3335	M5:25973b11c58535f98da0dae1d36e1ce7	UR:file:///goast/hemat_data/references/hg38_broad/Homo_sapiens_assembly38.masked.fasta
@SQ	SN:HLA-B*15:03:01	LN:2689	M5:bc488eabb3f7519b04b6a795acdf81c8	UR:file:///goast/hemat_data/references/hg38_broad/Homo_sapiens_assembly38.masked.fasta
@SQ	SN:HLA-B*15:04:01	LN:3052	M5:6ccb4f7a3eeb9e8ed44236b5092c2bd9	UR:file:///goast/hemat_data/references/hg38_broad/Homo_sapiens_assembly38.masked.fasta
@SQ	SN:HLA-B*15:07:01	LN:3336	M5:7630abd7e06b6d17b3542a0efdb6c780	UR:file:///goast/hemat_data/references/hg38_broad/Homo_sapiens_assembly38.masked.fasta
@SQ	SN:HLA-B*15:108	LN:3283	M5:80b9c94caa804a2bd7f2447b9d24cf82	UR:file:///goast/hemat_data/references/hg38_broad/Homo_sapiens_assembly38.masked.fasta
@SQ	SN:HLA-B*15:10:01	LN:2689	M5:c0699fd2bce33c66fbad3066177f17db	UR:file:///goast/hemat_data/references/hg38_broad/Homo_sapiens_assembly38.masked.fasta
@SQ	SN:HLA-B*15:11:01	LN:3336	M5:c3971913c6e6b41e2f1bbb56026c60b0	UR:file:///goast/hemat_data/references/hg38_broad/Homo_sapiens_assembly38.masked.fasta
@SQ	SN:HLA-B*15:13:01	LN:2688	M5:a5d9251e2d32c20001b7845134141a39	UR:file:///goast/hemat_data/references/hg38_broad/Homo_sapiens_assembly38.masked.fasta
@SQ	SN:HLA-B*15:16:01	LN:2688	M5:fc7d48526274847fbb255137159d9d47	UR:file:///goast/hemat_data/references/hg38_broad/Homo_sapiens_assembly38.masked.fasta
@SQ	SN:HLA-B*15:17:01:01	LN:3051	M5:fbfa24d81ff319e1c9a77eb23a5c5af6	UR:file:///goast/hemat_data/references/hg38_broad/Homo_sapiens_assembly38.masked.fasta
@SQ	SN:HLA-B*15:17:01:02	LN:3051	M5:547e0689ef02b1b497deaa785f374c32	UR:file:///goast/hemat_data/references/hg38_broad/Homo_sapiens_assembly38.masked.fasta
@SQ	SN:HLA-B*15:18:01	LN:3336	M5:79c954404a5e1b10f46264fbb3c6b32a	UR:file:///goast/hemat_data/references/hg38_broad/Homo_sapiens_assembly38.masked.fasta
@SQ	SN:HLA-B*15:220	LN:2878	M5:a87213c0fe840a0cac742fc92c4a203c	UR:file:///goast/hemat_data/references/hg38_broad/Homo_sapiens_assembly38.masked.fasta
@SQ	SN:HLA-B*15:25:01	LN:3335	M5:316c1666b4ee7ffb47f4922157d121c1	UR:file:///goast/hemat_data/references/hg38_broad/Homo_sapiens_assembly38.masked.fasta
@SQ	SN:HLA-B*15:27:01	LN:2689	M5:e01a2e586f79a078cc425bfca6367182	UR:file:///goast/hemat_data/references/hg38_broad/Homo_sapiens_assembly38.masked.fasta
@SQ	SN:HLA-B*15:32:01	LN:3336	M5:4411f20a66f0e08032144115799b7530	UR:file:///goast/hemat_data/references/hg38_broad/Homo_sapiens_assembly38.masked.fasta
@SQ	SN:HLA-B*15:42	LN:3333	M5:e6b197d6c9397d8de0ea8de14a814b05	UR:file:///goast/hemat_data/references/hg38_broad/Homo_sapiens_assembly38.masked.fasta
@SQ	SN:HLA-B*15:58	LN:3336	M5:1c0d71c98a79449eabd99e163692bd6c	UR:file:///goast/hemat_data/references/hg38_broad/Homo_sapiens_assembly38.masked.fasta
@SQ	SN:HLA-B*15:66	LN:2902	M5:a5186448b35a7b3923ccdae5bdf4bd8c	UR:file:///goast/hemat_data/references/hg38_broad/Homo_sapiens_assembly38.masked.fasta
@SQ	SN:HLA-B*15:77	LN:3336	M5:a4984835f8285fd5518e523394749864	UR:file:///goast/hemat_data/references/hg38_broad/Homo_sapiens_assembly38.masked.fasta
@SQ	SN:HLA-B*15:83	LN:3337	M5:322d07dc63950f70a35cd4a6cb9ba2ab	UR:file:///goast/hemat_data/references/hg38_broad/Homo_sapiens_assembly38.masked.fasta
@SQ	SN:HLA-B*18:01:01:01	LN:3323	M5:b0017c6a0823ba043caa28c260a41b12	UR:file:///goast/hemat_data/references/hg38_broad/Homo_sapiens_assembly38.masked.fasta
@SQ	SN:HLA-B*18:01:01:02	LN:3323	M5:a51373cbff28c2af5ebec8fac8e33cca	UR:file:///goast/hemat_data/references/hg38_broad/Homo_sapiens_assembly38.masked.fasta
@SQ	SN:HLA-B*18:02	LN:2686	M5:ba01be9495db45e331f731023378e599	UR:file:///goast/hemat_data/references/hg38_broad/Homo_sapiens_assembly38.masked.fasta
@SQ	SN:HLA-B*18:03	LN:3323	M5:207b298dc49c700b8a16865a72eb7c7a	UR:file:///goast/hemat_data/references/hg38_broad/Homo_sapiens_assembly38.masked.fasta
@SQ	SN:HLA-B*18:17N	LN:2979	M5:01b001b48d8d89f7671231f8cd45ca05	UR:file:///goast/hemat_data/references/hg38_broad/Homo_sapiens_assembly38.masked.fasta
@SQ	SN:HLA-B*18:26	LN:3323	M5:655b4f8cf9b575997c39e45df3664c8e	UR:file:///goast/hemat_data/references/hg38_broad/Homo_sapiens_assembly38.masked.fasta
@SQ	SN:HLA-B*18:94N	LN:2970	M5:67c613fbd0339031dc79fc91e294348a	UR:file:///goast/hemat_data/references/hg38_broad/Homo_sapiens_assembly38.masked.fasta
@SQ	SN:HLA-B*27:04:01	LN:3325	M5:4380eeb25545f28b8d6a8bf602e7c2f4	UR:file:///goast/hemat_data/references/hg38_broad/Homo_sapiens_assembly38.masked.fasta
@SQ	SN:HLA-B*27:05:02	LN:3325	M5:f60437ab7a86bf431ed0854fd2641cdf	UR:file:///goast/hemat_data/references/hg38_broad/Homo_sapiens_assembly38.masked.fasta
@SQ	SN:HLA-B*27:05:18	LN:3321	M5:ff2e5f34be64b46f1e15d1091ea54645	UR:file:///goast/hemat_data/references/hg38_broad/Homo_sapiens_assembly38.masked.fasta
@SQ	SN:HLA-B*27:06	LN:3325	M5:4c3f65501973406722a9c66c6f129061	UR:file:///goast/hemat_data/references/hg38_broad/Homo_sapiens_assembly38.masked.fasta
@SQ	SN:HLA-B*27:07:01	LN:2677	M5:61c1b2092f60d8b21a413b8e6846c58d	UR:file:///goast/hemat_data/references/hg38_broad/Homo_sapiens_assembly38.masked.fasta
@SQ	SN:HLA-B*27:131	LN:3325	M5:08dcdc60c6c29f52d100af9900b30e39	UR:file:///goast/hemat_data/references/hg38_broad/Homo_sapiens_assembly38.masked.fasta
@SQ	SN:HLA-B*27:24	LN:2677	M5:c0e3b858ba702a5959d35e51b8b75406	UR:file:///goast/hemat_data/references/hg38_broad/Homo_sapiens_assembly38.masked.fasta
@SQ	SN:HLA-B*27:25	LN:2677	M5:f1a1a745dc082e0c0a91813d3f12e52d	UR:file:///goast/hemat_data/references/hg38_broad/Homo_sapiens_assembly38.masked.fasta
@SQ	SN:HLA-B*27:32	LN:3325	M5:ef9b650861b7081940788ef1618a074c	UR:file:///goast/hemat_data/references/hg38_broad/Homo_sapiens_assembly38.masked.fasta
@SQ	SN:HLA-B*35:01:01:01	LN:3327	M5:72eabdc1286e5f8faec021e4c3fbd212	UR:file:///goast/hemat_data/references/hg38_broad/Homo_sapiens_assembly38.masked.fasta
@SQ	SN:HLA-B*35:01:01:02	LN:3327	M5:8d6dd73094fd1458c95866fab0bccfb3	UR:file:///goast/hemat_data/references/hg38_broad/Homo_sapiens_assembly38.masked.fasta
@SQ	SN:HLA-B*35:01:22	LN:2806	M5:198a61b3d4b83cfed1fa018f0b5313e4	UR:file:///goast/hemat_data/references/hg38_broad/Homo_sapiens_assembly38.masked.fasta
@SQ	SN:HLA-B*35:02:01	LN:3327	M5:69e50f2988b92d745c93ebc9877eace7	UR:file:///goast/hemat_data/references/hg38_broad/Homo_sapiens_assembly38.masked.fasta
@SQ	SN:HLA-B*35:03:01	LN:2689	M5:866f05a4324734d3cca067f98354488e	UR:file:///goast/hemat_data/references/hg38_broad/Homo_sapiens_assembly38.masked.fasta
@SQ	SN:HLA-B*35:05:01	LN:2690	M5:c6cc89ecf3130ee79cefb981dd362f0c	UR:file:///goast/hemat_data/references/hg38_broad/Homo_sapiens_assembly38.masked.fasta
@SQ	SN:HLA-B*35:08:01	LN:2689	M5:6baeeca7110354530934af4af0cccd8f	UR:file:///goast/hemat_data/references/hg38_broad/Homo_sapiens_assembly38.masked.fasta
@SQ	SN:HLA-B*35:14:02	LN:3327	M5:99db27c20c358808c9e75b090eb54d06	UR:file:///goast/hemat_data/references/hg38_broad/Homo_sapiens_assembly38.masked.fasta
@SQ	SN:HLA-B*35:241	LN:3042	M5:9fd1849b96ef49c7b705acfdfb430e8f	UR:file:///goast/hemat_data/references/hg38_broad/Homo_sapiens_assembly38.masked.fasta
@SQ	SN:HLA-B*35:41	LN:3327	M5:8526562f5800fb5180e418bdf4b6e56b	UR:file:///goast/hemat_data/references/hg38_broad/Homo_sapiens_assembly38.masked.fasta
@SQ	SN:HLA-B*37:01:01	LN:3324	M5:8e4396d6b7c04761713fc800437312bf	UR:file:///goast/hemat_data/references/hg38_broad/Homo_sapiens_assembly38.masked.fasta
@SQ	SN:HLA-B*37:01:05	LN:2687	M5:c4312bfb5ca6f84d1c4b2c444107b844	UR:file:///goast/hemat_data/references/hg38_broad/Homo_sapiens_assembly38.masked.fasta
@SQ	SN:HLA-B*38:01:01	LN:3312	M5:205bcc2884f405305b551c58c25d7232	UR:file:///goast/hemat_data/references/hg38_broad/Homo_sapiens_assembly38.masked.fasta
@SQ	SN:HLA-B*38:02:01	LN:3312	M5:501fd25edfcd87eeda45de0caa78e1de	UR:file:///goast/hemat_data/references/hg38_broad/Homo_sapiens_assembly38.masked.fasta
@SQ	SN:HLA-B*38:14	LN:2738	M5:7639a6e735e55ac574403a7970e113b4	UR:file:///goast/hemat_data/references/hg38_broad/Homo_sapiens_assembly38.masked.fasta
@SQ	SN:HLA-B*39:01:01:01	LN:3155	M5:eee292da1356cc9c3bf1b333e89661d6	UR:file:///goast/hemat_data/references/hg38_broad/Homo_sapiens_assembly38.masked.fasta
@SQ	SN:HLA-B*39:01:01:02L	LN:3153	M5:cd343572a20faec9ea375660b4b08feb	UR:file:///goast/hemat_data/references/hg38_broad/Homo_sapiens_assembly38.masked.fasta
@SQ	SN:HLA-B*39:01:01:03	LN:3312	M5:e3fff974f234f099f66e0fe53a93ef2c	UR:file:///goast/hemat_data/references/hg38_broad/Homo_sapiens_assembly38.masked.fasta
@SQ	SN:HLA-B*39:01:03	LN:3155	M5:2e520e3148dcdf7d8fc7763872d61957	UR:file:///goast/hemat_data/references/hg38_broad/Homo_sapiens_assembly38.masked.fasta
@SQ	SN:HLA-B*39:01:16	LN:3155	M5:cb333cf3f06cf66b86f11654c941690f	UR:file:///goast/hemat_data/references/hg38_broad/Homo_sapiens_assembly38.masked.fasta
@SQ	SN:HLA-B*39:01:21	LN:3312	M5:6e1fb83beab576ba8c39ff0237d40277	UR:file:///goast/hemat_data/references/hg38_broad/Homo_sapiens_assembly38.masked.fasta
@SQ	SN:HLA-B*39:05:01	LN:2675	M5:bf2d7c62a16bf00c2559565daeb0538d	UR:file:///goast/hemat_data/references/hg38_broad/Homo_sapiens_assembly38.masked.fasta
@SQ	SN:HLA-B*39:06:02	LN:2674	M5:77758f231bef5ff95e5a4be58d38dde1	UR:file:///goast/hemat_data/references/hg38_broad/Homo_sapiens_assembly38.masked.fasta
@SQ	SN:HLA-B*39:10:01	LN:3027	M5:fb13d6eeb084ecb4d241e45485ef36e8	UR:file:///goast/hemat_data/references/hg38_broad/Homo_sapiens_assembly38.masked.fasta
@SQ	SN:HLA-B*39:13:02	LN:3255	M5:5836ea0fc7935bd208b6caa597934b98	UR:file:///goast/hemat_data/references/hg38_broad/Homo_sapiens_assembly38.masked.fasta
@SQ	SN:HLA-B*39:14	LN:2765	M5:76c31f2b103685de65a25008bf484f11	UR:file:///goast/hemat_data/references/hg38_broad/Homo_sapiens_assembly38.masked.fasta
@SQ	SN:HLA-B*39:34	LN:3254	M5:840ee3b914f83a21f98cde71f89d77d6	UR:file:///goast/hemat_data/references/hg38_broad/Homo_sapiens_assembly38.masked.fasta
@SQ	SN:HLA-B*39:38Q	LN:2675	M5:55571273ba2d1a50d1f87b47ae59d9aa	UR:file:///goast/hemat_data/references/hg38_broad/Homo_sapiens_assembly38.masked.fasta
@SQ	SN:HLA-B*40:01:01	LN:2676	M5:afc20b1efd5b1b479db2e62fb8b88337	UR:file:///goast/hemat_data/references/hg38_broad/Homo_sapiens_assembly38.masked.fasta
@SQ	SN:HLA-B*40:01:02	LN:3323	M5:e80885c2e036b557e2bd1ca6c2b6667f	UR:file:///goast/hemat_data/references/hg38_broad/Homo_sapiens_assembly38.masked.fasta
@SQ	SN:HLA-B*40:02:01	LN:3258	M5:e6e0e85a0fab0b1e17686742e0ace0e4	UR:file:///goast/hemat_data/references/hg38_broad/Homo_sapiens_assembly38.masked.fasta
@SQ	SN:HLA-B*40:03	LN:2677	M5:a4f89215e2d83f162c338ac822bfb46e	UR:file:///goast/hemat_data/references/hg38_broad/Homo_sapiens_assembly38.masked.fasta
@SQ	SN:HLA-B*40:06:01:01	LN:3325	M5:9a238e4bba71b906acf8c46254a9bc31	UR:file:///goast/hemat_data/references/hg38_broad/Homo_sapiens_assembly38.masked.fasta
@SQ	SN:HLA-B*40:06:01:02	LN:3299	M5:ee4804e6a27f57a5c37e372dc6daa312	UR:file:///goast/hemat_data/references/hg38_broad/Homo_sapiens_assembly38.masked.fasta
@SQ	SN:HLA-B*40:10:01	LN:3304	M5:5d4db1b120369dcee6c52764f69bfb3e	UR:file:///goast/hemat_data/references/hg38_broad/Homo_sapiens_assembly38.masked.fasta
@SQ	SN:HLA-B*40:150	LN:2800	M5:f889007857633aee1ffcdf1fc924ca96	UR:file:///goast/hemat_data/references/hg38_broad/Homo_sapiens_assembly38.masked.fasta
@SQ	SN:HLA-B*40:40	LN:2677	M5:549008522cb77878ea5c2cf5bd048064	UR:file:///goast/hemat_data/references/hg38_broad/Homo_sapiens_assembly38.masked.fasta
@SQ	SN:HLA-B*40:72:01	LN:3283	M5:7d61179ccd5e3f1fe4b4976456960d02	UR:file:///goast/hemat_data/references/hg38_broad/Homo_sapiens_assembly38.masked.fasta
@SQ	SN:HLA-B*40:79	LN:3257	M5:521e3a50ed37f445b431b465b0d4ed77	UR:file:///goast/hemat_data/references/hg38_broad/Homo_sapiens_assembly38.masked.fasta
@SQ	SN:HLA-B*41:01:01	LN:3322	M5:17390ad33a3efae3617d3a175671902c	UR:file:///goast/hemat_data/references/hg38_broad/Homo_sapiens_assembly38.masked.fasta
@SQ	SN:HLA-B*41:02:01	LN:3322	M5:c886279897cd7e75a357ac3218a1be5f	UR:file:///goast/hemat_data/references/hg38_broad/Homo_sapiens_assembly38.masked.fasta
@SQ	SN:HLA-B*42:01:01	LN:3322	M5:154e1df41ca09b47ebd7e365545f6e6d	UR:file:///goast/hemat_data/references/hg38_broad/Homo_sapiens_assembly38.masked.fasta
@SQ	SN:HLA-B*42:02	LN:2675	M5:59d27bea1d07ea5695101e714f65812c	UR:file:///goast/hemat_data/references/hg38_broad/Homo_sapiens_assembly38.masked.fasta
@SQ	SN:HLA-B*42:08	LN:3165	M5:d860761be3a99c6724146e606a28aac9	UR:file:///goast/hemat_data/references/hg38_broad/Homo_sapiens_assembly38.masked.fasta
@SQ	SN:HLA-B*44:02:01:01	LN:3323	M5:477ac3a92e88828aa579f38ac0fc39d3	UR:file:///goast/hemat_data/references/hg38_broad/Homo_sapiens_assembly38.masked.fasta
@SQ	SN:HLA-B*44:02:01:02S	LN:3152	M5:05fc8de1a02c971099db853c790d3fca	UR:file:///goast/hemat_data/references/hg38_broad/Homo_sapiens_assembly38.masked.fasta
@SQ	SN:HLA-B*44:02:01:03	LN:3152	M5:2202501e60f1d3e547cfe4e814c7f877	UR:file:///goast/hemat_data/references/hg38_broad/Homo_sapiens_assembly38.masked.fasta
@SQ	SN:HLA-B*44:02:17	LN:3323	M5:3af3bf43df87b594bc20bc5f791785b5	UR:file:///goast/hemat_data/references/hg38_broad/Homo_sapiens_assembly38.masked.fasta
@SQ	SN:HLA-B*44:02:27	LN:2872	M5:6ca96787a367bd1ce0838f941140cb81	UR:file:///goast/hemat_data/references/hg38_broad/Homo_sapiens_assembly38.masked.fasta
@SQ	SN:HLA-B*44:03:01	LN:3323	M5:83f22de8d085ea321aad42dbf25a571a	UR:file:///goast/hemat_data/references/hg38_broad/Homo_sapiens_assembly38.masked.fasta
@SQ	SN:HLA-B*44:03:02	LN:2676	M5:9fcac4fbbe8fd92d125550cd06db12c1	UR:file:///goast/hemat_data/references/hg38_broad/Homo_sapiens_assembly38.masked.fasta
@SQ	SN:HLA-B*44:04	LN:3239	M5:9b24c6a9a01dea4a6bcdb76824470e3e	UR:file:///goast/hemat_data/references/hg38_broad/Homo_sapiens_assembly38.masked.fasta
@SQ	SN:HLA-B*44:09	LN:3317	M5:5ed7833ec37da80387b4a86c6b2a2040	UR:file:///goast/hemat_data/references/hg38_broad/Homo_sapiens_assembly38.masked.fasta
@SQ	SN:HLA-B*44:138Q	LN:3043	M5:1088ef8207c18405bc0b180f0226dab0	UR:file:///goast/hemat_data/references/hg38_broad/Homo_sapiens_assembly38.masked.fasta
@SQ	SN:HLA-B*44:150	LN:2676	M5:0290d7c3b24a19eefc6a89bc41146c39	UR:file:///goast/hemat_data/references/hg38_broad/Homo_sapiens_assembly38.masked.fasta
@SQ	SN:HLA-B*44:23N	LN:3323	M5:f1ec2e8fa319def50d20ce89e0b80d5a	UR:file:///goast/hemat_data/references/hg38_broad/Homo_sapiens_assembly38.masked.fasta
@SQ	SN:HLA-B*44:26	LN:2804	M5:174005655892f2cff1ad41bb64927506	UR:file:///goast/hemat_data/references/hg38_broad/Homo_sapiens_assembly38.masked.fasta
@SQ	SN:HLA-B*44:46	LN:3323	M5:4b352ce812b6c8a65a2e45741d805d7a	UR:file:///goast/hemat_data/references/hg38_broad/Homo_sapiens_assembly38.masked.fasta
@SQ	SN:HLA-B*44:49	LN:3039	M5:cb75887e3f845944c90cdf5315369b16	UR:file:///goast/hemat_data/references/hg38_broad/Homo_sapiens_assembly38.masked.fasta
@SQ	SN:HLA-B*44:56N	LN:2676	M5:4da8a161653ca5951070a765b2070b3f	UR:file:///goast/hemat_data/references/hg38_broad/Homo_sapiens_assembly38.masked.fasta
@SQ	SN:HLA-B*45:01:01	LN:3338	M5:86f5f0263cbccdf31fc646079fce98d3	UR:file:///goast/hemat_data/references/hg38_broad/Homo_sapiens_assembly38.masked.fasta
@SQ	SN:HLA-B*45:04	LN:3339	M5:bba751b5e3727ad2af0a8cb343a94d57	UR:file:///goast/hemat_data/references/hg38_broad/Homo_sapiens_assembly38.masked.fasta
@SQ	SN:HLA-B*46:01:01	LN:3336	M5:7ab2f1273efeb3a770ca80b5d0d078b4	UR:file:///goast/hemat_data/references/hg38_broad/Homo_sapiens_assembly38.masked.fasta
@SQ	SN:HLA-B*46:01:05	LN:2891	M5:314e19fc403d8ea017669e53723aead0	UR:file:///goast/hemat_data/references/hg38_broad/Homo_sapiens_assembly38.masked.fasta
@SQ	SN:HLA-B*47:01:01:01	LN:3041	M5:3107f208d002db7e36cf098ebbb8516c	UR:file:///goast/hemat_data/references/hg38_broad/Homo_sapiens_assembly38.masked.fasta
@SQ	SN:HLA-B*47:01:01:02	LN:3041	M5:9f6a5f1290f5f00afcc6b1e732a37b14	UR:file:///goast/hemat_data/references/hg38_broad/Homo_sapiens_assembly38.masked.fasta
@SQ	SN:HLA-B*48:01:01	LN:3323	M5:105f81689cb818d76fe1effd3d150157	UR:file:///goast/hemat_data/references/hg38_broad/Homo_sapiens_assembly38.masked.fasta
@SQ	SN:HLA-B*48:03:01	LN:2676	M5:874fcca35339a027ede1021bb682c5b9	UR:file:///goast/hemat_data/references/hg38_broad/Homo_sapiens_assembly38.masked.fasta
@SQ	SN:HLA-B*48:04	LN:2676	M5:77accce2b51d36c34cfae7d7f77a0644	UR:file:///goast/hemat_data/references/hg38_broad/Homo_sapiens_assembly38.masked.fasta
@SQ	SN:HLA-B*48:08	LN:3323	M5:f6f1a40b586aa5025bb2ed56a890ac8c	UR:file:///goast/hemat_data/references/hg38_broad/Homo_sapiens_assembly38.masked.fasta
@SQ	SN:HLA-B*49:01:01	LN:3340	M5:7da4db3c2933e38871dde7de2cdf0131	UR:file:///goast/hemat_data/references/hg38_broad/Homo_sapiens_assembly38.masked.fasta
@SQ	SN:HLA-B*49:32	LN:3340	M5:1a762b6501a216624feb498212c99a07	UR:file:///goast/hemat_data/references/hg38_broad/Homo_sapiens_assembly38.masked.fasta
@SQ	SN:HLA-B*50:01:01	LN:3340	M5:9d8a8957807527e6413e745a8fd4e068	UR:file:///goast/hemat_data/references/hg38_broad/Homo_sapiens_assembly38.masked.fasta
@SQ	SN:HLA-B*51:01:01	LN:3327	M5:263006da7f87d352df017a5efcc6a2ad	UR:file:///goast/hemat_data/references/hg38_broad/Homo_sapiens_assembly38.masked.fasta
@SQ	SN:HLA-B*51:01:02	LN:3043	M5:d0a5d20ecc047c9db286860c217ffe57	UR:file:///goast/hemat_data/references/hg38_broad/Homo_sapiens_assembly38.masked.fasta
@SQ	SN:HLA-B*51:02:01	LN:3327	M5:0f09e1d79fda822bb499e29d59e7dfb0	UR:file:///goast/hemat_data/references/hg38_broad/Homo_sapiens_assembly38.masked.fasta
@SQ	SN:HLA-B*51:07:01	LN:3327	M5:63b4b6ba9c4049e98e44399a1b1ad03c	UR:file:///goast/hemat_data/references/hg38_broad/Homo_sapiens_assembly38.masked.fasta
@SQ	SN:HLA-B*51:42	LN:2962	M5:8253b5b1e485378dfeedfa598e677579	UR:file:///goast/hemat_data/references/hg38_broad/Homo_sapiens_assembly38.masked.fasta
@SQ	SN:HLA-B*52:01:01:01	LN:3327	M5:bb94101c60541202c4b844e21b640a92	UR:file:///goast/hemat_data/references/hg38_broad/Homo_sapiens_assembly38.masked.fasta
@SQ	SN:HLA-B*52:01:01:02	LN:3327	M5:ff0ebc333c63692ac07e7b95c6febbd0	UR:file:///goast/hemat_data/references/hg38_broad/Homo_sapiens_assembly38.masked.fasta
@SQ	SN:HLA-B*52:01:01:03	LN:3327	M5:9e6abe5b1d3205aed3a8b62d580f5c6c	UR:file:///goast/hemat_data/references/hg38_broad/Homo_sapiens_assembly38.masked.fasta
@SQ	SN:HLA-B*52:01:02	LN:3327	M5:d7fde559163710e8a22f5497902dee7b	UR:file:///goast/hemat_data/references/hg38_broad/Homo_sapiens_assembly38.masked.fasta
@SQ	SN:HLA-B*53:01:01	LN:3327	M5:0e08f9e5e5ee052f077c388fe43ed672	UR:file:///goast/hemat_data/references/hg38_broad/Homo_sapiens_assembly38.masked.fasta
@SQ	SN:HLA-B*53:11	LN:3274	M5:9d84a07be4be471551bc6c8cd89ddfa0	UR:file:///goast/hemat_data/references/hg38_broad/Homo_sapiens_assembly38.masked.fasta
@SQ	SN:HLA-B*54:01:01	LN:3332	M5:7621d4b27eef76b4b57df91eee3bd38c	UR:file:///goast/hemat_data/references/hg38_broad/Homo_sapiens_assembly38.masked.fasta
@SQ	SN:HLA-B*54:18	LN:2813	M5:ecf8408d4379ee7e2467c784e51ea2bb	UR:file:///goast/hemat_data/references/hg38_broad/Homo_sapiens_assembly38.masked.fasta
@SQ	SN:HLA-B*55:01:01	LN:3332	M5:b19860ce7d3e3feec3da15d850ffaf83	UR:file:///goast/hemat_data/references/hg38_broad/Homo_sapiens_assembly38.masked.fasta
@SQ	SN:HLA-B*55:01:03	LN:3332	M5:17fe5fcacdc35ec18448d04e206578e2	UR:file:///goast/hemat_data/references/hg38_broad/Homo_sapiens_assembly38.masked.fasta
@SQ	SN:HLA-B*55:02:01	LN:3333	M5:fe9cf4bfff80e738fa573a1e4336621c	UR:file:///goast/hemat_data/references/hg38_broad/Homo_sapiens_assembly38.masked.fasta
@SQ	SN:HLA-B*55:12	LN:3332	M5:570fdcabb0ff55d30de3a319b09b2da2	UR:file:///goast/hemat_data/references/hg38_broad/Homo_sapiens_assembly38.masked.fasta
@SQ	SN:HLA-B*55:24	LN:3332	M5:0194f66b5128ba6d3eb9fec43ee985c7	UR:file:///goast/hemat_data/references/hg38_broad/Homo_sapiens_assembly38.masked.fasta
@SQ	SN:HLA-B*55:48	LN:2980	M5:b8cd7ebdabaea8025fe0b0308b1c500f	UR:file:///goast/hemat_data/references/hg38_broad/Homo_sapiens_assembly38.masked.fasta
@SQ	SN:HLA-B*56:01:01	LN:2688	M5:8ea679a7f814ff4b104970fc3363591c	UR:file:///goast/hemat_data/references/hg38_broad/Homo_sapiens_assembly38.masked.fasta
@SQ	SN:HLA-B*56:03	LN:2688	M5:13a5b854a9c6cf607e0758dd8977a136	UR:file:///goast/hemat_data/references/hg38_broad/Homo_sapiens_assembly38.masked.fasta
@SQ	SN:HLA-B*56:04	LN:2688	M5:52674e8d83e65bf23b0b36f2cee3b279	UR:file:///goast/hemat_data/references/hg38_broad/Homo_sapiens_assembly38.masked.fasta
@SQ	SN:HLA-B*57:01:01	LN:3337	M5:435c90dcaa816e70a0a07c23d2f363b7	UR:file:///goast/hemat_data/references/hg38_broad/Homo_sapiens_assembly38.masked.fasta
@SQ	SN:HLA-B*57:03:01	LN:2689	M5:b412ccacf520ef015be9010e88d13fd6	UR:file:///goast/hemat_data/references/hg38_broad/Homo_sapiens_assembly38.masked.fasta
@SQ	SN:HLA-B*57:06	LN:3284	M5:14711544ed455ec1aa9a55bae251514e	UR:file:///goast/hemat_data/references/hg38_broad/Homo_sapiens_assembly38.masked.fasta
@SQ	SN:HLA-B*57:11	LN:3306	M5:66b4e723563c1e4a79cc9233cbc2d5fb	UR:file:///goast/hemat_data/references/hg38_broad/Homo_sapiens_assembly38.masked.fasta
@SQ	SN:HLA-B*57:29	LN:3337	M5:ae6a6681ba3a2ed0efeceafc6ac41fb7	UR:file:///goast/hemat_data/references/hg38_broad/Homo_sapiens_assembly38.masked.fasta
@SQ	SN:HLA-B*58:01:01	LN:3336	M5:89112836a876c731a21d3e2357e297d6	UR:file:///goast/hemat_data/references/hg38_broad/Homo_sapiens_assembly38.masked.fasta
@SQ	SN:HLA-B*58:31N	LN:3004	M5:8507d0acf3a65b125d7ff5bd6c4d1e8b	UR:file:///goast/hemat_data/references/hg38_broad/Homo_sapiens_assembly38.masked.fasta
@SQ	SN:HLA-B*59:01:01:01	LN:3333	M5:23fda5090f014267db805d001c7c3add	UR:file:///goast/hemat_data/references/hg38_broad/Homo_sapiens_assembly38.masked.fasta
@SQ	SN:HLA-B*59:01:01:02	LN:3332	M5:c4602c638fb61927261e08d529f2898f	UR:file:///goast/hemat_data/references/hg38_broad/Homo_sapiens_assembly38.masked.fasta
@SQ	SN:HLA-B*67:01:01	LN:3312	M5:87814da89393ae312125f9b36af8bb77	UR:file:///goast/hemat_data/references/hg38_broad/Homo_sapiens_assembly38.masked.fasta
@SQ	SN:HLA-B*67:01:02	LN:2675	M5:390a5500664173ba6708dbeed0e360dc	UR:file:///goast/hemat_data/references/hg38_broad/Homo_sapiens_assembly38.masked.fasta
@SQ	SN:HLA-B*67:02	LN:3307	M5:ca5872a8e8c8fe4b920ba96e1542cf58	UR:file:///goast/hemat_data/references/hg38_broad/Homo_sapiens_assembly38.masked.fasta
@SQ	SN:HLA-B*73:01	LN:3323	M5:0136d8cfbbe9fd393a1e699753f7f7a3	UR:file:///goast/hemat_data/references/hg38_broad/Homo_sapiens_assembly38.masked.fasta
@SQ	SN:HLA-B*78:01:01	LN:3327	M5:81fbcef3edbbc1e8df879a12d817a9b6	UR:file:///goast/hemat_data/references/hg38_broad/Homo_sapiens_assembly38.masked.fasta
@SQ	SN:HLA-B*81:01	LN:2676	M5:06b880357cb8d04e7715100462e6e58d	UR:file:///goast/hemat_data/references/hg38_broad/Homo_sapiens_assembly38.masked.fasta
@SQ	SN:HLA-B*82:02:01	LN:3050	M5:7f0f011b72e32064bdeab6fc9d15df0f	UR:file:///goast/hemat_data/references/hg38_broad/Homo_sapiens_assembly38.masked.fasta
@SQ	SN:HLA-C*01:02:01	LN:3349	M5:0071e65ee429afd318ef699ad315c4b4	UR:file:///goast/hemat_data/references/hg38_broad/Homo_sapiens_assembly38.masked.fasta
@SQ	SN:HLA-C*01:02:11	LN:3057	M5:b9f8c9b73140b44e888ca0d3cb97a51a	UR:file:///goast/hemat_data/references/hg38_broad/Homo_sapiens_assembly38.masked.fasta
@SQ	SN:HLA-C*01:02:29	LN:3349	M5:daaad7b0fa23883b6f6a74c29b218154	UR:file:///goast/hemat_data/references/hg38_broad/Homo_sapiens_assembly38.masked.fasta
@SQ	SN:HLA-C*01:02:30	LN:3333	M5:f72ada7c617959035065509827004c55	UR:file:///goast/hemat_data/references/hg38_broad/Homo_sapiens_assembly38.masked.fasta
@SQ	SN:HLA-C*01:03	LN:3349	M5:1dfba36de6a84343e0f1bc21f4290dd1	UR:file:///goast/hemat_data/references/hg38_broad/Homo_sapiens_assembly38.masked.fasta
@SQ	SN:HLA-C*01:06	LN:2895	M5:707a109a70808774faabaa9f20fc9c2d	UR:file:///goast/hemat_data/references/hg38_broad/Homo_sapiens_assembly38.masked.fasta
@SQ	SN:HLA-C*01:08	LN:3349	M5:d84d29f8412f7bc25c6faa02ce1e8027	UR:file:///goast/hemat_data/references/hg38_broad/Homo_sapiens_assembly38.masked.fasta
@SQ	SN:HLA-C*01:14	LN:2895	M5:6184a7ce778825a8d3dbbdca08425352	UR:file:///goast/hemat_data/references/hg38_broad/Homo_sapiens_assembly38.masked.fasta
@SQ	SN:HLA-C*01:21	LN:2895	M5:7c3c33a8a09cf7ab14dfb252dbb028be	UR:file:///goast/hemat_data/references/hg38_broad/Homo_sapiens_assembly38.masked.fasta
@SQ	SN:HLA-C*01:30	LN:3349	M5:e7dc7b0b79ca3fba89e46935c2f6f53a	UR:file:///goast/hemat_data/references/hg38_broad/Homo_sapiens_assembly38.masked.fasta
@SQ	SN:HLA-C*01:40	LN:2968	M5:1f1ff8df1d52ca176768c131fa0dfd1b	UR:file:///goast/hemat_data/references/hg38_broad/Homo_sapiens_assembly38.masked.fasta
@SQ	SN:HLA-C*02:02:02:01	LN:3347	M5:7d432e207af5901819172d943367ab85	UR:file:///goast/hemat_data/references/hg38_broad/Homo_sapiens_assembly38.masked.fasta
@SQ	SN:HLA-C*02:02:02:02	LN:3347	M5:3b927e5396f09d7b73cebc3cf7894022	UR:file:///goast/hemat_data/references/hg38_broad/Homo_sapiens_assembly38.masked.fasta
@SQ	SN:HLA-C*02:10	LN:2893	M5:bc3caf3cb6c08beee025921ea8ab2c2b	UR:file:///goast/hemat_data/references/hg38_broad/Homo_sapiens_assembly38.masked.fasta
@SQ	SN:HLA-C*02:11	LN:3320	M5:86a83cd46a667da7f75c104e6964997a	UR:file:///goast/hemat_data/references/hg38_broad/Homo_sapiens_assembly38.masked.fasta
@SQ	SN:HLA-C*02:16:02	LN:3029	M5:117c55e59cdf735f8e4600c677295e86	UR:file:///goast/hemat_data/references/hg38_broad/Homo_sapiens_assembly38.masked.fasta
@SQ	SN:HLA-C*02:69	LN:2933	M5:8fb20dc7ab2383635eb05c7b6aa75585	UR:file:///goast/hemat_data/references/hg38_broad/Homo_sapiens_assembly38.masked.fasta
@SQ	SN:HLA-C*02:85	LN:3347	M5:19bc16298211d1df9285935c0e74349e	UR:file:///goast/hemat_data/references/hg38_broad/Homo_sapiens_assembly38.masked.fasta
@SQ	SN:HLA-C*02:86	LN:3347	M5:1a839f0d783dd916f4c4d85314fb33d3	UR:file:///goast/hemat_data/references/hg38_broad/Homo_sapiens_assembly38.masked.fasta
@SQ	SN:HLA-C*02:87	LN:3064	M5:efb30bed21ab99dd6db7b5aec573702f	UR:file:///goast/hemat_data/references/hg38_broad/Homo_sapiens_assembly38.masked.fasta
@SQ	SN:HLA-C*03:02:01	LN:2894	M5:df3f967e88fe534c02bfad024b8c887a	UR:file:///goast/hemat_data/references/hg38_broad/Homo_sapiens_assembly38.masked.fasta
@SQ	SN:HLA-C*03:02:02:01	LN:3348	M5:7ca03d45f7f1fd27eac518520148daa3	UR:file:///goast/hemat_data/references/hg38_broad/Homo_sapiens_assembly38.masked.fasta
@SQ	SN:HLA-C*03:02:02:02	LN:2896	M5:6d6e1775bedec2a59fa4d0bd7c94f4c5	UR:file:///goast/hemat_data/references/hg38_broad/Homo_sapiens_assembly38.masked.fasta
@SQ	SN:HLA-C*03:02:02:03	LN:3348	M5:22fe2d580ec4460d1b085eba87d9aac0	UR:file:///goast/hemat_data/references/hg38_broad/Homo_sapiens_assembly38.masked.fasta
@SQ	SN:HLA-C*03:03:01	LN:3348	M5:4e9e631972020eda52a012a3bcce4cd5	UR:file:///goast/hemat_data/references/hg38_broad/Homo_sapiens_assembly38.masked.fasta
@SQ	SN:HLA-C*03:04:01:01	LN:3348	M5:df0eaa78940580a0f21395f9387cc32d	UR:file:///goast/hemat_data/references/hg38_broad/Homo_sapiens_assembly38.masked.fasta
@SQ	SN:HLA-C*03:04:01:02	LN:3348	M5:d13c9657f578e20631d54771581b5204	UR:file:///goast/hemat_data/references/hg38_broad/Homo_sapiens_assembly38.masked.fasta
@SQ	SN:HLA-C*03:04:02	LN:2877	M5:be42038dd5348757a9c683918b1db4f0	UR:file:///goast/hemat_data/references/hg38_broad/Homo_sapiens_assembly38.masked.fasta
@SQ	SN:HLA-C*03:04:04	LN:2966	M5:deeefe05be47eaf45bb483add4913ffc	UR:file:///goast/hemat_data/references/hg38_broad/Homo_sapiens_assembly38.masked.fasta
@SQ	SN:HLA-C*03:05	LN:2894	M5:bb0c05e7fd6c15d9d6593a4f3bbe783f	UR:file:///goast/hemat_data/references/hg38_broad/Homo_sapiens_assembly38.masked.fasta
@SQ	SN:HLA-C*03:06	LN:2894	M5:21c18b0c0ff10700610d7f1a50b1c899	UR:file:///goast/hemat_data/references/hg38_broad/Homo_sapiens_assembly38.masked.fasta
@SQ	SN:HLA-C*03:100	LN:3034	M5:99e13ee46eceaa60fe5084f320894a2d	UR:file:///goast/hemat_data/references/hg38_broad/Homo_sapiens_assembly38.masked.fasta
@SQ	SN:HLA-C*03:13:01	LN:3065	M5:3981907aafcbb510b01423d7f323477c	UR:file:///goast/hemat_data/references/hg38_broad/Homo_sapiens_assembly38.masked.fasta
@SQ	SN:HLA-C*03:20N	LN:3321	M5:b3a7cb20db02d1256c2106d420e765fa	UR:file:///goast/hemat_data/references/hg38_broad/Homo_sapiens_assembly38.masked.fasta
@SQ	SN:HLA-C*03:219	LN:3070	M5:2f9e694079fd1378d796e05baa51889c	UR:file:///goast/hemat_data/references/hg38_broad/Homo_sapiens_assembly38.masked.fasta
@SQ	SN:HLA-C*03:261	LN:3348	M5:3248cc886e5d3793ba099f0ab1a05d66	UR:file:///goast/hemat_data/references/hg38_broad/Homo_sapiens_assembly38.masked.fasta
@SQ	SN:HLA-C*03:40:01	LN:2894	M5:93c62f86d2dfc6633dbd2c975908da1a	UR:file:///goast/hemat_data/references/hg38_broad/Homo_sapiens_assembly38.masked.fasta
@SQ	SN:HLA-C*03:41:02	LN:3328	M5:f5752e34d19b00f37d306621c38909a2	UR:file:///goast/hemat_data/references/hg38_broad/Homo_sapiens_assembly38.masked.fasta
@SQ	SN:HLA-C*03:46	LN:2997	M5:0ea8327e0b67ad6f90e5a44c1629c7d4	UR:file:///goast/hemat_data/references/hg38_broad/Homo_sapiens_assembly38.masked.fasta
@SQ	SN:HLA-C*03:61	LN:2894	M5:6d712f749acb251535e2ae8c3c617413	UR:file:///goast/hemat_data/references/hg38_broad/Homo_sapiens_assembly38.masked.fasta
@SQ	SN:HLA-C*04:01:01:01	LN:3349	M5:3efce3936c70251730ad6b287f7d110e	UR:file:///goast/hemat_data/references/hg38_broad/Homo_sapiens_assembly38.masked.fasta
@SQ	SN:HLA-C*04:01:01:02	LN:3349	M5:5d4e1f36ad16f12cbf6447e60f24081c	UR:file:///goast/hemat_data/references/hg38_broad/Homo_sapiens_assembly38.masked.fasta
@SQ	SN:HLA-C*04:01:01:03	LN:3349	M5:9e9f6956c08e23d56266b6fa217efd7c	UR:file:///goast/hemat_data/references/hg38_broad/Homo_sapiens_assembly38.masked.fasta
@SQ	SN:HLA-C*04:01:01:04	LN:3012	M5:2579591d3a321b72379ecd8a51d7edd7	UR:file:///goast/hemat_data/references/hg38_broad/Homo_sapiens_assembly38.masked.fasta
@SQ	SN:HLA-C*04:01:01:05	LN:2931	M5:64ad58c15cabe00bc7528c32341c0878	UR:file:///goast/hemat_data/references/hg38_broad/Homo_sapiens_assembly38.masked.fasta
@SQ	SN:HLA-C*04:01:62	LN:3329	M5:43792d77155a7b8f48cd4c57e217997e	UR:file:///goast/hemat_data/references/hg38_broad/Homo_sapiens_assembly38.masked.fasta
@SQ	SN:HLA-C*04:03:01	LN:3349	M5:0ccb8d21235af6c2aff22aa6afbc6732	UR:file:///goast/hemat_data/references/hg38_broad/Homo_sapiens_assembly38.masked.fasta
@SQ	SN:HLA-C*04:06	LN:3349	M5:63b57fd97300edc439359a50449974db	UR:file:///goast/hemat_data/references/hg38_broad/Homo_sapiens_assembly38.masked.fasta
@SQ	SN:HLA-C*04:09N	LN:2991	M5:0fbbbf7cb8fddeb130cf9e967404f973	UR:file:///goast/hemat_data/references/hg38_broad/Homo_sapiens_assembly38.masked.fasta
@SQ	SN:HLA-C*04:128	LN:3086	M5:e6d5cc6672b9d7e2050ce659e5ed35b6	UR:file:///goast/hemat_data/references/hg38_broad/Homo_sapiens_assembly38.masked.fasta
@SQ	SN:HLA-C*04:161	LN:3237	M5:5bf40c2edbc86b4e13300af3d685dc1b	UR:file:///goast/hemat_data/references/hg38_broad/Homo_sapiens_assembly38.masked.fasta
@SQ	SN:HLA-C*04:177	LN:3349	M5:8547dcf17572b7586eec8ec28cbb8792	UR:file:///goast/hemat_data/references/hg38_broad/Homo_sapiens_assembly38.masked.fasta
@SQ	SN:HLA-C*04:70	LN:3058	M5:5f1c7d679cd5c3f3110db5fe628cd613	UR:file:///goast/hemat_data/references/hg38_broad/Homo_sapiens_assembly38.masked.fasta
@SQ	SN:HLA-C*04:71	LN:3086	M5:02b46fcce463bf80c626c51f5d36bab3	UR:file:///goast/hemat_data/references/hg38_broad/Homo_sapiens_assembly38.masked.fasta
@SQ	SN:HLA-C*05:01:01:01	LN:3349	M5:c6d922fe90d58a4380b338ce33a098db	UR:file:///goast/hemat_data/references/hg38_broad/Homo_sapiens_assembly38.masked.fasta
@SQ	SN:HLA-C*05:01:01:02	LN:3349	M5:a7b54d490750d2723ab72f5eab4de589	UR:file:///goast/hemat_data/references/hg38_broad/Homo_sapiens_assembly38.masked.fasta
@SQ	SN:HLA-C*05:08	LN:3059	M5:1560938f348bbf8027a77fe08ce4b46f	UR:file:///goast/hemat_data/references/hg38_broad/Homo_sapiens_assembly38.masked.fasta
@SQ	SN:HLA-C*05:09:01	LN:3322	M5:bb8835a101a1bd226ba1cf04e30c8298	UR:file:///goast/hemat_data/references/hg38_broad/Homo_sapiens_assembly38.masked.fasta
@SQ	SN:HLA-C*05:93	LN:2946	M5:8163cb61a36ebacb034b44d4537e3ccd	UR:file:///goast/hemat_data/references/hg38_broad/Homo_sapiens_assembly38.masked.fasta
@SQ	SN:HLA-C*06:02:01:01	LN:3349	M5:e2d2d51306ffa6a15072abc9e218afa3	UR:file:///goast/hemat_data/references/hg38_broad/Homo_sapiens_assembly38.masked.fasta
@SQ	SN:HLA-C*06:02:01:02	LN:3349	M5:289ade2a84e2a669f4950d905de18ef3	UR:file:///goast/hemat_data/references/hg38_broad/Homo_sapiens_assembly38.masked.fasta
@SQ	SN:HLA-C*06:02:01:03	LN:3349	M5:541d1cf5b93596d04882fdcea98fdb24	UR:file:///goast/hemat_data/references/hg38_broad/Homo_sapiens_assembly38.masked.fasta
@SQ	SN:HLA-C*06:23	LN:3349	M5:f90da72a0371a17e345090ee35ced67e	UR:file:///goast/hemat_data/references/hg38_broad/Homo_sapiens_assembly38.masked.fasta
@SQ	SN:HLA-C*06:24	LN:3349	M5:8416842ec1691954a14211e9b178951b	UR:file:///goast/hemat_data/references/hg38_broad/Homo_sapiens_assembly38.masked.fasta
@SQ	SN:HLA-C*06:46N	LN:2987	M5:1276d9ecb257086ba85fb1dff231b2d1	UR:file:///goast/hemat_data/references/hg38_broad/Homo_sapiens_assembly38.masked.fasta
@SQ	SN:HLA-C*07:01:01:01	LN:3354	M5:718bc83515052da25d2aa2cf1017aa8d	UR:file:///goast/hemat_data/references/hg38_broad/Homo_sapiens_assembly38.masked.fasta
@SQ	SN:HLA-C*07:01:01:02	LN:3093	M5:e45eed48ec341cc12ae10b917381d885	UR:file:///goast/hemat_data/references/hg38_broad/Homo_sapiens_assembly38.masked.fasta
@SQ	SN:HLA-C*07:01:02	LN:3352	M5:d7dd73d1eb5b9a25c83e84ef950dd44b	UR:file:///goast/hemat_data/references/hg38_broad/Homo_sapiens_assembly38.masked.fasta
@SQ	SN:HLA-C*07:01:19	LN:3354	M5:db13dc42d8ac6f58daa4d04dd21e0296	UR:file:///goast/hemat_data/references/hg38_broad/Homo_sapiens_assembly38.masked.fasta
@SQ	SN:HLA-C*07:01:27	LN:3195	M5:53fc59605c057f246aa7cb06caa3523c	UR:file:///goast/hemat_data/references/hg38_broad/Homo_sapiens_assembly38.masked.fasta
@SQ	SN:HLA-C*07:01:45	LN:3354	M5:7b104b85dc1b908764ff4904a903c90a	UR:file:///goast/hemat_data/references/hg38_broad/Homo_sapiens_assembly38.masked.fasta
@SQ	SN:HLA-C*07:02:01:01	LN:3354	M5:00b5a7cce8e5acc98b508e4d39091f15	UR:file:///goast/hemat_data/references/hg38_broad/Homo_sapiens_assembly38.masked.fasta
@SQ	SN:HLA-C*07:02:01:02	LN:3074	M5:152f1c93813d70470aa3a116478c5a69	UR:file:///goast/hemat_data/references/hg38_broad/Homo_sapiens_assembly38.masked.fasta
@SQ	SN:HLA-C*07:02:01:03	LN:3354	M5:b854cfa857b40775c2ad6e6ded4b848a	UR:file:///goast/hemat_data/references/hg38_broad/Homo_sapiens_assembly38.masked.fasta
@SQ	SN:HLA-C*07:02:01:04	LN:3353	M5:7de039797ea7911c70f4fa82c658366e	UR:file:///goast/hemat_data/references/hg38_broad/Homo_sapiens_assembly38.masked.fasta
@SQ	SN:HLA-C*07:02:01:05	LN:3354	M5:00709b8f2f15aa3aa482a992d1d87b60	UR:file:///goast/hemat_data/references/hg38_broad/Homo_sapiens_assembly38.masked.fasta
@SQ	SN:HLA-C*07:02:05	LN:2903	M5:c7cbc76d1fb0114a55ee635afdb0cd15	UR:file:///goast/hemat_data/references/hg38_broad/Homo_sapiens_assembly38.masked.fasta
@SQ	SN:HLA-C*07:02:06	LN:3354	M5:1d0e73f11030eece15f033cab7216c51	UR:file:///goast/hemat_data/references/hg38_broad/Homo_sapiens_assembly38.masked.fasta
@SQ	SN:HLA-C*07:02:64	LN:3354	M5:7f780958705ae801a5814f2471cb59f4	UR:file:///goast/hemat_data/references/hg38_broad/Homo_sapiens_assembly38.masked.fasta
@SQ	SN:HLA-C*07:04:01	LN:3354	M5:7aa1a4c1a413aca4e232a2e7dce8ee4d	UR:file:///goast/hemat_data/references/hg38_broad/Homo_sapiens_assembly38.masked.fasta
@SQ	SN:HLA-C*07:04:02	LN:3343	M5:b44a66a5ff9ba711c465dc629d4336e9	UR:file:///goast/hemat_data/references/hg38_broad/Homo_sapiens_assembly38.masked.fasta
@SQ	SN:HLA-C*07:06	LN:3354	M5:3ac9135bdf1975f31d5f501cb5b62c98	UR:file:///goast/hemat_data/references/hg38_broad/Homo_sapiens_assembly38.masked.fasta
@SQ	SN:HLA-C*07:149	LN:3098	M5:df315cb1e89fca70587836e750b11737	UR:file:///goast/hemat_data/references/hg38_broad/Homo_sapiens_assembly38.masked.fasta
@SQ	SN:HLA-C*07:18	LN:3353	M5:fa6f988acdf9509ba3790814e29ef79c	UR:file:///goast/hemat_data/references/hg38_broad/Homo_sapiens_assembly38.masked.fasta
@SQ	SN:HLA-C*07:19	LN:3222	M5:2597c84fe3afb1831211a4c9ad6427ec	UR:file:///goast/hemat_data/references/hg38_broad/Homo_sapiens_assembly38.masked.fasta
@SQ	SN:HLA-C*07:26	LN:3069	M5:705cb7c1e6112114a894aab34b391fdf	UR:file:///goast/hemat_data/references/hg38_broad/Homo_sapiens_assembly38.masked.fasta
@SQ	SN:HLA-C*07:30	LN:2903	M5:e5947b700176aabf378cf29e78c17084	UR:file:///goast/hemat_data/references/hg38_broad/Homo_sapiens_assembly38.masked.fasta
@SQ	SN:HLA-C*07:32N	LN:3334	M5:fe7d565923067a8248624f41f45c79df	UR:file:///goast/hemat_data/references/hg38_broad/Homo_sapiens_assembly38.masked.fasta
@SQ	SN:HLA-C*07:384	LN:3349	M5:90a8a5267a890ccd78717e88de59232d	UR:file:///goast/hemat_data/references/hg38_broad/Homo_sapiens_assembly38.masked.fasta
@SQ	SN:HLA-C*07:385	LN:3354	M5:20b5d8a093d1e81d1e6b9e56b6d4ad17	UR:file:///goast/hemat_data/references/hg38_broad/Homo_sapiens_assembly38.masked.fasta
@SQ	SN:HLA-C*07:386	LN:3183	M5:b5524ee2cc10b5a45e99af42e190f5f3	UR:file:///goast/hemat_data/references/hg38_broad/Homo_sapiens_assembly38.masked.fasta
@SQ	SN:HLA-C*07:391	LN:3354	M5:de98c716203e1ca551130af6affe2199	UR:file:///goast/hemat_data/references/hg38_broad/Homo_sapiens_assembly38.masked.fasta
@SQ	SN:HLA-C*07:392	LN:3354	M5:1a509719976de84a60b59343364e4b51	UR:file:///goast/hemat_data/references/hg38_broad/Homo_sapiens_assembly38.masked.fasta
@SQ	SN:HLA-C*07:49	LN:2935	M5:45a4d818fffa2d2428658489af9e98b1	UR:file:///goast/hemat_data/references/hg38_broad/Homo_sapiens_assembly38.masked.fasta
@SQ	SN:HLA-C*07:56:02	LN:3354	M5:e4c99b9226de6adbf587934d835048d8	UR:file:///goast/hemat_data/references/hg38_broad/Homo_sapiens_assembly38.masked.fasta
@SQ	SN:HLA-C*07:66	LN:3354	M5:a822c754dee47e720af532f5f5bb1ef4	UR:file:///goast/hemat_data/references/hg38_broad/Homo_sapiens_assembly38.masked.fasta
@SQ	SN:HLA-C*07:67	LN:3354	M5:2ba41a6538775c77f84b648069196d70	UR:file:///goast/hemat_data/references/hg38_broad/Homo_sapiens_assembly38.masked.fasta
@SQ	SN:HLA-C*08:01:01	LN:3349	M5:96d5d92a1f9a605bb014f058b767ecfd	UR:file:///goast/hemat_data/references/hg38_broad/Homo_sapiens_assembly38.masked.fasta
@SQ	SN:HLA-C*08:01:03	LN:2998	M5:585c1deb75a38ddadc48575546be3772	UR:file:///goast/hemat_data/references/hg38_broad/Homo_sapiens_assembly38.masked.fasta
@SQ	SN:HLA-C*08:02:01:01	LN:3349	M5:734e931f1481380f2d0bf98c7925ee2f	UR:file:///goast/hemat_data/references/hg38_broad/Homo_sapiens_assembly38.masked.fasta
@SQ	SN:HLA-C*08:02:01:02	LN:3349	M5:8f2c108d077649a22ae5df5fb42fe265	UR:file:///goast/hemat_data/references/hg38_broad/Homo_sapiens_assembly38.masked.fasta
@SQ	SN:HLA-C*08:03:01	LN:3349	M5:633f446c1fba5006f49dd2bbddb3ce5e	UR:file:///goast/hemat_data/references/hg38_broad/Homo_sapiens_assembly38.masked.fasta
@SQ	SN:HLA-C*08:04:01	LN:2895	M5:0d4f700e3c6bb58e12ab10c1c85f1bcc	UR:file:///goast/hemat_data/references/hg38_broad/Homo_sapiens_assembly38.masked.fasta
@SQ	SN:HLA-C*08:112	LN:3178	M5:ad581d3ae2ddf7d3895c8bda459221c3	UR:file:///goast/hemat_data/references/hg38_broad/Homo_sapiens_assembly38.masked.fasta
@SQ	SN:HLA-C*08:20	LN:3349	M5:de321b1690b9ce4e07c6f6f1c838ba7c	UR:file:///goast/hemat_data/references/hg38_broad/Homo_sapiens_assembly38.masked.fasta
@SQ	SN:HLA-C*08:21	LN:3349	M5:574d8b3a969397fe0d6168a851acac10	UR:file:///goast/hemat_data/references/hg38_broad/Homo_sapiens_assembly38.masked.fasta
@SQ	SN:HLA-C*08:22	LN:3349	M5:c4fc4ff7544492d91fc221e274b790a6	UR:file:///goast/hemat_data/references/hg38_broad/Homo_sapiens_assembly38.masked.fasta
@SQ	SN:HLA-C*08:24	LN:2895	M5:9cc0d743f4c6cea3a61dd94cf81e8782	UR:file:///goast/hemat_data/references/hg38_broad/Homo_sapiens_assembly38.masked.fasta
@SQ	SN:HLA-C*08:27	LN:3349	M5:3ab94e3b0cb8b613e8cc644c6dc715d4	UR:file:///goast/hemat_data/references/hg38_broad/Homo_sapiens_assembly38.masked.fasta
@SQ	SN:HLA-C*08:36N	LN:3097	M5:5e4997d79367c75ea3301d1222f70938	UR:file:///goast/hemat_data/references/hg38_broad/Homo_sapiens_assembly38.masked.fasta
@SQ	SN:HLA-C*08:40	LN:2978	M5:e8013eaab611499b1827191279b34223	UR:file:///goast/hemat_data/references/hg38_broad/Homo_sapiens_assembly38.masked.fasta
@SQ	SN:HLA-C*08:41	LN:3019	M5:bf7ecc6786f26c3740e9291e7fdd990e	UR:file:///goast/hemat_data/references/hg38_broad/Homo_sapiens_assembly38.masked.fasta
@SQ	SN:HLA-C*08:62	LN:3086	M5:a3f951c6e67ba7b5d43b4678504ceb8f	UR:file:///goast/hemat_data/references/hg38_broad/Homo_sapiens_assembly38.masked.fasta
@SQ	SN:HLA-C*12:02:02	LN:3349	M5:6f12358794b5c624b6948b27722c0d4d	UR:file:///goast/hemat_data/references/hg38_broad/Homo_sapiens_assembly38.masked.fasta
@SQ	SN:HLA-C*12:03:01:01	LN:3349	M5:a5f9f1324e2a617a08c5bcbc275608b5	UR:file:///goast/hemat_data/references/hg38_broad/Homo_sapiens_assembly38.masked.fasta
@SQ	SN:HLA-C*12:03:01:02	LN:3348	M5:ff3c56a68534ef6adbf0622ea691498c	UR:file:///goast/hemat_data/references/hg38_broad/Homo_sapiens_assembly38.masked.fasta
@SQ	SN:HLA-C*12:08	LN:3066	M5:5800471074ab27c8bea70d68c5e225d7	UR:file:///goast/hemat_data/references/hg38_broad/Homo_sapiens_assembly38.masked.fasta
@SQ	SN:HLA-C*12:13	LN:3058	M5:807b94f9d89314085415b5578b24a778	UR:file:///goast/hemat_data/references/hg38_broad/Homo_sapiens_assembly38.masked.fasta
@SQ	SN:HLA-C*12:19	LN:3349	M5:3f11cc62c9ed887231ac88ad834d72c9	UR:file:///goast/hemat_data/references/hg38_broad/Homo_sapiens_assembly38.masked.fasta
@SQ	SN:HLA-C*12:22	LN:2895	M5:9ba9eb10b465c567357944d23d28cb83	UR:file:///goast/hemat_data/references/hg38_broad/Homo_sapiens_assembly38.masked.fasta
@SQ	SN:HLA-C*12:99	LN:3349	M5:6bc65113a76be4e417061df97ec9323e	UR:file:///goast/hemat_data/references/hg38_broad/Homo_sapiens_assembly38.masked.fasta
@SQ	SN:HLA-C*14:02:01	LN:3349	M5:8707b7806173ec4a4c61b1d405f1aae3	UR:file:///goast/hemat_data/references/hg38_broad/Homo_sapiens_assembly38.masked.fasta
@SQ	SN:HLA-C*14:03	LN:3349	M5:833afc09e1ba23f97925580cbd67b077	UR:file:///goast/hemat_data/references/hg38_broad/Homo_sapiens_assembly38.masked.fasta
@SQ	SN:HLA-C*14:21N	LN:3099	M5:360ab26c5e5b147d6195bcdff0c92871	UR:file:///goast/hemat_data/references/hg38_broad/Homo_sapiens_assembly38.masked.fasta
@SQ	SN:HLA-C*14:23	LN:2976	M5:e5e65cbe62521c667b3ed587aaa762e0	UR:file:///goast/hemat_data/references/hg38_broad/Homo_sapiens_assembly38.masked.fasta
@SQ	SN:HLA-C*15:02:01	LN:3349	M5:95c60c535112b121a9e6ee900399d619	UR:file:///goast/hemat_data/references/hg38_broad/Homo_sapiens_assembly38.masked.fasta
@SQ	SN:HLA-C*15:05:01	LN:3349	M5:d59cc60db3e774256fafc8cb4e13702e	UR:file:///goast/hemat_data/references/hg38_broad/Homo_sapiens_assembly38.masked.fasta
@SQ	SN:HLA-C*15:05:02	LN:3349	M5:e4ecf0c60d3ee668e494d70c54964c29	UR:file:///goast/hemat_data/references/hg38_broad/Homo_sapiens_assembly38.masked.fasta
@SQ	SN:HLA-C*15:13	LN:2895	M5:a7312985b9c4182c9232eb0ffdc57ed0	UR:file:///goast/hemat_data/references/hg38_broad/Homo_sapiens_assembly38.masked.fasta
@SQ	SN:HLA-C*15:16	LN:3066	M5:35043b5832829f2204f9418cc925e19b	UR:file:///goast/hemat_data/references/hg38_broad/Homo_sapiens_assembly38.masked.fasta
@SQ	SN:HLA-C*15:17	LN:3349	M5:82cd4aaf3336e9d3414b28f0d7286e9b	UR:file:///goast/hemat_data/references/hg38_broad/Homo_sapiens_assembly38.masked.fasta
@SQ	SN:HLA-C*15:96Q	LN:3349	M5:42133cdaef4b18738bc26fa5695f8f65	UR:file:///goast/hemat_data/references/hg38_broad/Homo_sapiens_assembly38.masked.fasta
@SQ	SN:HLA-C*16:01:01	LN:3349	M5:0c9b3216f1f00e1a3201ea90fb49bd61	UR:file:///goast/hemat_data/references/hg38_broad/Homo_sapiens_assembly38.masked.fasta
@SQ	SN:HLA-C*16:02:01	LN:2895	M5:cf1da0837be9b9302b0fb7158fc5396d	UR:file:///goast/hemat_data/references/hg38_broad/Homo_sapiens_assembly38.masked.fasta
@SQ	SN:HLA-C*16:04:01	LN:3349	M5:aefc6289675459afe38397002b7451c4	UR:file:///goast/hemat_data/references/hg38_broad/Homo_sapiens_assembly38.masked.fasta
@SQ	SN:HLA-C*17:01:01:01	LN:3368	M5:aafe636c5bfce4449d6eed73eefa3a9f	UR:file:///goast/hemat_data/references/hg38_broad/Homo_sapiens_assembly38.masked.fasta
@SQ	SN:HLA-C*17:01:01:02	LN:3368	M5:d3cbf8067c1957eaeb80c6a399477245	UR:file:///goast/hemat_data/references/hg38_broad/Homo_sapiens_assembly38.masked.fasta
@SQ	SN:HLA-C*17:01:01:03	LN:3368	M5:f2cc1e59a91a4f102f9ab5fdf4d3c1ff	UR:file:///goast/hemat_data/references/hg38_broad/Homo_sapiens_assembly38.masked.fasta
@SQ	SN:HLA-C*17:03	LN:3197	M5:a94688722b11045bbf7ef13dfc7d34a1	UR:file:///goast/hemat_data/references/hg38_broad/Homo_sapiens_assembly38.masked.fasta
@SQ	SN:HLA-C*18:01	LN:3346	M5:d53dd9ee731f0437bbbffc584867b0b5	UR:file:///goast/hemat_data/references/hg38_broad/Homo_sapiens_assembly38.masked.fasta
@SQ	SN:HLA-DQA1*01:01:02	LN:6489	M5:d0d728fb8e62a0b0366517669b0e4164	UR:file:///goast/hemat_data/references/hg38_broad/Homo_sapiens_assembly38.masked.fasta
@SQ	SN:HLA-DQA1*01:02:01:01	LN:6484	M5:823632b556203973124fe9c35cb13a3b	UR:file:///goast/hemat_data/references/hg38_broad/Homo_sapiens_assembly38.masked.fasta
@SQ	SN:HLA-DQA1*01:02:01:02	LN:6485	M5:6d2b0b5b4de67207756f9a9ca9132232	UR:file:///goast/hemat_data/references/hg38_broad/Homo_sapiens_assembly38.masked.fasta
@SQ	SN:HLA-DQA1*01:02:01:03	LN:6485	M5:df8eab835a0677224be043db0196865c	UR:file:///goast/hemat_data/references/hg38_broad/Homo_sapiens_assembly38.masked.fasta
@SQ	SN:HLA-DQA1*01:02:01:04	LN:6492	M5:1e79553d8e925c6243368db955220c7d	UR:file:///goast/hemat_data/references/hg38_broad/Homo_sapiens_assembly38.masked.fasta
@SQ	SN:HLA-DQA1*01:03:01:01	LN:6485	M5:705ec2d75d9d349a7e4d1b2df73073d7	UR:file:///goast/hemat_data/references/hg38_broad/Homo_sapiens_assembly38.masked.fasta
@SQ	SN:HLA-DQA1*01:03:01:02	LN:6492	M5:dc4b199889931d13d1522358a9a01f3c	UR:file:///goast/hemat_data/references/hg38_broad/Homo_sapiens_assembly38.masked.fasta
@SQ	SN:HLA-DQA1*01:04:01:01	LN:6484	M5:f9a28fc80725b04a807c1a7fa37786bf	UR:file:///goast/hemat_data/references/hg38_broad/Homo_sapiens_assembly38.masked.fasta
@SQ	SN:HLA-DQA1*01:04:01:02	LN:6485	M5:da201e2fb04103e9cfa1eaecab78b098	UR:file:///goast/hemat_data/references/hg38_broad/Homo_sapiens_assembly38.masked.fasta
@SQ	SN:HLA-DQA1*01:05:01	LN:6485	M5:a13023aaec38d48c163c5fe5996596d8	UR:file:///goast/hemat_data/references/hg38_broad/Homo_sapiens_assembly38.masked.fasta
@SQ	SN:HLA-DQA1*01:07	LN:5959	M5:1af58658f072dc6319086af52c3d5f6f	UR:file:///goast/hemat_data/references/hg38_broad/Homo_sapiens_assembly38.masked.fasta
@SQ	SN:HLA-DQA1*01:10	LN:5790	M5:52685ee8463a30a3909841a38e4b9d8b	UR:file:///goast/hemat_data/references/hg38_broad/Homo_sapiens_assembly38.masked.fasta
@SQ	SN:HLA-DQA1*01:11	LN:5926	M5:18894dd38987f5ffd32b9896a4a7f732	UR:file:///goast/hemat_data/references/hg38_broad/Homo_sapiens_assembly38.masked.fasta
@SQ	SN:HLA-DQA1*02:01	LN:6403	M5:14bb0fb46e443150199a75018f001115	UR:file:///goast/hemat_data/references/hg38_broad/Homo_sapiens_assembly38.masked.fasta
@SQ	SN:HLA-DQA1*03:01:01	LN:6437	M5:75b42b5c4fb93885ab4fdb6a312d690f	UR:file:///goast/hemat_data/references/hg38_broad/Homo_sapiens_assembly38.masked.fasta
@SQ	SN:HLA-DQA1*03:02	LN:6437	M5:caaf9e4318294ebd0c262db0018d88fa	UR:file:///goast/hemat_data/references/hg38_broad/Homo_sapiens_assembly38.masked.fasta
@SQ	SN:HLA-DQA1*03:03:01	LN:6437	M5:c0908bb87356f6cad982be1acb618dcc	UR:file:///goast/hemat_data/references/hg38_broad/Homo_sapiens_assembly38.masked.fasta
@SQ	SN:HLA-DQA1*04:01:02:01	LN:5853	M5:dc7c3223c9df7e828a1c8f22c4cc89c4	UR:file:///goast/hemat_data/references/hg38_broad/Homo_sapiens_assembly38.masked.fasta
@SQ	SN:HLA-DQA1*04:01:02:02	LN:5666	M5:6548c257283705fae841fe89148efc1f	UR:file:///goast/hemat_data/references/hg38_broad/Homo_sapiens_assembly38.masked.fasta
@SQ	SN:HLA-DQA1*04:02	LN:6210	M5:6d9b8e4e332e7e398b831c81a6179e76	UR:file:///goast/hemat_data/references/hg38_broad/Homo_sapiens_assembly38.masked.fasta
@SQ	SN:HLA-DQA1*05:01:01:01	LN:5806	M5:72dbcba71cbed79962e1fcb9efa94824	UR:file:///goast/hemat_data/references/hg38_broad/Homo_sapiens_assembly38.masked.fasta
@SQ	SN:HLA-DQA1*05:01:01:02	LN:6529	M5:b129bfcbf4b80c10ffab12eb652ba5a1	UR:file:///goast/hemat_data/references/hg38_broad/Homo_sapiens_assembly38.masked.fasta
@SQ	SN:HLA-DQA1*05:03	LN:6121	M5:38e52c5a505ee662100c0789cfe884a7	UR:file:///goast/hemat_data/references/hg38_broad/Homo_sapiens_assembly38.masked.fasta
@SQ	SN:HLA-DQA1*05:05:01:01	LN:6593	M5:f4020b6d26ac50eed22026f28371f610	UR:file:///goast/hemat_data/references/hg38_broad/Homo_sapiens_assembly38.masked.fasta
@SQ	SN:HLA-DQA1*05:05:01:02	LN:6597	M5:456ddd5aaccb336023a80f2ae5abbbdd	UR:file:///goast/hemat_data/references/hg38_broad/Homo_sapiens_assembly38.masked.fasta
@SQ	SN:HLA-DQA1*05:05:01:03	LN:6393	M5:39e340eb675634315a0f9aa27e8fdb32	UR:file:///goast/hemat_data/references/hg38_broad/Homo_sapiens_assembly38.masked.fasta
@SQ	SN:HLA-DQA1*05:11	LN:6589	M5:a47aa87bace1ec4da327ee121bceac36	UR:file:///goast/hemat_data/references/hg38_broad/Homo_sapiens_assembly38.masked.fasta
@SQ	SN:HLA-DQA1*06:01:01	LN:5878	M5:cd02d6c8bd4c86f9abb999bab52820cf	UR:file:///goast/hemat_data/references/hg38_broad/Homo_sapiens_assembly38.masked.fasta
@SQ	SN:HLA-DQB1*02:01:01	LN:7480	M5:0b0031da03392e56acd208fc67ae6e39	UR:file:///goast/hemat_data/references/hg38_broad/Homo_sapiens_assembly38.masked.fasta
@SQ	SN:HLA-DQB1*02:02:01	LN:7471	M5:69337da3c9bd0a6048d1a1144aabbdb0	UR:file:///goast/hemat_data/references/hg38_broad/Homo_sapiens_assembly38.masked.fasta
@SQ	SN:HLA-DQB1*03:01:01:01	LN:7231	M5:78802163e98cdc6f909438b62e0cfab4	UR:file:///goast/hemat_data/references/hg38_broad/Homo_sapiens_assembly38.masked.fasta
@SQ	SN:HLA-DQB1*03:01:01:02	LN:7230	M5:e8f01ef987d6dd2a878f94e6d97be1f1	UR:file:///goast/hemat_data/references/hg38_broad/Homo_sapiens_assembly38.masked.fasta
@SQ	SN:HLA-DQB1*03:01:01:03	LN:7231	M5:2423aebb09fea4369cab41a1ea47afc8	UR:file:///goast/hemat_data/references/hg38_broad/Homo_sapiens_assembly38.masked.fasta
@SQ	SN:HLA-DQB1*03:02:01	LN:7126	M5:2218c10eeaa7f39f94ed3f0309605510	UR:file:///goast/hemat_data/references/hg38_broad/Homo_sapiens_assembly38.masked.fasta
@SQ	SN:HLA-DQB1*03:03:02:01	LN:7126	M5:ffa1cdc44c405e284e6f51859e1c2b36	UR:file:///goast/hemat_data/references/hg38_broad/Homo_sapiens_assembly38.masked.fasta
@SQ	SN:HLA-DQB1*03:03:02:02	LN:7126	M5:739f0c7c0c72cf31a975aebe2109f11c	UR:file:///goast/hemat_data/references/hg38_broad/Homo_sapiens_assembly38.masked.fasta
@SQ	SN:HLA-DQB1*03:03:02:03	LN:6800	M5:2dd9cf67abbc473a663d6d559694616b	UR:file:///goast/hemat_data/references/hg38_broad/Homo_sapiens_assembly38.masked.fasta
@SQ	SN:HLA-DQB1*03:05:01	LN:6934	M5:0de7b3ac9974b084f8db58e416c25eb5	UR:file:///goast/hemat_data/references/hg38_broad/Homo_sapiens_assembly38.masked.fasta
@SQ	SN:HLA-DQB1*05:01:01:01	LN:7090	M5:38570713e3fcfe831cc045e479f65e9b	UR:file:///goast/hemat_data/references/hg38_broad/Homo_sapiens_assembly38.masked.fasta
@SQ	SN:HLA-DQB1*05:01:01:02	LN:7090	M5:0f304adf7acf3bd4b7c54c1394c85a4b	UR:file:///goast/hemat_data/references/hg38_broad/Homo_sapiens_assembly38.masked.fasta
@SQ	SN:HLA-DQB1*05:03:01:01	LN:7089	M5:618b80618d0a6750a82d9caf5b2b01ea	UR:file:///goast/hemat_data/references/hg38_broad/Homo_sapiens_assembly38.masked.fasta
@SQ	SN:HLA-DQB1*05:03:01:02	LN:7089	M5:198d06518fff03b2dafc0bb113efc008	UR:file:///goast/hemat_data/references/hg38_broad/Homo_sapiens_assembly38.masked.fasta
@SQ	SN:HLA-DQB1*06:01:01	LN:7111	M5:231c9c7d1321a266933777181a2761a4	UR:file:///goast/hemat_data/references/hg38_broad/Homo_sapiens_assembly38.masked.fasta
@SQ	SN:HLA-DQB1*06:02:01	LN:7102	M5:739d56a7e8c44823d1a11bd4ff13f465	UR:file:///goast/hemat_data/references/hg38_broad/Homo_sapiens_assembly38.masked.fasta
@SQ	SN:HLA-DQB1*06:03:01	LN:7103	M5:1bfde4e12c5bac5e9e5e7e6b84582b0b	UR:file:///goast/hemat_data/references/hg38_broad/Homo_sapiens_assembly38.masked.fasta
@SQ	SN:HLA-DQB1*06:09:01	LN:7102	M5:805267e877e03b8ec95319888e38c5dc	UR:file:///goast/hemat_data/references/hg38_broad/Homo_sapiens_assembly38.masked.fasta
@SQ	SN:HLA-DRB1*01:01:01	LN:10741	M5:91618decb1b3933c623070b2ccbe52a6	UR:file:///goast/hemat_data/references/hg38_broad/Homo_sapiens_assembly38.masked.fasta
@SQ	SN:HLA-DRB1*01:02:01	LN:11229	M5:9efa1a8356e55f6be83b4ddb84833e4b	UR:file:///goast/hemat_data/references/hg38_broad/Homo_sapiens_assembly38.masked.fasta
@SQ	SN:HLA-DRB1*03:01:01:01	LN:13908	M5:411919f8128149a1f5099cdd22d276ab	UR:file:///goast/hemat_data/references/hg38_broad/Homo_sapiens_assembly38.masked.fasta
@SQ	SN:HLA-DRB1*03:01:01:02	LN:13426	M5:869ae29cc3f279d7fc43e27249a53e8a	UR:file:///goast/hemat_data/references/hg38_broad/Homo_sapiens_assembly38.masked.fasta
@SQ	SN:HLA-DRB1*04:03:01	LN:15246	M5:ce0de8afd561fb1fb0d3acce94386a27	UR:file:///goast/hemat_data/references/hg38_broad/Homo_sapiens_assembly38.masked.fasta
@SQ	SN:HLA-DRB1*07:01:01:01	LN:16110	M5:4063054a8189fbc81248b0f37b8273fd	UR:file:///goast/hemat_data/references/hg38_broad/Homo_sapiens_assembly38.masked.fasta
@SQ	SN:HLA-DRB1*07:01:01:02	LN:16120	M5:a4b1a49cfe8fb2c98c178c02b6c64ed4	UR:file:///goast/hemat_data/references/hg38_broad/Homo_sapiens_assembly38.masked.fasta
@SQ	SN:HLA-DRB1*08:03:02	LN:13562	M5:dc6eb484555ba796b15b9b91aa1a9ec6	UR:file:///goast/hemat_data/references/hg38_broad/Homo_sapiens_assembly38.masked.fasta
@SQ	SN:HLA-DRB1*09:21	LN:16039	M5:cad793cbc22699d1cca3101b5a55437d	UR:file:///goast/hemat_data/references/hg38_broad/Homo_sapiens_assembly38.masked.fasta
@SQ	SN:HLA-DRB1*10:01:01	LN:13501	M5:91dcd8c149b00a3edb1afa43a1cc6346	UR:file:///goast/hemat_data/references/hg38_broad/Homo_sapiens_assembly38.masked.fasta
@SQ	SN:HLA-DRB1*11:01:01	LN:13921	M5:07cefc23572c21731a2804c5d44fcf55	UR:file:///goast/hemat_data/references/hg38_broad/Homo_sapiens_assembly38.masked.fasta
@SQ	SN:HLA-DRB1*11:01:02	LN:13931	M5:f47cd478ee5be3ff048069adbbb5c101	UR:file:///goast/hemat_data/references/hg38_broad/Homo_sapiens_assembly38.masked.fasta
@SQ	SN:HLA-DRB1*11:04:01	LN:13919	M5:fc86714e3d7b9503d74e40d92f08cd7a	UR:file:///goast/hemat_data/references/hg38_broad/Homo_sapiens_assembly38.masked.fasta
@SQ	SN:HLA-DRB1*12:01:01	LN:13404	M5:31f08980f62b68be96334f3cafc3e7c2	UR:file:///goast/hemat_data/references/hg38_broad/Homo_sapiens_assembly38.masked.fasta
@SQ	SN:HLA-DRB1*12:17	LN:11260	M5:b0b7bea536479c8e61164e1475203038	UR:file:///goast/hemat_data/references/hg38_broad/Homo_sapiens_assembly38.masked.fasta
@SQ	SN:HLA-DRB1*13:01:01	LN:13935	M5:937994edc4b4760eb13cbf451c3f3bbe	UR:file:///goast/hemat_data/references/hg38_broad/Homo_sapiens_assembly38.masked.fasta
@SQ	SN:HLA-DRB1*13:02:01	LN:13941	M5:6a124566ab0a103d525d2fcf1292ce15	UR:file:///goast/hemat_data/references/hg38_broad/Homo_sapiens_assembly38.masked.fasta
@SQ	SN:HLA-DRB1*14:05:01	LN:13933	M5:10890137f738be0861b6ba128cfb953d	UR:file:///goast/hemat_data/references/hg38_broad/Homo_sapiens_assembly38.masked.fasta
@SQ	SN:HLA-DRB1*14:54:01	LN:13936	M5:2b67be4ed005b3f3040e3c72bfc65c0c	UR:file:///goast/hemat_data/references/hg38_broad/Homo_sapiens_assembly38.masked.fasta
@SQ	SN:HLA-DRB1*15:01:01:01	LN:11080	M5:d22cd7f323b0e51abb025a4dec827aa5	UR:file:///goast/hemat_data/references/hg38_broad/Homo_sapiens_assembly38.masked.fasta
@SQ	SN:HLA-DRB1*15:01:01:02	LN:11571	M5:5e3280587aa6f38dd9a282e9bf21287e	UR:file:///goast/hemat_data/references/hg38_broad/Homo_sapiens_assembly38.masked.fasta
@SQ	SN:HLA-DRB1*15:01:01:03	LN:11056	M5:d548f5e5798e09c869571ea8c660c983	UR:file:///goast/hemat_data/references/hg38_broad/Homo_sapiens_assembly38.masked.fasta
@SQ	SN:HLA-DRB1*15:01:01:04	LN:11056	M5:3bb2753595aaf099a490a7ce1e042fce	UR:file:///goast/hemat_data/references/hg38_broad/Homo_sapiens_assembly38.masked.fasta
@SQ	SN:HLA-DRB1*15:02:01	LN:10313	M5:2deab6035ce8cc2e09db20698cf1f117	UR:file:///goast/hemat_data/references/hg38_broad/Homo_sapiens_assembly38.masked.fasta
@SQ	SN:HLA-DRB1*15:03:01:01	LN:11567	M5:e6a26b767a62b282e0db211bbc9a7363	UR:file:///goast/hemat_data/references/hg38_broad/Homo_sapiens_assembly38.masked.fasta
@SQ	SN:HLA-DRB1*15:03:01:02	LN:11569	M5:4e0d459b9bd15bff8645de84334e3d25	UR:file:///goast/hemat_data/references/hg38_broad/Homo_sapiens_assembly38.masked.fasta
@SQ	SN:HLA-DRB1*16:02:01	LN:11005	M5:4a972df76bd3ee2857b87bd5be5ea00a	UR:file:///goast/hemat_data/references/hg38_broad/Homo_sapiens_assembly38.masked.fasta
CONTIG	START	END	GC_CONTENT
chr1	629967	630086	0.491667
chr1	1785285	1785744	0.473913
chr1	1785773	1787052	0.403906
chr1	1787319	1787438	0.591667
chr1	1789052	1789268	0.566820
chr1	1790394	1790595	0.564356
chr1	1793232	1793351	0.525000
chr1	1804418	1804580	0.570552
chr1	1806443	1806562	0.500000
chr1	1815748	1815867	0.575000
chr1	1817804	1817923	0.500000
chr1	1825389	1825508	0.466667
chr1	1839160	1839279	0.358333
chr1	1890819	1891086	0.835821
chr1	2396317	2396436	0.483333
chr1	3082375	3082494	0.633333
chr1	3775617	3775736	0.650000
chr1	4303616	4303735	0.483333
chr1	5269984	5270103	0.558333
chr1	6110305	6110424	0.591667
chr1	7868062	7868181	0.441667
chr1	8949326	8949445	0.558333
chr1	10258932	10259051	0.366667
chr1	10904054	10904173	0.641667
chr1	11712410	11712529	0.608333
chr1	12597992	12598111	0.566667
chr1	13460095	13460214	0.525000
chr1	14303772	14303891	0.341667
chr1	15286923	15287042	0.433333
chr1	16374239	16374358	0.500000
chr1	17603426	17603545	0.625000
chr1	18325393	18325512	0.591667
chr1	19004940	19005059	0.516667
chr1	20305615	20305734	0.591667
chr1	21345633	21345752	0.741667
chr1	22325949	22326068	0.516667
chr1	22983933	22984052	0.458333
chr1	23646060	23646179	0.516667
chr1	24308621	24308740	0.475000
chr1	24982709	24982828	0.566667
chr1	26168336	26168455	0.583333
chr1	26696026	26696236	0.763033
chr1	26696250	26697539	0.770543
chr1	26729650	26729862	0.619718
chr1	26731151	26731603	0.613687
chr1	26732673	26732792	0.516667
chr1	26760855	26760974	0.533333
chr1	26760976	26761095	0.641667
chr1	26761354	26761473	0.525000
chr1	26762151	26762318	0.607143
chr1	26762972	26763284	0.575080
chr1	26766220	26766365	0.527397
chr1	26766451	26766570	0.500000
chr1	26767789	26767998	0.500000
chr1	26771118	26771325	0.504808
chr1	26772499	26772631	0.578947
chr1	26772811	26772986	0.482955
chr1	26773345	26773495	0.615894
chr1	26773579	26773716	0.623188
chr1	26773784	26773903	0.516667
chr1	26774328	26775219	0.597534
chr1	26775581	26775700	0.516667
chr1	26779022	26781852	0.501236
chr1	26781873	26782103	0.281385
chr1	27885080	27885199	0.450000
chr1	29118943	29119062	0.491667
chr1	29811184	29811303	0.458333
chr1	30515624	30515743	0.383333
chr1	31236308	31236427	0.375000
chr1	31848640	31848759	0.566667
chr1	32733707	32733826	0.550000
chr1	33848751	33848870	0.341667
chr1	34523294	34523413	0.483333
chr1	36150677	36150796	0.583333
chr1	36466042	36466826	0.584713
chr1	36467201	36467320	0.591667
chr1	36467532	36467651	0.591667
chr1	36467821	36467961	0.624113
chr1	36468074	36468220	0.598639
chr1	36469146	36469265	0.500000
chr1	36469651	36469839	0.629630
chr1	36471432	36471645	0.612150
chr1	36472041	36472160	0.600000
chr1	36472237	36472390	0.681818
chr1	36472516	36472685	0.658824
chr1	36473434	36473621	0.595745
chr1	36473765	36473884	0.575000
chr1	36475376	36475672	0.616162
chr1	36479425	36479544	0.533333
chr1	36481418	36481537	0.525000
chr1	36482803	36482922	0.566667
chr1	37047843	37047962	0.566667
chr1	37762526	37762645	0.408333
chr1	38495306	38495425	0.491667
chr1	39453503	39453622	0.366667
chr1	40075418	40075537	0.350000
chr1	40987722	40987841	0.441667
chr1	41865449	41865568	0.516667
chr1	42843653	42843772	0.466667
chr1	43337812	43337931	0.625000
chr1	43338098	43338230	0.563910
chr1	43338541	43338719	0.564246
chr1	43339270	43339568	0.588629
chr1	43339963	43340125	0.625767
chr1	43340389	43340508	0.541667
chr1	43346444	43346628	0.535135
chr1	43346791	43346933	0.580420
chr1	43348842	43349001	0.700000
chr1	43349243	43349362	0.591667
chr1	43352196	43352315	0.616667
chr1	43352517	43353308	0.494949
chr1	43353894	43354465	0.375874
chr1	43787285	43787404	0.375000
chr1	44540269	44540388	0.383333
chr1	45508197	45508316	0.591667
chr1	46163922	46164041	0.591667
chr1	47180264	47180383	0.441667
chr1	47852958	47853077	0.575000
chr1	48531148	48531267	0.408333
chr1	50178905	50179024	0.400000
chr1	52785184	52785303	0.400000
chr1	53538016	53538135	0.675000
chr1	54190919	54191038	0.566667
chr1	55206598	55206717	0.366667
chr1	55826230	55826349	0.408333
chr1	56496025	56496144	0.391667
chr1	57205931	57206050	0.275000
chr1	57829033	57829152	0.391667
chr1	58460465	58460584	0.400000
chr1	59485974	59486093	0.433333
chr1	60476633	60476752	0.316667
chr1	61810167	61810286	0.450000
chr1	62840502	62840621	0.316667
chr1	63652513	63652632	0.441667
chr1	64437753	64437872	0.316667
chr1	65197239	65197358	0.308333
chr1	66153836	66153955	0.425000
chr1	66826736	66826855	0.375000
chr1	67833549	67833668	0.683333
chr1	68435115	68435234	0.425000
chr1	69148840	69148959	0.375000
chr1	70130793	70130912	0.425000
chr1	70790765	70790884	0.425000
chr1	71491518	71491637	0.408333
chr1	72125123	72125242	0.275000
chr1	73891357	73891476	0.400000
chr1	74561649	74561768	0.533333
chr1	75552567	75552686	0.333333
chr1	76318892	76319011	0.400000
chr1	77082087	77082206	0.483333
chr1	78068142	78068261	0.341667
chr1	78828071	78828190	0.416667
chr1	79524151	79524270	0.358333
chr1	80163412	80163531	0.366667
chr1	80801781	80801900	0.350000
chr1	81802411	81802530	0.591667
chr1	83490233	83490352	0.350000
chr1	84452454	84452573	0.508333
chr1	85117420	85117539	0.383333
chr1	85814297	85814416	0.325000
chr1	86482005	86482124	0.391667
chr1	87233816	87233935	0.483333
chr1	88505919	88506038	0.316667
chr1	89469483	89469602	0.333333
chr1	90482353	90482472	0.383333
chr1	91139875	91139994	0.308333
chr1	91815969	91816088	0.416667
chr1	92473042	92473850	0.395550
chr1	92473862	92476206	0.450320
chr1	92478587	92478752	0.506024
chr1	92480347	92480484	0.666667
chr1	92480600	92480719	0.683333
chr1	92480723	92480842	0.733333
chr1	92480846	92480965	0.816667
chr1	92480968	92481087	0.633333
chr1	92482863	92483045	0.666667
chr1	92483372	92483585	0.635514
chr1	92486725	92486924	0.690000
chr1	93845079	93845198	0.383333
chr1	95142071	95142190	0.333333
chr1	96144719	96144838	0.433333
chr1	96819224	96819343	0.391667
chr1	97486354	97486473	0.333333
chr1	98149459	98149578	0.341667
chr1	99123809	99123928	0.408333
chr1	99811984	99812103	0.375000
chr1	100504731	100504850	0.433333
chr1	101155473	101155592	0.408333
chr1	101808333	101808452	0.433333
chr1	102853305	102853424	0.350000
chr1	103505643	103505762	0.291667
chr1	104401918	104402037	0.366667
chr1	105095740	105095859	0.341667
chr1	105763501	105763620	0.408333
chr1	106677660	106677779	0.283333
chr1	107393712	107393831	0.391667
chr1	108336397	108336516	0.266667
chr1	110049367	110049486	0.508333
chr1	110733895	110734014	0.466667
chr1	111720535	111720654	0.566667
chr1	112356055	112356174	0.466667
chr1	113057286	113057405	0.408333
chr1	113829651	113829770	0.350000
chr1	114704468	114704706	0.288703
chr1	114704707	114704945	0.338912
chr1	114704946	114705303	0.315642
chr1	114705304	114705648	0.353623
chr1	114705791	114706139	0.361032
chr1	114706140	114706497	0.321229
chr1	114706498	114706736	0.343096
chr1	114706737	114707094	0.363128
chr1	114707095	114707333	0.338912
chr1	114707334	114707691	0.310056
chr1	114707692	114708049	0.452514
chr1	114708153	114708272	0.350000
chr1	114708532	114708651	0.425000
chr1	114709568	114709727	0.462500
chr1	114713799	114713977	0.418994
chr1	114716053	114716172	0.466667
chr1	114716654	114716773	0.600000
chr1	114726531	114726650	0.316667
chr1	115399294	115399413	0.416667
chr1	116397800	116397919	0.450000
chr1	117026709	117026828	0.325000
chr1	117712377	117712496	0.383333
chr1	119035155	119035274	0.350000
chr1	119699855	119699974	0.341667
chr1	121548377	121548496	0.350000
chr1	143997797	143997915	0.352941
chr1	145879367	145879486	0.483333
chr1	147078258	147078377	0.658333
chr1	147777714	147777833	0.516667
chr1	149940161	149940280	0.425000
chr1	150563645	150563764	0.475000
chr1	151291247	151291366	0.425000
chr1	151980350	151980469	0.433333
chr1	152617652	152617771	0.441667
chr1	153262513	153262632	0.500000
chr1	154272977	154273096	0.608333
chr1	155288902	155289021	0.558333
chr1	155897807	155898391	0.341880
chr1	155898525	155900617	0.377449
chr1	155904310	155904501	0.458333
chr1	155904729	155904848	0.433333
chr1	155910433	155910552	0.450000
chr1	155910655	155910803	0.590604
chr1	155911235	155911354	0.641667
chr1	156246049	156246168	0.683333
chr1	157587852	157587971	0.308333
chr1	158196982	158197101	0.325000
chr1	158849475	158849594	0.333333
chr1	159683090	159683209	0.458333
chr1	160295666	160295785	0.366667
chr1	161269294	161269413	0.375000
chr1	161993758	161993877	0.608333
chr1	162622853	162622972	0.408333
chr1	163319722	163319841	0.375000
chr1	163940960	163941079	0.350000
chr1	164935277	164935396	0.400000
chr1	165998124	165998243	0.458333
chr1	166930511	166930630	0.333333
chr1	167600434	167600553	0.441667
chr1	168261034	168261153	0.491667
chr1	169124101	169124220	0.450000
chr1	170262399	170262518	0.375000
chr1	171249757	171249876	0.416667
chr1	172638750	172638869	0.391667
chr1	173254665	173254784	0.366667
chr1	173863575	173863694	0.375000
chr1	175624886	175625005	0.550000
chr1	176442426	176442545	0.475000
chr1	177267193	177267312	0.383333
chr1	178621200	178621319	0.450000
chr1	179553027	179553146	0.291667
chr1	180927735	180927854	0.508333
chr1	181580352	181580471	0.541667
chr1	182611963	182612082	0.525000
chr1	183609660	183609779	0.341667
chr1	184555618	184555737	0.541667
chr1	185250489	185250608	0.466667
chr1	187307288	187307407	0.425000
chr1	188250704	188250823	0.300000
chr1	188974536	188974655	0.308333
chr1	190097657	190099133	0.440081
chr1	190160667	190160889	0.381166
chr1	190215035	190215154	0.291667
chr1	190226081	190226317	0.443038
chr1	190234364	190234483	0.450000
chr1	190264864	190265054	0.481675
chr1	190281559	190281749	0.455497
chr1	190454654	190454939	0.496503
chr1	190477447	190477863	0.434053
chr1	190893888	190894007	0.233333
chr1	191593968	191594087	0.308333
chr1	192592356	192592475	0.266667
chr1	193469586	193469705	0.333333
chr1	194513115	194513234	0.458333
chr1	195248962	195249081	0.300000
chr1	196713157	196713276	0.325000
chr1	198126444	198126563	0.350000
chr1	199244171	199244290	0.325000
chr1	200233044	200233163	0.391667
chr1	201253795	201253914	0.583333
chr1	202208948	202209067	0.550000
chr1	202331656	202331959	0.338816
chr1	202332987	202333106	0.383333
chr1	202333218	202333337	0.500000
chr1	202333442	202333561	0.408333
chr1	202334949	202335068	0.375000
chr1	202335645	202335817	0.531792
chr1	202341828	202341947	0.558333
chr1	203601620	203601739	0.408333
chr1	204244425	204244544	0.541667
chr1	204915649	204915768	0.416667
chr1	206224329	206224448	0.358333
chr1	206705718	206705837	0.433333
chr1	207375222	207375341	0.350000
chr1	208065772	208065891	0.475000
chr1	209035761	209035880	0.383333
chr1	209659943	209660062	0.375000
chr1	210381584	210381703	0.358333
chr1	211371943	211372062	0.366667
chr1	212365941	212366060	0.475000
chr1	213036900	213037019	0.366667
chr1	213982763	213982882	0.766667
chr1	215301504	215301623	0.433333
chr1	216500915	216501034	0.375000
chr1	217798579	217798698	0.466667
chr1	218685333	218685452	0.433333
chr1	219385056	219385175	0.408333
chr1	219991761	219991880	0.358333
chr1	221030662	221030781	0.366667
chr1	221692917	221693036	0.383333
chr1	222742748	222742867	0.333333
chr1	223344745	223344864	0.500000
chr1	224175609	224175728	0.475000
chr1	225689948	225690067	0.341667
chr1	226484257	226484376	0.625000
chr1	228348797	228348916	0.433333
chr1	229065161	229065280	0.516667
chr1	229715605	229715724	0.483333
chr1	230716311	230716430	0.425000
chr1	231363755	231365409	0.355287
chr1	231365662	231366474	0.305043
chr1	231367518	231367637	0.400000
chr1	231370561	231370697	0.437956
chr1	231373979	231374098	0.408333
chr1	231400075	231400194	0.350000
chr1	231420997	231422286	0.717829
chr1	232392153	232392272	0.325000
chr1	233087018	233087137	0.491667
chr1	234028246	234028365	0.441667
chr1	234726062	234726181	0.475000
chr1	235457659	235457778	0.383333
chr1	236410908	236411027	0.408333
chr1	237307722	237307841	0.333333
chr1	238300492	238300611	0.300000
chr1	239052498	239052617	0.333333
chr1	240361221	240361340	0.516667
chr1	241015585	241015704	0.275000
chr1	241701355	241701474	0.350000
chr1	242383012	242383131	0.416667
chr1	243159251	243159370	0.466667
chr1	244728311	244728430	0.541667
chr1	245386601	245386720	0.425000
chr1	246947701	246947820	0.366667
chr1	248360901	248361020	0.625000
chr2	615951	616070	0.475000
chr2	2113039	2113158	0.525000
chr2	2751506	2751625	0.616667
chr2	3724689	3724808	0.608333
chr2	4852991	4853110	0.375000
chr2	5363008	5363127	0.416667
chr2	5987018	5987137	0.533333
chr2	7210303	7210422	0.416667
chr2	7861392	7861511	0.416667
chr2	9139203	9139322	0.516667
chr2	9979692	9979811	0.308333
chr2	10873497	10873616	0.483333
chr2	11800634	11800753	0.508333
chr2	12420997	12421116	0.400000
chr2	13339815	13339934	0.358333
chr2	13941721	13941840	0.341667
chr2	15166678	15166797	0.491667
chr2	15772743	15772862	0.566667
chr2	15940549	15940742	0.695876
chr2	15941947	15942853	0.733186
chr2	15945492	15947003	0.455026
chr2	16809927	16810046	0.416667
chr2	17864912	17865031	0.341667
chr2	18743884	18744003	0.283333
chr2	19346975	19347094	0.408333
chr2	20006595	20006714	0.450000
chr2	20626847	20626966	0.558333
chr2	21231791	21231910	0.350000
chr2	22329766	22329885	0.333333
chr2	23642979	23643098	0.616667
chr2	24433699	24433818	0.375000
chr2	25150370	25150489	0.316667
chr2	25227873	25228216	0.398256
chr2	25228365	25231086	0.536003
chr2	25231087	25233810	0.509545
chr2	25233824	25234419	0.429530
chr2	25235705	25235824	0.433333
chr2	25236929	25237048	0.516667
chr2	25239120	25239239	0.500000
chr2	25240301	25240449	0.583893
chr2	25240624	25240743	0.575000
chr2	25241561	25241706	0.609589
chr2	25243893	25244012	0.541667
chr2	25244154	25244337	0.614130
chr2	25244535	25244654	0.575000
chr2	25245229	25245348	0.550000
chr2	25245945	25246064	0.566667
chr2	25246159	25246308	0.546667
chr2	25246619	25246775	0.649682
chr2	25247044	25247163	0.575000
chr2	25247590	25247748	0.647799
chr2	25248036	25248251	0.615741
chr2	25274940	25275086	0.707483
chr2	25275455	25275574	0.500000
chr2	25282440	25282710	0.653137
chr2	25300130	25300249	0.708333
chr2	25313912	25314031	0.775000
chr2	25314041	25314160	0.541667
chr2	25341806	25341925	0.816667
chr2	25733752	25734228	0.329140
chr2	25734229	25734943	0.331469
chr2	25734944	25735777	0.354916
chr2	25735778	25736611	0.372902
chr2	25736612	25737445	0.370504
chr2	25737446	25737684	0.372385
chr2	25737803	25738160	0.310056
chr2	25738161	25738994	0.370504
chr2	25738995	25739828	0.365707
chr2	25739829	25740648	0.410976
chr2	25740671	25741377	0.420085
chr2	25741378	25742211	0.407674
chr2	25742212	25743045	0.489209
chr2	25743046	25743879	0.492806
chr2	25743880	25744475	0.578859
chr2	25749695	25749814	0.550000
chr2	25749815	25749934	0.525000
chr2	25749935	25750054	0.416667
chr2	25750055	25750412	0.472067
chr2	25753526	25753645	0.408333
chr2	25756006	25756125	0.450000
chr2	25759481	25759644	0.445122
chr2	25767582	25767725	0.444444
chr2	25768744	25768863	0.508333
chr2	25771435	25771554	0.500000
chr2	25799384	25799534	0.503311
chr2	25806222	25806341	0.441667
chr2	25835532	25835651	0.350000
chr2	25845458	25845577	0.308333
chr2	25878165	25878486	0.670807
chr2	26318500	26318619	0.391667
chr2	27161652	27161771	0.416667
chr2	27959080	27959199	0.416667
chr2	28578968	28579087	0.483333
chr2	29232899	29233018	0.566667
chr2	30039617	30039736	0.391667
chr2	30713649	30713768	0.533333
chr2	31369398	31369517	0.333333
chr2	32232409	32232528	0.416667
chr2	32837355	32837474	0.433333
chr2	33474895	33475014	0.375000
chr2	34080328	34080447	0.391667
chr2	34850876	34850995	0.341667
chr2	35605776	35605895	0.358333
chr2	36838816	36838935	0.341667
chr2	37760638	37760757	0.425000
chr2	38446487	38446606	0.466667
chr2	39879553	39879672	0.366667
chr2	40797102	40797221	0.341667
chr2	41733047	41733166	0.375000
chr2	42497855	42497974	0.333333
chr2	43220347	43220466	0.425000
chr2	44169846	44169965	0.433333
chr2	45088577	45088696	0.450000
chr2	46017982	46018101	0.425000
chr2	46297406	46297936	0.651601
chr2	46346872	46347062	0.612565
chr2	46356150	46356301	0.486842
chr2	46356723	46356842	0.450000
chr2	46360636	46360755	0.508333
chr2	46360884	46361089	0.543689
chr2	46369819	46369938	0.500000
chr2	46375689	46375836	0.587838
chr2	46376538	46376752	0.539535
chr2	46377893	46378086	0.680412
chr2	46378651	46378770	0.483333
chr2	46380226	46380345	0.591667
chr2	46380350	46380469	0.591667
chr2	46380474	46380593	0.625000
chr2	46380597	46380716	0.591667
chr2	46381598	46381717	0.583333
chr2	46381971	46382090	0.583333
chr2	46382424	46382597	0.609195
chr2	46384508	46386696	0.445866
chr2	47680278	47680397	0.333333
chr2	48560721	48560840	0.641667
chr2	49369323	49369442	0.325000
chr2	50004093	50004212	0.391667
chr2	50616474	50616593	0.266667
chr2	51225882	51226001	0.408333
chr2	52097061	52097180	0.325000
chr2	53032454	53032573	0.325000
chr2	53662671	53662790	0.308333
chr2	54572025	54572144	0.483333
chr2	55216397	55216516	0.350000
chr2	56127770	56127889	0.425000
chr2	57045599	57045718	0.441667
chr2	57904910	57905029	0.283333
chr2	58583490	58583609	0.333333
chr2	59518343	59518462	0.483333
chr2	60434810	60434929	0.400000
chr2	61118939	61119058	0.391667
chr2	61734457	61734576	0.291667
chr2	63398707	63398826	0.350000
chr2	64104622	64104741	0.333333
chr2	65108840	65108959	0.291667
chr2	66228675	66228794	0.383333
chr2	67144733	67144852	0.383333
chr2	67781516	67781635	0.316667
chr2	68691491	68691610	0.316667
chr2	69294505	69294624	0.416667
chr2	70200266	70200385	0.333333
chr2	70975319	70975438	0.483333
chr2	71778154	71778273	0.566667
chr2	73220588	73220707	0.508333
chr2	74095058	74095177	0.583333
chr2	74814131	74814250	0.416667
chr2	76276725	76276844	0.400000
chr2	76994904	76995023	0.358333
chr2	79423533	79423652	0.316667
chr2	80296994	80297113	0.483333
chr2	81411739	81411858	0.300000
chr2	83756152	83756271	0.375000
chr2	85535579	85535698	0.383333
chr2	86138617	86138736	0.358333
chr2	87131947	87132066	0.383333
chr2	87662227	87662346	0.391667
chr2	88502178	88502297	0.516667
chr2	89955562	89955681	0.391667
chr2	91892276	91892395	0.283333
chr2	95196929	95197048	0.391667
chr2	95856285	95856404	0.350000
chr2	98368132	98368251	0.483333
chr2	99337754	99337873	0.733333
chr2	100147483	100147602	0.541667
chr2	101049308	101049427	0.391667
chr2	101984500	101984619	0.458333
chr2	102593703	102593822	0.400000
chr2	103963549	103963668	0.341667
chr2	105049478	105049597	0.350000
chr2	105966148	105966267	0.516667
chr2	106582878	106582997	0.400000
chr2	107798488	107798607	0.441667
chr2	109031526	109031645	0.741667
chr2	109499153	109499272	0.658333
chr2	110273002	110273121	0.475000
chr2	111031158	111031277	0.441667
chr2	111644174	111644293	0.400000
chr2	112551837	112551956	0.391667
chr2	113176815	113176934	0.575000
chr2	114039682	114039801	0.508333
chr2	114709897	114710016	0.383333
chr2	115620897	115621016	0.333333
chr2	116245781	116245900	0.316667
chr2	117092484	117092603	0.425000
chr2	117772370	117772489	0.358333
chr2	118942461	118942580	0.350000
chr2	120218196	120218315	0.550000
chr2	120821906	120822025	0.591667
chr2	121816382	121816501	0.483333
chr2	122638370	122638489	0.500000
chr2	123298121	123298240	0.358333
chr2	123907815	123907934	0.416667
chr2	124509296	124509415	0.325000
chr2	125726341	125726460	0.366667
chr2	126365767	126365886	0.416667
chr2	126981207	126981326	0.491667
chr2	127637124	127637243	0.608333
chr2	128540083	128540202	0.458333
chr2	129362273	129362392	0.575000
chr2	130317461	130317580	0.566667
chr2	131536436	131536555	0.658333
chr2	133090730	133090849	0.425000
chr2	134008239	134008358	0.450000
chr2	134919842	134919961	0.341667
chr2	135798030	135798149	0.516667
chr2	136494806	136494925	0.458333
chr2	137673094	137673213	0.450000
chr2	138279434	138279553	0.350000
chr2	139192961	139193080	0.383333
chr2	139808669	139808788	0.316667
chr2	140423188	140423307	0.333333
chr2	141036577	141036696	0.450000
chr2	141956943	141957062	0.325000
chr2	142884022	142884141	0.325000
chr2	143522890	143523009	0.350000
chr2	144456981	144457100	0.458333
chr2	145335465	145335584	0.366667
chr2	145935929	145936048	0.441667
chr2	146833943	146834062	0.308333
chr2	147530237	147530356	0.400000
chr2	148935851	148935970	0.350000
chr2	150148809	150148928	0.541667
chr2	150763120	150763239	0.375000
chr2	151609232	151609351	0.375000
chr2	152379264	152379383	0.408333
chr2	153142647	153142766	0.375000
chr2	155025573	155025692	0.341667
chr2	155682430	155682549	0.316667
chr2	156311109	156311228	0.275000
chr2	158046418	158046537	0.450000
chr2	158706335	158706454	0.408333
chr2	159533692	159533811	0.366667
chr2	160495209	160495328	0.400000
chr2	161226801	161226920	0.341667
chr2	161872498	161872617	0.300000
chr2	163171219	163171338	0.291667
chr2	163917084	163917203	0.391667
chr2	164790763	164790882	0.383333
chr2	165410236	165410355	0.275000
chr2	166354083	166354202	0.275000
chr2	166959722	166959841	0.366667
chr2	167692169	167692288	0.425000
chr2	168429616	168429735	0.433333
chr2	169115967	169116086	0.516667
chr2	169766531	169766650	0.358333
chr2	170829990	170830109	0.458333
chr2	171574006	171574125	0.316667
chr2	172479687	172479806	0.533333
chr2	173840758	173840877	0.433333
chr2	174784530	174784649	0.566667
chr2	175557218	175557337	0.400000
chr2	176205339	176205458	0.441667
chr2	177060019	177060138	0.391667
chr2	177998474	177998593	0.408333
chr2	178843891	178844010	0.341667
chr2	179528799	179528918	0.441667
chr2	180136908	180137027	0.283333
chr2	180751090	180751209	0.408333
chr2	181371579	181371698	0.366667
chr2	181988420	181988539	0.308333
chr2	182597548	182597667	0.383333
chr2	183513319	183513438	0.375000
chr2	184131161	184131280	0.375000
chr2	185346281	185346400	0.433333
chr2	186488764	186488883	0.441667
chr2	187599168	187599287	0.491667
chr2	188416843	188416962	0.275000
chr2	189288250	189288369	0.325000
chr2	190531403	190531522	0.400000
chr2	191160200	191160319	0.325000
chr2	192094531	192094650	0.366667
chr2	192699493	192699612	0.341667
chr2	194486174	194486293	0.325000
chr2	195452496	195452615	0.325000
chr2	196246228	196246347	0.416667
chr2	197301334	197301453	0.416667
chr2	197389783	197390600	0.347188
chr2	197390846	197392460	0.360991
chr2	197392971	197393187	0.447005
chr2	197396055	197396327	0.380952
chr2	197397984	197398115	0.424242
chr2	197398460	197398579	0.400000
chr2	197400050	197400169	0.416667
chr2	197400251	197400433	0.431694
chr2	197400714	197400935	0.378378
chr2	197401402	197401521	0.400000
chr2	197401741	197401887	0.380952
chr2	197401984	197402129	0.472603
chr2	197402555	197402825	0.431734
chr2	197402946	197403065	0.400000
chr2	197403584	197403763	0.400000
chr2	197405065	197405184	0.341667
chr2	197405274	197405471	0.404040
chr2	197407998	197408117	0.433333
chr2	197408368	197408580	0.525822
chr2	197409769	197410006	0.558824
chr2	197416740	197416910	0.485380
chr2	197418489	197418608	0.416667
chr2	197420424	197420543	0.450000
chr2	197421020	197421139	0.433333
chr2	197423807	197423973	0.431138
chr2	197434923	197435042	0.500000
chr2	199144112	199144231	0.416667
chr2	200050327	200050446	0.333333
chr2	200794063	200794182	0.300000
chr2	201636423	201636542	0.358333
chr2	202767728	202767847	0.300000
chr2	203713123	203713242	0.383333
chr2	204335549	204335668	0.350000
chr2	204969156	204969275	0.350000
chr2	206189112	206189231	0.416667
chr2	207082510	207082629	0.433333
chr2	208872832	208872951	0.391667
chr2	209829937	209830056	0.416667
chr2	210784023	210784142	0.300000
chr2	211690370	211690489	0.416667
chr2	212710723	212710842	0.425000
chr2	214127329	214127448	0.358333
chr2	214749445	214749564	0.416667
chr2	215662640	215662759	0.333333
chr2	216283635	216283754	0.633333
chr2	216897558	216897677	0.500000
chr2	217526235	217526354	0.500000
chr2	218403131	218403250	0.675000
chr2	219028315	219028434	0.600000
chr2	219916659	219916778	0.458333
chr2	220587562	220587681	0.433333
chr2	221817285	221817404	0.475000
chr2	222806730	222806849	0.500000
chr2	223721592	223721711	0.533333
chr2	224557463	224557582	0.308333
chr2	225498512	225498631	0.325000
chr2	226334488	226334607	0.375000
chr2	227002610	227002729	0.366667
chr2	227609626	227609745	0.416667
chr2	228227446	228227565	0.391667
chr2	228914048	228914167	0.391667
chr2	230326982	230327101	0.483333
chr2	230982066	230982185	0.550000
chr2	231600389	231600508	0.408333
chr2	233133712	233133831	0.558333
chr2	234001408	234001527	0.375000
chr2	234954940	234955059	0.450000
chr2	235825510	235825629	0.333333
chr2	237035876	237035995	0.400000
chr2	237992490	237992609	0.400000
chr2	238596922	238597041	0.383333
chr2	239191639	239191758	0.633333
chr2	239811267	239811386	0.558333
chr2	240704225	240704344	0.650000
chr2	241324909	241325028	0.300000
chr3	540506	540625	0.316667
chr3	2034283	2034402	0.441667
chr3	2664317	2664436	0.325000
chr3	3266241	3266360	0.308333
chr3	4182988	4183107	0.433333
chr3	5071789	5071908	0.358333
chr3	5678115	5678234	0.458333
chr3	6568322	6568441	0.300000
chr3	7168982	7169101	0.333333
chr3	7820874	7820993	0.383333
chr3	8996226	8996345	0.516667
chr3	9603783	9603902	0.475000
chr3	10498579	10498698	0.608333
chr3	11392610	11392729	0.441667
chr3	12435497	12435616	0.458333
chr3	13213581	13213700	0.358333
chr3	14116661	14116780	0.483333
chr3	15110496	15110615	0.366667
chr3	16210429	16210548	0.391667
chr3	17092806	17092925	0.391667
chr3	18248982	18249101	0.375000
chr3	18873250	18873369	0.358333
chr3	19523882	19524001	0.366667
chr3	20423657	20423776	0.358333
chr3	21632558	21632677	0.391667
chr3	22246444	22246563	0.366667
chr3	22859065	22859184	0.341667
chr3	23727316	23727435	0.466667
chr3	24624743	24624862	0.350000
chr3	25555948	25556067	0.391667
chr3	26414348	26414467	0.458333
chr3	27622161	27622280	0.491667
chr3	28550000	28550119	0.300000
chr3	29164358	29164477	0.333333
chr3	30077168	30077287	0.400000
chr3	31159480	31159599	0.358333
chr3	31878026	31878145	0.325000
chr3	32842045	32842164	0.500000
chr3	33957285	33957404	0.508333
chr3	34565637	34565756	0.500000
chr3	35187667	35187786	0.383333
chr3	36945533	36945652	0.558333
chr3	37570310	37570429	0.475000
chr3	38138660	38138779	0.716667
chr3	38138784	38138903	0.625000
chr3	38138908	38139027	0.691667
chr3	38139863	38139997	0.570370
chr3	38140387	38140567	0.519337
chr3	38140753	38140872	0.533333
chr3	38141131	38143021	0.499207
chr3	38499768	38499887	0.400000
chr3	39172762	39172881	0.516667
chr3	40294676	40294795	0.516667
chr3	41127057	41127176	0.516667
chr3	41199504	41199669	0.716867
chr3	41224020	41224139	0.400000
chr3	41224525	41224752	0.495614
chr3	41224953	41225206	0.456693
chr3	41225333	41225571	0.472803
chr3	41225659	41225860	0.400990
chr3	41227207	41227351	0.441379
chr3	41233337	41233456	0.433333
chr3	41233528	41233866	0.495575
chr3	41234138	41234296	0.522013
chr3	41235723	41235842	0.475000
chr3	41236348	41236498	0.490066
chr3	41236588	41236707	0.475000
chr3	41237987	41238106	0.450000
chr3	41239133	41240442	0.370992
chr3	42099702	42099821	0.366667
chr3	43135469	43135588	0.333333
chr3	43924050	43924169	0.591667
chr3	44784763	44784882	0.275000
chr3	45417736	45417855	0.300000
chr3	46107611	46107730	0.500000
chr3	46921486	46921605	0.583333
chr3	47016435	47017253	0.421245
chr3	47017627	47017746	0.500000
chr3	47019722	47019841	0.458333
chr3	47037661	47037780	0.516667
chr3	47042560	47042699	0.464286
chr3	47046486	47046620	0.548148
chr3	47056820	47057489	0.502985
chr3	47062162	47062345	0.489130
chr3	47067038	47067157	0.391667
chr3	47083719	47084381	0.437406
chr3	47086194	47086313	0.533333
chr3	47088112	47088246	0.451852
chr3	47097957	47098076	0.491667
chr3	47101447	47101566	0.441667
chr3	47103317	47103436	0.400000
chr3	47105998	47106117	0.391667
chr3	47113879	47113998	0.466667
chr3	47116622	47116753	0.378788
chr3	47120181	47124547	0.399130
chr3	47126573	47126692	0.316667
chr3	47163853	47164128	0.771739
chr3	47565021	47565140	0.450000
chr3	48445310	48445429	0.433333
chr3	50578049	50578168	0.516667
chr3	51592374	51592493	0.341667
chr3	52304777	52304896	0.500000
chr3	53238239	53238358	0.366667
chr3	53852826	53852945	0.433333
chr3	55031681	55031800	0.433333
chr3	55973269	55973388	0.425000
chr3	57126225	57126344	0.500000
chr3	57851293	57851412	0.291667
chr3	58624144	58624263	0.491667
chr3	59919026	59919145	0.358333
chr3	60525341	60525460	0.316667
chr3	61158049	61158168	0.283333
chr3	62017112	62017231	0.408333
chr3	63278800	63278919	0.575000
chr3	64135555	64135674	0.508333
chr3	65258244	65258363	0.416667
chr3	66151129	66151248	0.508333
chr3	66793283	66793402	0.491667
chr3	67681403	67681522	0.325000
chr3	68550291	68550410	0.441667
chr3	69225104	69225223	0.333333
chr3	70648284	70648403	0.341667
chr3	71251357	71251476	0.383333
chr3	71895033	71895152	0.375000
chr3	72501710	72501829	0.575000
chr3	73686911	73687030	0.450000
chr3	74500449	74500568	0.333333
chr3	75490947	75491066	0.558333
chr3	76422845	76422964	0.350000
chr3	77337645	77337764	0.283333
chr3	78275755	78275874	0.408333
chr3	79422931	79423050	0.366667
chr3	80980024	80980143	0.366667
chr3	81664380	81664499	0.325000
chr3	82415160	82415279	0.291667
chr3	83955485	83955604	0.341667
chr3	84610514	84610633	0.383333
chr3	86001397	86001516	0.308333
chr3	86673614	86673733	0.350000
chr3	87599554	87599673	0.291667
chr3	88448825	88448944	0.308333
chr3	89057620	89057739	0.416667
chr3	93988727	93988846	0.366667
chr3	94926882	94927001	0.283333
chr3	95985312	95985431	0.400000
chr3	97777752	97777871	0.341667
chr3	98434175	98434294	0.400000
chr3	99439715	99439834	0.391667
chr3	100315946	100316065	0.350000
chr3	101124244	101124363	0.408333
chr3	102171992	102172111	0.325000
chr3	103138428	103138547	0.391667
chr3	103838092	103838211	0.316667
chr3	104924215	104924334	0.316667
chr3	105629982	105630101	0.316667
chr3	105655460	105656625	0.319039
chr3	105656638	105659228	0.381706
chr3	105670232	105670351	0.441667
chr3	105678430	105678570	0.524823
chr3	105681478	105681609	0.500000
chr3	105681717	105681836	0.391667
chr3	105685319	105685465	0.414966
chr3	105693472	105693591	0.475000
chr3	105702093	105702212	0.491667
chr3	105702216	105702335	0.558333
chr3	105702339	105702458	0.516667
chr3	105703987	105704172	0.564516
chr3	105720046	105720249	0.509804
chr3	105734008	105734139	0.424242
chr3	105737154	105737273	0.341667
chr3	105740493	105740630	0.463768
chr3	105745917	105746036	0.416667
chr3	105751461	105751617	0.382166
chr3	105776395	105776541	0.408163
chr3	105853413	105853532	0.375000
chr3	105853544	105853663	0.333333
chr3	105867409	105867590	0.489011
chr3	105868735	105869011	0.671480
chr3	106529026	106529145	0.408333
chr3	107365695	107365814	0.391667
chr3	108046486	108046605	0.408333
chr3	109547054	109547173	0.300000
chr3	110399916	110400035	0.325000
chr3	111314088	111314207	0.408333
chr3	112386957	112387076	0.275000
chr3	113437402	113437521	0.366667
chr3	114067337	114067456	0.291667
chr3	115382022	115382141	0.366667
chr3	116138764	116138883	0.341667
chr3	116777845	116777964	0.425000
chr3	117413313	117413432	0.366667
chr3	118284571	118284690	0.316667
chr3	118888240	118888359	0.391667
chr3	119491284	119491403	0.316667
chr3	120271912	120272031	0.416667
chr3	122492816	122492935	0.350000
chr3	123120970	123121089	0.458333
chr3	123799482	123799601	0.508333
chr3	125209065	125209184	0.450000
chr3	126110750	126110869	0.516667
chr3	126764254	126764373	0.466667
chr3	127684116	127684235	0.475000
chr3	128479426	128481317	0.533298
chr3	128481821	128481940	0.591667
chr3	128482980	128483099	0.700000
chr3	128483100	128483219	0.383333
chr3	128483220	128483339	0.483333
chr3	128483340	128483459	0.400000
chr3	128483460	128483579	0.466667
chr3	128483859	128484004	0.630137
chr3	128485726	128486367	0.666667
chr3	128486802	128487075	0.708029
chr3	128492898	128493200	0.739274
chr3	128861672	128861791	0.566667
chr3	129992900	129993019	0.583333
chr3	130840413	130840532	0.300000
chr3	131453038	131453157	0.458333
chr3	132502173	132502292	0.333333
chr3	133354824	133354943	0.300000
chr3	134389638	134389757	0.450000
chr3	135160653	135160772	0.441667
chr3	136958571	136958690	0.316667
chr3	137854406	137854525	0.408333
chr3	138455405	138455524	0.608333
chr3	139122536	139122655	0.458333
chr3	140301793	140301912	0.441667
chr3	141279313	141279432	0.508333
chr3	142991163	142991282	0.375000
chr3	143974061	143974180	0.325000
chr3	144765712	144765831	0.366667
chr3	146883983	146884102	0.325000
chr3	148245277	148245396	0.350000
chr3	148968795	148968914	0.350000
chr3	150469468	150469587	0.483333
chr3	151092699	151092818	0.541667
chr3	152305042	152305161	0.383333
chr3	152913881	152914000	0.325000
chr3	153807563	153807682	0.291667
chr3	154417637	154417756	0.341667
chr3	155313307	155313426	0.391667
chr3	156291766	156291885	0.566667
chr3	157437013	157437132	0.416667
chr3	158332348	158332467	0.366667
chr3	159115595	159115714	0.375000
chr3	159817328	159817447	0.466667
chr3	160694328	160694447	0.441667
chr3	161330127	161330246	0.425000
chr3	162554812	162554931	0.383333
chr3	163439535	163439654	0.383333
chr3	164041166	164041285	0.400000
chr3	165254993	165255112	0.408333
chr3	166401856	166401975	0.300000
chr3	167348878	167348997	0.333333
chr3	168185986	168186105	0.383333
chr3	168863644	168863763	0.391667
chr3	169744976	169745095	0.316667
chr3	169764400	169765734	0.566292
chr3	171263021	171263140	0.425000
chr3	172467809	172467928	0.375000
chr3	173395192	173395311	0.508333
chr3	174278079	174278198	0.366667
chr3	175471871	175471990	0.291667
chr3	177589795	177589914	0.400000
chr3	178774364	178774483	0.416667
chr3	179973850	179973969	0.408333
chr3	180821545	180821664	0.483333
chr3	181504821	181504940	0.400000
chr3	182708361	182708480	0.475000
chr3	183919998	183920117	0.525000
chr3	184805766	184805885	0.458333
chr3	185710858	185710977	0.291667
chr3	186320797	186320916	0.516667
chr3	187241195	187241314	0.491667
chr3	188459780	188459899	0.400000
chr3	189331920	189332039	0.300000
chr3	190233118	190233237	0.375000
chr3	190850090	190850209	0.375000
chr3	191753117	191753236	0.366667
chr3	192369436	192369555	0.400000
chr3	193548611	193548730	0.458333
chr3	194512712	194512831	0.408333
chr3	195185444	195185563	0.391667
chr3	195947327	195947446	0.525000
chr3	196631913	196632032	0.516667
chr3	198052243	198052362	0.366667
chr4	670060	670179	0.566667
chr4	1359474	1359593	0.416667
chr4	2267591	2267710	0.650000
chr4	2936865	2936984	0.616667
chr4	3751631	3751750	0.616667
chr4	4555464	4555583	0.416667
chr4	5676903	5677022	0.583333
chr4	6723997	6724116	0.541667
chr4	8046013	8046132	0.600000
chr4	8881740	8881859	0.550000
chr4	9994168	9994287	0.375000
chr4	10691547	10691666	0.391667
chr4	11745615	11745734	0.375000
chr4	12353524	12353643	0.283333
chr4	13150257	13150376	0.541667
chr4	13786536	13786655	0.391667
chr4	14943802	14943921	0.433333
chr4	15848304	15848423	0.558333
chr4	16653676	16653795	0.458333
chr4	17941793	17941912	0.325000
chr4	18797162	18797281	0.475000
chr4	19597555	19597674	0.458333
chr4	20210254	20210373	0.300000
chr4	20983456	20983575	0.391667
chr4	22139548	22139667	0.350000
chr4	23349430	23349549	0.341667
chr4	24132749	24132868	0.441667
chr4	24527474	24528040	0.338624
chr4	24529600	24529769	0.405882
chr4	24532863	24533053	0.397906
chr4	24537051	24537170	0.483333
chr4	24540107	24540298	0.421875
chr4	24540833	24540952	0.358333
chr4	24541872	24542021	0.446667
chr4	24542923	24543042	0.383333
chr4	24548854	24549021	0.416667
chr4	24554724	24554942	0.401826
chr4	24556250	24556409	0.412500
chr4	24570653	24570846	0.489691
chr4	24576242	24576677	0.461009
chr4	24584322	24584553	0.612069
chr4	24992776	24992895	0.516667
chr4	25773543	25773662	0.450000
chr4	27101849	27101968	0.475000
chr4	27919284	27919403	0.358333
chr4	28706287	28706406	0.300000
chr4	29337349	29337468	0.333333
chr4	30621567	30621686	0.383333
chr4	31397379	31397498	0.358333
chr4	32221499	32221618	0.350000
chr4	32927512	32927631	0.325000
chr4	34919103	34919222	0.341667
chr4	36012214	36012333	0.341667
chr4	36738208	36738327	0.358333
chr4	38396393	38396512	0.408333
chr4	39133188	39133307	0.275000
chr4	40253822	40253941	0.375000
chr4	41133468	41133587	0.400000
chr4	42427071	42427190	0.283333
chr4	43230559	43230678	0.400000
chr4	43945161	43945280	0.308333
chr4	44578236	44578355	0.408333
chr4	45793819	45793938	0.400000
chr4	47560121	47560240	0.441667
chr4	48334909	48335028	0.491667
chr4	49616455	49616574	0.308333
chr4	52112516	52112635	0.516667
chr4	52958018	52958137	0.375000
chr4	53708829	53708948	0.366667
chr4	54435482	54435601	0.383333
chr4	54657958	54658077	0.633333
chr4	54695511	54695780	0.470370
chr4	54698283	54698564	0.528369
chr4	54699629	54699765	0.437956
chr4	54703723	54703891	0.390533
chr4	54707097	54707286	0.347368
chr4	54709421	54709540	0.391667
chr4	54723580	54723699	0.491667
chr4	54725856	54726049	0.432990
chr4	54727210	54727329	0.416667
chr4	54727418	54727537	0.400000
chr4	54727814	54727933	0.491667
chr4	54728005	54728124	0.450000
chr4	54729334	54729484	0.377483
chr4	54731321	54731440	0.458333
chr4	54731874	54731993	0.508333
chr4	54733070	54733189	0.391667
chr4	54736493	54736612	0.441667
chr4	54736707	54736826	0.500000
chr4	54737167	54737286	0.408333
chr4	54738428	54738547	0.558333
chr4	54738548	54738667	0.458333
chr4	54738669	54738788	0.433333
chr4	54738789	54738908	0.416667
chr4	54738910	54739029	0.366667
chr4	54739030	54739149	0.408333
chr4	54739151	54739270	0.408333
chr4	54739271	54739390	0.333333
chr4	54739391	54739510	0.375000
chr4	54739512	54739631	0.433333
chr4	54739632	54739751	0.425000
chr4	54739753	54739872	0.425000
chr4	54739873	54739992	0.383333
chr4	54739993	54740112	0.341667
chr4	54740114	54740233	0.425000
chr4	54740234	54740353	0.341667
chr4	54740355	54740474	0.308333
chr4	54740475	54740594	0.250000
chr4	54740595	54740714	0.316667
chr4	55157973	55158092	0.550000
chr4	56105046	56105165	0.300000
chr4	56878611	56878730	0.475000
chr4	58017013	58017132	0.433333
chr4	59816843	59816962	0.275000
chr4	61182958	61183077	0.425000
chr4	61914045	61914164	0.333333
chr4	62564977	62565096	0.383333
chr4	63311082	63311201	0.325000
chr4	64438654	64438773	0.366667
chr4	65081747	65081866	0.283333
chr4	65984152	65984271	0.316667
chr4	67075358	67075477	0.333333
chr4	67894549	67894668	0.283333
chr4	69079645	69079764	0.358333
chr4	69735549	69735668	0.466667
chr4	70557133	70557252	0.383333
chr4	71406586	71406705	0.333333
chr4	72188022	72188141	0.333333
chr4	73275672	73275791	0.408333
chr4	74545971	74546090	0.325000
chr4	75303073	75303192	0.408333
chr4	76211867	76211986	0.458333
chr4	77208175	77208294	0.416667
chr4	78012959	78013078	0.333333
chr4	78719864	78719983	0.291667
chr4	80191674	80191793	0.341667
chr4	81961878	81961997	0.458333
chr4	82680938	82681057	0.608333
chr4	83426211	83426330	0.308333
chr4	84161082	84161201	0.383333
chr4	85012238	85012357	0.358333
chr4	86337794	86337913	0.358333
chr4	87393584	87393703	0.300000
chr4	88249621	88249740	0.350000
chr4	89295537	89295656	0.408333
chr4	90645517	90645636	0.283333
chr4	91763758	91763877	0.375000
chr4	92775943	92776062	0.300000
chr4	93620376	93620495	0.416667
chr4	94364162	94364281	0.308333
chr4	95216302	95216421	0.400000
chr4	96002273	96002392	0.375000
chr4	96891060	96891179	0.408333
chr4	98045043	98045162	0.458333
chr4	98878712	98878831	0.325000
chr4	100095179	100095298	0.375000
chr4	100762284	100762403	0.333333
chr4	102193236	102193355	0.358333
chr4	103021282	103021401	0.425000
chr4	103800532	103800651	0.308333
chr4	104576247	104576366	0.375000
chr4	105146864	105146983	0.516667
chr4	105185137	105185256	0.316667
chr4	105190359	105190504	0.513699
chr4	105233896	105234491	0.442953
chr4	105234492	105235563	0.446828
chr4	105235564	105236635	0.423507
chr4	105236636	105237350	0.430769
chr4	105241336	105241455	0.408333
chr4	105242819	105242938	0.408333
chr4	105243569	105243777	0.559809
chr4	105259618	105259768	0.490066
chr4	105261754	105261873	0.375000
chr4	105269609	105269746	0.514493
chr4	105272563	105272917	0.459155
chr4	105275047	105277307	0.437417
chr4	105277425	105278139	0.338462
chr4	105278155	105279802	0.311893
chr4	106463068	106463187	0.325000
chr4	107552452	107552571	0.450000
chr4	108625802	108625921	0.400000
chr4	109268496	109268615	0.350000
chr4	109959149	109959268	0.500000
chr4	110798193	110798312	0.425000
chr4	112146977	112147096	0.408333
chr4	112845263	112845382	0.308333
chr4	113467891	113468010	0.333333
chr4	114534896	114535015	0.433333
chr4	115334129	115334248	0.283333
chr4	116107361	116107480	0.425000
chr4	116949077	116949196	0.408333
chr4	118294353	118294472	0.491667
chr4	119130732	119130851	0.425000
chr4	120174939	120175058	0.475000
chr4	120936743	120936862	0.383333
chr4	122078747	122078866	0.425000
chr4	123118109	123118228	0.350000
chr4	123930296	123930415	0.333333
chr4	124742728	124742847	0.391667
chr4	126883575	126883694	0.300000
chr4	127705836	127705955	0.333333
chr4	128931941	128932060	0.300000
chr4	129567864	129567983	0.416667
chr4	130516542	130516661	0.350000
chr4	131130384	131130503	0.333333
chr4	132523167	132523286	0.358333
chr4	133302755	133302874	0.450000
chr4	133999779	133999898	0.283333
chr4	135205009	135205128	0.308333
chr4	136769292	136769411	0.350000
chr4	138159987	138160106	0.291667
chr4	138961675	138961794	0.508333
chr4	139756891	139757010	0.491667
chr4	140380037	140380156	0.350000
chr4	141061182	141061301	0.358333
chr4	142434030	142434149	0.308333
chr4	143506408	143506527	0.283333
chr4	144356904	144357023	0.375000
chr4	145042596	145042715	0.325000
chr4	145888787	145888906	0.375000
chr4	146745586	146745705	0.408333
chr4	147557357	147557476	0.300000
chr4	148362927	148363046	0.375000
chr4	149146512	149146631	0.391667
chr4	150310160	150310279	0.350000
chr4	151622572	151622691	0.358333
chr4	152662545	152662664	0.533333
chr4	153502914	153503033	0.358333
chr4	155075216	155075335	0.308333
chr4	156689981	156690100	0.350000
chr4	158965461	158965580	0.400000
chr4	159948494	159948613	0.341667
chr4	160711736	160711855	0.266667
chr4	161512100	161512219	0.316667
chr4	162322033	162322152	0.316667
chr4	163128668	163129347	0.402941
chr4	163133146	163133265	0.391667
chr4	163137155	163137274	0.450000
chr4	163140222	163140382	0.304348
chr4	163145748	163145867	0.316667
chr4	163148326	163148445	0.333333
chr4	163164216	163164390	0.354286
chr4	163166362	163166889	0.659091
chr4	163403871	163403990	0.358333
chr4	164189323	164189442	0.391667
chr4	165061346	165061465	0.358333
chr4	165842832	165842951	0.375000
chr4	166485886	166486005	0.391667
chr4	167118806	167118925	0.391667
chr4	168769604	168769723	0.458333
chr4	170405971	170406090	0.316667
chr4	171118277	171118396	0.316667
chr4	171981678	171981797	0.291667
chr4	172586416	172586535	0.316667
chr4	173421357	173421476	0.333333
chr4	174139410	174139529	0.333333
chr4	175015471	175015590	0.325000
chr4	176544268	176544387	0.308333
chr4	177351897	177352016	0.358333
chr4	178438018	178438137	0.325000
chr4	179793798	179793917	0.425000
chr4	180865482	180865601	0.333333
chr4	181660474	181660593	0.316667
chr4	182444455	182444574	0.350000
chr4	183532982	183533101	0.416667
chr4	184344189	184344308	0.383333
chr4	185162407	185162526	0.341667
chr4	186228327	186228446	0.425000
chr4	187292490	187292609	0.341667
chr4	187934120	187934239	0.400000
chr4	188644381	188644500	0.366667
chr4	189446441	189446560	0.366667
chr5	202108	202227	0.500000
chr5	1076347	1076466	0.583333
chr5	1882213	1882332	0.683333
chr5	2693895	2694014	0.466667
chr5	3488289	3488408	0.500000
chr5	4297858	4297977	0.308333
chr5	4949112	4949231	0.325000
chr5	5910366	5910485	0.450000
chr5	6989561	6989680	0.350000
chr5	8549581	8549700	0.300000
chr5	9401892	9402011	0.408333
chr5	10150762	10150881	0.541667
chr5	10964500	10964619	0.308333
chr5	11869967	11870086	0.425000
chr5	12551598	12551717	0.275000
chr5	13185594	13185713	0.316667
chr5	13986935	13987054	0.458333
chr5	14779994	14780113	0.408333
chr5	15850250	15850369	0.375000
chr5	16924363	16924482	0.475000
chr5	18329870	18329989	0.341667
chr5	19373165	19373284	0.316667
chr5	20613664	20613783	0.291667
chr5	22005517	22005636	0.308333
chr5	22812096	22812215	0.316667
chr5	23620842	23620961	0.333333
chr5	24512465	24512584	0.391667
chr5	25247052	25247171	0.416667
chr5	26028221	26028340	0.275000
chr5	26861936	26862055	0.366667
chr5	28210309	28210428	0.333333
chr5	28933854	28933973	0.316667
chr5	29582965	29583084	0.308333
chr5	30895657	30895776	0.350000
chr5	31951796	31951915	0.350000
chr5	32831774	32831893	0.383333
chr5	33581466	33581585	0.458333
chr5	34861452	34861571	0.400000
chr5	35856890	35857058	0.414201
chr5	35860851	35860989	0.446043
chr5	35867305	35867462	0.386076
chr5	35871055	35871212	0.411392
chr5	35873479	35873647	0.420118
chr5	35874435	35874554	0.425000
chr5	35875469	35875588	0.425000
chr5	35875982	35879602	0.411765
chr5	36049887	36050006	0.416667
chr5	36819234	36819353	0.383333
chr5	37612185	37612304	0.291667
chr5	38264574	38264693	0.491667
chr5	39259282	39259401	0.491667
chr5	40286492	40286611	0.433333
chr5	40916504	40916623	0.425000
chr5	44048730	44048849	0.366667
chr5	44865825	44865944	0.308333
chr5	45690026	45690145	0.316667
chr5	51158839	51158958	0.325000
chr5	52282170	52282289	0.383333
chr5	53087943	53088062	0.525000
chr5	54437327	54437446	0.541667
chr5	55247943	55248062	0.441667
chr5	56149243	56149362	0.375000
chr5	57028488	57028607	0.408333
chr5	57653373	57653492	0.341667
chr5	58454464	58454583	0.416667
chr5	59586446	59586565	0.350000
chr5	60631025	60631144	0.525000
chr5	61969997	61970116	0.366667
chr5	62769427	62769546	0.341667
chr5	63524622	63524741	0.291667
chr5	64568879	64568998	0.508333
chr5	65192594	65192713	0.308333
chr5	65907912	65908031	0.408333
chr5	66533980	66534099	0.333333
chr5	67478905	67479024	0.341667
chr5	68365001	68365120	0.391667
chr5	71456882	71457001	0.375000
chr5	72150105	72150224	0.316667
chr5	73152458	73152577	0.558333
chr5	73776068	73776187	0.416667
chr5	74588003	74588122	0.450000
chr5	75656977	75657096	0.425000
chr5	76485406	76485525	0.341667
chr5	77275334	77275453	0.308333
chr5	77981218	77981337	0.450000
chr5	78885968	78886087	0.433333
chr5	79713637	79713756	0.341667
chr5	80514047	80514166	0.325000
chr5	81857035	81857154	0.466667
chr5	82909974	82910093	0.500000
chr5	83965060	83965179	0.316667
chr5	84627290	84627409	0.291667
chr5	85329924	85330043	0.375000
chr5	86133238	86133357	0.416667
chr5	87276248	87276367	0.325000
chr5	88839586	88839705	0.375000
chr5	89673256	89673375	0.341667
chr5	90441311	90441430	0.350000
chr5	91323339	91323458	0.375000
chr5	92104295	92104414	0.366667
chr5	92865314	92865433	0.358333
chr5	93682183	93682302	0.291667
chr5	94390057	94390176	0.383333
chr5	95241598	95241717	0.316667
chr5	96064644	96064763	0.383333
chr5	97117542	97117661	0.325000
chr5	98134199	98134318	0.341667
chr5	98781702	98781821	0.333333
chr5	99975167	99975286	0.308333
chr5	100624067	100624186	0.275000
chr5	101240789	101240908	0.358333
chr5	101997084	101997203	0.300000
chr5	102831391	102831510	0.275000
chr5	103930210	103930329	0.275000
chr5	104875657	104875776	0.316667
chr5	105770298	105770417	0.350000
chr5	106518305	106518424	0.308333
chr5	107316107	107316226	0.408333
chr5	109204798	109204917	0.458333
chr5	110016520	110016639	0.408333
chr5	111081745	111081864	0.341667
chr5	111894889	111895008	0.316667
chr5	112689069	112689188	0.341667
chr5	113791141	113791260	0.566667
chr5	114460606	114460725	0.391667
chr5	115402373	115402492	0.525000
chr5	116052788	116052907	0.333333
chr5	116993465	116993584	0.358333
chr5	117919234	117919353	0.358333
chr5	118736127	118736246	0.316667
chr5	119410256	119410375	0.491667
chr5	120198430	120198549	0.358333
chr5	120910811	120910930	0.333333
chr5	122415470	122415589	0.366667
chr5	123173896	123174015	0.350000
chr5	124013364	124013483	0.391667
chr5	124781800	124781919	0.325000
chr5	125595434	125595553	0.266667
chr5	126426698	126426817	0.325000
chr5	127486196	127486315	0.375000
chr5	128186402	128186521	0.308333
chr5	128854178	128854297	0.308333
chr5	129623190	129623309	0.333333
chr5	130599891	130600010	0.316667
chr5	131771629	131771748	0.425000
chr5	132481608	132482065	0.443231
chr5	132482915	132484074	0.518103
chr5	132484361	132484496	0.551471
chr5	132485625	132485744	0.500000
chr5	132486251	132486370	0.583333
chr5	132486561	132486680	0.575000
chr5	132486729	132486848	0.541667
chr5	132486953	132487129	0.548023
chr5	132487924	132488043	0.508333
chr5	132489385	132489504	0.491667
chr5	132490544	132490772	0.724891
chr5	133399471	133399590	0.566667
chr5	134060070	134060189	0.450000
chr5	135008050	135008169	0.525000
chr5	136638809	136638928	0.483333
chr5	137662434	137662553	0.466667
chr5	138393026	138393145	0.458333
chr5	139471261	139471380	0.575000
chr5	140322276	140322395	0.391667
chr5	142628901	142629020	0.466667
chr5	143793181	143793300	0.450000
chr5	144458968	144459087	0.416667
chr5	145225609	145225728	0.433333
chr5	145942449	145942568	0.466667
chr5	146878974	146879093	0.591667
chr5	147847361	147847480	0.391667
chr5	148487857	148487976	0.308333
chr5	149492967	149493086	0.366667
chr5	149493339	149496859	0.343936
chr5	149505446	149505594	0.489933
chr5	149507019	149507138	0.441667
chr5	149509878	149509997	0.325000
chr5	149511771	149511890	0.400000
chr5	149513069	149513208	0.421429
chr5	149520275	149520394	0.350000
chr5	149525047	149525166	0.408333
chr5	149550067	149550186	0.516667
chr5	149550841	149550960	0.533333
chr5	149550961	149551080	0.650000
chr5	149551081	149551438	0.664804
chr5	149732544	149732663	0.425000
chr5	150053294	150054223	0.555914
chr5	150054315	150054434	0.616667
chr5	150055226	150055345	0.500000
chr5	150056021	150056140	0.575000
chr5	150056219	150056338	0.541667
chr5	150057276	150057395	0.600000
chr5	150057492	150057611	0.541667
chr5	150059699	150059861	0.588957
chr5	150060856	150060975	0.591667
chr5	150061482	150061601	0.591667
chr5	150061725	150061844	0.533333
chr5	150068212	150068331	0.575000
chr5	150069872	150070062	0.596859
chr5	150070181	150070300	0.583333
chr5	150070453	150070572	0.625000
chr5	150073300	150073492	0.559585
chr5	150077275	150077434	0.512500
chr5	150078111	150078247	0.583942
chr5	150080051	150080335	0.617544
chr5	150080766	150081023	0.600775
chr5	150086378	150086553	0.642045
chr5	150520271	150520390	0.483333
chr5	151640701	151640820	0.475000
chr5	152431487	152431606	0.366667
chr5	153123241	153123360	0.391667
chr5	153739029	153739148	0.408333
chr5	154559956	154560075	0.458333
chr5	155593512	155593631	0.333333
chr5	156388565	156388684	0.391667
chr5	157045993	157046112	0.383333
chr5	157751152	157751271	0.441667
chr5	158374229	158374348	0.391667
chr5	159115698	159115817	0.408333
chr5	159739550	159739669	0.366667
chr5	160434275	160434394	0.575000
chr5	161821468	161821587	0.350000
chr5	162571751	162571870	0.350000
chr5	163244641	163244760	0.333333
chr5	163903798	163903917	0.316667
chr5	164743664	164743783	0.366667
chr5	165551565	165551684	0.358333
chr5	166325186	166325305	0.366667
chr5	167097962	167098081	0.308333
chr5	167947124	167947243	0.458333
chr5	168756639	168756758	0.500000
chr5	169911261	169911380	0.416667
chr5	170788427	170788546	0.558333
chr5	171387848	171388005	0.563291
chr5	171390016	171390135	0.358333
chr5	171391304	171391423	0.441667
chr5	171391681	171391800	0.458333
chr5	171392702	171392821	0.475000
chr5	171392865	171392984	0.350000
chr5	171400119	171400238	0.366667
chr5	171400835	171400954	0.400000
chr5	171405299	171405418	0.350000
chr5	171407676	171407795	0.408333
chr5	171410512	171410631	0.291667
chr5	171410712	171410899	0.356383
chr5	171442519	171442638	0.650000
chr5	172235140	172235259	0.450000
chr5	172994698	172994817	0.325000
chr5	174192558	174192677	0.541667
chr5	175202565	175202684	0.516667
chr5	176260554	176260673	0.308333
chr5	176861762	176861881	0.633333
chr5	177511576	177511926	0.575499
chr5	177512090	177512209	0.583333
chr5	177512297	177512416	0.575000
chr5	177512495	177512644	0.553333
chr5	177512776	177512895	0.566667
chr5	177513002	177513121	0.533333
chr5	177513352	177513483	0.575758
chr5	177513684	177513846	0.576687
chr5	177514700	177514836	0.642336
chr5	177514915	177515068	0.551948
chr5	177515184	177515303	0.500000
chr5	177515684	177515820	0.532847
chr5	177515899	177516018	0.500000
chr5	177516107	177516226	0.508333
chr5	177516287	177516446	0.606250
chr5	177516719	177516838	0.683333
chr5	177516908	177517027	0.600000
chr5	177630377	177630496	0.375000
chr5	178387722	178387841	0.550000
chr5	179218250	179218369	0.483333
chr5	179818690	179818809	0.558333
chr5	181108561	181108680	0.558333
chr6	500897	501016	0.350000
chr6	1426454	1426573	0.516667
chr6	2097393	2097512	0.366667
chr6	2841263	2841382	0.525000
chr6	3572255	3572374	0.575000
chr6	4518003	4518122	0.341667
chr6	5177692	5177811	0.433333
chr6	5946847	5946966	0.433333
chr6	6637569	6637688	0.450000
chr6	7355178	7355297	0.300000
chr6	8083686	8083805	0.350000
chr6	8787238	8787357	0.325000
chr6	9518996	9519115	0.316667
chr6	10223335	10223454	0.425000
chr6	10923230	10923349	0.450000
chr6	11617875	11617994	0.416667
chr6	12514678	12514797	0.333333
chr6	13139054	13139173	0.325000
chr6	14668377	14668496	0.508333
chr6	15414485	15414604	0.375000
chr6	16399267	16399386	0.408333
chr6	17295882	17296001	0.341667
chr6	18023288	18023407	0.358333
chr6	18975257	18975376	0.366667
chr6	19670696	19670815	0.441667
chr6	20396137	20396256	0.333333
chr6	21103378	21103497	0.316667
chr6	21808316	21808435	0.533333
chr6	22541501	22541620	0.400000
chr6	23492788	23492907	0.425000
chr6	24112250	24112369	0.508333
chr6	25395685	25395804	0.358333
chr6	26091049	26091168	0.450000
chr6	27344240	27344359	0.391667
chr6	28443467	28443586	0.583333
chr6	33673543	33673662	0.508333
chr6	34833352	34833471	0.358333
chr6	35611166	35611285	0.350000
chr6	36321309	36321428	0.391667
chr6	37035717	37035836	0.333333
chr6	37761910	37762029	0.541667
chr6	38428297	38428416	0.475000
chr6	39375946	39376065	0.541667
chr6	40383137	40383256	0.441667
chr6	41308047	41308166	0.400000
chr6	41934951	41936106	0.555363
chr6	41936558	41936694	0.605839
chr6	41937234	41937393	0.575000
chr6	41940369	41940584	0.620370
chr6	41941451	41941807	0.742297
chr6	42509009	42509128	0.400000
chr6	43428528	43428647	0.408333
chr6	44154620	44154739	0.583333
chr6	44805466	44805585	0.308333
chr6	45556151	45556270	0.433333
chr6	46708223	46708342	0.366667
chr6	47476345	47476464	0.375000
chr6	48736241	48736360	0.266667
chr6	49369466	49369585	0.300000
chr6	50113530	50113649	0.458333
chr6	51619104	51619223	0.583333
chr6	52566428	52566547	0.508333
chr6	53273346	53273465	0.350000
chr6	53982815	53982934	0.400000
chr6	54687002	54687121	0.300000
chr6	55677578	55677697	0.341667
chr6	56426016	56426135	0.458333
chr6	58275629	58275748	0.416667
chr6	60720332	60720451	0.308333
chr6	61920899	61921018	0.341667
chr6	62833574	62833693	0.350000
chr6	63574310	63574429	0.416667
chr6	64800121	64800240	0.391667
chr6	65476177	65476296	0.350000
chr6	66429928	66430047	0.333333
chr6	68487299	68487418	0.283333
chr6	69398464	69398583	0.391667
chr6	70371614	70371733	0.383333
chr6	71105115	71105234	0.491667
chr6	71875704	71875823	0.283333
chr6	72639827	72639946	0.391667
chr6	73348224	73348343	0.508333
chr6	74016178	74016297	0.341667
chr6	75134825	75134944	0.458333
chr6	75937800	75937919	0.366667
chr6	77104921	77105040	0.333333
chr6	78037712	78037831	0.400000
chr6	78691637	78691756	0.366667
chr6	79466721	79466840	0.433333
chr6	80079998	80080117	0.316667
chr6	81136942	81137061	0.416667
chr6	81832277	81832396	0.400000
chr6	82777782	82777901	0.366667
chr6	83474694	83474813	0.375000
chr6	84448432	84448551	0.350000
chr6	85115910	85116029	0.441667
chr6	85768960	85769079	0.391667
chr6	86534051	86534170	0.316667
chr6	87524766	87524885	0.300000
chr6	88572700	88572819	0.516667
chr6	89623280	89623399	0.383333
chr6	90393928	90394047	0.366667
chr6	91479286	91479405	0.483333
chr6	92275584	92275703	0.400000
chr6	92987623	92987742	0.383333
chr6	93653675	93653794	0.333333
chr6	94466582	94466701	0.308333
chr6	95394509	95394628	0.266667
chr6	96086738	96086857	0.358333
chr6	97077573	97077692	0.383333
chr6	97753934	97754053	0.266667
chr6	98490899	98491018	0.433333
chr6	99377292	99377411	0.358333
chr6	99542386	99543608	0.313982
chr6	99545110	99545229	0.358333
chr6	99546383	99546502	0.441667
chr6	99549480	99549599	0.366667
chr6	99550202	99550321	0.425000
chr6	99558486	99558605	0.358333
chr6	99561318	99561437	0.341667
chr6	99561579	99561698	0.325000
chr6	99562834	99562953	0.316667
chr6	99568495	99568659	0.642424
chr6	100315233	100315352	0.341667
chr6	101360284	101360403	0.291667
chr6	102401402	102401521	0.475000
chr6	103331341	103331460	0.291667
chr6	103959115	103959234	0.466667
chr6	104618522	104618641	0.408333
chr6	105822571	105822690	0.333333
chr6	106796025	106796144	0.408333
chr6	107555138	107555257	0.416667
chr6	108168337	108168456	0.683333
chr6	108795884	108796003	0.291667
chr6	109866061	109866180	0.583333
chr6	110607538	110607657	0.325000
chr6	111785030	111785149	0.416667
chr6	112617545	112617664	0.433333
chr6	113276868	113276987	0.350000
chr6	113987567	113987686	0.458333
chr6	114748325	114748444	0.350000
chr6	115668137	115668256	0.266667
chr6	116400434	116400553	0.308333
chr6	117492047	117492166	0.358333
chr6	118321529	118321648	0.400000
chr6	119025688	119025807	0.383333
chr6	119897242	119897361	0.383333
chr6	120853443	120853562	0.400000
chr6	121600266	121600385	0.283333
chr6	122581869	122581988	0.350000
chr6	123271631	123271750	0.358333
chr6	123972325	123972444	0.308333
chr6	124666034	124666153	0.466667
chr6	125889190	125889309	0.433333
chr6	126819864	126819983	0.341667
chr6	128007629	128007748	0.316667
chr6	128715256	128715375	0.325000
chr6	129432913	129433032	0.433333
chr6	130139114	130139233	0.316667
chr6	131276177	131276296	0.316667
chr6	132235319	132235438	0.333333
chr6	132970350	132970469	0.408333
chr6	133639723	133639842	0.300000
chr6	134253737	134253856	0.400000
chr6	135137994	135138113	0.383333
chr6	135181307	135181535	0.707424
chr6	135185901	135186020	0.500000
chr6	135187829	135187948	0.383333
chr6	135189766	135189885	0.466667
chr6	135190126	135190346	0.457014
chr6	135192323	135192557	0.485106
chr6	135193800	135193919	0.475000
chr6	135194347	135194466	0.391667
chr6	135195747	135196001	0.529412
chr6	135196960	135197079	0.450000
chr6	135197082	135197201	0.508333
chr6	135197203	135197322	0.558333
chr6	135198907	135199049	0.391608
chr6	135200081	135200200	0.408333
chr6	135200292	135200411	0.400000
chr6	135201633	135201752	0.500000
chr6	135203210	135203329	0.425000
chr6	135217863	135219171	0.343010
chr6	136067225	136067344	0.316667
chr6	137487591	137487710	0.541667
chr6	138091416	138091535	0.325000
chr6	139093718	139093837	0.425000
chr6	139869662	139869781	0.433333
chr6	140761885	140762004	0.316667
chr6	141703982	141704101	0.375000
chr6	142476093	142476212	0.508333
chr6	143223451	143223570	0.325000
chr6	143940670	143940789	0.333333
chr6	144554060	144554179	0.358333
chr6	145343972	145344091	0.325000
chr6	145993840	145993959	0.341667
chr6	147511568	147511687	0.316667
chr6	148154970	148155089	0.400000
chr6	150072695	150072814	0.350000
chr6	150800565	150800684	0.400000
chr6	151459828	151459947	0.341667
chr6	152199300	152199419	0.291667
chr6	152915256	152915375	0.341667
chr6	153679183	153679302	0.341667
chr6	154319617	154319736	0.391667
chr6	155280809	155280928	0.441667
chr6	156229487	156229606	0.383333
chr6	156934253	156934372	0.425000
chr6	157554083	157554202	0.391667
chr6	158500633	158500752	0.433333
chr6	159218439	159218558	0.608333
chr6	159863159	159863278	0.400000
chr6	160864669	160864788	0.325000
chr6	162325268	162325387	0.383333
chr6	163016584	163016703	0.316667
chr6	164197948	164198067	0.366667
chr6	165267640	165267759	0.500000
chr6	165875486	165875605	0.333333
chr6	166803831	166803950	0.300000
chr6	167507395	167507514	0.583333
chr6	168247697	168247816	0.566667
chr6	168957570	168957689	0.475000
chr6	169780474	169780593	0.391667
chr6	170484227	170484346	0.316667
chr7	244804	244923	0.483333
chr7	1298927	1299046	0.733333
chr7	2119743	2119862	0.608333
chr7	2913740	2913859	0.666667
chr7	3616374	3616493	0.558333
chr7	4520623	4520742	0.433333
chr7	5836114	5836233	0.591667
chr7	6831242	6831361	0.450000
chr7	7766278	7766397	0.283333
chr7	8817227	8817346	0.366667
chr7	9619566	9619685	0.316667
chr7	10477713	10477832	0.408333
chr7	11251714	11251833	0.316667
chr7	12039157	12039276	0.400000
chr7	13097570	13097689	0.366667
chr7	14165832	14165951	0.383333
chr7	14985270	14985389	0.358333
chr7	15827520	15827639	0.341667
chr7	16602065	16602184	0.375000
chr7	17671768	17671887	0.341667
chr7	18695565	18695684	0.375000
chr7	19729197	19729316	0.300000
chr7	20372518	20372637	0.458333
chr7	21160213	21160332	0.333333
chr7	21960498	21960617	0.383333
chr7	22820533	22820652	0.475000
chr7	23449060	23449179	0.283333
chr7	24109614	24109733	0.291667
chr7	24927077	24927196	0.400000
chr7	25616995	25617114	0.358333
chr7	26545578	26545697	0.283333
chr7	27548137	27548256	0.358333
chr7	28258449	28258568	0.366667
chr7	29158454	29158573	0.350000
chr7	29890893	29891012	0.733333
chr7	30531680	30531799	0.308333
chr7	31309274	31309393	0.333333
chr7	32149869	32149988	0.466667
chr7	33220488	33220607	0.316667
chr7	33873428	33873547	0.433333
chr7	35375100	35375219	0.625000
chr7	36450930	36451049	0.375000
chr7	37796406	37796525	0.325000
chr7	38553462	38553581	0.358333
chr7	39228537	39228656	0.483333
chr7	39870232	39870351	0.366667
chr7	41008237	41008356	0.550000
chr7	42264673	42264792	0.375000
chr7	43155607	43155726	0.366667
chr7	43966349	43966468	0.566667
chr7	44573095	44573214	0.508333
chr7	45196682	45196801	0.541667
chr7	45861996	45862115	0.450000
chr7	46637826	46637945	0.475000
chr7	47408265	47408384	0.516667
chr7	48312028	48312147	0.458333
chr7	49023958	49024077	0.450000
chr7	49781669	49781788	0.400000
chr7	50304715	50304921	0.729469
chr7	50319041	50319160	0.500000
chr7	50327637	50327756	0.608333
chr7	50376532	50376792	0.486590
chr7	50382539	50382706	0.636905
chr7	50387347	50387466	0.483333
chr7	50391728	50391862	0.429630
chr7	50399917	50405100	0.465664
chr7	50640088	50640207	0.516667
chr7	51451547	51451666	0.508333
chr7	52208912	52209031	0.408333
chr7	53586250	53586369	0.433333
chr7	54902307	54902426	0.425000
chr7	56053129	56053248	0.391667
chr7	57349803	57349922	0.608333
chr7	63027236	63027355	0.525000
chr7	64355184	64355303	0.391667
chr7	65186166	65186285	0.358333
chr7	66239530	66239649	0.316667
chr7	67043300	67043419	0.283333
chr7	67879064	67879183	0.366667
chr7	68530243	68530362	0.425000
chr7	69224556	69224675	0.558333
chr7	70580398	70580517	0.466667
chr7	71361031	71361150	0.358333
chr7	72423517	72423636	0.491667
chr7	73675030	73675149	0.408333
chr7	74490483	74490602	0.558333
chr7	75543757	75543876	0.533333
chr7	76606324	76606443	0.491667
chr7	77416846	77416965	0.433333
chr7	78173327	78173446	0.516667
chr7	78996908	78997027	0.325000
chr7	79690555	79690674	0.325000
chr7	80414607	80414726	0.333333
chr7	81744244	81744363	0.325000
chr7	82430709	82430828	0.425000
chr7	83090851	83090970	0.350000
chr7	83778100	83778219	0.333333
chr7	85154678	85154797	0.375000
chr7	85776986	85777105	0.350000
chr7	86473516	86473635	0.441667
chr7	87315267	87315386	0.391667
chr7	88421024	88421143	0.325000
chr7	89151641	89151760	0.316667
chr7	90271010	90271129	0.283333
chr7	91015927	91016046	0.325000
chr7	92413643	92413762	0.483333
chr7	93018406	93018525	0.441667
chr7	93099533	93099756	0.285714
chr7	93099757	93099876	0.400000
chr7	93099877	93099996	0.275000
chr7	93099997	93100235	0.313808
chr7	93100236	93100355	0.408333
chr7	93100356	93100475	0.341667
chr7	93100476	93100595	0.350000
chr7	93100596	93100834	0.372385
chr7	93100835	93100954	0.375000
chr7	93100955	93101074	0.416667
chr7	93101075	93101194	0.300000
chr7	93101195	93101433	0.384937
chr7	93101434	93101553	0.350000
chr7	93101554	93101673	0.375000
chr7	93101674	93101793	0.341667
chr7	93101794	93102032	0.364017
chr7	93102033	93102152	0.400000
chr7	93102153	93102272	0.350000
chr7	93102273	93102392	0.258333
chr7	93102393	93102631	0.351464
chr7	93102632	93102751	0.358333
chr7	93102752	93102871	0.391667
chr7	93102872	93103110	0.359833
chr7	93103111	93103230	0.416667
chr7	93103231	93103350	0.375000
chr7	93103351	93103470	0.300000
chr7	93103471	93103709	0.351464
chr7	93103710	93103829	0.408333
chr7	93103830	93103949	0.408333
chr7	93103950	93104069	0.383333
chr7	93104070	93104308	0.347280
chr7	93104309	93104428	0.366667
chr7	93104429	93104548	0.416667
chr7	93104549	93104668	0.391667
chr7	93104669	93104907	0.351464
chr7	93104908	93105027	0.333333
chr7	93105028	93105147	0.300000
chr7	93105148	93105267	0.391667
chr7	93105268	93105506	0.384937
chr7	93105507	93105626	0.383333
chr7	93105627	93105746	0.375000
chr7	93105747	93106104	0.368715
chr7	93114788	93114907	0.433333
chr7	93117860	93117979	0.350000
chr7	93130055	93135990	0.375337
chr7	93144732	93144851	0.575000
chr7	93145384	93146039	0.390244
chr7	93146882	93147145	0.496212
chr7	93148193	93148384	0.395833
chr7	94003639	94003758	0.416667
chr7	94834517	94834636	0.441667
chr7	96152377	96152496	0.425000
chr7	96780879	96780998	0.458333
chr7	97758473	97758592	0.291667
chr7	98540746	98540865	0.608333
chr7	99969773	99969892	0.391667
chr7	100603548	100603667	0.633333
chr7	101235881	101236000	0.600000
chr7	101668200	101668319	0.616667
chr7	101817609	101817728	0.683333
chr7	101916109	101916228	0.541667
chr7	102028051	102028170	0.500000
chr7	102070335	102070454	0.500000
chr7	102097363	102097500	0.449275
chr7	102104337	102104456	0.391667
chr7	102111676	102111795	0.500000
chr7	102115197	102115316	0.416667
chr7	102158528	102158647	0.508333
chr7	102170437	102170556	0.591667
chr7	102178468	102178656	0.608466
chr7	102189792	102189911	0.500000
chr7	102193807	102193926	0.500000
chr7	102195493	102195612	0.641667
chr7	102196633	102197304	0.537202
chr7	102198799	102198918	0.500000
chr7	102200071	102200190	0.525000
chr7	102201359	102201478	0.708333
chr7	102201480	102201599	0.600000
chr7	102201601	102201720	0.708333
chr7	102201722	102201841	0.658333
chr7	102201843	102201962	0.675000
chr7	102201964	102202083	0.683333
chr7	102202084	102202203	0.575000
chr7	102204390	102204555	0.650602
chr7	102205076	102205195	0.500000
chr7	102227366	102227668	0.630363
chr7	102234051	102234239	0.560847
chr7	102239319	102239583	0.611321
chr7	102248411	102248530	0.716667
chr7	102248531	102248650	0.750000
chr7	102248651	102248770	0.850000
chr7	102248771	102248890	0.833333
chr7	102248891	102249129	0.719665
chr7	102249130	102249249	0.783333
chr7	102249250	102249369	0.750000
chr7	102249370	102249489	0.408333
chr7	102249490	102249728	0.364017
chr7	102249729	102249848	0.316667
chr7	102249849	102250074	0.336283
chr7	102250089	102250327	0.464435
chr7	102250328	102250447	0.591667
chr7	102250448	102250567	0.533333
chr7	102250568	102250806	0.451883
chr7	102250807	102250926	0.358333
chr7	102250927	102251046	0.266667
chr7	102251047	102251166	0.341667
chr7	102251167	102251405	0.338912
chr7	102251406	102251525	0.433333
chr7	102251526	102251645	0.433333
chr7	102251646	102251765	0.475000
chr7	102251766	102252004	0.322176
chr7	102252005	102252124	0.341667
chr7	102252125	102252244	0.408333
chr7	102252245	102252483	0.518828
chr7	102252484	102252603	0.391667
chr7	102252604	102252723	0.566667
chr7	102252724	102252843	0.516667
chr7	102252844	102253082	0.518828
chr7	102253083	102253202	0.508333
chr7	102253203	102253322	0.600000
chr7	102253323	102253442	0.541667
chr7	102253443	102253681	0.464435
chr7	102253682	102253801	0.508333
chr7	102253802	102253921	0.616667
chr7	102253922	102254041	0.558333
chr7	102254042	102254280	0.560669
chr7	102254281	102254400	0.516667
chr7	102254401	102254520	0.508333
chr7	102254521	102254759	0.564854
chr7	102254760	102254879	0.483333
chr7	102254880	102254999	0.416667
chr7	102255000	102255119	0.675000
chr7	102255120	102255358	0.489540
chr7	102255359	102255478	0.408333
chr7	102255479	102255598	0.325000
chr7	102255599	102255824	0.402655
chr7	102255854	102256077	0.388393
chr7	102256078	102256197	0.666667
chr7	102256198	102256436	0.372385
chr7	102256437	102256556	0.575000
chr7	102256557	102256676	0.391667
chr7	102256677	102256796	0.566667
chr7	102256797	102257035	0.476987
chr7	102257036	102257155	0.608333
chr7	102257156	102257275	0.533333
chr7	102257276	102257395	0.416667
chr7	102257396	102257634	0.422594
chr7	102257635	102257862	0.442982
chr7	102257891	102258232	0.412281
chr7	102337475	102337594	0.341667
chr7	102991741	102991860	0.375000
chr7	103917492	103917611	0.366667
chr7	104706448	104706567	0.375000
chr7	105787002	105787121	0.516667
chr7	106759443	106759562	0.300000
chr7	107678678	107678797	0.358333
chr7	108292412	108292531	0.333333
chr7	109009491	109009610	0.308333
chr7	110093859	110093978	0.408333
chr7	110876448	110876567	0.416667
chr7	111717296	111717415	0.483333
chr7	112449447	112449566	0.433333
chr7	113492739	113492858	0.316667
chr7	114112940	114113059	0.341667
chr7	114955175	114955294	0.291667
chr7	116260240	116260359	0.400000
chr7	117040566	117040685	0.400000
chr7	117872819	117872938	0.683333
chr7	118712481	118712600	0.316667
chr7	121076424	121076543	0.416667
chr7	121901036	121901155	0.341667
chr7	122603401	122603520	0.283333
chr7	123239537	123239656	0.333333
chr7	124308872	124308991	0.291667
chr7	125121273	125121392	0.333333
chr7	126235215	126235334	0.308333
chr7	126980442	126980561	0.308333
chr7	127886790	127886909	0.341667
chr7	128592529	128592648	0.358333
chr7	129941439	129941558	0.408333
chr7	130734448	130734567	0.500000
chr7	131722787	131722906	0.491667
chr7	132578777	132578896	0.425000
chr7	133393142	133393261	0.316667
chr7	134510407	134510526	0.475000
chr7	134646850	134646969	0.583333
chr7	134661446	134662107	0.468278
chr7	134678852	134678971	0.491667
chr7	134678973	134679092	0.375000
chr7	134679094	134679213	0.450000
chr7	134679214	134679333	0.441667
chr7	134679335	134679454	0.283333
chr7	134679456	134679575	0.350000
chr7	134679576	134679695	0.383333
chr7	134679696	134679815	0.316667
chr7	135270040	135270159	0.575000
chr7	136069603	136069722	0.416667
chr7	136943657	136943776	0.375000
chr7	138197649	138197768	0.466667
chr7	139023679	139023798	0.400000
chr7	139359893	139360321	0.706294
chr7	139376046	139376165	0.391667
chr7	139398588	139398707	0.375000
chr7	139402131	139402250	0.416667
chr7	139405643	139405786	0.423611
chr7	139407173	139407349	0.412429
chr7	139409552	139409671	0.475000
chr7	139412514	139412633	0.325000
chr7	139417537	139417728	0.572917
chr7	139422162	139423453	0.392415
chr7	139884198	139884317	0.466667
chr7	140505573	140505692	0.516667
chr7	141420804	141420923	0.400000
chr7	142216980	142217099	0.458333
chr7	143345685	143345804	0.650000
chr7	144218413	144218532	0.350000
chr7	145175357	145175476	0.375000
chr7	146496813	146496932	0.358333
chr7	147328792	147328911	0.441667
chr7	148136734	148136853	0.350000
chr7	148807382	148807705	0.385802
chr7	148809066	148809185	0.458333
chr7	148809272	148809391	0.416667
chr7	148810297	148810416	0.408333
chr7	148811608	148811727	0.450000
chr7	148813958	148814136	0.547486
chr7	148814916	148815035	0.416667
chr7	148815492	148815611	0.425000
chr7	148816673	148816792	0.483333
chr7	148817221	148817390	0.423529
chr7	148817876	148817995	0.441667
chr7	148817997	148818116	0.591667
chr7	148819572	148819691	0.425000
chr7	148826453	148826631	0.430168
chr7	148827158	148827277	0.391667
chr7	148828739	148828879	0.397163
chr7	148829727	148829846	0.341667
chr7	148832631	148832750	0.416667
chr7	148846473	148846592	0.441667
chr7	148847183	148847302	0.475000
chr7	148884167	148884286	0.808333
chr7	148940614	148940733	0.433333
chr7	149802866	149802985	0.650000
chr7	151659733	151659852	0.366667
chr7	152644879	152644998	0.350000
chr7	152645128	152645247	0.216667
chr7	152645379	152645821	0.334086
chr7	152645951	152646306	0.393258
chr7	152647849	152648173	0.329231
chr7	152648555	152649362	0.393564
chr7	152660684	152660803	0.383333
chr7	152676034	152676153	0.600000
chr7	152705477	152705596	0.350000
chr7	153763058	153763177	0.450000
chr7	154516205	154516324	0.416667
chr7	155275946	155276065	0.325000
chr7	156075579	156075698	0.525000
chr7	156892171	156892290	0.466667
chr7	157969480	157969599	0.600000
chr8	295088	295207	0.533333
chr8	1077543	1077662	0.408333
chr8	2112621	2112740	0.408333
chr8	2935360	2936398	0.360924
chr8	2936410	2938743	0.399314
chr8	2942471	2942603	0.466165
chr8	2949283	2949402	0.391667
chr8	2950226	2950345	0.408333
chr8	2951113	2951274	0.462963
chr8	2954157	2954276	0.358333
chr8	2955588	2955767	0.522222
chr8	2957691	2957810	0.458333
chr8	2961132	2961251	0.450000
chr8	2962465	2962638	0.534483
chr8	2963221	2963394	0.603448
chr8	2965774	2965953	0.505556
chr8	2966569	2966745	0.570621
chr8	2973116	2973298	0.557377
chr8	2974450	2974623	0.614943
chr8	2978611	2978799	0.481481
chr8	2998010	2998183	0.568966
chr8	2999957	3000130	0.545977
chr8	3018476	3018649	0.522989
chr8	3029318	3029512	0.548718
chr8	3052461	3052646	0.510753
chr8	3087096	3087284	0.534392
chr8	3091515	3091661	0.428571
chr8	3096848	3097036	0.428571
chr8	3106524	3106643	0.516667
chr8	3107680	3107799	0.416667
chr8	3108602	3108747	0.534247
chr8	3110157	3110334	0.511236
chr8	3118398	3118586	0.455026
chr8	3142464	3142673	0.457143
chr8	3151394	3151513	0.566667
chr8	3157868	3157987	0.500000
chr8	3162157	3162276	0.575000
chr8	3181101	3181220	0.483333
chr8	3187865	3187984	0.516667
chr8	3188888	3189007	0.491667
chr8	3189911	3190114	0.598039
chr8	3199709	3199828	0.500000
chr8	3201608	3201727	0.483333
chr8	3205501	3205620	0.475000
chr8	3214496	3214690	0.507692
chr8	3219254	3219441	0.510638
chr8	3223728	3223866	0.503597
chr8	3229703	3229822	0.283333
chr8	3230039	3230230	0.531250
chr8	3284143	3284345	0.561576
chr8	3307697	3307816	0.516667
chr8	3308311	3308502	0.515625
chr8	3343293	3343449	0.458599
chr8	3347991	3348160	0.400000
chr8	3359151	3359339	0.555556
chr8	3367031	3367246	0.467593
chr8	3369251	3369370	0.458333
chr8	3387493	3387681	0.613757
chr8	3396193	3396380	0.563830
chr8	3399390	3399528	0.431655
chr8	3406026	3406220	0.528205
chr8	3407898	3408224	0.440367
chr8	3409422	3409604	0.557377
chr8	3468707	3468826	0.500000
chr8	3493614	3493733	0.508333
chr8	3574945	3575064	0.533333
chr8	3586137	3586256	0.508333
chr8	3616691	3616810	0.466667
chr8	3708376	3708495	0.466667
chr8	3753925	3754044	0.491667
chr8	3997902	3998109	0.562500
chr8	4031904	4032098	0.523077
chr8	4247566	4247685	0.333333
chr8	4419948	4420067	0.466667
chr8	4637341	4637557	0.470046
chr8	4994331	4994913	0.689537
chr8	5006055	5006174	0.358333
chr8	6058923	6059042	0.491667
chr8	6826556	6826675	0.516667
chr8	7508394	7508513	0.325000
chr8	9210258	9210377	0.500000
chr8	9952153	9952272	0.441667
chr8	11018944	11019063	0.566667
chr8	11758979	11759098	0.525000
chr8	12728693	12728812	0.400000
chr8	13537517	13537636	0.383333
chr8	14546242	14546361	0.516667
chr8	15573907	15574026	0.375000
chr8	16308829	16308948	0.358333
chr8	17127416	17127535	0.308333
chr8	18119644	18119763	0.366667
chr8	19172768	19172887	0.366667
chr8	19891820	19891939	0.383333
chr8	20954542	20954661	0.325000
chr8	22043187	22043306	0.641667
chr8	22776292	22776411	0.391667
chr8	23551348	23551467	0.583333
chr8	24351275	24351394	0.458333
chr8	25067508	25067627	0.441667
chr8	25915549	25915668	0.366667
chr8	26619146	26619265	0.533333
chr8	27672350	27672469	0.641667
chr8	28445189	28445308	0.350000
chr8	29205596	29205715	0.350000
chr8	30486869	30486988	0.308333
chr8	31463298	31463417	0.316667
chr8	32313192	32313311	0.416667
chr8	33147010	33147129	0.416667
chr8	33833890	33834009	0.300000
chr8	34934539	34934658	0.450000
chr8	36561066	36561185	0.441667
chr8	37361075	37361194	0.483333
chr8	38442138	38442257	0.550000
chr8	40519287	40519406	0.441667
chr8	41283930	41284049	0.550000
chr8	42037632	42037751	0.300000
chr8	47035759	47035878	0.316667
chr8	48198541	48198660	0.508333
chr8	51105186	51105305	0.458333
chr8	52036623	52036742	0.308333
chr8	52853644	52853763	0.391667
chr8	53592480	53592599	0.416667
chr8	54655392	54655511	0.350000
chr8	55409506	55409625	0.375000
chr8	56260209	56260328	0.308333
chr8	56913780	56913899	0.358333
chr8	57726747	57726866	0.383333
chr8	58505166	58505285	0.383333
chr8	59610260	59610379	0.441667
chr8	60274097	60274216	0.400000
chr8	61079192	61079311	0.375000
chr8	62359595	62359714	0.425000
chr8	63124329	63124448	0.333333
chr8	63898846	63898965	0.391667
chr8	64891391	64891510	0.375000
chr8	65719678	65719797	0.316667
chr8	66471490	66471609	0.358333
chr8	67562027	67562146	0.383333
chr8	68258201	68258320	0.325000
chr8	69083451	69083570	0.366667
chr8	69815369	69815488	0.333333
chr8	71089637	71089756	0.375000
chr8	71845218	71845337	0.366667
chr8	72833496	72833615	0.416667
chr8	73975755	73975874	0.366667
chr8	74660637	74660756	0.366667
chr8	75415626	75415745	0.441667
chr8	76187256	76187375	0.308333
chr8	76681246	76681619	0.414439
chr8	76704042	76704161	0.508333
chr8	76704162	76704281	0.491667
chr8	76704282	76704401	0.508333
chr8	76704402	76704521	0.475000
chr8	76704522	76704641	0.500000
chr8	76704642	76704761	0.475000
chr8	76704762	76705000	0.426778
chr8	76705001	76705120	0.425000
chr8	76705121	76705240	0.458333
chr8	76705241	76705360	0.558333
chr8	76705361	76705480	0.475000
chr8	76705481	76705600	0.433333
chr8	76705601	76705839	0.476987
chr8	76705840	76705959	0.616667
chr8	76705960	76706079	0.450000
chr8	76706080	76706199	0.550000
chr8	76706200	76706319	0.475000
chr8	76706320	76706677	0.536313
chr8	76707545	76708047	0.487078
chr8	76778207	76778438	0.508621
chr8	76833289	76833408	0.483333
chr8	76842652	76842771	0.441667
chr8	76848994	76849127	0.447761
chr8	76849511	76849711	0.487562
chr8	76850243	76850362	0.550000
chr8	76850885	76856299	0.474238
chr8	76863093	76863212	0.575000
chr8	76863213	76863332	0.458333
chr8	76863333	76863571	0.456067
chr8	76863572	76863691	0.558333
chr8	76863692	76863930	0.430962
chr8	76863931	76864050	0.458333
chr8	76864051	76864289	0.435146
chr8	76864290	76864409	0.525000
chr8	76864410	76864648	0.380753
chr8	76864649	76864768	0.375000
chr8	76864769	76865007	0.338912
chr8	76865008	76865127	0.366667
chr8	76865128	76865366	0.397490
chr8	76865367	76865486	0.350000
chr8	76865487	76865725	0.313808
chr8	76865726	76865845	0.408333
chr8	76865846	76866084	0.305439
chr8	76866085	76866204	0.325000
chr8	76866205	76866443	0.280335
chr8	76866444	76866563	0.300000
chr8	76866564	76866802	0.393305
chr8	76866803	76866922	0.366667
chr8	76866923	76867280	0.307263
chr8	78038984	78039103	0.391667
chr8	78717444	78717563	0.350000
chr8	79566663	79566782	0.350000
chr8	80355861	80355980	0.450000
chr8	81087997	81088116	0.316667
chr8	81975799	81975918	0.491667
chr8	82699087	82699206	0.300000
chr8	83477577	83477696	0.416667
chr8	84209221	84209340	0.450000
chr8	84966747	84966866	0.375000
chr8	86176517	86176636	0.316667
chr8	87240884	87241003	0.466667
chr8	88164325	88164444	0.375000
chr8	89021042	89021161	0.441667
chr8	90008547	90008666	0.375000
chr8	90692968	90693087	0.341667
chr8	91550927	91551046	0.316667
chr8	92183003	92183122	0.283333
chr8	93634350	93634469	0.383333
chr8	94401819	94401938	0.391667
chr8	95458013	95458132	0.400000
chr8	96309611	96309730	0.350000
chr8	97013398	97013517	0.350000
chr8	97748358	97748477	0.600000
chr8	98519439	98519558	0.466667
chr8	99179527	99179646	0.333333
chr8	100788437	100788556	0.316667
chr8	101602699	101602818	0.425000
chr8	102373452	102373571	0.350000
chr8	103142426	103142545	0.450000
chr8	104173334	104173453	0.375000
chr8	104945733	104945852	0.433333
chr8	105986483	105986602	0.308333
chr8	106770108	106770227	0.625000
chr8	108081291	108081410	0.383333
chr8	108713128	108713247	0.350000
chr8	109335114	109335233	0.341667
chr8	110086791	110086910	0.291667
chr8	111886292	111886411	0.358333
chr8	112916651	112916770	0.350000
chr8	113687198	113687317	0.383333
chr8	114348107	114348226	0.325000
chr8	115233335	115233454	0.333333
chr8	115987506	115987625	0.283333
chr8	116667405	116667524	0.300000
chr8	116845933	116847690	0.347554
chr8	116848929	116849048	0.466667
chr8	116850617	116850766	0.440000
chr8	116851947	116852095	0.530201
chr8	116852548	116852707	0.450000
chr8	116854244	116854467	0.401786
chr8	116856166	116856285	0.441667
chr8	116856648	116856767	0.466667
chr8	116857266	116857472	0.362319
chr8	116858344	116858463	0.383333
chr8	116861830	116861949	0.425000
chr8	116863134	116863253	0.408333
chr8	116866585	116866760	0.448864
chr8	116874610	116874775	0.680723
chr8	117802985	117803104	0.366667
chr8	118489971	118490090	0.366667
chr8	119093149	119093268	0.508333
chr8	119834824	119834943	0.325000
chr8	120677173	120677292	0.358333
chr8	121950917	121951036	0.375000
chr8	122693857	122693976	0.341667
chr8	123460939	123461058	0.475000
chr8	124228031	124228150	0.500000
chr8	124932641	124932760	0.391667
chr8	125971338	125971457	0.383333
chr8	126754823	126754942	0.366667
chr8	127584910	127585029	0.441667
chr8	127736230	127736622	0.633588
chr8	127738247	127739018	0.642487
chr8	127740395	127742950	0.418623
chr8	128338568	128338687	0.416667
chr8	129378095	129378214	0.425000
chr8	130149266	130149385	0.283333
chr8	130909651	130909770	0.416667
chr8	131948827	131948946	0.350000
chr8	132959102	132959221	0.441667
chr8	133773853	133773972	0.641667
chr8	135203469	135203588	0.341667
chr8	136328762	136328881	0.425000
chr8	137044247	137044366	0.358333
chr8	138133874	138133993	0.383333
chr8	138906965	138907084	0.516667
chr8	139677671	139677790	0.558333
chr8	140665773	140665892	0.333333
chr8	141477697	141477816	0.608333
chr8	142680953	142681072	0.691667
chr8	143711580	143711699	0.725000
chr8	144281107	144281586	0.483333
chr9	675541	675660	0.325000
chr9	1386298	1386417	0.425000
chr9	2141133	2141252	0.400000
chr9	2798053	2798172	0.450000
chr9	3573877	3573996	0.333333
chr9	4191712	4191831	0.358333
chr9	4864832	4864951	0.575000
chr9	5066673	5066792	0.358333
chr9	5069021	5069207	0.352941
chr9	5069928	5070047	0.375000
chr9	5072491	5072625	0.385185
chr9	5073695	5073814	0.383333
chr9	5077456	5077575	0.308333
chr9	5078305	5078443	0.388489
chr9	5610399	5610518	0.408333
chr9	6256233	6256352	0.308333
chr9	6993789	6993908	0.433333
chr9	8029791	8029910	0.366667
chr9	9089751	9089870	0.366667
chr9	9772552	9772671	0.366667
chr9	11190814	11190933	0.341667
chr9	11902037	11902156	0.408333
chr9	12956703	12956822	0.275000
chr9	13649815	13649934	0.325000
chr9	14694002	14694121	0.450000
chr9	15370518	15370637	0.450000
chr9	16446099	16446218	0.341667
chr9	17447389	17447508	0.600000
chr9	18196007	18196126	0.391667
chr9	18890218	18890337	0.466667
chr9	19752332	19752451	0.433333
chr9	20631575	20631694	0.358333
chr9	21967767	21967994	0.473684
chr9	21967999	21968118	0.266667
chr9	21968122	21968241	0.558333
chr9	21970901	21971207	0.723127
chr9	21974677	21974856	0.744444
chr9	22002902	22003140	0.284519
chr9	22003141	22003379	0.317992
chr9	22003380	22003618	0.255230
chr9	22003619	22003857	0.334728
chr9	22003858	22004096	0.372385
chr9	22004097	22004335	0.301255
chr9	22004336	22004693	0.337989
chr9	22004694	22004932	0.334728
chr9	22004933	22005171	0.372385
chr9	22005172	22005410	0.556485
chr9	22005411	22005649	0.552301
chr9	22005650	22005888	0.485356
chr9	22005889	22006246	0.684358
chr9	22008797	22009304	0.673228
chr9	22072661	22072780	0.408333
chr9	22740243	22740362	0.325000
chr9	23404074	23404193	0.358333
chr9	24111186	24111305	0.383333
chr9	24898869	24898988	0.325000
chr9	25889672	25889791	0.391667
chr9	26565856	26565975	0.391667
chr9	27282556	27282675	0.525000
chr9	27985753	27985872	0.466667
chr9	29399073	29399192	0.383333
chr9	30085353	30085472	0.291667
chr9	31136896	31137015	0.341667
chr9	32182128	32182247	0.366667
chr9	32904863	32904982	0.366667
chr9	33775310	33775429	0.450000
chr9	34655380	34655499	0.525000
chr9	35682240	35682359	0.550000
chr9	36374148	36374267	0.366667
chr9	36833268	36833849	0.319588
chr9	36833879	36834443	0.518584
chr9	36834460	36840635	0.555376
chr9	36846836	36846955	0.566667
chr9	36881995	36882114	0.658333
chr9	36923359	36923478	0.641667
chr9	36966548	36966723	0.602273
chr9	37002651	37002770	0.658333
chr9	37006465	37006584	0.483333
chr9	37014996	37015193	0.515152
chr9	37020635	37020800	0.554217
chr9	37033985	37034267	0.427562
chr9	37081214	37081333	0.391667
chr9	37782055	37782174	0.416667
chr9	38445305	38445424	0.525000
chr9	39100282	39100401	0.283333
chr9	41673243	41673362	0.300000
chr9	66902268	66902387	0.483333
chr9	68401418	68401537	0.500000
chr9	69097249	69097368	0.400000
chr9	70011776	70011895	0.291667
chr9	70831067	70831186	0.333333
chr9	72250102	72250221	0.450000
chr9	72945899	72946018	0.291667
chr9	74671901	74672020	0.433333
chr9	75387923	75388042	0.341667
chr9	76091976	76092095	0.500000
chr9	76802863	76802982	0.341667
chr9	77522459	77522578	0.441667
chr9	78533363	78533482	0.400000
chr9	79227008	79227127	0.358333
chr9	80315278	80315397	0.291667
chr9	81725876	81725995	0.375000
chr9	82514857	82514976	0.425000
chr9	83435278	83435397	0.466667
chr9	83968082	83969439	0.340206
chr9	83970161	83970330	0.447059
chr9	83970710	83970913	0.367647
chr9	83971248	83971367	0.441667
chr9	83971622	83971741	0.491667
chr9	83971881	83972188	0.558442
chr9	83972847	83972966	0.416667
chr9	83973282	83973401	0.416667
chr9	83973866	83973985	0.500000
chr9	83974511	83974630	0.383333
chr9	83975413	83975532	0.500000
chr9	83976954	83977073	0.416667
chr9	83977686	83977805	0.383333
chr9	83978186	83978305	0.391667
chr9	83978352	83978471	0.458333
chr9	83980096	83980215	0.691667
chr9	84587569	84587688	0.375000
chr9	85237967	85238086	0.333333
chr9	86079887	86080006	0.466667
chr9	87301305	87301424	0.341667
chr9	88264933	88265052	0.566667
chr9	88993075	88993194	0.358333
chr9	89675900	89676019	0.408333
chr9	90304803	90304922	0.508333
chr9	90974633	90974752	0.508333
chr9	93059450	93059569	0.483333
chr9	93777413	93777532	0.325000
chr9	94482954	94483073	0.266667
chr9	95189469	95189588	0.433333
chr9	96228962	96229081	0.416667
chr9	97649679	97649798	0.341667
chr9	98335107	98335226	0.391667
chr9	99061032	99061151	0.375000
chr9	99870214	99870333	0.500000
chr9	100782916	100783035	0.391667
chr9	101471477	101471596	0.333333
chr9	102403328	102403447	0.300000
chr9	103236532	103236651	0.383333
chr9	104313486	104313605	0.458333
chr9	104973467	104973586	0.516667
chr9	105692003	105692122	0.316667
chr9	106415231	106415350	0.541667
chr9	107072148	107072267	0.408333
chr9	107727431	107727550	0.441667
chr9	108841028	108841147	0.466667
chr9	109538031	109538150	0.375000
chr9	110204165	110204284	0.483333
chr9	110927989	110928108	0.291667
chr9	111655150	111655269	0.483333
chr9	112664975	112665094	0.316667
chr9	113718508	113718627	0.533333
chr9	114693471	114693590	0.458333
chr9	115394182	115394301	0.375000
chr9	116170821	116170940	0.391667
chr9	117227826	117227945	0.375000
chr9	117921116	117921235	0.391667
chr9	118999274	118999393	0.308333
chr9	120096911	120097030	0.408333
chr9	120876927	120877046	0.675000
chr9	121786981	121787100	0.666667
chr9	122615676	122615795	0.341667
chr9	123435809	123435928	0.483333
chr9	124594090	124594209	0.333333
chr9	125273111	125273230	0.316667
chr9	125967029	125967148	0.283333
chr9	127096180	127096299	0.525000
chr9	128431327	128431446	0.491667
chr9	129438715	129438834	0.591667
chr9	130157270	130157389	0.608333
chr9	131082313	131082432	0.558333
chr9	132162364	132162483	0.583333
chr9	132888635	132888754	0.441667
chr9	133538755	133538874	0.600000
chr9	134936745	134936864	0.400000
chr9	135637872	135637991	0.391667
chr9	136494432	136494551	0.308333
chr9	136494552	136494671	0.558333
chr9	136494672	136494791	0.566667
chr9	136494793	136494912	0.466667
chr9	136494913	136495032	0.666667
chr9	136495033	136495152	0.716667
chr9	136495153	136495272	0.533333
chr9	136495274	136495393	0.466667
chr9	136495394	136495513	0.408333
chr9	136495514	136495633	0.666667
chr9	136495634	136495753	0.333333
chr9	136495755	136495874	0.358333
chr9	136495875	136495994	0.250000
chr9	136495995	136496114	0.658333
chr9	136496115	136496234	0.666667
chr9	136496236	136496355	0.708333
chr9	136496356	136496475	0.691667
chr9	136496476	136496595	0.608333
chr9	136496596	136496715	0.675000
chr9	136496717	136496836	0.641667
chr9	136496837	136496956	0.691667
chr9	136496957	136497076	0.716667
chr9	136497077	136497196	0.683333
chr9	136497198	136497317	0.666667
chr9	136497318	136497437	0.700000
chr9	136497438	136497557	0.650000
chr9	136498895	136499014	0.566667
chr9	136499111	136499258	0.641892
chr9	136500551	136500846	0.675676
chr9	136501747	136501912	0.668675
chr9	136501995	136502114	0.608333
chr9	136502271	136502487	0.682028
chr9	136503181	136503329	0.630872
chr9	136504672	136505103	0.692130
chr9	136505309	136505880	0.664336
chr9	136506522	136506641	0.666667
chr9	136506715	136506972	0.647287
chr9	136507304	136507436	0.676692
chr9	136507954	136508138	0.670270
chr9	136508231	136508384	0.655844
chr9	136508869	136509070	0.648515
chr9	136509732	136509960	0.641921
chr9	136510652	136510804	0.679739
chr9	136511151	136511270	0.666667
chr9	136513017	136513136	0.566667
chr9	136513391	136513536	0.568493
chr9	136514509	136514701	0.642487
chr9	136515284	136515403	0.616667
chr9	136515482	136515715	0.675214
chr9	136515977	136516096	0.591667
chr9	136517268	136517387	0.616667
chr9	136517751	136517936	0.639785
chr9	136518136	136518291	0.641026
chr9	136518590	136518823	0.619658
chr9	136519443	136519562	0.575000
chr9	136522849	136523187	0.705015
chr9	136523716	136523978	0.695817
chr9	136544017	136544136	0.641667
chr9	136545725	136546047	0.823529
chr9	136663715	136663834	0.566667
chr9	138117260	138117379	0.641667
chr10	970602	970721	0.416667
chr10	1704699	1704818	0.383333
chr10	2698667	2698786	0.316667
chr10	3980978	3981097	0.325000
chr10	4977708	4977827	0.508333
chr10	6491856	6491975	0.408333
chr10	7157033	7157152	0.366667
chr10	7984587	7984706	0.366667
chr10	8733871	8733990	0.341667
chr10	10019761	10019880	0.283333
chr10	11111224	11111343	0.316667
chr10	11772388	11772507	0.450000
chr10	12538531	12538650	0.450000
chr10	13321577	13321696	0.358333
chr10	14547828	14547947	0.441667
chr10	15236226	15236345	0.325000
chr10	15946844	15946963	0.475000
chr10	17099333	17099452	0.350000
chr10	17785941	17786060	0.391667
chr10	18340615	18340734	0.491667
chr10	19077462	19077581	0.350000
chr10	19830681	19830800	0.441667
chr10	20826344	20826463	0.283333
chr10	21681089	21681208	0.333333
chr10	23110565	23110684	0.316667
chr10	24149012	24149131	0.375000
chr10	24867654	24867773	0.325000
chr10	25652703	25652822	0.416667
chr10	26359613	26359732	0.275000
chr10	27004115	27005722	0.316542
chr10	27006897	27007016	0.308333
chr10	27012881	27013109	0.419214
chr10	27014493	27014710	0.311927
chr10	27017501	27017791	0.336770
chr10	27028829	27028948	0.341667
chr10	27029262	27029381	0.375000
chr10	27033224	27033376	0.352941
chr10	27034795	27034914	0.325000
chr10	27034915	27035034	0.383333
chr10	27035035	27035273	0.368201
chr10	27035274	27035393	0.350000
chr10	27035394	27035751	0.340782
chr10	27037185	27037322	0.405797
chr10	27037870	27038053	0.347826
chr10	27039964	27040177	0.327103
chr10	27043425	27043566	0.387324
chr10	27046352	27046522	0.438596
chr10	27048800	27048978	0.346369
chr10	27053319	27053438	0.366667
chr10	27060308	27060427	0.358333
chr10	27060509	27060628	0.316667
chr10	27061126	27061245	0.383333
chr10	27063979	27064098	0.366667
chr10	27066465	27066584	0.358333
chr10	27067161	27067280	0.316667
chr10	27077337	27077539	0.418719
chr10	27077592	27077711	0.350000
chr10	27079051	27079170	0.408333
chr10	27082719	27082838	0.350000
chr10	27092398	27092517	0.341667
chr10	27093348	27093521	0.408046
chr10	27093681	27093800	0.483333
chr10	27155340	27155459	0.666667
chr10	27877509	27877628	0.333333
chr10	28904027	28904146	0.308333
chr10	29939603	29939722	0.316667
chr10	30893920	30894039	0.308333
chr10	31686076	31686195	0.408333
chr10	32397556	32397675	0.341667
chr10	33102869	33102988	0.475000
chr10	34167992	34168111	0.283333
chr10	34931606	34931725	0.325000
chr10	36425777	36425896	0.408333
chr10	37401256	37401375	0.416667
chr10	38249784	38249903	0.350000
chr10	42337625	42337744	0.333333
chr10	43238099	43238218	0.575000
chr10	44278449	44278568	0.400000
chr10	44988801	44988920	0.500000
chr10	45750793	45750912	0.641667
chr10	45975054	45975173	0.341667
chr10	47158928	47159047	0.566667
chr10	48341152	48341271	0.316667
chr10	49354684	49354803	0.583333
chr10	50343888	50344007	0.500000
chr10	51053719	51053838	0.308333
chr10	52066863	52066982	0.325000
chr10	53095800	53095919	0.325000
chr10	53717376	53717495	0.325000
chr10	54464778	54464897	0.333333
chr10	55126964	55127083	0.416667
chr10	55837803	55837922	0.291667
chr10	56806248	56806367	0.358333
chr10	57607375	57607494	0.391667
chr10	58347016	58347135	0.458333
chr10	59346985	59347104	0.366667
chr10	60131120	60131239	0.333333
chr10	60893046	60893165	0.350000
chr10	61563536	61563655	0.350000
chr10	62471921	62472040	0.391667
chr10	63077759	63077878	0.375000
chr10	63920665	63920784	0.416667
chr10	64653103	64653222	0.366667
chr10	65896663	65896782	0.358333
chr10	67151277	67151396	0.308333
chr10	68174442	68174561	0.566667
chr10	68994345	68994464	0.325000
chr10	70426709	70426828	0.358333
chr10	71175446	71175565	0.408333
chr10	71796110	71796229	0.591667
chr10	72495174	72495293	0.300000
chr10	74289774	74289893	0.325000
chr10	75524557	75524676	0.450000
chr10	76238738	76238857	0.308333
chr10	77250207	77250326	0.441667
chr10	78115393	78115512	0.450000
chr10	78718824	78718943	0.475000
chr10	79468141	79468260	0.541667
chr10	80664312	80664431	0.466667
chr10	81278450	81278569	0.350000
chr10	82122946	82123065	0.358333
chr10	82739519	82739638	0.416667
chr10	83806839	83806958	0.491667
chr10	84536806	84536925	0.466667
chr10	85529134	85529253	0.508333
chr10	86199995	86200114	0.508333
chr10	87015928	87016047	0.583333
chr10	87863624	87864547	0.675325
chr10	87894006	87894125	0.341667
chr10	87931033	87931152	0.350000
chr10	87933012	87933250	0.401674
chr10	87952117	87952258	0.408451
chr10	87957852	87958018	0.437126
chr10	87960894	87961117	0.334821
chr10	87965286	87969439	0.330766
chr10	87969557	87971204	0.310073
chr10	87971234	87971929	0.327586
chr10	89024939	89025058	0.400000
chr10	90039214	90039333	0.325000
chr10	90833984	90834103	0.350000
chr10	91731245	91731364	0.316667
chr10	93456807	93456926	0.325000
chr10	94133236	94133355	0.516667
chr10	94872437	94872556	0.350000
chr10	95557524	95557643	0.533333
chr10	96621630	96621749	0.541667
chr10	97825604	97825723	0.575000
chr10	98592970	98593089	0.341667
chr10	99930234	99930353	0.408333
chr10	100608343	100608462	0.483333
chr10	101311593	101311712	0.575000
chr10	102163080	102163199	0.350000
chr10	103628874	103628993	0.533333
chr10	104419246	104419365	0.483333
chr10	105075561	105075680	0.491667
chr10	107141387	107141506	0.400000
chr10	107839635	107839754	0.383333
chr10	108646995	108647114	0.333333
chr10	109481363	109481482	0.325000
chr10	110567694	110567830	0.671533
chr10	110568901	110569020	0.358333
chr10	110573681	110573800	0.325000
chr10	110575304	110575423	0.391667
chr10	110577382	110577501	0.350000
chr10	110577809	110577928	0.358333
chr10	110578599	110578718	0.341667
chr10	110580902	110581021	0.400000
chr10	110581922	110582097	0.386364
chr10	110582544	110582663	0.366667
chr10	110583383	110583547	0.375758
chr10	110583841	110583960	0.366667
chr10	110584182	110584395	0.383178
chr10	110589599	110589718	0.333333
chr10	110589889	110590008	0.433333
chr10	110590411	110590571	0.391304
chr10	110590990	110591131	0.359155
chr10	110593072	110593222	0.417219
chr10	110596397	110596549	0.424837
chr10	110598138	110598289	0.361842
chr10	110599653	110599811	0.440252
chr10	110600432	110600551	0.350000
chr10	110601015	110601134	0.433333
chr10	110601636	110601755	0.341667
chr10	110601764	110601883	0.416667
chr10	110601965	110602177	0.347418
chr10	110602473	110602664	0.468750
chr10	110602824	110603001	0.443820
chr10	110603176	110603295	0.341667
chr10	110604230	110604689	0.295652
chr10	110604797	110605354	0.345878
chr10	110605475	110606047	0.289703
chr10	111203335	111203454	0.491667
chr10	111926528	111926647	0.358333
chr10	112952165	112952284	0.600000
chr10	113663557	113663676	0.283333
chr10	114450152	114450271	0.283333
chr10	115951553	115951672	0.425000
chr10	116800907	116801026	0.533333
chr10	117714006	117714125	0.383333
chr10	118457359	118457478	0.375000
chr10	119218192	119218311	0.533333
chr10	119977199	119977318	0.458333
chr10	120735102	120735221	0.475000
chr10	121567073	121567192	0.466667
chr10	122246802	122246921	0.516667
chr10	122954972	122955091	0.525000
chr10	123732890	123733009	0.350000
chr10	124574397	124574516	0.641667
chr10	125425980	125426099	0.375000
chr10	126338673	126338792	0.383333
chr10	126981635	126981754	0.441667
chr10	127687910	127688029	0.325000
chr10	128490323	128490442	0.550000
chr10	130027783	130027902	0.600000
chr10	131493072	131493191	0.341667
chr10	132512515	132512634	0.633333
chr10	133226720	133226839	0.541667
chr11	493026	493145	0.658333
chr11	532241	532521	0.601423
chr11	532632	532751	0.600000
chr11	533452	533611	0.625000
chr11	533765	533943	0.575419
chr11	534211	534374	0.621951
chr11	535415	535591	0.858757
chr11	1642661	1642780	0.658333
chr11	2474226	2474345	0.625000
chr11	3641912	3642031	0.691667
chr11	4409883	4410002	0.433333
chr11	5248294	5248413	0.475000
chr11	6631942	6632061	0.591667
chr11	7507040	7507159	0.441667
chr11	8617719	8617838	0.383333
chr11	9287799	9287918	0.375000
chr11	9995216	9995335	0.408333
chr11	11108495	11108614	0.466667
chr11	11710398	11710517	0.400000
chr11	12516304	12516423	0.516667
chr11	13346144	13346263	0.541667
chr11	14191624	14191743	0.366667
chr11	14277921	14279423	0.335329
chr11	14281600	14281719	0.433333
chr11	14294464	14294583	0.333333
chr11	14294751	14294870	0.450000
chr11	14295750	14295869	0.391667
chr11	14358762	14359182	0.776722
chr11	14953899	14954018	0.466667
chr11	16413088	16413207	0.341667
chr11	17369249	17369368	0.400000
chr11	18607698	18607817	0.300000
chr11	19228558	19228677	0.391667
chr11	20041099	20041218	0.475000
chr11	21714818	21714937	0.408333
chr11	22541368	22541487	0.366667
chr11	23405430	23405549	0.608333
chr11	24152205	24152324	0.383333
chr11	26197663	26197782	0.400000
chr11	27613713	27613832	0.408333
chr11	28676649	28676768	0.383333
chr11	30025906	30026025	0.483333
chr11	31110651	31110770	0.358333
chr11	32356701	32356820	0.425000
chr11	32387774	32389178	0.404982
chr11	32391965	32392084	0.483333
chr11	32392650	32392769	0.458333
chr11	32396256	32396406	0.529801
chr11	32399948	32400067	0.525000
chr11	32416457	32416576	0.516667
chr11	32417543	32417662	0.416667
chr11	32427948	32428067	0.658333
chr11	32428497	32428616	0.650000
chr11	32434699	32434818	0.675000
chr11	32434819	32434938	0.650000
chr11	32434939	32435058	0.833333
chr11	32435059	32435178	0.758333
chr11	32435179	32435298	0.733333
chr11	32435299	32435418	0.733333
chr11	32435419	32435538	0.700000
chr11	33448275	33448394	0.375000
chr11	34494644	34494763	0.416667
chr11	35378369	35378488	0.341667
chr11	36451443	36451562	0.541667
chr11	37095206	37095325	0.391667
chr11	37711699	37711818	0.308333
chr11	38486251	38486370	0.350000
chr11	39589791	39589910	0.408333
chr11	40389311	40389430	0.391667
chr11	41143171	41143290	0.266667
chr11	42348031	42348150	0.383333
chr11	43686536	43686655	0.416667
chr11	44332987	44333106	0.391667
chr11	45225259	45225378	0.525000
chr11	47867934	47868053	0.441667
chr11	48489043	48489162	0.475000
chr11	49304361	49304480	0.366667
chr11	50181207	50181326	0.391667
chr11	55402807	55402926	0.300000
chr11	56270810	56270929	0.316667
chr11	57038737	57038856	0.350000
chr11	58239209	58239328	0.425000
chr11	59716161	59716280	0.450000
chr11	60770046	60770165	0.608333
chr11	61669557	61669676	0.566667
chr11	62411840	62411959	0.533333
chr11	63220107	63220226	0.358333
chr11	64376994	64377113	0.391667
chr11	64764605	64764962	0.469274
chr11	64764963	64765306	0.508721
chr11	64765336	64765558	0.600897
chr11	64765559	64765678	0.608333
chr11	64765694	64766154	0.613883
chr11	64766899	64767078	0.677778
chr11	64767176	64767295	0.516667
chr11	64767570	64767843	0.649635
chr11	64768105	64768285	0.602210
chr11	64769015	64769134	0.516667
chr11	64769220	64769339	0.500000
chr11	64769425	64769608	0.505435
chr11	64769961	64770080	0.500000
chr11	64770255	64770407	0.549020
chr11	64773412	64773531	0.500000
chr11	64776501	64776620	0.466667
chr11	64778361	64778541	0.762431
chr11	65183897	65184016	0.575000
chr11	65986532	65986651	0.425000
chr11	66908460	66908579	0.483333
chr11	67715232	67715351	0.491667
chr11	68528374	68528493	0.400000
chr11	69861559	69861678	0.583333
chr11	70673460	70673579	0.591667
chr11	72474159	72474278	0.358333
chr11	73234916	73235035	0.608333
chr11	74074222	74074341	0.533333
chr11	74680671	74680790	0.533333
chr11	75282974	75283093	0.550000
chr11	76647809	76647928	0.500000
chr11	77927362	77927481	0.375000
chr11	78649065	78649184	0.366667
chr11	79716329	79716448	0.450000
chr11	80556187	80556306	0.425000
chr11	81389098	81389217	0.400000
chr11	82229640	82229759	0.291667
chr11	82846494	82846613	0.350000
chr11	84268979	84269098	0.291667
chr11	85114464	85114583	0.391667
chr11	86244752	86245342	0.646362
chr11	86250295	86250447	0.405229
chr11	86252145	86252264	0.400000
chr11	86255185	86255304	0.358333
chr11	86256389	86256508	0.391667
chr11	86257509	86257628	0.400000
chr11	86264171	86264290	0.458333
chr11	86266082	86266215	0.298507
chr11	86268448	86268567	0.366667
chr11	86276979	86277137	0.383648
chr11	86277917	86278036	0.350000
chr11	86278398	86278809	0.344660
chr11	87258289	87258408	0.500000
chr11	88550663	88550782	0.316667
chr11	89470219	89470338	0.400000
chr11	90886839	90886958	0.325000
chr11	91707430	91707549	0.383333
chr11	92835327	92835446	0.325000
chr11	93630025	93630144	0.441667
chr11	94456456	94456575	0.275000
chr11	95583058	95583177	0.383333
chr11	96539395	96539514	0.341667
chr11	97622717	97622836	0.366667
chr11	98475318	98475437	0.358333
chr11	99344369	99344488	0.291667
chr11	100558153	100558272	0.491667
chr11	102317452	102317571	0.600000
chr11	102321836	102324408	0.310921
chr11	102324420	102325361	0.412951
chr11	102325447	102325566	0.425000
chr11	102328050	102328169	0.400000
chr11	102328891	102329010	0.366667
chr11	102330998	102331117	0.416667
chr11	102331121	102331240	0.366667
chr11	102335965	102336219	0.337255
chr11	102336698	102336817	0.300000
chr11	102336908	102337489	0.304124
chr11	102337621	102338572	0.371849
chr11	102338588	102339402	0.396319
chr11	102499364	102499483	0.441667
chr11	103248633	103248752	0.350000
chr11	104082200	104082319	0.408333
chr11	104824214	104824333	0.300000
chr11	105478521	105478640	0.316667
chr11	106447868	106447987	0.475000
chr11	107719434	107719553	0.441667
chr11	108223066	108223185	0.616667
chr11	108227589	108227708	0.383333
chr11	108227771	108227890	0.350000
chr11	108229177	108229322	0.356164
chr11	108235669	108235833	0.363636
chr11	108243952	108244117	0.379518
chr11	108244787	108245025	0.347280
chr11	108246963	108247126	0.329268
chr11	108248932	108249101	0.364706
chr11	108250700	108251071	0.403226
chr11	108251836	108252030	0.379487
chr11	108252803	108252922	0.341667
chr11	108253813	108254038	0.384956
chr11	108256217	108256336	0.425000
chr11	108257483	108257602	0.366667
chr11	108258982	108259101	0.350000
chr11	108267170	108267341	0.406977
chr11	108268409	108268608	0.400000
chr11	108271028	108271147	0.408333
chr11	108271250	108271405	0.378205
chr11	108272520	108272639	0.341667
chr11	108272726	108272845	0.366667
chr11	108279489	108279608	0.416667
chr11	108280994	108281167	0.385057
chr11	108282709	108282878	0.282353
chr11	108284226	108284345	0.375000
chr11	108284353	108284472	0.391667
chr11	108287597	108287716	0.416667
chr11	108288979	108289098	0.333333
chr11	108289601	108289800	0.330000
chr11	108292618	108292792	0.428571
chr11	108293312	108293476	0.339394
chr11	108294926	108295058	0.383459
chr11	108297286	108297405	0.408333
chr11	108299713	108299884	0.401163
chr11	108301647	108301788	0.380282
chr11	108302852	108303028	0.355932
chr11	108304674	108304851	0.410112
chr11	108307866	108307985	0.408333
chr11	108310159	108310314	0.365385
chr11	108312394	108312513	0.350000
chr11	108315804	108315923	0.400000
chr11	108316010	108316129	0.466667
chr11	108317372	108317520	0.422819
chr11	108319945	108320064	0.350000
chr11	108321300	108321419	0.483333
chr11	108325309	108325543	0.408511
chr11	108326057	108326224	0.452381
chr11	108327641	108327760	0.433333
chr11	108329020	108329237	0.376147
chr11	108330213	108330420	0.408654
chr11	108331440	108331559	0.408333
chr11	108331878	108332036	0.383648
chr11	108332761	108332899	0.402878
chr11	108333851	108333970	0.316667
chr11	108334968	108335108	0.404255
chr11	108335842	108335961	0.416667
chr11	108343221	108343370	0.433333
chr11	108345742	108345907	0.379518
chr11	108347252	108347371	0.350000
chr11	108353762	108353881	0.458333
chr11	108354756	108354875	0.383333
chr11	108365081	108365217	0.430657
chr11	108365324	108365783	0.404348
chr11	108366048	108366977	0.359140
chr11	108367330	108368261	0.337983
chr11	108368279	108369101	0.321993
chr11	108474729	108474848	0.450000
chr11	109076327	109076446	0.533333
chr11	109938630	109938749	0.316667
chr11	110773750	110773869	0.425000
chr11	111470505	111470624	0.375000
chr11	112167304	112167423	0.683333
chr11	112965015	112965134	0.308333
chr11	113836418	113836537	0.483333
chr11	114716373	114716492	0.425000
chr11	116067375	116067494	0.508333
chr11	116941349	116941468	0.308333
chr11	118277372	118277491	0.483333
chr11	118436491	118436943	0.790287
chr11	118468763	118468882	0.450000
chr11	118471661	118474314	0.455539
chr11	118476804	118476981	0.505618
chr11	118477966	118478200	0.502128
chr11	118480159	118480278	0.433333
chr11	118481714	118482091	0.518519
chr11	118482420	118482539	0.441667
chr11	118484182	118484313	0.454545
chr11	118484858	118484977	0.483333
chr11	118488613	118488759	0.476190
chr11	118489788	118489907	0.491667
chr11	118490128	118490247	0.491667
chr11	118491196	118491315	0.416667
chr11	118491743	118491927	0.486486
chr11	118493056	118493229	0.511494
chr11	118494282	118494401	0.408333
chr11	118494691	118494810	0.375000
chr11	118495699	118495892	0.494845
chr11	118496253	118496372	0.450000
chr11	118497935	118498072	0.442029
chr11	118498369	118498527	0.471698
chr11	118499301	118499420	0.400000
chr11	118499828	118499947	0.425000
chr11	118500986	118501146	0.484472
chr11	118501671	118501856	0.467742
chr11	118502397	118506645	0.469287
chr11	118507521	118507640	0.533333
chr11	118509131	118509250	0.425000
chr11	118509947	118510117	0.397661
chr11	118511942	118512061	0.483333
chr11	118519617	118519791	0.531429
chr11	118519950	118520069	0.483333
chr11	118520784	118520903	0.450000
chr11	118521292	118521411	0.508333
chr11	118521896	118526831	0.439425
chr11	118884970	118885089	0.525000
chr11	119206338	119206611	0.693431
chr11	119232447	119232566	0.483333
chr11	119232575	119232694	0.366667
chr11	119271734	119271880	0.448980
chr11	119273867	119274023	0.445860
chr11	119274832	119274951	0.483333
chr11	119275996	119276133	0.485507
chr11	119277733	119277852	0.450000
chr11	119278165	119278296	0.409091
chr11	119278509	119278712	0.490196
chr11	119284968	119285099	0.583333
chr11	119285188	119285565	0.558201
chr11	119287843	119287962	0.466667
chr11	119296915	119297034	0.550000
chr11	119297363	119297482	0.483333
chr11	119298357	119298539	0.557377
chr11	119299494	119301141	0.441141
chr11	119301159	119304593	0.422999
chr11	119304948	119308148	0.445798
chr11	119689680	119689799	0.575000
chr11	120537303	120537422	0.491667
chr11	121361045	121361164	0.366667
chr11	122035836	122035955	0.383333
chr11	122755667	122755786	0.475000
chr11	123584342	123584461	0.591667
chr11	124443123	124443242	0.466667
chr11	125097532	125097651	0.450000
chr11	126387129	126387248	0.400000
chr11	127300006	127300125	0.433333
chr11	128039442	128039561	0.408333
chr11	128889214	128889333	0.391667
chr11	129722526	129722645	0.466667
chr11	130401724	130401843	0.533333
chr11	131376608	131376727	0.308333
chr11	132176309	132176428	0.308333
chr11	132812263	132812382	0.358333
chr11	133618961	133619080	0.391667
chr11	134466934	134467053	0.583333
chr12	189275	189394	0.633333
chr12	865130	865249	0.591667
chr12	1498269	1498388	0.600000
chr12	2448704	2448823	0.400000
chr12	3460220	3460339	0.466667
chr12	5247786	5247905	0.491667
chr12	5874672	5874791	0.491667
chr12	6789296	6789415	0.400000
chr12	7653911	7654030	0.358333
chr12	8842556	8842675	0.550000
chr12	9681554	9681673	0.358333
chr12	10306911	10307030	0.283333
chr12	11519493	11519612	0.333333
chr12	11649673	11649792	0.491667
chr12	11649795	11649914	0.866667
chr12	11649918	11650037	0.775000
chr12	11650040	11650159	0.508333
chr12	11752454	11752573	0.575000
chr12	11839139	11839303	0.478788
chr12	11853426	11853560	0.451852
chr12	11869423	11869968	0.606227
chr12	11884444	11884586	0.475524
chr12	11885918	11886037	0.441667
chr12	11890940	11891059	0.466667
chr12	11891060	11891179	0.633333
chr12	11891180	11891299	0.575000
chr12	11891300	11891419	0.400000
chr12	11891420	11891539	0.366667
chr12	11891540	11891659	0.383333
chr12	11891660	11891779	0.541667
chr12	11891780	11891899	0.558333
chr12	11891900	11892019	0.516667
chr12	11892020	11892139	0.475000
chr12	11892140	11892259	0.350000
chr12	11892260	11892379	0.516667
chr12	11892380	11892499	0.375000
chr12	11892500	11892619	0.308333
chr12	11892620	11892739	0.575000
chr12	11892740	11892859	0.483333
chr12	11892860	11892979	0.541667
chr12	11892980	11893218	0.472803
chr12	11893219	11893338	0.450000
chr12	11893339	11893458	0.350000
chr12	11893459	11893578	0.408333
chr12	11893579	11893698	0.333333
chr12	11893946	11894178	0.429185
chr12	11894179	11894298	0.500000
chr12	11894299	11894418	0.441667
chr12	11894419	11894538	0.441667
chr12	11894539	11894658	0.383333
chr12	11894659	11894778	0.450000
chr12	11894779	11894898	0.491667
chr12	11894899	11895018	0.525000
chr12	11895019	11895376	0.391061
chr12	12683095	12683214	0.325000
chr12	12717367	12718313	0.633580
chr12	12718829	12718948	0.475000
chr12	12721035	12722368	0.333583
chr12	13527629	13527748	0.566667
chr12	14478118	14478237	0.325000
chr12	15459847	15459966	0.441667
chr12	16079089	16079208	0.508333
chr12	16848824	16848943	0.391667
chr12	17462054	17462173	0.308333
chr12	18404034	18404153	0.300000
chr12	19553671	19553790	0.391667
chr12	20449855	20449974	0.450000
chr12	21638418	21638537	0.308333
chr12	22242851	22242970	0.375000
chr12	22625170	22625585	0.701923
chr12	22643762	22644021	0.423077
chr12	22659013	22659153	0.397163
chr12	22661062	22661204	0.412587
chr12	22671253	22671372	0.325000
chr12	22673499	22673659	0.409938
chr12	22684481	22684600	0.350000
chr12	22684881	22686770	0.289947
chr12	22686887	22690664	0.314981
chr12	23057288	23057407	0.300000
chr12	23738349	23738468	0.500000
chr12	25205245	25205364	0.250000
chr12	25205365	25205484	0.366667
chr12	25205485	25205723	0.368201
chr12	25205724	25205843	0.283333
chr12	25205844	25206082	0.284519
chr12	25206083	25206202	0.283333
chr12	25206203	25206441	0.317992
chr12	25206442	25206561	0.283333
chr12	25206562	25206800	0.372385
chr12	25206801	25206920	0.275000
chr12	25206921	25207265	0.379710
chr12	25207519	25207757	0.338912
chr12	25207758	25207877	0.425000
chr12	25207878	25208116	0.393305
chr12	25208117	25208236	0.258333
chr12	25208237	25208475	0.301255
chr12	25208476	25208595	0.250000
chr12	25208596	25208834	0.456067
chr12	25208835	25208954	0.333333
chr12	25208955	25209193	0.263598
chr12	25209194	25209313	0.366667
chr12	25209314	25209552	0.334728
chr12	25209553	25209910	0.304469
chr12	25225613	25225772	0.368750
chr12	25227233	25227411	0.407821
chr12	25245274	25245393	0.416667
chr12	25250750	25250928	0.787709
chr12	25264301	25264420	0.475000
chr12	26439296	26439415	0.358333
chr12	27621682	27621801	0.325000
chr12	28556708	28556827	0.416667
chr12	29415013	29415132	0.358333
chr12	30346303	30346422	0.408333
chr12	31195934	31196053	0.325000
chr12	32079229	32079348	0.400000
chr12	32882448	32882567	0.383333
chr12	33581789	33581908	0.375000
chr12	38329420	38329539	0.300000
chr12	39181133	39181252	0.291667
chr12	39796445	39796564	0.391667
chr12	40509239	40509358	0.475000
chr12	41711548	41711667	0.308333
chr12	42904049	42904168	0.441667
chr12	43547482	43547601	0.475000
chr12	44616379	44616498	0.350000
chr12	45329157	45329276	0.316667
chr12	46207214	46207333	0.391667
chr12	47088824	47088943	0.341667
chr12	48151711	48151830	0.333333
chr12	48883489	48883608	0.558333
chr12	49623517	49623636	0.725000
chr12	49630523	49630642	0.608333
chr12	49631400	49631543	0.652778
chr12	49631820	49631939	0.525000
chr12	49632515	49632634	0.666667
chr12	49632826	49632945	0.508333
chr12	49633008	49633127	0.591667
chr12	49633426	49633545	0.516667
chr12	49633589	49633708	0.500000
chr12	49633885	49634091	0.652174
chr12	49634333	49634452	0.566667
chr12	49634522	49634641	0.600000
chr12	49635098	49635262	0.581818
chr12	49635358	49635477	0.541667
chr12	49635842	49635992	0.576159
chr12	49636715	49636848	0.589552
chr12	49637466	49637585	0.583333
chr12	49637708	49637827	0.500000
chr12	49641905	49642024	0.575000
chr12	49642234	49642371	0.644928
chr12	49642571	49642690	0.583333
chr12	49642922	49643041	0.533333
chr12	49643222	49643396	0.622857
chr12	49643690	49643809	0.433333
chr12	49643860	49644003	0.520833
chr12	49644099	49644664	0.551237
chr12	49967258	49967377	0.650000
chr12	50956443	50956562	0.300000
chr12	52451040	52451159	0.283333
chr12	53289143	53289262	0.583333
chr12	54217187	54217306	0.500000
chr12	54292110	54293380	0.569630
chr12	54295134	54295303	0.570588
chr12	54300800	54301014	0.651163
chr12	55368676	55368795	0.341667
chr12	57268721	57268840	0.316667
chr12	58410347	58410466	0.450000
chr12	59314987	59315106	0.366667
chr12	60187132	60187251	0.308333
chr12	60877727	60877846	0.325000
chr12	61987573	61987692	0.325000
chr12	62610163	62610282	0.391667
chr12	63439632	63439751	0.400000
chr12	64109189	64109308	0.350000
chr12	64992580	64992699	0.391667
chr12	65838334	65838453	0.325000
chr12	66795298	66795417	0.375000
chr12	67885440	67885559	0.450000
chr12	68488201	68488320	0.541667
chr12	69179704	69179823	0.325000
chr12	69816253	69816372	0.300000
chr12	70622802	70622921	0.375000
chr12	71351262	71351381	0.350000
chr12	71952961	71953080	0.325000
chr12	73135850	73135969	0.350000
chr12	73780335	73780454	0.341667
chr12	74477814	74477933	0.283333
chr12	75448977	75449096	0.366667
chr12	76882404	76882523	0.350000
chr12	77858870	77858989	0.400000
chr12	78633581	78633700	0.300000
chr12	79303448	79303567	0.316667
chr12	80744083	80744202	0.383333
chr12	81486701	81486820	0.316667
chr12	82276672	82276791	0.400000
chr12	82880403	82880522	0.483333
chr12	84833804	84833923	0.366667
chr12	85600571	85600690	0.291667
chr12	86259791	86259910	0.300000
chr12	87329511	87329630	0.408333
chr12	87953321	87953440	0.333333
chr12	89729053	89729172	0.291667
chr12	90355496	90355615	0.283333
chr12	91289803	91289922	0.341667
chr12	91934948	91935067	0.266667
chr12	92140277	92140872	0.318792
chr12	92140873	92141825	0.365163
chr12	92141826	92142778	0.336831
chr12	92142779	92143731	0.344176
chr12	92143732	92144446	0.420979
chr12	92145387	92145845	0.649237
chr12	92607743	92607862	0.283333
chr12	93362323	93362442	0.383333
chr12	94259392	94259511	0.291667
chr12	96334189	96334308	0.316667
chr12	96947645	96947764	0.533333
chr12	97829103	97829222	0.316667
chr12	99420364	99420483	0.325000
chr12	100833611	100833730	0.450000
chr12	101749473	101749592	0.333333
chr12	103218468	103218587	0.416667
chr12	103818794	103818913	0.400000
chr12	104425270	104425389	0.366667
chr12	105048349	105048468	0.425000
chr12	105939003	105939122	0.425000
chr12	106897546	106897665	0.558333
chr12	107713079	107713198	0.333333
chr12	108900216	108900335	0.600000
chr12	109737526	109737645	0.483333
chr12	110820315	110820434	0.508333
chr12	111405922	111406276	0.774648
chr12	111418118	111418876	0.768116
chr12	111446753	111446872	0.533333
chr12	111446921	111447040	0.583333
chr12	111447114	111447233	0.550000
chr12	111447329	111447543	0.613953
chr12	111447655	111447826	0.662791
chr12	111447982	111449965	0.489415
chr12	111450227	111451622	0.434814
chr12	112418946	112419124	0.748603
chr12	112446276	112446395	0.450000
chr12	112450317	112450511	0.425641
chr12	112453194	112453386	0.445596
chr12	112454561	112454680	0.408333
chr12	112455946	112456065	0.408333
chr12	112472940	112473059	0.391667
chr12	112477612	112477731	0.433333
chr12	112477856	112478014	0.446541
chr12	112482073	112482204	0.416667
chr12	112486474	112486628	0.638710
chr12	112488416	112488535	0.500000
chr12	112489023	112489174	0.480263
chr12	112502139	112502258	0.491667
chr12	112504682	112504801	0.416667
chr12	112505824	112509917	0.391549
chr12	113035851	113035970	0.425000
chr12	113924942	113925061	0.500000
chr12	114539150	114539269	0.316667
chr12	115145936	115146055	0.466667
chr12	115986801	115986920	0.416667
chr12	116904369	116904488	0.266667
chr12	117518168	117518287	0.483333
chr12	118137232	118137351	0.491667
chr12	118938751	118938870	0.541667
chr12	119789557	119789676	0.316667
chr12	120764802	120764921	0.500000
chr12	121392081	121392200	0.408333
chr12	121803994	121804113	0.750000
chr12	121804129	121804248	0.808333
chr12	121804723	121804910	0.595745
chr12	121805103	121805222	0.550000
chr12	121805834	121806104	0.546125
chr12	121808203	121808322	0.583333
chr12	121809602	121810834	0.666667
chr12	121814105	121814929	0.687273
chr12	121817032	121817293	0.664122
chr12	121817369	121817703	0.653731
chr12	121817791	121817910	0.591667
chr12	121819403	121819894	0.632114
chr12	121822489	121823748	0.684921
chr12	121825199	121825365	0.604790
chr12	121827518	121827649	0.659091
chr12	121827734	121827853	0.550000
chr12	121827932	121828069	0.586957
chr12	121830065	121831832	0.556561
chr12	121831949	121832655	0.446959
chr12	122023601	122023720	0.583333
chr12	122717442	122717561	0.308333
chr12	124632208	124632327	0.733333
chr12	125506970	125507089	0.425000
chr12	126352562	126352681	0.283333
chr12	127025553	127025672	0.333333
chr12	128197764	128197883	0.350000
chr12	129387900	129388019	0.358333
chr12	130003522	130003641	0.450000
chr12	130618739	130618858	0.383333
chr12	131492452	131492571	0.558333
chr12	132174563	132174682	0.516667
chr12	133241708	133241827	0.483333
chr13	19124908	19125027	0.500000
chr13	20492016	20492135	0.466667
chr13	21203345	21203464	0.375000
chr13	21893791	21893910	0.383333
chr13	22703820	22703939	0.375000
chr13	23493340	23493459	0.366667
chr13	24196055	24196174	0.325000
chr13	24878896	24879015	0.408333
chr13	25690117	25690236	0.316667
chr13	26973903	26974022	0.525000
chr13	27663873	27663992	0.425000
chr13	28003273	28004173	0.397336
chr13	28014444	28014563	0.433333
chr13	28015144	28015263	0.383333
chr13	28015585	28015704	0.466667
chr13	28018467	28018586	0.500000
chr13	28023353	28023472	0.350000
chr13	28024825	28024944	0.400000
chr13	28027087	28027240	0.344156
chr13	28028172	28028291	0.516667
chr13	28033878	28033997	0.433333
chr13	28034081	28034213	0.383459
chr13	28034293	28034412	0.408333
chr13	28035494	28035672	0.452514
chr13	28035928	28036047	0.483333
chr13	28037170	28037289	0.358333
chr13	28048274	28048442	0.366864
chr13	28049383	28049536	0.415584
chr13	28049634	28049773	0.435714
chr13	28050098	28050217	0.441667
chr13	28052549	28052668	0.483333
chr13	28057344	28057463	0.350000
chr13	28061866	28062068	0.532020
chr13	28070491	28070610	0.350000
chr13	28100461	28100580	0.808333
chr13	28375327	28375446	0.366667
chr13	29315618	29315737	0.450000
chr13	29974467	29974586	0.483333
chr13	30744112	30744231	0.566667
chr13	31369580	31369699	0.316667
chr13	32054365	32054484	0.333333
chr13	32979174	32979293	0.433333
chr13	33688046	33688165	0.391667
chr13	34373052	34373171	0.291667
chr13	35090568	35090687	0.358333
chr13	36251116	36251235	0.433333
chr13	36907963	36908082	0.483333
chr13	37638168	37638287	0.425000
chr13	38338951	38339070	0.341667
chr13	39471449	39471568	0.475000
chr13	40169903	40170022	0.350000
chr13	40809320	40809439	0.408333
chr13	41740708	41740827	0.441667
chr13	42729845	42729964	0.366667
chr13	43370564	43370683	0.433333
chr13	44066120	44066239	0.325000
chr13	44900679	44900798	0.500000
chr13	45523998	45524117	0.441667
chr13	46183871	46183990	0.433333
chr13	46881669	46881788	0.475000
chr13	47557651	47557770	0.483333
chr13	49187839	49187958	0.333333
chr13	50354232	50354351	0.400000
chr13	51040352	51040471	0.400000
chr13	51972352	51972471	0.491667
chr13	52949909	52950028	0.550000
chr13	53870662	53870781	0.400000
chr13	54493139	54493258	0.400000
chr13	55220230	55220349	0.350000
chr13	55846991	55847110	0.316667
chr13	56853171	56853290	0.341667
chr13	57876237	57876356	0.491667
chr13	58640111	58640230	0.333333
chr13	59322341	59322460	0.433333
chr13	60724116	60724235	0.350000
chr13	61483421	61483540	0.366667
chr13	62159472	62159591	0.350000
chr13	63035443	63035562	0.258333
chr13	63914375	63914494	0.375000
chr13	64701346	64701465	0.300000
chr13	65509345	65509464	0.300000
chr13	66359221	66359340	0.325000
chr13	66992843	66992962	0.325000
chr13	67944640	67944759	0.508333
chr13	68659882	68660001	0.333333
chr13	69334353	69334472	0.333333
chr13	70247193	70247312	0.300000
chr13	70959790	70959909	0.291667
chr13	71758559	71758678	0.333333
chr13	73075136	73075255	0.400000
chr13	73772363	73772482	0.441667
chr13	74573007	74573126	0.400000
chr13	75353264	75353383	0.341667
chr13	76281808	76281927	0.316667
chr13	77373013	77373132	0.375000
chr13	78135421	78135540	0.308333
chr13	79056385	79056504	0.316667
chr13	79744441	79744560	0.458333
chr13	80448673	80448792	0.458333
chr13	81115125	81115244	0.366667
chr13	81836803	81836922	0.333333
chr13	83236842	83236961	0.341667
chr13	84408483	84408602	0.433333
chr13	85445334	85445453	0.333333
chr13	86172123	86172242	0.391667
chr13	87319022	87319141	0.391667
chr13	88251740	88251859	0.316667
chr13	89273045	89273164	0.341667
chr13	90055365	90055484	0.416667
chr13	90791556	90791675	0.291667
chr13	91488185	91488304	0.325000
chr13	92627251	92627370	0.391667
chr13	93320892	93321011	0.275000
chr13	94496519	94496638	0.416667
chr13	95190837	95190956	0.375000
chr13	95791898	95792017	0.408333
chr13	96987101	96987220	0.450000
chr13	98239942	98240061	0.566667
chr13	98893477	98893596	0.383333
chr13	99582974	99583093	0.483333
chr13	100279185	100279304	0.333333
chr13	101210415	101210534	0.316667
chr13	102085254	102085373	0.416667
chr13	102827216	102827335	0.333333
chr13	103701602	103701721	0.358333
chr13	104525859	104525978	0.341667
chr13	105155437	105155556	0.316667
chr13	105910224	105910343	0.308333
chr13	106543766	106543885	0.333333
chr13	107227292	107227411	0.425000
chr13	107962347	107962466	0.350000
chr13	108207441	108211295	0.345785
chr13	108214516	108214635	0.500000
chr13	108215441	108215560	0.675000
chr13	108612117	108612236	0.383333
chr13	109310172	109310291	0.400000
chr13	109999536	109999655	0.350000
chr13	110988940	110989059	0.316667
chr13	111624242	111624361	0.600000
chr13	113146249	113146368	0.558333
chr14	18618071	18618190	0.366667
chr14	20592430	20592549	0.291667
chr14	21735004	21735123	0.341667
chr14	22560553	22560672	0.391667
chr14	23776831	23776950	0.333333
chr14	24518414	24518533	0.391667
chr14	25388304	25388423	0.416667
chr14	26371036	26371155	0.425000
chr14	27057878	27057997	0.375000
chr14	27870153	27870272	0.350000
chr14	28488662	28488781	0.316667
chr14	29890289	29890408	0.375000
chr14	31413208	31413327	0.425000
chr14	32695516	32695635	0.366667
chr14	33542672	33542791	0.458333
chr14	34379423	34379542	0.366667
chr14	35471675	35471794	0.283333
chr14	36626225	36626344	0.475000
chr14	37520006	37520125	0.341667
chr14	39221493	39221612	0.391667
chr14	40262818	40262937	0.383333
chr14	41149681	41149800	0.316667
chr14	41845477	41845596	0.308333
chr14	42513439	42513558	0.400000
chr14	43387307	43387426	0.333333
chr14	44498165	44498284	0.266667
chr14	45929476	45929595	0.408333
chr14	46806014	46806133	0.283333
chr14	47852674	47852793	0.366667
chr14	48724315	48724434	0.400000
chr14	50104635	50104754	0.325000
chr14	51242240	51242359	0.366667
chr14	52329276	52329395	0.383333
chr14	52977950	52978069	0.450000
chr14	53814316	53814435	0.341667
chr14	54617412	54617531	0.408333
chr14	56005938	56006057	0.500000
chr14	56862712	56862831	0.366667
chr14	57996171	57996290	0.391667
chr14	58803719	58803838	0.333333
chr14	59673208	59673327	0.566667
chr14	61168703	61168822	0.358333
chr14	61897308	61897427	0.425000
chr14	62518189	62518308	0.325000
chr14	63181033	63181152	0.266667
chr14	63850526	63850645	0.308333
chr14	64503685	64503804	0.783333
chr14	65865230	65865349	0.400000
chr14	67499846	67499965	0.500000
chr14	68298131	68298250	0.408333
chr14	69483132	69483251	0.541667
chr14	70361722	70361841	0.425000
chr14	71765104	71765223	0.408333
chr14	72655887	72656006	0.433333
chr14	73467210	73467330	0.528926
chr14	74244324	74244443	0.575000
chr14	74874056	74874175	0.375000
chr14	76253218	76253337	0.416667
chr14	77296470	77296589	0.441667
chr14	78220718	78220837	0.508333
chr14	79610134	79610253	0.308333
chr14	80457066	80457185	0.383333
chr14	81274985	81275104	0.408333
chr14	82156867	82156986	0.341667
chr14	83576738	83576857	0.391667
chr14	84405554	84405673	0.325000
chr14	85535295	85535414	0.358333
chr14	86700512	86700631	0.408333
chr14	87402495	87402614	0.450000
chr14	88049546	88049665	0.408333
chr14	89176879	89176998	0.408333
chr14	90071512	90071631	0.433333
chr14	90847409	90847528	0.600000
chr14	91454115	91454234	0.433333
chr14	92292970	92293089	0.341667
chr14	93150721	93150840	0.483333
chr14	93925294	93925413	0.541667
chr14	94525719	94525838	0.500000
chr14	95380122	95380241	0.291667
chr14	96466987	96467106	0.308333
chr14	97201191	97201310	0.425000
chr14	97900506	97900625	0.450000
chr14	98503768	98503887	0.433333
chr14	99169286	99169881	0.362416
chr14	99169882	99170953	0.449627
chr14	99170954	99172025	0.347015
chr14	99172026	99173216	0.361041
chr14	99173217	99173560	0.505814
chr14	99173590	99174288	0.469242
chr14	99174289	99175360	0.730410
chr14	99175361	99176194	0.695444
chr14	99231344	99231556	0.694836
chr14	99257470	99257589	0.591667
chr14	99257595	99257714	0.566667
chr14	99257719	99257838	0.641667
chr14	99271160	99271279	0.666667
chr14	99271505	99271738	0.405983
chr14	99271750	99272196	0.599553
chr14	99317859	99317978	0.583333
chr14	100715385	100715504	0.508333
chr14	101558762	101558881	0.566667
chr14	103243578	103243697	0.425000
chr14	104074459	104074578	0.383333
chr14	104769348	104770419	0.557836
chr14	104770738	104770857	0.575000
chr14	104772361	104772480	0.600000
chr14	104772877	104773091	0.595349
chr14	104773254	104773373	0.575000
chr14	104773457	104773576	0.616667
chr14	104773885	104774004	0.633333
chr14	104774910	104775029	0.633333
chr14	104775075	104775206	0.553030
chr14	104775651	104775798	0.628378
chr14	104776654	104776773	0.616667
chr14	104780091	104780210	0.566667
chr14	104792599	104792718	0.675000
chr14	104793126	104793303	0.634831
chr14	105181166	105181285	0.816667
chr14	106627569	106627688	0.541667
chr15	20672362	20672481	0.333333
chr15	22014054	22014173	0.483333
chr15	22753986	22754105	0.316667
chr15	23477855	23477974	0.400000
chr15	24280299	24280418	0.375000
chr15	25119589	25119708	0.391667
chr15	25970754	25970873	0.333333
chr15	26753139	26753258	0.575000
chr15	27647364	27647483	0.516667
chr15	28794539	28794658	0.316667
chr15	29555575	29555694	0.566667
chr15	30371135	30371254	0.458333
chr15	31206546	31206665	0.533333
chr15	32007691	32007810	0.391667
chr15	33144724	33144843	0.325000
chr15	34254706	34254825	0.341667
chr15	35113206	35113325	0.391667
chr15	35739968	35740087	0.425000
chr15	36367387	36367506	0.333333
chr15	37610673	37610792	0.300000
chr15	38488334	38488453	0.391667
chr15	39296884	39297003	0.375000
chr15	40097022	40097141	0.408333
chr15	40695173	40695424	0.694444
chr15	40698751	40698870	0.425000
chr15	40701063	40701200	0.413043
chr15	40706175	40706294	0.450000
chr15	40709012	40709131	0.483333
chr15	40718790	40718909	0.516667
chr15	40728707	40728826	0.475000
chr15	40729509	40729628	0.558333
chr15	40729853	40729972	0.458333
chr15	40731054	40731859	0.433002
chr15	40732104	40732339	0.351695
chr15	40734558	40734677	0.400000
chr15	41792760	41792879	0.475000
chr15	42408946	42409065	0.625000
chr15	43924302	43924421	0.333333
chr15	44802939	44803058	0.475000
chr15	45712825	45712944	0.408333
chr15	46556776	46556895	0.458333
chr15	47394406	47394525	0.441667
chr15	48036652	48036771	0.441667
chr15	49104608	49104727	0.316667
chr15	49900721	49900840	0.350000
chr15	51004151	51004270	0.500000
chr15	51842199	51842318	0.458333
chr15	52713891	52714010	0.400000
chr15	53518739	53518858	0.366667
chr15	54418611	54418730	0.366667
chr15	55060859	55060978	0.383333
chr15	56028579	56028698	0.400000
chr15	56747970	56748089	0.416667
chr15	57422802	57422921	0.450000
chr15	58519941	58520060	0.408333
chr15	59402988	59403107	0.391667
chr15	60509734	60509853	0.358333
chr15	61619499	61619618	0.466667
chr15	62737377	62737496	0.475000
chr15	63368892	63369011	0.575000
chr15	64204353	64204472	0.391667
chr15	65396427	65396546	0.550000
chr15	66001383	66001502	0.558333
chr15	66386911	66387426	0.730620
chr15	66435026	66435236	0.554502
chr15	66436745	66436891	0.510204
chr15	66443248	66443367	0.408333
chr15	66444616	66444735	0.375000
chr15	66481756	66481875	0.566667
chr15	66484989	66485190	0.603960
chr15	66487224	66487343	0.441667
chr15	66489211	66489330	0.466667
chr15	66489667	66489786	0.433333
chr15	66490501	66491543	0.398849
chr15	66632163	66632282	0.625000
chr15	67925165	67925284	0.416667
chr15	68946047	68946166	0.433333
chr15	69971763	69971882	0.366667
chr15	71067850	71067969	0.441667
chr15	71684458	71684577	0.283333
chr15	73309419	73309538	0.458333
chr15	74196753	74196872	0.583333
chr15	75622737	75622856	0.333333
chr15	76669326	76669445	0.350000
chr15	77489525	77489644	0.416667
chr15	78571519	78571638	0.333333
chr15	79734722	79734841	0.308333
chr15	81065456	81065575	0.366667
chr15	81674602	81674721	0.416667
chr15	82891819	82891938	0.400000
chr15	83784146	83784265	0.458333
chr15	84761980	84762099	0.375000
chr15	85890289	85890408	0.433333
chr15	86713605	86713724	0.433333
chr15	87314544	87314663	0.416667
chr15	88144807	88144926	0.491667
chr15	89243131	89243250	0.558333
chr15	90268333	90268452	0.358333
chr15	91058674	91058793	0.516667
chr15	91663825	91663944	0.375000
chr15	92302585	92302704	0.425000
chr15	93682205	93682324	0.450000
chr15	94519828	94519947	0.316667
chr15	95136851	95136970	0.358333
chr15	95894039	95894158	0.383333
chr15	96764732	96764851	0.583333
chr15	97619090	97619209	0.408333
chr15	98715422	98715541	0.391667
chr15	99551179	99551298	0.375000
chr15	100664571	100664690	0.350000
chr15	101502378	101502497	0.375000
chr16	282958	283077	0.683333
chr16	899707	899826	0.616667
chr16	1833219	1833338	0.533333
chr16	2449726	2449845	0.683333
chr16	3100836	3100955	0.441667
chr16	4075785	4075904	0.466667
chr16	5011427	5011546	0.541667
chr16	5631723	5631842	0.383333
chr16	6581051	6581170	0.475000
chr16	7211794	7211913	0.466667
chr16	8465844	8465963	0.433333
chr16	9383515	9383634	0.516667
chr16	9987856	9987975	0.458333
chr16	11275289	11275408	0.450000
chr16	12214082	12214201	0.450000
chr16	13148149	13148268	0.525000
chr16	14029821	14029940	0.608333
chr16	14435700	14435924	0.386667
chr16	14435954	14436771	0.500000
chr16	14446887	14447080	0.500000
chr16	14482637	14482826	0.447368
chr16	14552020	14552139	0.408333
chr16	14554042	14554161	0.450000
chr16	14555595	14555714	0.375000
chr16	14580825	14580944	0.391667
chr16	14582175	14582294	0.508333
chr16	14584320	14584439	0.425000
chr16	14584674	14584793	0.358333
chr16	14586289	14586408	0.366667
chr16	14593279	14593398	0.458333
chr16	14599846	14599965	0.408333
chr16	14604108	14604227	0.408333
chr16	14606460	14606579	0.366667
chr16	14608237	14608356	0.366667
chr16	14609011	14609130	0.375000
chr16	14610643	14610808	0.397590
chr16	14617576	14617695	0.391667
chr16	14627097	14627216	0.375000
chr16	14627228	14627347	0.391667
chr16	14628137	14628256	0.400000
chr16	14629578	14629697	0.500000
chr16	14630106	14630259	0.681818
chr16	15035543	15035662	0.483333
chr16	15704294	15704413	0.416667
chr16	16891749	16891868	0.550000
chr16	17577025	17577144	0.366667
chr16	19589946	19590065	0.450000
chr16	20225584	20225703	0.458333
chr16	20971510	20971629	0.558333
chr16	21597092	21597211	0.416667
chr16	22719603	22719722	0.508333
chr16	24273828	24273947	0.358333
chr16	25228425	25228544	0.575000
chr16	25841747	25841866	0.408333
chr16	26494277	26494396	0.491667
chr16	27124293	27124412	0.533333
chr16	27805895	27806014	0.608333
chr16	28497067	28497186	0.666667
chr16	29317050	29317169	0.525000
chr16	29971581	29971700	0.583333
chr16	31816482	31816601	0.500000
chr16	46800117	46800236	0.300000
chr16	49206902	49207021	0.416667
chr16	50369557	50369676	0.358333
chr16	51353078	51353197	0.441667
chr16	51983659	51983778	0.308333
chr16	52903644	52903763	0.350000
chr16	53845262	53845381	0.441667
chr16	54544902	54545021	0.458333
chr16	55165173	55165292	0.441667
chr16	55820481	55820600	0.516667
chr16	57034715	57034834	0.541667
chr16	57669925	57670044	0.641667
chr16	58293234	58293353	0.600000
chr16	58974154	58974273	0.433333
chr16	59574520	59574639	0.350000
chr16	60207061	60207180	0.391667
chr16	61089164	61089283	0.333333
chr16	61800764	61800883	0.291667
chr16	62738934	62739053	0.383333
chr16	63363841	63363960	0.391667
chr16	64380187	64380306	0.408333
chr16	65221189	65221308	0.458333
chr16	65905212	65905331	0.416667
chr16	66855708	66855827	0.566667
chr16	67562525	67562723	0.763819
chr16	67571145	67571264	0.500000
chr16	67610823	67611612	0.477215
chr16	67611950	67612120	0.485380
chr16	67616744	67616877	0.522388
chr16	67620696	67620815	0.475000
chr16	67621441	67621590	0.420000
chr16	67626554	67626714	0.465839
chr16	67628369	67628551	0.551913
chr16	67629397	67629532	0.448529
chr16	67636689	67636850	0.586420
chr16	67637687	67639176	0.413423
chr16	68682217	68682336	0.550000
chr16	69697880	69697999	0.275000
chr16	70950016	70950135	0.433333
chr16	71973441	71973560	0.450000
chr16	72853225	72853344	0.391667
chr16	74048116	74048235	0.350000
chr16	74721554	74721673	0.533333
chr16	75482782	75482901	0.591667
chr16	77532103	77532222	0.416667
chr16	78175113	78175232	0.550000
chr16	78823090	78823209	0.416667
chr16	79457330	79457449	0.400000
chr16	80124168	80124287	0.408333
chr16	81404294	81404413	0.533333
chr16	81779290	81779423	0.791045
chr16	81785942	81786061	0.541667
chr16	81786062	81786181	0.625000
chr16	81854443	81854586	0.486111
chr16	81858247	81858366	0.500000
chr16	81859111	81859230	0.375000
chr16	81869180	81869299	0.466667
chr16	81870847	81870966	0.366667
chr16	81880877	81880996	0.500000
chr16	81883224	81883343	0.508333
chr16	81889169	81889288	0.500000
chr16	81891470	81891589	0.483333
chr16	81893692	81893811	0.583333
chr16	81895806	81895925	0.591667
chr16	81900611	81900779	0.597633
chr16	81905394	81905513	0.566667
chr16	81907661	81907780	0.500000
chr16	81908415	81908590	0.539773
chr16	81910519	81910719	0.646766
chr16	81912596	81912715	0.616667
chr16	81919483	81919663	0.569061
chr16	81921194	81921313	0.475000
chr16	81923479	81923598	0.550000
chr16	81927067	81927186	0.500000
chr16	81928557	81928676	0.475000
chr16	81931496	81931653	0.537975
chr16	81934414	81934533	0.483333
chr16	81936168	81936377	0.533333
chr16	81937757	81937902	0.513699
chr16	81938797	81938916	0.516667
chr16	81939891	81940058	0.440476
chr16	81946146	81946265	0.516667
chr16	81956694	81956878	0.508108
chr16	81957955	81962684	0.418816
chr16	82932349	82932468	0.350000
chr16	83562564	83562683	0.333333
chr16	85447217	85447336	0.566667
chr16	86417342	86417461	0.550000
chr16	87039011	87039130	0.466667
chr16	87974512	87974631	0.566667
chr16	88571503	88571622	0.508333
chr16	89768854	89768973	0.608333
chr17	1650628	1650955	0.521341
chr17	1651107	1651309	0.581281
chr17	1651413	1651552	0.528571
chr17	1651647	1651787	0.602837
chr17	1653541	1653682	0.485915
chr17	1653776	1653895	0.541667
chr17	1653896	1654015	0.525000
chr17	1655349	1655542	0.500000
chr17	1656391	1656564	0.482759
chr17	1656644	1656763	0.583333
chr17	1658256	1658375	0.558333
chr17	1658525	1658762	0.491597
chr17	1659356	1659547	0.546875
chr17	1659840	1660000	0.465839
chr17	1660431	1660577	0.489796
chr17	1660702	1660821	0.500000
chr17	1660992	1661161	0.535294
chr17	1661270	1661405	0.492647
chr17	1661610	1661789	0.505556
chr17	1661905	1662024	0.583333
chr17	1662033	1662152	0.450000
chr17	1673078	1673197	0.558333
chr17	1673356	1673566	0.563981
chr17	1673745	1673891	0.489796
chr17	1674441	1674679	0.493724
chr17	1675151	1675338	0.505319
chr17	1675619	1675811	0.518135
chr17	1675930	1676049	0.583333
chr17	1676206	1676369	0.524390
chr17	1676504	1676710	0.570048
chr17	1676975	1677171	0.543147
chr17	1677569	1677688	0.583333
chr17	1678517	1678651	0.451852
chr17	1678761	1678880	0.500000
chr17	1679016	1679205	0.510526
chr17	1679290	1679409	0.541667
chr17	1679608	1679798	0.586387
chr17	1680718	1680837	0.433333
chr17	1680931	1681050	0.416667
chr17	1681477	1681689	0.478873
chr17	1681819	1682037	0.525114
chr17	1682128	1682292	0.539394
chr17	1683532	1683700	0.502959
chr17	1684466	1684585	0.608333
chr17	1684778	1684897	0.666667
chr17	7668420	7668539	0.383333
chr17	7668779	7669689	0.475302
chr17	7670601	7670720	0.616667
chr17	7673513	7673632	0.500000
chr17	7673700	7673836	0.598540
chr17	7674175	7674294	0.541667
chr17	7674854	7674973	0.516667
chr17	7675052	7675235	0.625000
chr17	7675993	7676271	0.602151
chr17	7676345	7676464	0.516667
chr17	7676517	7676636	0.550000
chr17	7687373	7687492	0.600000
chr17	7834216	7834349	0.686567
chr17	7839904	7840023	0.616667
chr17	7844900	7845019	0.616667
chr17	7845313	7845455	0.650350
chr17	7845549	7845690	0.711268
chr17	7845872	7845991	0.558333
chr17	7846077	7846296	0.636364
chr17	7846397	7846516	0.600000
chr17	7846578	7846739	0.648148
chr17	7846818	7847015	0.661616
chr17	7847104	7847451	0.695402
chr17	7847545	7849727	0.661475
chr17	7849823	7849942	0.541667
chr17	7850064	7850183	0.600000
chr17	7851020	7851225	0.592233
chr17	7851312	7851431	0.575000
chr17	7851437	7851556	0.558333
chr17	7851647	7851795	0.637584
chr17	7851947	7852066	0.575000
chr17	7852148	7852335	0.601064
chr17	7852494	7852635	0.521127
chr17	7853002	7853121	0.600000
chr17	7853209	7853379	0.637427
chr17	7853497	7854795	0.553503
chr17	27768645	27768764	0.516667
chr17	28489288	28489407	0.600000
chr17	29273571	29273690	0.341667
chr17	30646713	30646832	0.450000
chr17	31094976	31095368	0.725191
chr17	31155982	31156125	0.340278
chr17	31159003	31159122	0.350000
chr17	31163185	31163375	0.445026
chr17	31169883	31170002	0.325000
chr17	31181390	31181509	0.333333
chr17	31181678	31181797	0.375000
chr17	31182507	31182664	0.386076
chr17	31200421	31200594	0.425287
chr17	31201037	31201156	0.425000
chr17	31201387	31201506	0.366667
chr17	31206239	31206370	0.462121
chr17	31214450	31214584	0.348148
chr17	31219001	31219120	0.516667
chr17	31221850	31221969	0.316667
chr17	31223445	31223564	0.316667
chr17	31225094	31225249	0.448718
chr17	31226434	31226553	0.550000
chr17	31226564	31226683	0.483333
chr17	31227199	31227318	0.500000
chr17	31227522	31227641	0.400000
chr17	31229024	31229464	0.467120
chr17	31229834	31229973	0.357143
chr17	31230260	31230379	0.375000
chr17	31230808	31230927	0.391667
chr17	31232071	31232190	0.458333
chr17	31232699	31232880	0.461538
chr17	31233001	31233212	0.452830
chr17	31235610	31235771	0.425926
chr17	31235903	31236022	0.416667
chr17	31248983	31249118	0.477941
chr17	31252897	31253016	0.391667
chr17	31258343	31258501	0.459119
chr17	31259026	31259145	0.391667
chr17	31260368	31260514	0.401361
chr17	31261710	31261856	0.448980
chr17	31265223	31265342	0.366667
chr17	31325819	31326251	0.434180
chr17	31327498	31327838	0.472141
chr17	31330295	31330497	0.403941
chr17	31334837	31335030	0.381443
chr17	31336332	31336472	0.418440
chr17	31336634	31336913	0.417857
chr17	31337367	31337581	0.451163
chr17	31337771	31337890	0.400000
chr17	31338021	31338140	0.425000
chr17	31338696	31338815	0.375000
chr17	31340504	31340644	0.468085
chr17	31343011	31343130	0.408333
chr17	31349119	31349250	0.401515
chr17	31350182	31350317	0.382353
chr17	31352256	31352413	0.544304
chr17	31356460	31356579	0.400000
chr17	31356964	31357083	0.425000
chr17	31357257	31357376	0.400000
chr17	31358479	31358621	0.405594
chr17	31358962	31359081	0.366667
chr17	31360486	31360702	0.460829
chr17	31374012	31374958	0.389652
chr17	31374967	31377674	0.347489
chr17	31936992	31937111	0.650000
chr17	31937121	31937519	0.734336
chr17	31940218	31940337	0.366667
chr17	31940407	31940526	0.325000
chr17	31947575	31947694	0.308333
chr17	31966146	31966265	0.325000
chr17	31973129	31973248	0.341667
chr17	31975481	31975712	0.400862
chr17	31976519	31976638	0.391667
chr17	31982991	31983110	0.425000
chr17	31988319	31988496	0.449438
chr17	31993234	31993353	0.316667
chr17	31993864	31994007	0.388889
chr17	31994563	31994720	0.417722
chr17	31995563	31995761	0.402010
chr17	31996764	31996883	0.375000
chr17	31998657	32001037	0.304494
chr17	32285442	32285561	0.575000
chr17	32984587	32984706	0.450000
chr17	33591031	33591150	0.416667
chr17	34236753	34236872	0.541667
chr17	35170253	35170372	0.575000
chr17	36077895	36078014	0.500000
chr17	36887680	36887799	0.425000
chr17	37542064	37542183	0.525000
chr17	39101590	39101709	0.575000
chr17	39773504	39773623	0.283333
chr17	40436679	40436798	0.533333
chr17	42199176	42201514	0.472424
chr17	42201528	42201863	0.505952
chr17	42202333	42202452	0.608333
chr17	42202715	42202834	0.500000
chr17	42207557	42207727	0.467836
chr17	42210175	42210294	0.466667
chr17	42210397	42210516	0.425000
chr17	42211983	42212189	0.579710
chr17	42216003	42216122	0.516667
chr17	42217160	42217279	0.441667
chr17	42217353	42217472	0.500000
chr17	42218150	42218329	0.583333
chr17	42218722	42218877	0.628205
chr17	42219311	42219462	0.671053
chr17	42219716	42219835	0.683333
chr17	42223381	42223555	0.525714
chr17	42224765	42224884	0.500000
chr17	42227528	42227684	0.547771
chr17	42231999	42232136	0.478261
chr17	42276247	42276390	0.833333
chr17	42313323	42314846	0.480315
chr17	42315108	42315799	0.453757
chr17	42316784	42316903	0.508333
chr17	42317113	42317232	0.500000
chr17	42322281	42322493	0.488263
chr17	42323003	42323142	0.528571
chr17	42323243	42323362	0.500000
chr17	42323509	42323628	0.466667
chr17	42324710	42324845	0.536765
chr17	42324944	42325063	0.525000
chr17	42326097	42326216	0.500000
chr17	42329373	42329492	0.500000
chr17	42329531	42329650	0.466667
chr17	42329678	42329797	0.500000
chr17	42331413	42331532	0.341667
chr17	42333663	42333782	0.575000
chr17	42333890	42334048	0.446541
chr17	42337434	42337585	0.578947
chr17	42337756	42337875	0.508333
chr17	42338698	42338817	0.358333
chr17	42339301	42339420	0.591667
chr17	42345555	42345674	0.550000
chr17	42346568	42346712	0.462069
chr17	42348388	42348538	0.543046
chr17	42388278	42388441	0.731707
chr17	42550206	42550325	0.600000
chr17	43573583	43573702	0.375000
chr17	44205039	44207366	0.525344
chr17	44207453	44207596	0.562500
chr17	44207691	44207810	0.558333
chr17	44207844	44207963	0.541667
chr17	44209351	44209540	0.584211
chr17	44209630	44209749	0.533333
chr17	44210118	44210237	0.458333
chr17	44210317	44210472	0.653846
chr17	44210791	44210946	0.647436
chr17	44211035	44211154	0.625000
chr17	44211273	44211392	0.525000
chr17	44211605	44211746	0.570423
chr17	44211872	44212005	0.559701
chr17	44212338	44212457	0.558333
chr17	44212818	44212937	0.541667
chr17	44213208	44213327	0.533333
chr17	44215653	44215808	0.506410
chr17	44215901	44216020	0.466667
chr17	44216528	44216703	0.448864
chr17	44218173	44218292	0.658333
chr17	44219444	44219674	0.809524
chr17	44584533	44584652	0.433333
chr17	45284065	45284184	0.483333
chr17	45993158	45993277	0.566667
chr17	47995240	47995359	0.666667
chr17	48747137	48747256	0.508333
chr17	50109519	50109638	0.516667
chr17	50743787	50743906	0.366667
chr17	51632384	51632503	0.450000
chr17	52509780	52509899	0.291667
chr17	53134192	53134311	0.408333
chr17	53996213	53996332	0.350000
chr17	54627612	54627731	0.375000
chr17	55509773	55509892	0.383333
chr17	56351016	56351135	0.316667
chr17	57054128	57054247	0.450000
chr17	58410216	58410335	0.358333
chr17	58692601	58692787	0.598930
chr17	58694930	58695188	0.413127
chr17	58696692	58696858	0.443114
chr17	58703195	58703328	0.358209
chr17	58709858	58709989	0.431818
chr17	58720709	58720828	0.341667
chr17	58723998	58724117	0.416667
chr17	58732470	58732589	0.391667
chr17	58734117	58734580	0.349138
chr17	58734919	58735253	0.343284
chr17	58735503	58735622	0.258333
chr17	59130120	59130239	0.291667
chr17	59853226	59853345	0.408333
chr17	60600192	60600885	0.685879
chr17	60623520	60623748	0.515284
chr17	60633854	60633973	0.458333
chr17	60647891	60648081	0.434555
chr17	60656598	60656717	0.508333
chr17	60656721	60656840	0.433333
chr17	60662994	60664520	0.351015
chr17	60665473	60666279	0.412639
chr17	61510432	61510551	0.525000
chr17	62804677	62804796	0.416667
chr17	63484889	63485008	0.633333
chr17	64322453	64322572	0.458333
chr17	65717693	65717812	0.416667
chr17	66448799	66448918	0.316667
chr17	67340352	67340471	0.316667
chr17	68290857	68290976	0.516667
chr17	70050058	70050177	0.366667
chr17	70941967	70942086	0.458333
chr17	71563363	71563482	0.458333
chr17	72180073	72180192	0.425000
chr17	73135121	73135240	0.325000
chr17	73971659	73971778	0.316667
chr17	75514933	75515052	0.616667
chr17	76698305	76698424	0.625000
chr17	76734114	76735157	0.357280
chr17	76736153	76736463	0.617363
chr17	76736798	76737330	0.697936
chr17	77576593	77576712	0.441667
chr17	78488154	78488273	0.583333
chr17	79725212	79725331	0.350000
chr17	80605354	80605473	0.483333
chr17	81538104	81538223	0.616667
chr17	82386291	82386410	0.666667
chr18	293962	294081	0.391667
chr18	1983922	1984041	0.358333
chr18	2653833	2653952	0.291667
chr18	3510728	3510847	0.375000
chr18	4454091	4454210	0.691667
chr18	5196923	5197042	0.550000
chr18	6681252	6681371	0.391667
chr18	7389171	7389290	0.366667
chr18	8257130	8257249	0.541667
chr18	8912627	8912746	0.558333
chr18	9869990	9870109	0.458333
chr18	11156518	11156637	0.450000
chr18	11938746	11938865	0.375000
chr18	13101844	13101963	0.575000
chr18	13993718	13993837	0.558333
chr18	14598535	14598654	0.333333
chr18	21329910	21330029	0.425000
chr18	22246720	22246839	0.441667
chr18	23079036	23079155	0.433333
chr18	24056223	24056342	0.525000
chr18	25016018	25016137	0.625000
chr18	25711049	25711168	0.483333
chr18	26493276	26493395	0.333333
chr18	27191915	27192034	0.275000
chr18	27921978	27922097	0.533333
chr18	28586552	28586671	0.300000
chr18	29838575	29838694	0.433333
chr18	30458257	30458376	0.333333
chr18	31161886	31162005	0.433333
chr18	32473128	32473247	0.383333
chr18	33748496	33748615	0.433333
chr18	34414866	34414985	0.350000
chr18	35553836	35553955	0.333333
chr18	36373354	36373473	0.375000
chr18	37295335	37295454	0.408333
chr18	38132992	38133111	0.341667
chr18	38851940	38852059	0.425000
chr18	39614267	39614386	0.450000
chr18	40380681	40380800	0.350000
chr18	41554697	41554816	0.291667
chr18	42323906	42324025	0.383333
chr18	43760912	43761031	0.366667
chr18	44551918	44552037	0.366667
chr18	44680887	44681020	0.440299
chr18	44701174	44701831	0.525836
chr18	44869226	44869345	0.466667
chr18	44949880	44950118	0.543933
chr18	44950119	44950476	0.516760
chr18	44950477	44950834	0.477654
chr18	44950835	44951311	0.517820
chr18	44951312	44951669	0.516760
chr18	44951670	44952027	0.519553
chr18	44952028	44952504	0.490566
chr18	44952505	44952862	0.519553
chr18	44952863	44953339	0.526205
chr18	45038484	45038654	0.532164
chr18	45063078	45068509	0.430781
chr18	45558591	45558710	0.466667
chr18	46351555	46351674	0.483333
chr18	47084096	47084215	0.483333
chr18	47853683	47853802	0.400000
chr18	48774907	48775026	0.416667
chr18	49569058	49569177	0.541667
chr18	50377565	50377684	0.366667
chr18	51275767	51275886	0.383333
chr18	51932837	51932956	0.350000
chr18	52551371	52551490	0.341667
chr18	53250323	53250442	0.375000
chr18	53940686	53940805	0.391667
chr18	54623425	54623544	0.350000
chr18	55379287	55379406	0.441667
chr18	56144406	56144525	0.400000
chr18	57096538	57096657	0.441667
chr18	57799305	57799424	0.300000
chr18	58580309	58580428	0.466667
chr18	59298891	59299010	0.533333
chr18	60014958	60015077	0.408333
chr18	61067915	61068034	0.400000
chr18	61791535	61791654	0.391667
chr18	62576785	62576904	0.283333
chr18	63123345	63128758	0.409679
chr18	63302744	63302863	0.391667
chr18	63318081	63318951	0.609644
chr18	63319173	63319768	0.515101
chr18	64048486	64048605	0.391667
chr18	65311936	65312055	0.316667
chr18	66288937	66289056	0.316667
chr18	67015883	67016002	0.375000
chr18	67772765	67772884	0.283333
chr18	68508887	68509006	0.541667
chr18	69233440	69233559	0.308333
chr18	69898284	69898403	0.483333
chr18	70752663	70752782	0.450000
chr18	71480975	71481094	0.341667
chr18	72210445	72210564	0.400000
chr18	73308339	73308458	0.325000
chr18	74886959	74887078	0.308333
chr18	75649481	75649600	0.358333
chr18	76389038	76389157	0.516667
chr18	77139796	77139915	0.591667
chr18	77879068	77879187	0.391667
chr18	78564445	78564564	0.450000
chr18	79553527	79553646	0.658333
chr19	680786	680905	0.541667
chr19	852297	852416	0.666667
chr19	852875	853031	0.719745
chr19	853261	853402	0.633803
chr19	855563	855793	0.692641
chr19	855957	856242	0.625874
chr19	1673451	1673570	0.666667
chr19	2325302	2325421	0.708333
chr19	3338835	3338954	0.666667
chr19	4025610	4025729	0.616667
chr19	4043288	4043407	0.316667
chr19	4043420	4043643	0.544643
chr19	4043759	4043878	0.683333
chr19	4043902	4044348	0.548098
chr19	4044377	4044701	0.560000
chr19	4044730	4046362	0.575628
chr19	4046478	4047642	0.521888
chr19	4047772	4048243	0.711864
chr19	4053970	4055246	0.704777
chr19	4066681	4066898	0.747706
chr19	4636875	4636994	0.608333
chr19	5352454	5352573	0.433333
chr19	6654329	6654448	0.500000
chr19	7905691	7905810	0.416667
chr19	8608655	8608774	0.566667
chr19	9289261	9289380	0.391667
chr19	10133345	10133700	0.376404
chr19	10134210	10134329	0.591667
chr19	10135733	10135852	0.683333
chr19	10136120	10136286	0.658683
chr19	10137084	10137279	0.653061
chr19	10137831	10138008	0.629213
chr19	10138438	10138604	0.640719
chr19	10139675	10139816	0.598592
chr19	10140045	10140327	0.625442
chr19	10140784	10140903	0.608333
chr19	10141100	10141219	0.491667
chr19	10142027	10142219	0.632124
chr19	10143765	10143986	0.545045
chr19	10146350	10146523	0.574713
chr19	10148883	10149016	0.552239
chr19	10149452	10149656	0.570732
chr19	10149850	10149969	0.458333
chr19	10151397	10151544	0.493243
chr19	10151744	10151863	0.500000
chr19	10154292	10154478	0.561497
chr19	10154585	10154772	0.611702
chr19	10154904	10155055	0.493421
chr19	10155835	10155954	0.500000
chr19	10156389	10156508	0.466667
chr19	10159652	10159771	0.500000
chr19	10159825	10159944	0.583333
chr19	10159973	10160092	0.500000
chr19	10160379	10160498	0.441667
chr19	10162653	10162772	0.441667
chr19	10163272	10163391	0.416667
chr19	10166577	10166696	0.525000
chr19	10168265	10168384	0.416667
chr19	10173081	10173200	0.441667
chr19	10173860	10173979	0.416667
chr19	10175516	10175635	0.500000
chr19	10177249	10177368	0.500000
chr19	10180349	10180568	0.522727
chr19	10180771	10180890	0.350000
chr19	10181982	10182101	0.391667
chr19	10194819	10194952	0.761194
chr19	10468739	10468858	0.558333
chr19	11377206	11378594	0.512599
chr19	11378688	11378807	0.500000
chr19	11380869	11380988	0.650000
chr19	11381055	11381208	0.701299
chr19	11381691	11381848	0.696203
chr19	11381929	11382104	0.625000
chr19	11383096	11383231	0.669118
chr19	11384092	11384313	0.729730
chr19	11736741	11736860	0.500000
chr19	12943712	12944488	0.527671
chr19	13207107	13207226	0.700000
chr19	13864504	13864623	0.458333
chr19	14861227	14861346	0.300000
chr19	15159037	15160421	0.469314
chr19	15160436	15161713	0.668232
chr19	15162455	15162574	0.533333
chr19	15165367	15165514	0.587838
chr19	15165786	15166090	0.619672
chr19	15167248	15167410	0.613497
chr19	15170080	15170199	0.600000
chr19	15170330	15170552	0.677130
chr19	15170670	15170824	0.632258
chr19	15174067	15174399	0.702703
chr19	15177524	15178089	0.770318
chr19	15178821	15178940	0.658333
chr19	15179024	15179281	0.635659
chr19	15179363	15179495	0.616541
chr19	15180071	15180255	0.654054
chr19	15180680	15180827	0.655405
chr19	15180960	15181161	0.688119
chr19	15181575	15181800	0.685841
chr19	15184294	15184449	0.615385
chr19	15184902	15185021	0.675000
chr19	15185256	15185407	0.684211
chr19	15185486	15185678	0.637306
chr19	15186872	15186991	0.566667
chr19	15187104	15187337	0.641026
chr19	15187877	15187996	0.658333
chr19	15188231	15188350	0.583333
chr19	15188988	15189173	0.634409
chr19	15189272	15189427	0.608974
chr19	15191423	15191656	0.606838
chr19	15191745	15191864	0.550000
chr19	15191959	15192297	0.669617
chr19	15192376	15192518	0.692308
chr19	15197490	15197609	0.658333
chr19	15200787	15200994	0.817308
chr19	16129858	16129977	0.550000
chr19	17158627	17158746	0.625000
chr19	18149840	18149959	0.541667
chr19	18848341	18848460	0.608333
chr19	19508674	19508793	0.375000
chr19	21423568	21423687	0.333333
chr19	22427879	22427998	0.675000
chr19	23250246	23250365	0.600000
chr19	23357695	23357932	0.260504
chr19	23357951	23358174	0.290179
chr19	23358175	23358413	0.234310
chr19	23358414	23358533	0.291667
chr19	23358534	23358653	0.325000
chr19	23358654	23358892	0.364017
chr19	23358893	23359012	0.316667
chr19	23360227	23360346	0.383333
chr19	23360826	23360945	0.333333
chr19	23361065	23361288	0.366071
chr19	23361538	23361753	0.337963
chr19	23362131	23362366	0.355932
chr19	23362367	23362724	0.326816
chr19	23373721	23373840	0.458333
chr19	23395324	23395470	0.598639
chr19	23995324	23995443	0.408333
chr19	27756583	27756702	0.508333
chr19	28423498	28423617	0.491667
chr19	29112143	29112262	0.566667
chr19	30077455	30077574	0.666667
chr19	30793840	30793959	0.350000
chr19	31433684	31433803	0.558333
chr19	32103904	32104023	0.366667
chr19	32749605	32749724	0.500000
chr19	33299933	33302533	0.658593
chr19	33430298	33430417	0.583333
chr19	34065640	34065759	0.450000
chr19	34740508	34740627	0.308333
chr19	35432417	35432536	0.525000
chr19	37403507	37403626	0.675000
chr19	38422065	38422184	0.666667
chr19	39737164	39737283	0.533333
chr19	40739778	40739897	0.566667
chr19	41758288	41758407	0.483333
chr19	42973932	42974051	0.416667
chr19	43694315	43694434	0.350000
chr19	45053345	45053464	0.425000
chr19	45707048	45707167	0.308333
chr19	46417426	46417545	0.375000
chr19	47027644	47027763	0.650000
chr19	47974728	47974847	0.425000
chr19	48749945	48750064	0.466667
chr19	49388206	49388325	0.608333
chr19	49635291	49635410	0.575000
chr19	49635416	49635535	0.558333
chr19	49635540	49635659	0.633333
chr19	49635732	49635851	0.641667
chr19	49636612	49636731	0.600000
chr19	49636818	49636937	0.616667
chr19	49637015	49637134	0.566667
chr19	49639945	49640142	0.767677
chr19	50076603	50076722	0.416667
chr19	50713593	50713712	0.533333
chr19	51346112	51346231	0.491667
chr19	52032805	52032924	0.350000
chr19	53048886	53049005	0.458333
chr19	53702648	53702767	0.416667
chr19	54683329	54683448	0.391667
chr19	55372452	55372571	0.658333
chr19	55655033	55655152	0.641667
chr19	55659209	55659344	0.742647
chr19	55660153	55660272	0.566667
chr19	55660505	55660624	0.583333
chr19	55661037	55661188	0.644737
chr19	55662499	55662618	0.566667
chr19	55663605	55663743	0.575540
chr19	55668474	55668593	0.533333
chr19	55668670	55668789	0.575000
chr19	55669074	55669193	0.625000
chr19	55669443	55669562	0.616667
chr19	55669572	55669691	0.641667
chr19	55673933	55674260	0.631098
chr19	55674383	55674715	0.498498
chr19	56377845	56377964	0.391667
chr19	57018327	57018446	0.583333
chr19	57682961	57683080	0.400000
chr19	58367058	58367177	0.633333
chr20	310464	310583	0.575000
chr20	914716	914835	0.583333
chr20	2750165	2750284	0.591667
chr20	3654807	3654926	0.575000
chr20	4587110	4587229	0.533333
chr20	5274789	5274908	0.508333
chr20	6439907	6440026	0.366667
chr20	8048151	8048270	0.466667
chr20	8779035	8779154	0.366667
chr20	9995247	9995366	0.283333
chr20	10610846	10610965	0.333333
chr20	11219246	11219365	0.358333
chr20	12349589	12349708	0.308333
chr20	13939429	13939548	0.375000
chr20	14541625	14541744	0.383333
chr20	15767837	15767956	0.375000
chr20	16997820	16997939	0.350000
chr20	18144104	18144223	0.308333
chr20	19044049	19044168	0.475000
chr20	19656326	19656445	0.450000
chr20	20297441	20297560	0.541667
chr20	21504550	21504669	0.608333
chr20	22106973	22107092	0.358333
chr20	23019313	23019432	0.550000
chr20	23883099	23883218	0.375000
chr20	24630890	24631009	0.450000
chr20	25997154	25997273	0.500000
chr20	32358330	32358831	0.764940
chr20	32366378	32366497	0.408333
chr20	32367669	32367788	0.441667
chr20	32369008	32369127	0.475000
chr20	32428127	32428246	0.575000
chr20	32428321	32428440	0.483333
chr20	32429325	32429444	0.500000
chr20	32429900	32430052	0.712418
chr20	32431320	32431483	0.512195
chr20	32431571	32431690	0.550000
chr20	32432872	32432991	0.408333
chr20	32433283	32433916	0.544164
chr20	32434431	32434788	0.645251
chr20	32434789	32435265	0.538784
chr20	32435266	32435861	0.503356
chr20	32435862	32436457	0.521812
chr20	32436458	32437053	0.536913
chr20	32437054	32437649	0.501678
chr20	32437650	32438245	0.458054
chr20	32438246	32438841	0.496644
chr20	32438842	32439318	0.433962
chr20	32620650	32620769	0.316667
chr20	33393567	33393686	0.491667
chr20	34402185	34402304	0.466667
chr20	36332783	36332902	0.558333
chr20	36991304	36991423	0.458333
chr20	37641435	37641554	0.516667
chr20	38293396	38293515	0.525000
chr20	38894177	38894296	0.666667
chr20	40241941	40242060	0.575000
chr20	40888070	40888189	0.516667
chr20	41935342	41935461	0.391667
chr20	42541239	42541358	0.350000
chr20	43662868	43662987	0.400000
chr20	44342401	44342520	0.566667
chr20	45282470	45282589	0.408333
chr20	46179288	46179407	0.558333
chr20	47294580	47294699	0.366667
chr20	47910430	47910549	0.416667
chr20	48998478	48998597	0.283333
chr20	50176396	50176515	0.641667
chr20	51603014	51603133	0.550000
chr20	52230246	52230365	0.350000
chr20	53109747	53109866	0.458333
chr20	53718492	53718611	0.383333
chr20	54350575	54350694	0.458333
chr20	55237476	55237595	0.341667
chr20	56177362	56177481	0.441667
chr20	56803336	56803455	0.391667
chr20	57716723	57716842	0.625000
chr20	58627865	58627984	0.600000
chr20	58891421	58891864	0.788288
chr20	58895608	58895727	0.466667
chr20	58898897	58899016	0.500000
chr20	58903510	58903629	0.500000
chr20	58903671	58903790	0.591667
chr20	58905370	58905489	0.508333
chr20	58909101	58909220	0.500000
chr20	58909312	58909431	0.483333
chr20	58909515	58909634	0.541667
chr20	58909683	58909802	0.558333
chr20	58909955	58910074	0.483333
chr20	58910310	58910429	0.500000
chr20	58910682	58911080	0.453634
chr20	59234600	59234719	0.458333
chr20	60136629	60136748	0.516667
chr20	61341113	61341232	0.383333
chr20	61948663	61948782	0.591667
chr20	62806748	62806867	0.625000
chr20	64064612	64064731	0.616667
chr21	9163913	9164032	0.291667
chr21	14317705	14317824	0.383333
chr21	15380403	15380522	0.316667
chr21	17060911	17061030	0.350000
chr21	18033593	18033712	0.408333
chr21	18719867	18719986	0.416667
chr21	19362239	19362358	0.391667
chr21	19966206	19966325	0.308333
chr21	20810213	20810332	0.341667
chr21	22065546	22065665	0.366667
chr21	23102547	23102666	0.466667
chr21	24146105	24146224	0.333333
chr21	25199610	25199729	0.341667
chr21	26070221	26070340	0.383333
chr21	26672296	26672415	0.266667
chr21	27514979	27515098	0.441667
chr21	28136837	28136956	0.333333
chr21	28764487	28764606	0.383333
chr21	30482923	30483042	0.333333
chr21	31230031	31230150	0.558333
chr21	31959782	31959901	0.391667
chr21	32951911	32952030	0.383333
chr21	33834517	33834636	0.408333
chr21	34620662	34620781	0.441667
chr21	34787800	34787919	0.416667
chr21	34787920	34788039	0.641667
chr21	34788041	34788160	0.491667
chr21	34788161	34788280	0.433333
chr21	34788281	34788400	0.266667
chr21	34788402	34788521	0.275000
chr21	34788522	34788641	0.216667
chr21	34788642	34788761	0.366667
chr21	34788762	34788881	0.300000
chr21	34788883	34789002	0.366667
chr21	34789003	34789122	0.450000
chr21	34789123	34789242	0.458333
chr21	34789243	34789362	0.441667
chr21	34789364	34789483	0.350000
chr21	34789484	34789603	0.366667
chr21	34789604	34789723	0.341667
chr21	34789724	34789843	0.416667
chr21	34789845	34789964	0.308333
chr21	34789965	34790084	0.316667
chr21	34790085	34790204	0.375000
chr21	34790205	34790324	0.283333
chr21	34790326	34790445	0.333333
chr21	34790446	34790565	0.341667
chr21	34790566	34790685	0.483333
chr21	34790687	34790806	0.566667
chr21	34790807	34790926	0.400000
chr21	34790927	34791046	0.441667
chr21	34791047	34791166	0.408333
chr21	34791168	34791287	0.300000
chr21	34791288	34791407	0.241667
chr21	34791408	34791527	0.275000
chr21	34791528	34791647	0.283333
chr21	34791649	34791768	0.408333
chr21	34791769	34791888	0.533333
chr21	34791889	34792008	0.783333
chr21	34792009	34792128	0.833333
chr21	34792130	34792249	0.725000
chr21	34792250	34792369	0.725000
chr21	34792370	34792489	0.708333
chr21	34792490	34792609	0.708333
chr21	34799300	34799461	0.555556
chr21	34834409	34834600	0.614583
chr21	34859465	34859584	0.533333
chr21	34880556	34880712	0.515924
chr21	34886842	34887095	0.712598
chr21	34892907	34893026	0.341667
chr21	35048839	35048958	0.475000
chr21	35049167	35049301	0.525926
chr21	35273923	35274042	0.408333
chr21	35940364	35940483	0.458333
chr21	36716190	36716309	0.341667
chr21	37338819	37338938	0.391667
chr21	37966450	37966569	0.591667
chr21	38380035	38383922	0.443416
chr21	38390981	38391100	0.400000
chr21	38391608	38391727	0.500000
chr21	38392361	38392480	0.500000
chr21	38400530	38400649	0.450000
chr21	38402520	38402639	0.500000
chr21	38403505	38403708	0.529412
chr21	38423409	38423560	0.572368
chr21	38445403	38445620	0.550459
chr21	38498359	38498478	0.333333
chr21	38599361	38599480	0.525000
chr21	39445086	39445205	0.516667
chr21	40061949	40062068	0.341667
chr21	40689492	40689611	0.433333
chr21	41317297	41317416	0.558333
chr21	41898688	41898807	0.600000
chr21	42942735	42942854	0.458333
chr21	43092955	43093248	0.469388
chr21	43094446	43094565	0.550000
chr21	43094654	43094787	0.544776
chr21	43095435	43095554	0.508333
chr21	43095649	43095768	0.458333
chr21	43100409	43100528	0.500000
chr21	43104303	43104422	0.433333
chr21	43107450	43107569	0.691667
chr21	44204194	44204313	0.675000
chr21	44844401	44844520	0.625000
chr21	46295133	46295252	0.616667
chr22	15923209	15923328	0.616667
chr22	16397012	16397131	0.433333
chr22	17190184	17190303	0.516667
chr22	17946869	17946988	0.583333
chr22	19479304	19479423	0.350000
chr22	20252649	20252768	0.675000
chr22	20962813	20962932	0.591667
chr22	21739244	21739363	0.566667
chr22	23112635	23112754	0.591667
chr22	23746078	23746197	0.500000
chr22	24786598	24786717	0.566667
chr22	25548452	25548571	0.458333
chr22	26341986	26342105	0.541667
chr22	27111110	27111229	0.516667
chr22	27748276	27750494	0.463722
chr22	27750507	27751095	0.473684
chr22	27796762	27801755	0.696035
chr22	27905696	27905815	0.375000
chr22	29331818	29331937	0.700000
chr22	29994333	29994452	0.291667
chr22	30331987	30334694	0.453102
chr22	30335442	30335561	0.500000
chr22	30335642	30335761	0.533333
chr22	30337025	30337179	0.593548
chr22	30337689	30337896	0.653846
chr22	30338788	30338907	0.591667
chr22	30338914	30339033	0.633333
chr22	30339130	30339249	0.508333
chr22	30340195	30340380	0.586022
chr22	30340693	30340812	0.550000
chr22	30341691	30341884	0.567010
chr22	30342199	30342349	0.516556
chr22	30342763	30342882	0.416667
chr22	30344932	30345189	0.527132
chr22	30346311	30346518	0.572115
chr22	30352951	30353070	0.466667
chr22	30356729	30356893	0.727273
chr22	30974288	30974407	0.350000
chr22	32177397	32177516	0.566667
chr22	33061839	33061958	0.400000
chr22	34179968	34180087	0.391667
chr22	34881697	34881816	0.425000
chr22	35640972	35641091	0.550000
chr22	36575851	36575970	0.458333
chr22	37245311	37245430	0.683333
chr22	38266219	38266338	0.483333
chr22	39099606	39099725	0.641667
chr22	40196565	40196684	0.383333
chr22	41003328	41003447	0.500000
chr22	42698275	42698394	0.616667
chr22	43476847	43476966	0.583333
chr22	44518772	44518891	0.500000
chr22	45839166	45839285	0.425000
chr22	46463047	46463166	0.450000
chr22	47112618	47112737	0.583333
chr22	47883589	47883708	0.566667
chr22	48920169	48920288	0.616667
chr22	49533189	49533308	0.616667
chr22	50183726	50183845	0.641667
chrX	2842684	2842803	0.375000
chrX	4684610	4684729	0.425000
chrX	7465248	7465367	0.358333
chrX	9277649	9277768	0.425000
chrX	10097249	10097368	0.333333
chrX	11899324	11899443	0.350000
chrX	12820756	12820875	0.433333
chrX	13757574	13757693	0.350000
chrX	15150285	15150404	0.300000
chrX	15319455	15320147	0.290043
chrX	15320165	15321771	0.373989
chrX	15324664	15324870	0.396135
chrX	15325019	15325151	0.436090
chrX	15325913	15326045	0.390977
chrX	15331215	15331991	0.446589
chrX	15335464	15335583	0.700000
chrX	15790440	15790559	0.641667
chrX	15790901	15791020	0.500000
chrX	15799866	15799985	0.408333
chrX	15803681	15803800	0.416667
chrX	15804110	15804229	0.450000
chrX	15808154	15808273	0.416667
chrX	15809198	15809317	0.441667
chrX	15815676	15815889	0.462617
chrX	15818562	15818681	0.450000
chrX	15820201	15820320	0.500000
chrX	15822730	15823259	0.528302
chrX	16467118	16467237	0.500000
chrX	17593497	17593616	0.433333
chrX	18304487	18304606	0.266667
chrX	21816607	21816726	0.325000
chrX	23686999	23687118	0.341667
chrX	24863199	24863318	0.416667
chrX	25715130	25715249	0.400000
chrX	26675329	26675448	0.300000
chrX	27432546	27432665	0.383333
chrX	28482998	28483117	0.350000
chrX	30293263	30293382	0.375000
chrX	31217821	31217940	0.275000
chrX	32154408	32154527	0.275000
chrX	33030853	33030972	0.416667
chrX	33967457	33967576	0.341667
chrX	34883581	34883700	0.391667
chrX	38652718	38652837	0.516667
chrX	39390631	39390750	0.375000
chrX	40051250	40052399	0.355652
chrX	40053885	40054041	0.464968
chrX	40054224	40054343	0.491667
chrX	40055367	40055512	0.458904
chrX	40057154	40057320	0.508982
chrX	40062138	40062392	0.596078
chrX	40062745	40063070	0.555215
chrX	40063607	40063951	0.515942
chrX	40064335	40064598	0.583333
chrX	40070972	40071158	0.502674
chrX	40071620	40071739	0.366667
chrX	40072348	40075179	0.556497
chrX	40076417	40076536	0.425000
chrX	40077846	40077965	0.583333
chrX	40097214	40097735	0.741379
chrX	40097747	40097957	0.781991
chrX	40777953	40778072	0.441667
chrX	41334161	41334296	0.588235
chrX	41337371	41337490	0.466667
chrX	41339031	41339150	0.408333
chrX	41341483	41341615	0.443609
chrX	41342494	41342652	0.490566
chrX	41342734	41342853	0.416667
chrX	41343215	41343350	0.411765
chrX	41343708	41343827	0.450000
chrX	41344028	41344147	0.466667
chrX	41344238	41344398	0.453416
chrX	41345179	41345323	0.427586
chrX	41345403	41345547	0.420690
chrX	41346228	41346409	0.483516
chrX	41346503	41346622	0.400000
chrX	41346858	41347011	0.415584
chrX	41347311	41347450	0.600000
chrX	41347639	41347758	0.491667
chrX	41347759	41347878	0.400000
chrX	41347879	41347998	0.441667
chrX	41347999	41348118	0.300000
chrX	41348119	41348357	0.364017
chrX	41348358	41348477	0.341667
chrX	41348478	41348597	0.333333
chrX	41348598	41348717	0.408333
chrX	41348718	41348956	0.384937
chrX	41348957	41349076	0.400000
chrX	41349077	41349196	0.350000
chrX	41349197	41349316	0.325000
chrX	41349317	41349555	0.338912
chrX	41349556	41349675	0.350000
chrX	41349676	41349795	0.350000
chrX	41349796	41349915	0.291667
chrX	41349916	41350273	0.335196
chrX	41419233	41419352	0.458333
chrX	42150099	42150218	0.458333
chrX	44194185	44194304	0.333333
chrX	44873187	44873711	0.697143
chrX	44873883	44874002	0.550000
chrX	44961277	44961396	0.358333
chrX	44974642	44974761	0.383333
chrX	45010946	45011065	0.358333
chrX	45020609	45020728	0.400000
chrX	45034912	45035031	0.383333
chrX	45037576	45037695	0.350000
chrX	45051684	45051803	0.350000
chrX	45053831	45053950	0.458333
chrX	45058992	45059111	0.416667
chrX	45059246	45059465	0.440909
chrX	45060021	45060155	0.488889
chrX	45060608	45060763	0.435897
chrX	45061311	45061430	0.425000
chrX	45062640	45062759	0.408333
chrX	45063421	45063816	0.517677
chrX	45069578	45070356	0.486521
chrX	45076701	45076820	0.433333
chrX	45078392	45078511	0.383333
chrX	45079145	45079350	0.417476
chrX	45082529	45082648	0.341667
chrX	45082682	45082801	0.383333
chrX	45083459	45083607	0.449664
chrX	45085861	45085980	0.400000
chrX	45089742	45089929	0.414894
chrX	45090722	45090863	0.401408
chrX	45107412	45107531	0.416667
chrX	45110078	45110248	0.391813
chrX	45111381	45112313	0.332262
chrX	45112327	45112778	0.263274
chrX	47193828	47194023	0.698980
chrX	47198800	47198919	0.625000
chrX	47198991	47199110	0.500000
chrX	47199208	47199376	0.585799
chrX	47199479	47199613	0.577778
chrX	47200886	47201005	0.633333
chrX	47201261	47201380	0.500000
chrX	47201477	47201609	0.548872
chrX	47202145	47202264	0.483333
chrX	47202357	47202503	0.605442
chrX	47202637	47202813	0.576271
chrX	47202934	47203053	0.550000
chrX	47203116	47203235	0.525000
chrX	47203540	47203695	0.544872
chrX	47205947	47206112	0.536145
chrX	47206247	47206443	0.573604
chrX	47209583	47209702	0.500000
chrX	47209927	47210122	0.637755
chrX	47210814	47210933	0.508333
chrX	47211035	47211224	0.589474
chrX	47212399	47212518	0.508333
chrX	47212756	47212875	0.500000
chrX	47212989	47213180	0.557292
chrX	47214323	47214442	0.500000
chrX	47214530	47214649	0.525000
chrX	47214793	47215127	0.573134
chrX	47840299	47840418	0.441667
chrX	48786590	48786709	0.658333
chrX	48791090	48791328	0.635983
chrX	48791843	48792220	0.595238
chrX	48792322	48792467	0.616438
chrX	48793174	48793293	0.575000
chrX	48793792	48794310	0.601156
chrX	49627825	49627944	0.475000
chrX	53374148	53377804	0.458299
chrX	53377819	53379120	0.396313
chrX	53379238	53380185	0.473629
chrX	53380614	53380733	0.525000
chrX	53381001	53381120	0.525000
chrX	53382231	53382382	0.578947
chrX	53382505	53382659	0.503226
chrX	53383096	53383252	0.528662
chrX	53394772	53394891	0.525000
chrX	53396226	53396379	0.474026
chrX	53396471	53396616	0.465753
chrX	53399588	53399729	0.394366
chrX	53403558	53403677	0.500000
chrX	53403774	53403893	0.450000
chrX	53405011	53405148	0.550725
chrX	53405244	53405390	0.544218
chrX	53405492	53405671	0.544444
chrX	53405770	53405955	0.516129
chrX	53409061	53409268	0.567308
chrX	53409389	53409508	0.475000
chrX	53411760	53411900	0.510638
chrX	53411994	53412252	0.498069
chrX	53412899	53413137	0.493724
chrX	53413231	53413434	0.465686
chrX	53414753	53414872	0.441667
chrX	53414980	53415168	0.550265
chrX	53422491	53422653	0.576687
chrX	53863232	53863351	0.375000
chrX	55009054	55009342	0.550173
chrX	55013485	55013647	0.576687
chrX	55014746	55015014	0.613383
chrX	55015577	55015741	0.551515
chrX	55017485	55017664	0.477778
chrX	55020319	55020503	0.572973
chrX	55021051	55021273	0.488789
chrX	55023751	55023870	0.541667
chrX	55024718	55024837	0.550000
chrX	55025819	55026014	0.545918
chrX	55030903	55031022	0.533333
chrX	55113357	55113476	0.408333
chrX	56621914	56622033	0.325000
chrX	57448761	57448880	0.341667
chrX	70082857	70082976	0.458333
chrX	72085405	72085524	0.350000
chrX	75678471	75678590	0.316667
chrX	77925859	77925978	0.350000
chrX	79182102	79182221	0.366667
chrX	80333591	80333710	0.350000
chrX	82534754	82534873	0.341667
chrX	83463950	83464069	0.300000
chrX	84270552	84270671	0.433333
chrX	85120900	85121019	0.383333
chrX	87044366	87044485	0.425000
chrX	89856595	89856714	0.300000
chrX	93554364	93554483	0.375000
chrX	95784752	95784871	0.358333
chrX	97215306	97215425	0.316667
chrX	100404093	100404212	0.441667
chrX	101349449	101349955	0.441815
chrX	101353193	101353350	0.468354
chrX	101353868	101353987	0.475000
chrX	101354617	101354736	0.500000
chrX	101356051	101356267	0.539171
chrX	101356783	101356954	0.459302
chrX	101357467	101357586	0.500000
chrX	101358313	101358432	0.483333
chrX	101358588	101358707	0.475000
chrX	101359254	101359373	0.500000
chrX	101360086	101360205	0.483333
chrX	101360567	101360754	0.457447
chrX	101362153	101362272	0.500000
chrX	101362564	101362683	0.466667
chrX	101369995	101370114	0.483333
chrX	101371590	101371709	0.425000
chrX	101374523	101374642	0.425000
chrX	101375143	101375313	0.456140
chrX	101386066	101386185	0.525000
chrX	101445342	101445461	0.450000
chrX	103172131	103172250	0.375000
chrX	104524378	104524497	0.408333
chrX	112437163	112437282	0.408333
chrX	115554183	115554302	0.333333
chrX	116622345	116622464	0.325000
chrX	118499812	118499931	0.533333
chrX	120331242	120331361	0.491667
chrX	121339406	121339525	0.300000
chrX	122090105	122090224	0.425000
chrX	123202537	123202656	0.575000
chrX	123900318	123900437	0.316667
chrX	123961721	123961855	0.622222
chrX	124021366	124021485	0.366667
chrX	124022530	124022670	0.347518
chrX	124025808	124025927	0.358333
chrX	124030960	124031124	0.436364
chrX	124037514	124037633	0.391667
chrX	124042546	124042665	0.358333
chrX	124045163	124045367	0.404878
chrX	124047353	124047504	0.381579
chrX	124048973	124049092	0.300000
chrX	124050187	124050306	0.350000
chrX	124051116	124051235	0.350000
chrX	124051304	124051423	0.325000
chrX	124056121	124056240	0.400000
chrX	124057861	124057980	0.416667
chrX	124061222	124061341	0.466667
chrX	124061770	124061889	0.458333
chrX	124062888	124063007	0.416667
chrX	124063095	124063214	0.358333
chrX	124063847	124064050	0.372549
chrX	124065868	124065987	0.333333
chrX	124066168	124066287	0.358333
chrX	124066336	124066455	0.391667
chrX	124068558	124068677	0.358333
chrX	124071148	124071322	0.400000
chrX	124076331	124076470	0.371429
chrX	124077956	124078075	0.350000
chrX	124081379	124081527	0.342282
chrX	124083424	124083543	0.375000
chrX	124086546	124086769	0.455357
chrX	124090574	124090763	0.426316
chrX	124090848	124090967	0.450000
chrX	124094020	124094139	0.441667
chrX	124095357	124095476	0.383333
chrX	124100573	124102655	0.296207
chrX	125146801	125146920	0.358333
chrX	126405703	126405822	0.366667
chrX	129361655	129361774	0.433333
chrX	129982638	129982757	0.650000
chrX	130005192	130005311	0.566667
chrX	130012569	130012688	0.500000
chrX	130012949	130016212	0.604473
chrX	130020984	130021149	0.590361
chrX	130022877	130022996	0.500000
chrX	130024989	130025378	0.579487
chrX	130028634	130028860	0.497797
chrX	130034454	130034675	0.581081
chrX	130037366	130037532	0.574850
chrX	130039136	130039281	0.582192
chrX	130050695	130050814	0.500000
chrX	130051859	130052015	0.509554
chrX	130055853	130057596	0.552752
chrX	130057618	130058070	0.377483
chrX	131281785	131281904	0.425000
chrX	132020052	132020171	0.400000
chrX	132874856	132874975	0.591667
chrX	134108582	134108701	0.450000
chrX	134373311	134373466	0.615385
chrX	134377571	134377754	0.396739
chrX	134378004	134378123	0.375000
chrX	134393500	134393633	0.410448
chrX	134393907	134394026	0.375000
chrX	134413490	134413656	0.389222
chrX	134413822	134413965	0.458333
chrX	134415007	134415126	0.383333
chrX	134417168	134417301	0.373134
chrX	134425205	134425324	0.375000
chrX	134425660	134425779	0.333333
chrX	134425780	134425899	0.383333
chrX	134425901	134426020	0.366667
chrX	134426021	134426140	0.375000
chrX	134426142	134426261	0.391667
chrX	134426262	134426381	0.391667
chrX	134426383	134426502	0.433333
chrX	134426503	134426622	0.308333
chrX	134426623	134426742	0.350000
chrX	134426744	134426863	0.350000
chrX	134426864	134426983	0.350000
chrX	134426985	134427104	0.341667
chrX	134427105	134427224	0.333333
chrX	134427225	134427344	0.358333
chrX	134427346	134427465	0.341667
chrX	134427466	134427585	0.341667
chrX	134427587	134427706	0.383333
chrX	134427707	134427826	0.308333
chrX	134427828	134427947	0.333333
chrX	134427948	134428067	0.300000
chrX	134428068	134428187	0.241667
chrX	134428189	134428308	0.391667
chrX	134428309	134428428	0.325000
chrX	134428430	134428549	0.325000
chrX	134428550	134428669	0.308333
chrX	134428670	134428789	0.241667
chrX	134954136	134954255	0.500000
chrX	137206376	137206495	0.400000
chrX	137811555	137811674	0.475000
chrX	139605097	139605216	0.283333
chrX	140709390	140709509	0.433333
chrX	141456033	141456152	0.383333
chrX	142378711	142378830	0.341667
chrX	143348165	143348284	0.366667
chrX	146082807	146082926	0.358333
chrX	146971668	146971787	0.625000
chrX	147957350	147957469	0.433333
chrX	149486682	149486801	0.475000
chrX	150558579	150558698	0.500000
chrX	151706101	151706220	0.491667
chrX	152449472	152449591	0.425000
chrX	153337200	153337319	0.516667
chrY	2787276	2787395	0.500000
chrY	2787396	2787515	0.458333
chrY	6802360	6802479	0.308333
chrY	19568311	19568430	0.325000
